sci_name;type;region;continents;records;gbif
Abeillia abeillei;bird;North America;North America 99;7443;Aves/ACCEPTED
Abroscopus albogularis;bird;Asia;Asia 100;77189;Aves/ACCEPTED
Abroscopus schisticeps;bird;Asia;Asia 100;15743;Aves/ACCEPTED
Abroscopus superciliaris;bird;Asia;Asia 100;20946;Aves/ACCEPTED
Aburria aburri;bird;South America;South America 100;18232;Aves/ACCEPTED
Acanthagenys rufogularis;bird;Oceania;Oceania 100;285180;Aves/ACCEPTED
Acanthidops bairdi;bird;North America;North America 100;3648;Aves/ACCEPTED
Acanthis cabaret;bird;Europe;Europe 99;234103;Aves/SYNONYM
Acanthis flammea;bird;Europe+North America;Europe 68|North America 30|Oceania 2;3334682;Aves/ACCEPTED
Acanthis hornemanni;bird;Europe+North America;Europe 93|North America 5|Asia 1;83018;Aves/ACCEPTED
Acanthisitta chloris;bird;Oceania;Oceania 100;25339;Aves/ACCEPTED
Acanthiza apicalis;bird;Oceania;Oceania 100;116853;Aves/ACCEPTED
Acanthiza chrysorrhoa;bird;Oceania;Oceania 100;503015;Aves/ACCEPTED
Acanthiza cinerea;bird;Oceania;Oceania 98|Asia 1;983;Aves/SYNONYM
Acanthiza ewingii;bird;Oceania;Oceania 100;31305;Aves/ACCEPTED
Acanthiza inornata;bird;Oceania;Oceania 100;16404;Aves/ACCEPTED
Acanthiza iredalei;bird;Oceania;Oceania 99;4678;Aves/ACCEPTED
Acanthiza katherina;bird;Oceania;Oceania 100;7642;Aves/ACCEPTED
Acanthiza lineata;bird;Oceania;Oceania 100;282550;Aves/ACCEPTED
Acanthiza murina;bird;Oceania;Oceania 92;381;Aves/ACCEPTED
Acanthiza nana;bird;Oceania;Oceania 100;250681;Aves/ACCEPTED
Acanthiza pusilla;bird;Oceania;Oceania 100;824315;Aves/ACCEPTED
Acanthiza reguloides;bird;Oceania;Oceania 100;148240;Aves/ACCEPTED
Acanthiza robustirostris;bird;Oceania;Oceania 99;4817;Aves/ACCEPTED
Acanthiza uropygialis;bird;Oceania;Oceania 100;102742;Aves/ACCEPTED
Acanthorhynchus superciliosus;bird;Oceania;Oceania 100;27297;Aves/ACCEPTED
Acanthorhynchus tenuirostris;bird;Oceania;Oceania 100;574730;Aves/ACCEPTED
Acanthornis magna;bird;Oceania;Oceania 100;6736;Aves/ACCEPTED
Accipiter badius;bird;Africa+Asia;Africa 81|Asia 17;12529;Aves/ACCEPTED
Accipiter bicolor;bird;South America+North America;South America 79|North America 14;1194;Aves/ACCEPTED
Accipiter cirrocephalus;bird;Oceania;Oceania 99;48727;Aves/ACCEPTED
Accipiter cooperii;bird;North America;North America 97;98397;Aves/ACCEPTED
Accipiter erythronemius;bird;South America;South America 91;169;Aves/ACCEPTED
Accipiter fasciatus;bird;Oceania;Oceania 99;100884;Aves/ACCEPTED
Accipiter gentilis;bird;Europe+North America;Europe 82|North America 16;276750;Aves/ACCEPTED
Accipiter gularis;bird;Asia;Asia 71|South America 1;1744;Aves/ACCEPTED
Accipiter hiogaster;bird;Oceania+Asia;Oceania 53|Asia 43;110;Aves/ACCEPTED
Accipiter madagascariensis;bird;Africa;Africa 100;1226;Aves/ACCEPTED
Accipiter melanoleucus;bird;Africa;Africa 100;31523;Aves/ACCEPTED
Accipiter minullus;bird;Africa;Africa 99;16781;Aves/ACCEPTED
Accipiter nisus;bird;Europe+Asia;Europe 95|Asia 5;2977472;Aves/ACCEPTED
Accipiter novaehollandiae;bird;Oceania;Oceania 97;24415;Aves/ACCEPTED
Accipiter ovampensis;bird;Africa;Africa 100;10231;Aves/ACCEPTED
Accipiter poliogaster;bird;South America+North America;South America 93|North America 6;1000;Aves/ACCEPTED
Accipiter rufiventris;bird;Africa;Africa 99;7837;Aves/ACCEPTED
Accipiter soloensis;bird;Asia;Asia 89;3593;Aves/ACCEPTED
Accipiter striatus;bird;North America;North America 98|South America 1;1948132;Aves/ACCEPTED
Accipiter superciliosus;bird;South America+North America;South America 57|North America 42;7587;Aves/ACCEPTED
Accipiter tachiro;bird;Africa;Africa 98;31156;Aves/ACCEPTED
Accipiter trinotatus;bird;Asia+Ocean;Asia 23|Oceania 1;181;Aves/ACCEPTED
Accipiter trivirgatus;bird;Asia;Asia 99;11565;Aves/ACCEPTED
Accipiter ventralis;bird;South America;South America 93;132;Aves/ACCEPTED
Accipiter virgatus;bird;Asia;Asia 96;4844;Aves/ACCEPTED
Aceros nipalensis;bird;Asia;Asia 100;7581;Aves/ACCEPTED
Achaetops pycnopygius;bird;Africa;Africa 99;3546;Aves/ACCEPTED
Acheta domesticus;insect;Europe+North America;Europe 87|North America 8|Asia 2|Africa 1;11244;Insecta/ACCEPTED
Acridotheres burmannicus;bird;Asia;Asia 99;2048;Aves/ACCEPTED
Acridotheres cristatellus;bird;Asia+Europe;Asia 90|Europe 7|South America 2|North America 1;215384;Aves/ACCEPTED
Acridotheres fuscus;bird;Asia;Asia 98|Oceania 1;333750;Aves/ACCEPTED
Acridotheres ginginianus;bird;Asia;Asia 100;76841;Aves/ACCEPTED
Acridotheres grandis;bird;Asia;Asia 100;128824;Aves/ACCEPTED
Acridotheres javanicus;bird;Asia;Asia 100;488405;Aves/ACCEPTED
Acridotheres leucocephalus;bird;Asia;Asia 100;12367;Aves/ACCEPTED
Acridotheres tristis;bird;Asia+Oceania+Africa;Asia 60|Oceania 32|Africa 7|North America 1;3577115;Aves/ACCEPTED
Acris blanchardi;amphibian;North America;North America 97;38522;Amphibia/ACCEPTED
Acris crepitans;amphibian;North America;North America 93;47189;Amphibia/ACCEPTED
Acris gryllus;amphibian;North America;North America 96;19535;Amphibia/ACCEPTED
Acritillas indica;bird;Asia;Asia 100;109011;Aves/ACCEPTED
Acrobatornis fonsecai;bird;South America;South America 100;492;Aves/ACCEPTED
Acrocephalus agricola;bird;Asia+Europe;Asia 77|Europe 22;35075;Aves/ACCEPTED
Acrocephalus arundinaceus;bird;Europe+Asia;Europe 90|Asia 7|Africa 3;441074;Aves/ACCEPTED
Acrocephalus atyphus;bird;Oceania+Ocean;Oceania 26;1594;Aves/ACCEPTED
Acrocephalus australis;bird;Oceania;Oceania 100;285596;Aves/ACCEPTED
Acrocephalus baeticatus;bird;Africa;Africa 100;46065;Aves/ACCEPTED
Acrocephalus bistrigiceps;bird;Asia;Asia 99;30707;Aves/ACCEPTED
Acrocephalus caffer;bird;Oceania;Oceania 73;241;Aves/ACCEPTED
Acrocephalus concinens;bird;Asia;Asia 96;544;Aves/ACCEPTED
Acrocephalus dumetorum;bird;Asia+Europe;Asia 76|Europe 24;409211;Aves/ACCEPTED
Acrocephalus gracilirostris;bird;Africa;Africa 100;127920;Aves/ACCEPTED
Acrocephalus griseldis;bird;Africa+Asia;Africa 65|Asia 33|Europe 1;1435;Aves/ACCEPTED
Acrocephalus hiwae;bird;Oceania;Oceania 98;449;Aves/ACCEPTED
Acrocephalus kerearako;bird;Oceania;Oceania 93;106;Aves/ACCEPTED
Acrocephalus melanopogon;bird;Europe+Asia;Europe 81|Asia 17;74704;Aves/ACCEPTED
Acrocephalus mendanae;bird;Oceania+Ocean;Oceania 49;445;Aves/ACCEPTED
Acrocephalus newtoni;bird;Africa;Africa 100;2657;Aves/ACCEPTED
Acrocephalus orientalis;bird;Asia;Asia 99;72460;Aves/ACCEPTED
Acrocephalus paludicola;bird;Europe;Europe 98;24808;Aves/ACCEPTED
Acrocephalus palustris;bird;Europe;Europe 96|Africa 2|Asia 1;654103;Aves/ACCEPTED
Acrocephalus percernis;bird;Oceania;Oceania 61;483;Aves/ACCEPTED
Acrocephalus rufescens;bird;Africa;Africa 99;5323;Aves/ACCEPTED
Acrocephalus schoenobaenus;bird;Europe;Europe 98|Asia 1|Africa 1;1937070;Aves/ACCEPTED
Acrocephalus scirpaceus;bird;Europe;Europe 97|Asia 2|Africa 1;2983038;Aves/ACCEPTED
Acrocephalus sechellensis;bird;Africa;Africa 96;625;Aves/ACCEPTED
Acrocephalus stentoreus;bird;Asia+Oceania;Asia 92|Oceania 7|Africa 1;144323;Aves/ACCEPTED
Acrocephalus syrinx;bird;Oceania;Oceania 98;359;Aves/ACCEPTED
Acrocephalus tangorum;bird;Asia;Asia 100;1563;Aves/ACCEPTED
Acrochordopus burmeisteri;bird;South America+North America;South America 89|North America 7;290;Aves/ACCEPTED/via Phyllomyias burmeisteri
Acrochordopus zeledoni;bird;South America+North America;South America 64|North America 25;72;Aves/SYNONYM/via Phyllomyias zeledoni
Acropternis orthonyx;bird;South America;South America 100;15049;Aves/ACCEPTED
Acryllium vulturinum;bird;Africa;Africa 97;8597;Aves/ACCEPTED
Actenoides concretus;bird;Asia;Asia 99;4507;Aves/ACCEPTED
Actenoides hombroni;bird;Asia;Asia 99;805;Aves/ACCEPTED
Actenoides lindsayi;bird;Asia;Asia 100;3378;Aves/ACCEPTED
Actenoides monachus;bird;Asia;Asia 96;2204;Aves/ACCEPTED
Actenoides princeps;bird;Asia;Asia 97;712;Aves/ACCEPTED
Actinodura cyanouroptera;bird;Asia;Asia 100;44967;Aves/SYNONYM
Actinodura egertoni;bird;Asia;Asia 100;17071;Aves/ACCEPTED
Actinodura morrisoniana;bird;Asia;Asia 100;13698;Aves/ACCEPTED
Actinodura nipalensis;bird;Asia;Asia 100;5660;Aves/ACCEPTED
Actinodura ramsayi;bird;Asia;Asia 100;4488;Aves/ACCEPTED
Actinodura souliei;bird;Asia;Asia 96;182;Aves/ACCEPTED
Actinodura strigula;bird;Asia;Asia 100;25709;Aves/SYNONYM
Actinodura waldeni;bird;Asia;Asia 100;3226;Aves/ACCEPTED
Actitis hypoleucos;bird;Europe+Asia+Africa;Europe 67|Asia 25|Africa 5|Oceania 2;2843770;Aves/ACCEPTED
Actitis macularius;bird;North America+South America;North America 96|South America 4;3713439;Aves/ACCEPTED
Actophilornis africanus;bird;Africa;Africa 100;158592;Aves/ACCEPTED
Adelomyia melanogenys;bird;South America;South America 100;104048;Aves/ACCEPTED
Adelotus brevis;amphibian;Oceania;Oceania 100;29398;Amphibia/ACCEPTED
Adenomera andreae;amphibian;South America;South America 99;9968;Amphibia/ACCEPTED
Adenomera hylaedactyla;amphibian;South America;South America 99;4043;Amphibia/ACCEPTED
Aechmophorus clarkii;bird;North America;North America 100;322188;Aves/ACCEPTED
Aechmophorus occidentalis;bird;North America;North America 99;1085420;Aves/ACCEPTED
Aegithalos caudatus;bird;Europe;Europe 97|Asia 3;3309938;Aves/DOUBTFUL
Aegithalos concinnus;bird;Asia;Asia 100;113124;Aves/ACCEPTED
Aegithalos exilis;bird;Asia;Asia 91;1242;Aves/SYNONYM
Aegithalos fuliginosus;bird;Asia;Asia 99;960;Aves/ACCEPTED
Aegithalos glaucogularis;bird;Asia;Asia 99;17912;Aves/ACCEPTED
Aegithalos iouschistos;bird;Asia;Asia 100;6883;Aves/ACCEPTED
Aegithalos niveogularis;bird;Asia;Asia 100;600;Aves/ACCEPTED
Aegithina lafresnayei;bird;Asia;Asia 100;11822;Aves/ACCEPTED
Aegithina nigrolutea;bird;Asia;Asia 100;8709;Aves/ACCEPTED
Aegithina tiphia;bird;Asia;Asia 100;466434;Aves/ACCEPTED
Aegithina viridissima;bird;Asia;Asia 99;13383;Aves/ACCEPTED
Aegolius acadicus;bird;North America;North America 100;148350;Aves/ACCEPTED
Aegolius funereus;bird;Europe+North America;Europe 94|North America 5;301767;Aves/ACCEPTED
Aegolius harrisii;bird;South America;South America 100;2261;Aves/ACCEPTED
Aegolius ridgwayi;bird;North America;North America 99;1863;Aves/ACCEPTED
Aegotheles albertisi;bird;Oceania+Asia;Oceania 86|Asia 6;1066;Aves/ACCEPTED
Aegotheles bennettii;bird;Oceania;Oceania 94|Asia 2;676;Aves/ACCEPTED
Aegotheles crinifrons;bird;Asia;Asia 98;621;Aves/ACCEPTED
Aegotheles cristatus;bird;Oceania;Oceania 100;95413;Aves/ACCEPTED
Aegotheles insignis;bird;Oceania+Asia;Oceania 87|Asia 7;997;Aves/ACCEPTED
Aegotheles wallacii;bird;Oceania+Asia;Oceania 91|Asia 4;308;Aves/ACCEPTED
Aegypius monachus;bird;Asia+Europe;Asia 62|Europe 38;351449;Aves/ACCEPTED
Aenigmatolimnas marginalis;bird;Africa;Africa 96|Europe 1;432;Aves/ACCEPTED
Aepyceros melampus;mammal;Africa;Africa 97;22233;Mammalia/ACCEPTED
Aerodramus bartschi;bird;Oceania;Oceania 88|North America 1;1210;Aves/ACCEPTED
Aerodramus brevirostris;bird;Asia;Asia 100;22262;Aves/ACCEPTED
Aerodramus fuciphagus;bird;Asia;Asia 100;108848;Aves/ACCEPTED
Aerodramus hirundinaceus;bird;Oceania;Oceania 97|Asia 1;3289;Aves/ACCEPTED
Aerodramus inquietus;bird;Oceania;Oceania 96;547;Aves/ACCEPTED
Aerodramus maximus;bird;Asia;Asia 99;3262;Aves/ACCEPTED
Aerodramus mearnsi;bird;Asia;Asia 100;2475;Aves/ACCEPTED
Aerodramus sawtelli;bird;Oceania;Oceania 92;132;Aves/ACCEPTED
Aerodramus spodiopygius;bird;Oceania;Oceania 99;9152;Aves/ACCEPTED
Aerodramus terraereginae;bird;Oceania;Oceania 100;43272;Aves/ACCEPTED
Aerodramus unicolor;bird;Asia;Asia 100;41782;Aves/ACCEPTED
Aerodramus vanikorensis;bird;Oceania+Asia;Oceania 66|Asia 32;13616;Aves/ACCEPTED
Aeronautes andecolus;bird;South America;South America 100;20220;Aves/ACCEPTED
Aeronautes montivagus;bird;South America;South America 100;14001;Aves/ACCEPTED
Aeronautes saxatalis;bird;North America;North America 100;469064;Aves/ACCEPTED
Aerospiza tachiro;bird;Africa;Africa 98;31156;Aves/ACCEPTED/via Accipiter tachiro
Aethia cristatella;bird;North America+Asia;North America 77|Asia 4;18068;Aves/ACCEPTED
Aethia psittacula;bird;North America;North America 86|Asia 2;19848;Aves/ACCEPTED
Aethia pusilla;bird;North America+Asia;North America 82|Asia 3;16546;Aves/ACCEPTED
Aethia pygmaea;bird;North America+Asia;North America 71|Asia 7;1866;Aves/ACCEPTED
Aethomyias arfakianus;bird;Oceania+Asia;Oceania 93|Asia 4;718;Aves/SYNONYM
Aethomyias nigrorufus;bird;Oceania+Asia;Oceania 93|Asia 4;232;Aves/SYNONYM
Aethomyias papuensis;bird;Oceania;Oceania 96|Asia 1;2078;Aves/SYNONYM
Aethomyias perspicillatus;bird;Oceania;Oceania 98|Asia 2;2763;Aves/SYNONYM
Aethomyias rufescens;bird;Oceania;Oceania 98|Asia 1;1019;Aves/SYNONYM
Aethopyga bella;bird;Asia;Asia 100;1320;Aves/ACCEPTED
Aethopyga boltoni;bird;Asia;Asia 98;557;Aves/ACCEPTED
Aethopyga christinae;bird;Asia;Asia 100;29590;Aves/ACCEPTED
Aethopyga duyvenbodei;bird;Asia;Asia 93;309;Aves/ACCEPTED
Aethopyga flagrans;bird;Asia;Asia 99;2001;Aves/ACCEPTED
Aethopyga gouldiae;bird;Asia;Asia 100;26975;Aves/ACCEPTED
Aethopyga guimarasensis;bird;Asia;Asia 100;580;Aves/ACCEPTED
Aethopyga ignicauda;bird;Asia;Asia 100;11429;Aves/ACCEPTED
Aethopyga magnifica;bird;Asia;Asia 100;1761;Aves/ACCEPTED
Aethopyga mystacalis;bird;Asia;Asia 77;938;Aves/ACCEPTED
Aethopyga nipalensis;bird;Asia;Asia 100;43527;Aves/ACCEPTED
Aethopyga pulcherrima;bird;Asia;Asia 99;3001;Aves/ACCEPTED
Aethopyga saturata;bird;Asia;Asia 100;41868;Aves/ACCEPTED
Aethopyga shelleyi;bird;Asia;Asia 99;2838;Aves/ACCEPTED
Aethopyga siparaja;bird;Asia;Asia 100;77390;Aves/ACCEPTED
Aethopyga temminckii;bird;Asia;Asia 100;9412;Aves/ACCEPTED
Aethopyga vigorsii;bird;Asia;Asia 100;15003;Aves/ACCEPTED
Afrixalus delicatus;amphibian;Africa;Africa 93;509;Amphibia/ACCEPTED
Afrixalus fornasini;amphibian;Africa;Africa 97;2250;Amphibia/ACCEPTED
Afrotis afra;bird;Africa;Africa 99;11911;Aves/ACCEPTED
Afrotis afraoides;bird;Africa;Africa 100;61843;Aves/ACCEPTED
Agalychnis callidryas;amphibian;North America;North America 98;10252;Amphibia/ACCEPTED
Agalychnis dacnicolor;amphibian;North America;North America 98;4258;Amphibia/ACCEPTED
Agamia agami;bird;North America+South America;North America 52|South America 47;14561;Aves/ACCEPTED
Agapornis canus;bird;Africa;Africa 97;4974;Aves/ACCEPTED
Agapornis fischeri;bird;Africa+Europe+North America;Africa 82|Europe 9|North America 4|Asia 3;10483;Aves/ACCEPTED
Agapornis lilianae;bird;Africa;Africa 95|North America 1;3125;Aves/ACCEPTED
Agapornis nigrigenis;bird;Africa+North America;Africa 78|North America 5|Europe 2;761;Aves/ACCEPTED
Agapornis personatus;bird;Africa+North America+Europe;Africa 84|North America 8|Europe 3|Asia 1|South America 1;7816;Aves/ACCEPTED
Agapornis pullarius;bird;Africa;Africa 95;4738;Aves/ACCEPTED
Agapornis roseicollis;bird;North America+Africa+Oceania;North America 65|Africa 26|Oceania 8|Europe 1;68521;Aves/ACCEPTED
Agapornis taranta;bird;Africa;Africa 97|North America 1;4061;Aves/ACCEPTED
Agelaioides badius;bird;South America;South America 100;201514;Aves/ACCEPTED
Agelaioides fringillarius;bird;South America;South America 100;5036;Aves/SYNONYM
Agelaius assimilis;bird;North America;North America 100;2779;Aves/ACCEPTED
Agelaius humeralis;bird;North America;North America 100;15388;Aves/ACCEPTED
Agelaius phoeniceus;bird;North America;North America 100;21147352;Aves/ACCEPTED
Agelaius tricolor;bird;North America;North America 98;92765;Aves/ACCEPTED
Agelaius xanthomus;bird;North America;North America 99;8727;Aves/ACCEPTED
Agelasticus cyanopus;bird;South America;South America 100;33170;Aves/ACCEPTED
Agelasticus thilius;bird;South America;South America 100;102642;Aves/ACCEPTED
Agelasticus xanthophthalmus;bird;South America;South America 100;1744;Aves/ACCEPTED
Aglaeactis cupripennis;bird;South America;South America 99;46103;Aves/ACCEPTED
Aglaeactis pamela;bird;South America;South America 98;1076;Aves/ACCEPTED
Aglaiocercus coelestis;bird;South America;South America 100;57578;Aves/ACCEPTED
Aglaiocercus kingii;bird;South America;South America 99;79775;Aves/ACCEPTED
Agricola infuscatus;bird;Africa;Africa 100;21627;Aves/SYNONYM
Agricola pallidus;bird;Africa;Africa 100;30257;Aves/SYNONYM
Agriornis albicauda;bird;South America;South America 100;1353;Aves/SYNONYM
Agriornis lividus;bird;South America;South America 100;12714;Aves/ACCEPTED
Agriornis micropterus;bird;South America;South America 100;8141;Aves/ACCEPTED
Agriornis montanus;bird;South America;South America 100;25829;Aves/ACCEPTED
Agropsar philippensis;bird;Asia;Asia 96;9415;Aves/ACCEPTED
Agropsar sturninus;bird;Asia;Asia 98;10070;Aves/ACCEPTED
Ailuroedus crassirostris;bird;Oceania;Oceania 99;64343;Aves/ACCEPTED
Ailuroedus geislerorum;bird;Oceania;Oceania 95;327;Aves/ACCEPTED
Ailuroedus maculosus;bird;Oceania;Oceania 100;21884;Aves/ACCEPTED
Ailuroedus melanotis;bird;Oceania;Oceania 98|Asia 1;6817;Aves/ACCEPTED
Ailuroedus stonii;bird;Oceania;Oceania 95;257;Aves/ACCEPTED
Aimophila notosticta;bird;North America;North America 100;2468;Aves/ACCEPTED
Aimophila rufescens;bird;North America;North America 100;53804;Aves/ACCEPTED
Aimophila ruficeps;bird;North America;North America 100;276949;Aves/ACCEPTED
Aix galericulata;bird;Europe+Asia+North America;Europe 77|Asia 16|North America 5;275068;Aves/ACCEPTED
Aix sponsa;bird;North America;North America 100;6520783;Aves/ACCEPTED
Akletos goeldii;bird;South America;South America 100;6351;Aves/SYNONYM
Akletos melanoceps;bird;South America;South America 100;10707;Aves/ACCEPTED
Alaemon alaudipes;bird;Asia+Africa;Asia 50|Africa 50;19231;Aves/ACCEPTED
Alauda arvensis;bird;Europe+Oceania;Europe 91|Oceania 7|Asia 2;3726705;Aves/ACCEPTED
Alauda gulgula;bird;Asia;Asia 100;125388;Aves/ACCEPTED
Alauda leucoptera;bird;Europe+Asia;Europe 65|Asia 26;4473;Aves/SYNONYM
Alaudala cheleensis;bird;Asia;Asia 100;6441;Aves/ACCEPTED
Alaudala heinei;bird;Asia+Europe;Asia 85|Europe 14;7674;Aves/SYNONYM
Alaudala raytal;bird;Asia;Asia 100;11614;Aves/SYNONYM
Alaudala rufescens;bird;Europe+Asia+Africa;Europe 62|Asia 20|Africa 17;42293;Aves/SYNONYM
Alaudala somalica;bird;Africa;Africa 100;1153;Aves/SYNONYM
Alca torda;bird;Europe+North America;Europe 60|North America 19;754266;Aves/ACCEPTED
Alcedo atthis;bird;Europe+Asia;Europe 72|Asia 28;2615051;Aves/ACCEPTED
Alcedo coerulescens;bird;Asia;Asia 98;5680;Aves/ACCEPTED
Alcedo euryzona;bird;Asia;Asia 97;2264;Aves/ACCEPTED
Alcedo meninting;bird;Asia;Asia 99;24148;Aves/ACCEPTED
Alcedo peninsulae;bird;Asia;Asia 99;2034;Aves/SYNONYM
Alcedo quadribrachys;bird;Africa;Africa 99;3737;Aves/ACCEPTED
Alcedo semitorquata;bird;Africa;Africa 99;13388;Aves/ACCEPTED
Alces alces;mammal;Europe+North America;Europe 75|North America 23|Asia 1;149520;Mammalia/ACCEPTED
Alcippe brunneicauda;bird;Asia;Asia 99;7033;Aves/ACCEPTED
Alcippe davidi;bird;Asia;Asia 100;3209;Aves/ACCEPTED
Alcippe fratercula;bird;Asia;Asia 100;11510;Aves/ACCEPTED
Alcippe grotei;bird;Asia;Asia 100;1234;Aves/ACCEPTED
Alcippe hueti;bird;Asia;Asia 100;7836;Aves/ACCEPTED
Alcippe morrisonia;bird;Asia;Asia 100;135762;Aves/ACCEPTED
Alcippe nipalensis;bird;Asia;Asia 100;16748;Aves/ACCEPTED
Alcippe peracensis;bird;Asia;Asia 100;10707;Aves/ACCEPTED
Alcippe poioicephala;bird;Asia;Asia 100;65541;Aves/ACCEPTED
Alcippe pyrrhoptera;bird;Asia;Asia 76;2211;Aves/ACCEPTED
Alcurus striatus;bird;Asia;Asia 100;17337;Aves/SYNONYM
Aleadryas rufinucha;bird;Oceania;Oceania 99;3107;Aves/ACCEPTED
Alectoris barbara;bird;Africa+Europe;Africa 63|Europe 32|Asia 1;18293;Aves/ACCEPTED
Alectoris chukar;bird;Asia+North America+Europe;Asia 67|North America 26|Europe 4|Oceania 2;238009;Aves/ACCEPTED
Alectoris graeca;bird;Europe;Europe 96|Asia 1;27874;Aves/ACCEPTED
Alectoris magna;bird;Asia;Asia 99;712;Aves/ACCEPTED
Alectoris melanocephala;bird;Asia;Asia 99;6701;Aves/ACCEPTED
Alectoris philbyi;bird;Asia+Europe;Asia 85|Europe 3;488;Aves/ACCEPTED
Alectoris rufa;bird;Europe;Europe 99|Africa 1;468123;Aves/ACCEPTED
Alectroenas pulcherrimus;bird;Africa;Africa 99;2144;Aves/ACCEPTED
Alectrurus risora;bird;South America;South America 99;4560;Aves/ACCEPTED
Alectrurus tricolor;bird;South America;South America 99;2402;Aves/ACCEPTED
Alectura lathami;bird;Oceania;Oceania 100;274767;Aves/ACCEPTED
Aleeta curvicosta;insect;Oceania;Oceania 99;2763;Insecta/ACCEPTED
Alethe castanea;bird;Africa;Africa 98;3488;Aves/ACCEPTED
Alethe diademata;bird;Africa;Africa 100;3396;Aves/ACCEPTED
Alipiopsitta xanthops;bird;South America;South America 100;6090;Aves/SYNONYM
Alisterus chloropterus;bird;Oceania;Oceania 89|Asia 2;1387;Aves/ACCEPTED
Alisterus scapularis;bird;Oceania;Oceania 100;432960;Aves/ACCEPTED
Alle alle;bird;Europe+North America;Europe 56|North America 17;133757;Aves/ACCEPTED
Allenia fusca;bird;North America;North America 98|South America 2;21165;Aves/ACCEPTED
Allobates femoralis;amphibian;South America;South America 98;4641;Amphibia/ACCEPTED
Allobates talamancae;amphibian;North America+South America;North America 84|South America 16;1500;Amphibia/ACCEPTED
Allonemobius allardi;insect;North America;North America 97;435;Insecta/ACCEPTED
Allonemobius fasciatus;insect;North America;North America 91;2171;Insecta/ACCEPTED
Allonemobius tinnulus;insect;North America;North America 92;176;Insecta/ACCEPTED
Allonemobius walkeri;insect;North America;North America 100;44;Insecta/ACCEPTED
Alophoixus finschii;bird;Asia;Asia 100;3105;Aves/ACCEPTED
Alophoixus flaveolus;bird;Asia;Asia 100;18888;Aves/ACCEPTED
Alophoixus frater;bird;Asia;Asia 100;2236;Aves/ACCEPTED
Alophoixus longirostris;bird;;;0;Aves/ACCEPTED
Alophoixus ochraceus;bird;Asia;Asia 100;22103;Aves/ACCEPTED
Alophoixus pallidus;bird;Asia;Asia 100;17025;Aves/ACCEPTED
Alophoixus phaeocephalus;bird;Asia;Asia 100;9325;Aves/ACCEPTED
Alophoixus ruficrissus;bird;Asia;Asia 100;5400;Aves/SYNONYM
Alophoixus tephrogenys;bird;Asia;Asia 98;263;Aves/SYNONYM
Alopochelidon fucata;bird;South America;South America 100;18006;Aves/ACCEPTED
Alopochen aegyptiaca;bird;Europe+Africa+North America;Europe 64|Africa 27|North America 8|Asia 1;2268611;Aves/ACCEPTED
Alouatta belzebul;mammal;South America;South America 94;1055;Mammalia/ACCEPTED
Alouatta caraya;mammal;South America;South America 94|North America 1;3502;Mammalia/ACCEPTED
Alouatta guariba;mammal;South America;South America 97;2389;Mammalia/ACCEPTED
Alouatta macconnelli;mammal;South America;South America 99;924;Mammalia/ACCEPTED
Alouatta palliata;mammal;North America+South America;North America 87|South America 12;15261;Mammalia/ACCEPTED
Alouatta pigra;mammal;North America;North America 97;3441;Mammalia/ACCEPTED
Alouatta seniculus;mammal;South America;South America 96;9732;Mammalia/ACCEPTED
Alytes cisternasii;amphibian;Europe;Europe 97;5723;Amphibia/ACCEPTED
Alytes obstetricans;amphibian;Europe;Europe 99;120814;Amphibia/ACCEPTED
Amadina erythrocephala;bird;Africa;Africa 100;85282;Aves/ACCEPTED
Amadina fasciata;bird;Africa;Africa 99;34550;Aves/ACCEPTED
Amalocichla incerta;bird;Oceania;Oceania 93|Asia 3;1522;Aves/ACCEPTED
Amandava amandava;bird;Asia+Europe+Oceania;Asia 76|Europe 15|Oceania 7|North America 1;118052;Aves/ACCEPTED
Amandava subflava;bird;Africa;Africa 98|North America 1;26523;Aves/ACCEPTED
Amaurolimnas concolor;bird;North America+South America;North America 62|South America 38;8789;Aves/ACCEPTED
Amaurornis cinerea;bird;Asia+Oceania;Asia 61|Oceania 38;25407;Aves/SYNONYM
Amaurornis isabellina;bird;Asia;Asia 97;1353;Aves/ACCEPTED
Amaurornis moluccana;bird;Oceania+Asia;Oceania 96|Asia 4;12899;Aves/SYNONYM
Amaurornis olivacea;bird;Oceania+Asia;Oceania 76|Asia 23;16274;Aves/ACCEPTED
Amaurornis phoenicurus;bird;Asia;Asia 100;740214;Aves/ACCEPTED
Amaurospiza aequatorialis;bird;South America;South America 100;1165;Aves/ACCEPTED
Amaurospiza concolor;bird;North America;North America 98|South America 2;2298;Aves/ACCEPTED
Amaurospiza moesta;bird;South America;South America 100;3752;Aves/ACCEPTED
Amazilia amabilis;bird;North America+South America;North America 80|South America 20;52570;Aves/SYNONYM
Amazilia amazilia;bird;South America;South America 100;52457;Aves/SYNONYM
Amazilia beryllina;bird;North America;North America 100;103814;Aves/SYNONYM
Amazilia brevirostris;bird;South America;South America 99|North America 1;12157;Aves/SYNONYM
Amazilia candida;bird;North America;North America 100;73543;Aves/SYNONYM
Amazilia castaneiventris;bird;South America;South America 100;1209;Aves/SYNONYM
Amazilia chionogaster;bird;South America;South America 100;27301;Aves/SYNONYM
Amazilia cyanifrons;bird;South America;South America 98;18907;Aves/SYNONYM
Amazilia cyanocephala;bird;North America;North America 91;549;Aves/ACCEPTED
Amazilia decora;bird;North America;North America 100;21411;Aves/SYNONYM
Amazilia edward;bird;North America;North America 100;44838;Aves/SYNONYM
Amazilia fimbriata;bird;South America;South America 100;109756;Aves/SYNONYM
Amazilia franciae;bird;South America;South America 100;98173;Aves/SYNONYM
Amazilia lactea;bird;South America;South America 100;43415;Aves/SYNONYM
Amazilia leucogaster;bird;South America;South America 99;6430;Aves/SYNONYM
Amazilia luciae;bird;North America;North America 100;2076;Aves/ACCEPTED
Amazilia rosenbergi;bird;South America;South America 100;7584;Aves/SYNONYM
Amazilia rutila;bird;North America;North America 100;217274;Aves/ACCEPTED
Amazilia saucerottei;bird;South America;South America 99;82378;Aves/SYNONYM
Amazilia tobaci;bird;South America;South America 99;42215;Aves/SYNONYM
Amazilia tzacatl;bird;North America+South America;North America 73|South America 27;834434;Aves/ACCEPTED
Amazilia versicolor;bird;South America;South America 100;44551;Aves/SYNONYM
Amazilia violiceps;bird;North America;North America 100;90215;Aves/SYNONYM
Amazilia viridicauda;bird;South America;South America 100;8046;Aves/SYNONYM
Amazilia yucatanensis;bird;North America;North America 100;156939;Aves/ACCEPTED
Amazilis amazilia;bird;South America;South America 100;52457;Aves/ACCEPTED
Amazona aestiva;bird;South America;South America 98|North America 1;90654;Aves/ACCEPTED
Amazona agilis;bird;North America;North America 99;2298;Aves/ACCEPTED
Amazona albifrons;bird;North America;North America 100;208388;Aves/ACCEPTED
Amazona amazonica;bird;South America+North America;South America 93|North America 6;116001;Aves/ACCEPTED
Amazona auropalliata;bird;North America;North America 91;1406;Aves/ACCEPTED
Amazona autumnalis;bird;North America;North America 97|South America 3;295125;Aves/ACCEPTED
Amazona barbadensis;bird;South America;South America 99;7800;Aves/ACCEPTED
Amazona brasiliensis;bird;South America;South America 99;2550;Aves/ACCEPTED
Amazona collaria;bird;North America;North America 99;3730;Aves/ACCEPTED
Amazona dufresniana;bird;South America;South America 98;3206;Aves/ACCEPTED
Amazona farinosa;bird;North America+South America;North America 59|South America 41;155819;Aves/ACCEPTED
Amazona festiva;bird;South America;South America 99;10498;Aves/ACCEPTED
Amazona finschi;bird;North America;North America 99;16076;Aves/ACCEPTED
Amazona guatemalae;bird;North America;North America 90;273;Aves/SYNONYM
Amazona kawalli;bird;South America;South America 100;2673;Aves/ACCEPTED
Amazona leucocephala;bird;North America;North America 98;17359;Aves/ACCEPTED
Amazona mercenarius;bird;South America;South America 100;35759;Aves/ACCEPTED
Amazona ochrocephala;bird;South America+North America;South America 87|North America 13;108352;Aves/ACCEPTED
Amazona oratrix;bird;North America+Europe;North America 95|Europe 4;15275;Aves/ACCEPTED
Amazona pretrei;bird;South America;South America 97;1557;Aves/ACCEPTED
Amazona rhodocorytha;bird;South America;South America 100;3315;Aves/ACCEPTED
Amazona tucumana;bird;South America;South America 98;3894;Aves/ACCEPTED
Amazona ventralis;bird;North America;North America 99;5478;Aves/ACCEPTED
Amazona vinacea;bird;South America;South America 99;5872;Aves/ACCEPTED
Amazona viridigenalis;bird;North America;North America 99|Oceania 1;98587;Aves/ACCEPTED
Amazona xantholora;bird;North America;North America 99;4997;Aves/ACCEPTED
Amazonetta brasiliensis;bird;South America;South America 100;150091;Aves/ACCEPTED
Amblycercus holosericeus;bird;North America+South America;North America 92|South America 8;101427;Aves/ACCEPTED
Amblycorypha alexanderi;insect;North America;North America 100;45;Insecta/ACCEPTED
Amblycorypha longinicta;insect;North America;North America 95;151;Insecta/ACCEPTED
Amblycorypha oblongifolia;insect;North America;North America 94;2006;Insecta/ACCEPTED
Amblycorypha rotundifolia;insect;North America;North America 84;436;Insecta/ACCEPTED
Amblyornis inornata;bird;Oceania+Asia;Oceania 85|Asia 13;1098;Aves/ACCEPTED
Amblyornis macgregoriae;bird;Oceania;Oceania 91|Asia 2;1205;Aves/ACCEPTED
Amblyornis newtoniana;bird;Oceania;Oceania 100;165;Aves/ACCEPTED
Amblyospiza albifrons;bird;Africa;Africa 100;124113;Aves/ACCEPTED
Amblyramphus holosericeus;bird;South America;South America 99;22636;Aves/ACCEPTED
Ameerega trivittata;amphibian;South America;South America 98;3516;Amphibia/ACCEPTED
Amietia delalandii;amphibian;Africa;Africa 99;6192;Amphibia/ACCEPTED
Amietia fuscigula;amphibian;Africa;Africa 98;7687;Amphibia/ACCEPTED
Amietia poyntoni;amphibian;Africa;Africa 100;890;Amphibia/ACCEPTED
Amirafra angolensis;bird;;;;labels
Amirafra rufocinnamomea;bird;Africa;Africa 99;8054;Aves/ACCEPTED/via Mirafra rufocinnamomea
Ammodramus aurifrons;bird;South America;South America 100;71008;Aves/ACCEPTED
Ammodramus humeralis;bird;South America;South America 100;85087;Aves/ACCEPTED
Ammodramus savannarum;bird;North America;North America 100;497090;Aves/ACCEPTED
Ammomanes cinctura;bird;Africa+Asia;Africa 58|Asia 41|Europe 1;10663;Aves/ACCEPTED
Ammomanes deserti;bird;Asia+Africa;Asia 81|Africa 19;41572;Aves/ACCEPTED
Ammomanes phoenicura;bird;Asia;Asia 100;51993;Aves/ACCEPTED
Ammomanopsis grayi;bird;Africa;Africa 97;1934;Aves/ACCEPTED
Ammonastes pelzelni;bird;South America;South America 100;598;Aves/SYNONYM
Ammoperdix griseogularis;bird;Asia;Asia 97;4025;Aves/ACCEPTED
Ammoperdix heyi;bird;Asia;Asia 99|Africa 1;27327;Aves/ACCEPTED
Ammospermophilus harrisii;mammal;North America;North America 89;4397;Mammalia/ACCEPTED
Ammospiza caudacuta;bird;North America;North America 100;83393;Aves/ACCEPTED
Ammospiza leconteii;bird;North America;North America 100;84339;Aves/ACCEPTED
Ammospiza maritima;bird;North America;North America 100;141326;Aves/ACCEPTED
Ammospiza nelsoni;bird;North America;North America 100;109159;Aves/ACCEPTED
Ampeliceps coronatus;bird;Asia;Asia 98;3841;Aves/ACCEPTED
Ampelioides tschudii;bird;South America;South America 100;8926;Aves/ACCEPTED
Ampelion rubrocristatus;bird;South America;South America 100;34188;Aves/ACCEPTED
Ampelion rufaxilla;bird;South America;South America 100;2791;Aves/ACCEPTED
Ampelornis griseiceps;bird;South America;South America 100;510;Aves/SYNONYM
Amphilais seebohmi;bird;Africa;Africa 92;12;Aves/ACCEPTED
Amphipsalta cingulata;insect;Oceania;Oceania 96;789;Insecta/ACCEPTED
Amphipsalta zelandica;insect;Oceania;Oceania 95;2540;Insecta/ACCEPTED
Amphispiza bilineata;bird;North America;North America 100;498612;Aves/ACCEPTED
Amphispiza quinquestriata;bird;North America;North America 100;11888;Aves/SYNONYM
Amphispizopsis quinquestriata;bird;North America;North America 100;11888;Aves/ACCEPTED
Amytornis ballarae;bird;Oceania;Oceania 100;1156;Aves/ACCEPTED
Amytornis barbatus;bird;Oceania;Oceania 100;1097;Aves/ACCEPTED
Amytornis dorotheae;bird;Oceania;Oceania 100;1057;Aves/ACCEPTED
Amytornis goyderi;bird;Oceania;Oceania 100;2180;Aves/ACCEPTED
Amytornis housei;bird;Oceania;Oceania 98;782;Aves/ACCEPTED
Amytornis modestus;bird;Oceania;Oceania 98;2125;Aves/SYNONYM
Amytornis oweni;bird;Oceania;Oceania 100;345;Aves/ACCEPTED
Amytornis purnelli;bird;Oceania;Oceania 100;3715;Aves/ACCEPTED
Amytornis striatus;bird;Oceania;Oceania 100;6247;Aves/ACCEPTED
Amytornis textilis;bird;Oceania;Oceania 98;4927;Aves/ACCEPTED
Amytornis whitei;bird;Oceania;Oceania 100;936;Aves/ACCEPTED
Anabacerthia amaurotis;bird;South America;South America 99;3687;Aves/ACCEPTED
Anabacerthia lichtensteini;bird;South America;South America 100;14048;Aves/SYNONYM
Anabacerthia ruficaudata;bird;South America;South America 100;4554;Aves/SYNONYM
Anabacerthia striaticollis;bird;South America;South America 100;37864;Aves/ACCEPTED
Anabacerthia variegaticeps;bird;South America+North America;South America 65|North America 35;29693;Aves/ACCEPTED
Anabathmis newtonii;bird;Africa;Africa 100;2399;Aves/ACCEPTED
Anabathmis reichenbachii;bird;Africa;Africa 99;2388;Aves/ACCEPTED
Anabazenops dorsalis;bird;South America;South America 100;2434;Aves/ACCEPTED
Anabazenops fuscus;bird;South America;South America 100;10839;Aves/ACCEPTED
Anabrus simplex;insect;North America;North America 95;4006;Insecta/ACCEPTED
Anairetes alpinus;bird;South America;South America 100;1301;Aves/ACCEPTED
Anairetes fernandezianus;bird;South America;South America 86;197;Aves/ACCEPTED
Anairetes flavirostris;bird;South America;South America 100;15999;Aves/ACCEPTED
Anairetes nigrocristatus;bird;South America;South America 99;2199;Aves/ACCEPTED
Anairetes parulus;bird;South America;South America 100;139909;Aves/ACCEPTED
Anairetes reguloides;bird;South America;South America 100;4544;Aves/ACCEPTED
Anaplectes rubriceps;bird;Africa;Africa 100;28049;Aves/ACCEPTED
Anarhynchus alexandrinus;bird;Asia+Europe;Asia 53|Europe 41|Africa 2;558261;Aves/SYNONYM
Anarhynchus alticola;bird;;;;labels
Anarhynchus atrifrons;bird;;;;labels
Anarhynchus bicinctus;bird;Oceania;Oceania 98;17497;Aves/ACCEPTED/via Charadrius bicinctus
Anarhynchus collaris;bird;South America+North America;South America 84|North America 14;2659;Aves/ACCEPTED/via Charadrius collaris
Anarhynchus dealbatus;bird;;;;labels
Anarhynchus falklandicus;bird;South America;South America 94|Europe 1;788;Aves/ACCEPTED/via Charadrius falklandicus
Anarhynchus frontalis;bird;Oceania;Oceania 100;15852;Aves/ACCEPTED
Anarhynchus javanicus;bird;Asia+Ocean;Asia 42;12;Aves/ACCEPTED/via Charadrius javanicus
Anarhynchus leschenaultii;bird;Global;Asia 63|Oceania 25|Africa 5|Europe 5;143881;Aves/SYNONYM
Anarhynchus marginatus;bird;;;;labels
Anarhynchus mongolus;bird;;;;labels
Anarhynchus montanus;bird;North America;North America 95;3047;Aves/ACCEPTED/via Charadrius montanus
Anarhynchus nivosus;bird;North America;North America 95|South America 2;4890;Aves/ACCEPTED/via Charadrius nivosus
Anarhynchus obscurus;bird;;;;labels
Anarhynchus pallidus;insect;;;;labels
Anarhynchus pecuarius;bird;;;;labels
Anarhynchus peronii;bird;Asia;Asia 65|Africa 1|Europe 1;164;Aves/ACCEPTED/via Charadrius peronii
Anarhynchus ruficapillus;bird;;;;labels
Anarhynchus thoracicus;bird;;;;labels
Anarhynchus veredus;bird;Oceania+Asia+Europe;Oceania 54|Asia 39|Europe 6;9238;Aves/SYNONYM
Anarhynchus wilsonia;bird;North America+South America;North America 76|South America 19;6046;Aves/ACCEPTED/via Charadrius wilsonia
Anas acuta;bird;North America+Europe+Asia;North America 68|Europe 25|Asia 6;4219754;Aves/ACCEPTED
Anas albogularis;bird;Asia;Asia 100;3372;Aves/ACCEPTED
Anas andium;bird;South America;South America 100;25060;Aves/ACCEPTED
Anas bahamensis;bird;South America+North America;South America 70|North America 27|Europe 3;135635;Aves/ACCEPTED
Anas capensis;bird;Africa;Africa 99;74895;Aves/ACCEPTED
Anas carolinensis;bird;Europe+North America;Europe 66|North America 33;33368;Aves/ACCEPTED
Anas castanea;bird;Oceania;Oceania 100;489205;Aves/ACCEPTED
Anas chlorotis;bird;Oceania;Oceania 100;11204;Aves/ACCEPTED
Anas crecca;bird;North America+Europe+Asia;North America 50|Europe 44|Asia 5;7823901;Aves/ACCEPTED
Anas diazi;bird;North America;North America 100;155473;Aves/ACCEPTED
Anas erythrorhyncha;bird;Africa;Africa 100;144918;Aves/ACCEPTED
Anas flavirostris;bird;South America;South America 100;234442;Aves/ACCEPTED
Anas fulvigula;bird;North America;North America 100;721854;Aves/ACCEPTED
Anas georgica;bird;South America;South America 98|Antarctica 2;196712;Aves/ACCEPTED
Anas gibberifrons;bird;Asia;Asia 95|Oceania 2;4757;Aves/ACCEPTED
Anas gracilis;bird;Oceania;Oceania 100;737969;Aves/ACCEPTED
Anas laysanensis;bird;Oceania+North America;Oceania 50|North America 46;5260;Aves/ACCEPTED
Anas luzonica;bird;Asia+Europe;Asia 73|Europe 5|North America 1;543;Aves/ACCEPTED
Anas melleri;bird;Africa;Africa 97;1710;Aves/ACCEPTED
Anas platyrhynchos;bird;North America+Europe;North America 71|Europe 27|Asia 1|Oceania 1;33400459;Aves/ACCEPTED
Anas poecilorhyncha;bird;Asia;Asia 94;397979;Aves/ACCEPTED
Anas rubripes;bird;North America;North America 100;3212285;Aves/ACCEPTED
Anas sparsa;bird;Africa;Africa 100;73398;Aves/ACCEPTED
Anas superciliosa;bird;Oceania;Oceania 100;1391451;Aves/ACCEPTED
Anas undulata;bird;Africa;Africa 100;307213;Aves/ACCEPTED
Anas wyvilliana;bird;Oceania+North America;Oceania 86|North America 10;11326;Aves/ACCEPTED
Anas zonorhyncha;bird;Asia;Asia 100;298904;Aves/ACCEPTED
Anastomus lamelligerus;bird;Africa;Africa 99;63033;Aves/ACCEPTED
Anastomus oscitans;bird;Asia;Asia 100;348943;Aves/ACCEPTED
Anaxipha exigua;insect;North America;North America 91;1545;Insecta/ACCEPTED
Anaxyrus americanus;amphibian;North America;North America 98;186837;Amphibia/ACCEPTED
Anaxyrus boreas;amphibian;North America;North America 97;54012;Amphibia/ACCEPTED
Anaxyrus canorus;amphibian;North America;North America 98;2089;Amphibia/ACCEPTED
Anaxyrus cognatus;amphibian;North America;North America 94;18636;Amphibia/ACCEPTED
Anaxyrus debilis;amphibian;North America;North America 97;9397;Amphibia/ACCEPTED
Anaxyrus fowleri;amphibian;North America;North America 96;47798;Amphibia/ACCEPTED
Anaxyrus hemiophrys;amphibian;North America;North America 88;4169;Amphibia/ACCEPTED
Anaxyrus houstonensis;amphibian;North America;North America 95;1081;Amphibia/ACCEPTED
Anaxyrus microscaphus;amphibian;North America;North America 89;5685;Amphibia/ACCEPTED
Anaxyrus punctatus;amphibian;North America;North America 96;23832;Amphibia/ACCEPTED
Anaxyrus quercicus;amphibian;North America;North America 92;7061;Amphibia/ACCEPTED
Anaxyrus speciosus;amphibian;North America;North America 96;8652;Amphibia/ACCEPTED
Anaxyrus terrestris;amphibian;North America;North America 97;36107;Amphibia/ACCEPTED
Anaxyrus woodhousii;amphibian;North America;North America 95;42420;Amphibia/ACCEPTED
Ancistrops strigilatus;bird;South America;South America 100;5350;Aves/ACCEPTED
Andigena cucullata;bird;South America;South America 99;741;Aves/ACCEPTED
Andigena hypoglauca;bird;South America;South America 100;15539;Aves/ACCEPTED
Andigena laminirostris;bird;South America;South America 99;15062;Aves/ACCEPTED
Andigena nigrirostris;bird;South America;South America 100;19411;Aves/ACCEPTED
Androdon aequatorialis;bird;South America+North America;South America 96|North America 4;6260;Aves/ACCEPTED
Andropadus importunus;bird;Africa;Africa 99;201529;Aves/ACCEPTED
Anhima cornuta;bird;South America;South America 100;39520;Aves/ACCEPTED
Anhinga anhinga;bird;North America+South America;North America 94|South America 6;1571095;Aves/ACCEPTED
Anhinga melanogaster;bird;Asia;Asia 98|Oceania 2;247201;Aves/ACCEPTED
Anhinga novaehollandiae;bird;Oceania;Oceania 100;393511;Aves/ACCEPTED
Anhinga rufa;bird;Africa;Africa 100;183375;Aves/ACCEPTED
Anisognathus igniventris;bird;South America;South America 100;71125;Aves/ACCEPTED
Anisognathus lacrymosus;bird;South America;South America 100;41179;Aves/ACCEPTED
Anisognathus notabilis;bird;South America;South America 100;15833;Aves/ACCEPTED
Anisognathus somptuosus;bird;South America;South America 100;85007;Aves/ACCEPTED
Anodorhynchus hyacinthinus;bird;South America;South America 99;19061;Aves/ACCEPTED
Anodorhynchus leari;bird;South America;South America 97|North America 1;1148;Aves/ACCEPTED
Anomalospiza imberbis;bird;Africa;Africa 99;5784;Aves/ACCEPTED
Anopetia gounellei;bird;South America;South America 100;1651;Aves/ACCEPTED
Anorrhinus austeni;bird;Asia;Asia 100;2046;Aves/ACCEPTED
Anorrhinus galeritus;bird;Asia;Asia 99;9938;Aves/ACCEPTED
Anorrhinus tickelli;bird;Asia;Asia 100;1631;Aves/ACCEPTED
Anous ceruleus;bird;Oceania;Oceania 61|North America 2;1722;Aves/ACCEPTED
Anous minutus;bird;Oceania+North America;Oceania 80|North America 4|South America 1|Africa 1|Asia 1;45007;Aves/ACCEPTED
Anous stolidus;bird;Global;Oceania 30|South America 24|North America 16|Asia 5|Africa 3;97799;Aves/ACCEPTED
Anous tenuirostris;bird;Africa+Asia+Oceania;Africa 44|Asia 26|Oceania 17;6087;Aves/ACCEPTED
Anser albifrons;bird;Europe+North America;Europe 49|North America 48|Asia 2;1740409;Aves/ACCEPTED
Anser anser;bird;Europe;Europe 97|North America 1|Asia 1;4948173;Aves/ACCEPTED
Anser brachyrhynchus;bird;Europe+North America;Europe 96|North America 3;453581;Aves/ACCEPTED
Anser caerulescens;bird;North America;North America 98|Europe 2;1453322;Aves/ACCEPTED
Anser canagicus;bird;North America;North America 95|Europe 3|Asia 2;69241;Aves/ACCEPTED
Anser cygnoides;bird;North America+Europe+Asia;North America 51|Europe 28|Asia 18|South America 1|Oceania 1;75810;Aves/ACCEPTED
Anser erythropus;bird;Europe+Asia;Europe 94|Asia 5;77104;Aves/ACCEPTED
Anser fabalis;bird;Europe+Asia;Europe 82|Asia 16;151319;Aves/ACCEPTED
Anser indicus;bird;Europe+Asia;Europe 62|Asia 38|North America 1;153359;Aves/ACCEPTED
Anser rossii;bird;North America+Europe;North America 96|Europe 4;226402;Aves/ACCEPTED
Anser serrirostris;bird;Europe+Asia;Europe 88|Asia 9|North America 3;159354;Aves/ACCEPTED
Anseranas semipalmata;bird;Oceania;Oceania 100;208671;Aves/ACCEPTED
Anthipes monileger;bird;Asia;Asia 100;5469;Aves/ACCEPTED
Anthipes solitaris;bird;Asia;Asia 100;5698;Aves/ACCEPTED
Anthobaphes violacea;bird;Africa;Africa 100;33983;Aves/ACCEPTED
Anthochaera carunculata;bird;Oceania;Oceania 100;1405576;Aves/ACCEPTED
Anthochaera chrysoptera;bird;Oceania;Oceania 100;450798;Aves/ACCEPTED
Anthochaera lunulata;bird;Oceania;Oceania 100;32617;Aves/ACCEPTED
Anthochaera paradoxa;bird;Oceania;Oceania 100;58772;Aves/ACCEPTED
Anthochaera phrygia;bird;Oceania;Oceania 99;14418;Aves/ACCEPTED
Anthornis melanura;bird;Oceania;Oceania 100;182874;Aves/ACCEPTED
Anthoscopus caroli;bird;Africa;Africa 100;10464;Aves/ACCEPTED
Anthoscopus flavifrons;bird;Africa;Africa 98;579;Aves/ACCEPTED
Anthoscopus minutus;bird;Africa;Africa 99;15234;Aves/ACCEPTED
Anthoscopus musculus;bird;Africa;Africa 100;2578;Aves/ACCEPTED
Anthoscopus parvulus;bird;Africa;Africa 100;1176;Aves/ACCEPTED
Anthoscopus punctifrons;bird;Africa;Africa 98;298;Aves/ACCEPTED
Anthracoceros albirostris;bird;Asia;Asia 100;84449;Aves/ACCEPTED
Anthracoceros coronatus;bird;Asia;Asia 99;30150;Aves/ACCEPTED
Anthracoceros malayanus;bird;Asia;Asia 99;16231;Aves/ACCEPTED
Anthracoceros marchei;bird;Asia;Asia 99;1775;Aves/ACCEPTED
Anthracothorax aurulentus;bird;North America;North America 100;20492;Aves/SYNONYM
Anthracothorax dominicus;bird;North America;North America 100;35587;Aves/ACCEPTED
Anthracothorax mango;bird;North America;North America 99;6824;Aves/ACCEPTED
Anthracothorax nigricollis;bird;South America+North America;South America 91|North America 9;154573;Aves/ACCEPTED
Anthracothorax prevostii;bird;North America;North America 99|South America 1;90510;Aves/ACCEPTED
Anthracothorax veraguensis;bird;North America;North America 100;3933;Aves/ACCEPTED
Anthracothorax viridigula;bird;South America;South America 94|North America 1;3121;Aves/ACCEPTED
Anthracothorax viridis;bird;North America;North America 100;11109;Aves/ACCEPTED
Anthreptes anchietae;bird;Africa;Africa 100;569;Aves/ACCEPTED
Anthreptes gabonicus;bird;Africa;Africa 100;2995;Aves/ACCEPTED
Anthreptes longuemarei;bird;Africa;Africa 98;3877;Aves/ACCEPTED
Anthreptes malacensis;bird;Asia;Asia 99;92136;Aves/ACCEPTED
Anthreptes orientalis;bird;Africa;Africa 100;10498;Aves/ACCEPTED
Anthreptes rectirostris;bird;Africa;Africa 99;5604;Aves/ACCEPTED
Anthreptes reichenowi;bird;Africa;Africa 99;2238;Aves/ACCEPTED
Anthreptes rhodolaemus;bird;Asia;Asia 99;4028;Aves/ACCEPTED
Anthreptes seimundi;bird;Africa;Africa 100;4986;Aves/ACCEPTED
Anthreptes simplex;bird;Asia;Asia 99;9033;Aves/ACCEPTED
Anthreptes tephrolaemus;bird;Africa;Africa 99;3745;Aves/SYNONYM
Anthropoides paradiseus;bird;Africa;Africa 100;80752;Aves/ACCEPTED
Anthropoides virgo;bird;Asia+Europe;Asia 72|Europe 25;28109;Aves/ACCEPTED
Anthus antarcticus;bird;Antarctica;Antarctica 97|South America 1;2969;Aves/ACCEPTED
Anthus australis;bird;Oceania;Oceania 100;139751;Aves/ACCEPTED
Anthus berthelotii;bird;Africa+Europe;Africa 61|Europe 38;46654;Aves/ACCEPTED
Anthus bogotensis;bird;South America;South America 100;7363;Aves/ACCEPTED
Anthus brachyurus;bird;Africa;Africa 98;734;Aves/ACCEPTED
Anthus brevirostris;bird;South America;South America 100;1623;Aves/ACCEPTED
Anthus caffer;bird;Africa;Africa 99;5772;Aves/ACCEPTED
Anthus campestris;bird;Europe+Asia;Europe 68|Asia 30|Africa 2;199607;Aves/ACCEPTED
Anthus cervinus;bird;Global;Europe 48|Asia 45|Africa 3|North America 3;180538;Aves/ACCEPTED
Anthus chacoensis;bird;South America;South America 100;589;Aves/ACCEPTED
Anthus chii;bird;South America;South America 99|North America 1;40457;Aves/ACCEPTED
Anthus cinnamomeus;bird;Africa;Africa 100;226287;Aves/ACCEPTED
Anthus correndera;bird;South America;South America 100;53321;Aves/ACCEPTED
Anthus crenatus;bird;Africa;Africa 100;6647;Aves/ACCEPTED
Anthus furcatus;bird;South America;South America 99;3786;Aves/ACCEPTED
Anthus godlewskii;bird;Asia+Europe;Asia 73|Europe 27;17840;Aves/ACCEPTED
Anthus gustavi;bird;Asia+Europe+North America;Asia 85|Europe 8|North America 4;6663;Aves/ACCEPTED
Anthus gutturalis;bird;Oceania+Asia;Oceania 89|Asia 4;626;Aves/ACCEPTED
Anthus hellmayri;bird;South America;South America 100;9346;Aves/ACCEPTED
Anthus hodgsoni;bird;Asia+Europe;Asia 92|Europe 7|North America 1;164795;Aves/ACCEPTED
Anthus hoeschi;bird;Africa;Africa 100;1243;Aves/ACCEPTED
Anthus japonicus;bird;;;;labels
Anthus leucophrys;bird;Africa;Africa 100;39030;Aves/ACCEPTED
Anthus lineiventris;bird;Africa;Africa 100;9973;Aves/ACCEPTED
Anthus lutescens;bird;South America+North America;South America 91|North America 6;1264;Aves/ACCEPTED
Anthus melindae;bird;Africa;Africa 100;1159;Aves/ACCEPTED
Anthus nattereri;bird;South America;South America 100;1234;Aves/ACCEPTED
Anthus nicholsoni;bird;Africa;Africa 98|Asia 2;4271;Aves/ACCEPTED
Anthus nilghiriensis;bird;Asia;Asia 100;2291;Aves/ACCEPTED
Anthus novaeseelandiae;bird;Oceania;Oceania 98;209901;Aves/ACCEPTED
Anthus nyassae;bird;Africa;Africa 100;1473;Aves/ACCEPTED
Anthus pallidiventris;bird;Africa;Africa 99;1536;Aves/ACCEPTED
Anthus peruvianus;bird;South America;South America 100;5833;Aves/ACCEPTED
Anthus petrosus;bird;Europe;Europe 100;576046;Aves/ACCEPTED
Anthus pratensis;bird;Europe;Europe 98|Asia 1;3412059;Aves/ACCEPTED
Anthus richardi;bird;Asia+Europe;Asia 66|Europe 34;90627;Aves/ACCEPTED
Anthus roseatus;bird;Asia;Asia 100;23271;Aves/ACCEPTED
Anthus rubescens;bird;North America;North America 100;1309385;Aves/ACCEPTED
Anthus rufulus;bird;Asia;Asia 100;289015;Aves/ACCEPTED
Anthus similis;bird;Asia+Africa;Asia 71|Africa 28;26438;Aves/ACCEPTED
Anthus spinoletta;bird;Europe+Asia;Europe 85|Asia 14;426998;Aves/ACCEPTED
Anthus spragueii;bird;North America;North America 100;43838;Aves/ACCEPTED
Anthus sylvanus;bird;Asia;Asia 100;3549;Aves/ACCEPTED
Anthus trivialis;bird;Europe+Asia;Europe 94|Asia 5|Africa 1;1631133;Aves/ACCEPTED
Anthus vaalensis;bird;Africa;Africa 99;12550;Aves/ACCEPTED
Antigone antigone;bird;Asia+Oceania;Asia 81|Oceania 18;34950;Aves/SYNONYM
Antigone canadensis;bird;North America;North America 100;2495990;Aves/SYNONYM
Antigone rubicunda;bird;Oceania;Oceania 100;117433;Aves/SYNONYM
Antigone vipio;bird;Asia;Asia 94|North America 2|Europe 1;10264;Aves/SYNONYM
Antilophia bokermanni;bird;South America;South America 58;84;Aves/ACCEPTED
Antilophia galeata;bird;South America;South America 92;934;Aves/ACCEPTED
Antiurus maculicaudus;bird;South America+North America;South America 76|North America 22;527;Aves/ACCEPTED/via Hydropsalis maculicaudus
Antrostomus arizonae;bird;North America;North America 100;30158;Aves/ACCEPTED
Antrostomus badius;bird;North America;North America 100;3107;Aves/ACCEPTED
Antrostomus carolinensis;bird;North America;North America 100;151198;Aves/ACCEPTED
Antrostomus cubanensis;bird;North America;North America 100;2364;Aves/ACCEPTED
Antrostomus noctitherus;bird;North America;North America 100;2493;Aves/ACCEPTED
Antrostomus ridgwayi;bird;North America;North America 100;7579;Aves/ACCEPTED
Antrostomus rufus;bird;South America+North America;South America 87|North America 13;10527;Aves/ACCEPTED
Antrostomus salvini;bird;North America;North America 99;648;Aves/ACCEPTED
Antrostomus saturatus;bird;North America;North America 100;5238;Aves/ACCEPTED
Antrostomus sericocaudatus;bird;South America;South America 99|North America 1;1633;Aves/ACCEPTED
Antrostomus vociferus;bird;North America;North America 100;174541;Aves/ACCEPTED
Anumara forbesi;bird;South America;South America 99;357;Aves/SYNONYM
Anumbius annumbi;bird;South America;South America 100;39614;Aves/ACCEPTED
Anurolimnas castaneiceps;bird;South America;South America 100;2653;Aves/ACCEPTED
Anurolimnas fasciatus;bird;South America;South America 95|Africa 1;97;Aves/ACCEPTED
Anurolimnas viridis;bird;South America;South America 100;12875;Aves/ACCEPTED
Aotus azarae;mammal;South America;South America 85;537;Mammalia/ACCEPTED
Apalharpactes mackloti;bird;Asia;Asia 96;1149;Aves/ACCEPTED
Apalharpactes reinwardtii;bird;Asia;Asia 88;793;Aves/ACCEPTED
Apalis alticola;bird;Africa;Africa 99;1502;Aves/ACCEPTED
Apalis binotata;bird;Africa;Africa 99;1358;Aves/ACCEPTED
Apalis chapini;bird;Africa;Africa 100;497;Aves/ACCEPTED
Apalis chariessa;bird;Africa;Africa 99;317;Aves/ACCEPTED
Apalis chirindensis;bird;Africa;Africa 99;1147;Aves/ACCEPTED
Apalis cinerea;bird;Africa;Africa 100;8572;Aves/ACCEPTED
Apalis flavida;bird;Africa;Africa 100;99436;Aves/ACCEPTED
Apalis jacksoni;bird;Africa;Africa 100;6536;Aves/ACCEPTED
Apalis karamojae;bird;Africa;Africa 100;292;Aves/ACCEPTED
Apalis melanocephala;bird;Africa;Africa 100;5563;Aves/ACCEPTED
Apalis nigriceps;bird;Africa;Africa 99;1646;Aves/ACCEPTED
Apalis personata;bird;Africa;Africa 100;4652;Aves/ACCEPTED
Apalis porphyrolaema;bird;Africa;Africa 100;6556;Aves/ACCEPTED
Apalis ruddi;bird;Africa;Africa 99;9648;Aves/ACCEPTED
Apalis rufogularis;bird;Africa;Africa 100;7713;Aves/ACCEPTED
Apalis sharpii;bird;Africa;Africa 100;2907;Aves/ACCEPTED
Apalis stronachi;bird;;;;labels
Apalis thoracica;bird;Africa;Africa 100;151154;Aves/ACCEPTED
Apaloderma aequatoriale;bird;Africa;Africa 96;534;Aves/ACCEPTED
Apaloderma narina;bird;Africa;Africa 99;29219;Aves/ACCEPTED
Apaloderma vittatum;bird;Africa;Africa 100;4266;Aves/ACCEPTED
Aphanotriccus audax;bird;South America+North America;South America 82|North America 18;1321;Aves/ACCEPTED
Aphanotriccus capitalis;bird;North America;North America 100;5740;Aves/ACCEPTED
Aphantochroa cirrochloris;bird;South America;South America 100;22000;Aves/SYNONYM
Aphelocephala leucopsis;bird;Oceania;Oceania 100;80267;Aves/ACCEPTED
Aphelocephala nigricincta;bird;Oceania;Oceania 99;4368;Aves/ACCEPTED
Aphelocephala pectoralis;bird;Oceania;Oceania 100;973;Aves/ACCEPTED
Aphelocoma californica;bird;North America;North America 100;2927846;Aves/ACCEPTED
Aphelocoma coerulescens;bird;North America;North America 100;81149;Aves/ACCEPTED
Aphelocoma insularis;bird;North America;North America 98;9292;Aves/ACCEPTED
Aphelocoma ultramarina;bird;North America;North America 98;8073;Aves/ACCEPTED
Aphelocoma unicolor;bird;North America;North America 99;9253;Aves/ACCEPTED
Aphelocoma wollweberi;bird;North America;North America 100;266379;Aves/ACCEPTED
Aphelocoma woodhouseii;bird;North America;North America 100;629767;Aves/ACCEPTED
Aphrastura spinicauda;bird;South America;South America 100;74782;Aves/ACCEPTED
Apis cerana;insect;Asia;Asia 90|Oceania 1;30330;Insecta/ACCEPTED
Apis mellifera;insect;Global;Europe 56|North America 33|South America 4|Oceania 3|Africa 2|Asia 2;1310119;Insecta/ACCEPTED
Aplonis atrifusca;bird;Oceania;Oceania 99;2121;Aves/ACCEPTED
Aplonis cantoroides;bird;Oceania;Oceania 95|Asia 1;5430;Aves/ACCEPTED
Aplonis grandis;bird;Oceania;Oceania 78;975;Aves/ACCEPTED
Aplonis magna;bird;Oceania;Oceania 96|Asia 1;797;Aves/ACCEPTED
Aplonis metallica;bird;Oceania+Asia;Oceania 92|Asia 7;57471;Aves/ACCEPTED
Aplonis minor;bird;Asia;Asia 97;5247;Aves/ACCEPTED
Aplonis mysolensis;bird;Asia+Oceania;Asia 76|Oceania 15;2283;Aves/ACCEPTED
Aplonis opaca;bird;Oceania;Oceania 97;14124;Aves/ACCEPTED
Aplonis panayensis;bird;Asia;Asia 100;146112;Aves/ACCEPTED
Aplonis striata;bird;Oceania;Oceania 99;1720;Aves/ACCEPTED
Aplonis tabuensis;bird;Oceania;Oceania 98;2602;Aves/ACCEPTED
Aplopelia larvata;bird;Africa;Africa 99;16734;Aves/SYNONYM
Aprositornis disjuncta;bird;South America;South America 100;584;Aves/SYNONYM
Aprosmictus erythropterus;bird;Oceania;Oceania 100;122263;Aves/ACCEPTED
Aptenodytes forsteri;bird;Antarctica+Ocean;Antarctica 3;132382;Aves/ACCEPTED
Aptenodytes patagonicus;bird;Antarctica+Ocean;Antarctica 7|South America 2|Oceania 1|Africa 1;203931;Aves/ACCEPTED
Apteryx australis;bird;Oceania;Oceania 94;4065;Aves/ACCEPTED
Apteryx mantelli;bird;Oceania;Oceania 99;3437;Aves/ACCEPTED
Apteryx maxima;bird;;;;labels
Apteryx owenii;bird;Oceania;Oceania 95;2285;Aves/ACCEPTED
Apus affinis;bird;Africa+Asia;Africa 53|Asia 46|Europe 1;537433;Aves/ACCEPTED
Apus apus;bird;Europe+Asia;Europe 95|Asia 4|Africa 1;3115062;Aves/ACCEPTED
Apus balstoni;bird;Africa;Africa 100;3247;Aves/ACCEPTED
Apus barbatus;bird;Africa;Africa 100;54978;Aves/ACCEPTED
Apus berliozi;bird;Asia+Africa;Asia 83|Africa 13;845;Aves/ACCEPTED
Apus bradfieldi;bird;Africa;Africa 100;5507;Aves/ACCEPTED
Apus caffer;bird;Africa+Europe;Africa 96|Europe 3;202659;Aves/ACCEPTED
Apus cooki;bird;Asia;Asia 100;7229;Aves/ACCEPTED
Apus horus;bird;Africa;Africa 100;17062;Aves/ACCEPTED
Apus melba;bird;Europe+Africa+Asia;Europe 58|Africa 21|Asia 21;272758;Aves/SYNONYM
Apus niansae;bird;Africa;Africa 100;6145;Aves/ACCEPTED
Apus nipalensis;bird;Asia;Asia 100;265507;Aves/ACCEPTED
Apus pacificus;bird;Asia+Oceania;Asia 68|Oceania 30|Europe 1;64315;Aves/ACCEPTED
Apus pallidus;bird;Europe+Asia+Africa;Europe 74|Asia 19|Africa 7;221090;Aves/ACCEPTED
Apus salimalii;bird;Asia;Asia 100;1557;Aves/ACCEPTED
Apus unicolor;bird;Africa+Europe;Africa 73|Europe 26;26023;Aves/ACCEPTED
Aquila adalberti;bird;Europe;Europe 99;42679;Aves/ACCEPTED
Aquila africana;bird;Africa;Africa 100;1996;Aves/ACCEPTED
Aquila audax;bird;Oceania;Oceania 100;342959;Aves/ACCEPTED
Aquila chrysaetos;bird;North America+Europe;North America 53|Europe 43|Asia 3;919566;Aves/ACCEPTED
Aquila fasciata;bird;Europe+Asia;Europe 66|Asia 28|Africa 2;115546;Aves/ACCEPTED
Aquila heliaca;bird;Asia+Europe;Asia 60|Europe 38|Africa 1;61248;Aves/ACCEPTED
Aquila nipalensis;bird;Asia+Europe+Africa;Asia 73|Europe 16|Africa 11;102914;Aves/ACCEPTED
Aquila rapax;bird;Africa+Asia;Africa 90|Asia 10;99019;Aves/ACCEPTED
Aquila verreauxii;bird;Africa;Africa 98|Asia 2;41712;Aves/ACCEPTED
Ara ambiguus;bird;North America+South America;North America 83|South America 6;1766;Aves/ACCEPTED
Ara ararauna;bird;South America+North America;South America 93|North America 7;125609;Aves/ACCEPTED
Ara chloropterus;bird;South America;South America 97|North America 2;47867;Aves/ACCEPTED
Ara glaucogularis;bird;South America;South America 76|Europe 3|North America 1|Oceania 1;140;Aves/ACCEPTED
Ara macao;bird;North America+South America;North America 67|South America 32;154540;Aves/ACCEPTED
Ara militaris;bird;South America+North America;South America 72|North America 27;23678;Aves/ACCEPTED
Ara severus;bird;South America+North America;South America 96|North America 3;139260;Aves/ACCEPTED
Arachnothera affinis;bird;Asia;Asia 90|Africa 1;894;Aves/ACCEPTED
Arachnothera chrysogenys;bird;Asia;Asia 99;5069;Aves/ACCEPTED
Arachnothera clarae;bird;Asia;Asia 99;1212;Aves/ACCEPTED
Arachnothera crassirostris;bird;Asia;Asia 100;2793;Aves/ACCEPTED
Arachnothera dilutior;bird;Asia;Asia 99;2013;Aves/ACCEPTED
Arachnothera everetti;bird;Asia;Asia 99;3101;Aves/ACCEPTED
Arachnothera flammifera;bird;Asia;Asia 99;1292;Aves/ACCEPTED
Arachnothera flavigaster;bird;Asia;Asia 99;6446;Aves/ACCEPTED
Arachnothera juliae;bird;Asia;Asia 100;1489;Aves/ACCEPTED
Arachnothera longirostra;bird;Asia;Asia 99;69706;Aves/ACCEPTED
Arachnothera magna;bird;Asia;Asia 100;47371;Aves/ACCEPTED
Arachnothera modesta;bird;Asia;Asia 100;8240;Aves/ACCEPTED
Arachnothera robusta;bird;Asia;Asia 99;3632;Aves/ACCEPTED
Aramides albiventris;bird;North America;North America 100;65891;Aves/ACCEPTED
Aramides axillaris;bird;North America+South America;North America 82|South America 17;6817;Aves/ACCEPTED
Aramides cajaneus;bird;South America+North America;South America 73|North America 27;213558;Aves/ACCEPTED
Aramides mangle;bird;South America;South America 99;1375;Aves/ACCEPTED
Aramides saracura;bird;South America;South America 100;69474;Aves/ACCEPTED
Aramides wolfi;bird;South America;South America 100;1020;Aves/ACCEPTED
Aramides ypecaha;bird;South America;South America 100;69579;Aves/ACCEPTED
Aramus guarauna;bird;North America+South America;North America 74|South America 26;573088;Aves/ACCEPTED
Aratinga auricapillus;bird;South America;South America 100;14493;Aves/ACCEPTED
Aratinga jandaya;bird;South America;South America 97|North America 1;4872;Aves/ACCEPTED
Aratinga nenday;bird;North America+South America;North America 75|South America 24;141198;Aves/SYNONYM
Aratinga weddellii;bird;South America;South America 100;40563;Aves/ACCEPTED
Arborophila ardens;bird;Asia;Asia 97;585;Aves/ACCEPTED
Arborophila atrogularis;bird;Asia;Asia 99;2365;Aves/ACCEPTED
Arborophila brunneopectus;bird;Asia;Asia 99;3558;Aves/ACCEPTED
Arborophila campbelli;bird;Asia;Asia 100;1730;Aves/ACCEPTED
Arborophila chloropus;bird;Asia;Asia 100;8913;Aves/SYNONYM
Arborophila crudigularis;bird;Asia;Asia 100;29203;Aves/ACCEPTED
Arborophila gingica;bird;Asia;Asia 97|Europe 1;970;Aves/ACCEPTED
Arborophila hyperythra;bird;Asia;Asia 100;3346;Aves/ACCEPTED
Arborophila javanica;bird;Asia;Asia 84;1481;Aves/ACCEPTED
Arborophila mandellii;bird;Asia;Asia 100;1813;Aves/ACCEPTED
Arborophila orientalis;bird;Asia;Asia 93;447;Aves/ACCEPTED
Arborophila rubrirostris;bird;Asia;Asia 93;620;Aves/ACCEPTED
Arborophila rufogularis;bird;Asia;Asia 100;10381;Aves/ACCEPTED
Arborophila torqueola;bird;Asia;Asia 100;20978;Aves/ACCEPTED
Arcanator orostruthus;bird;Africa;Africa 97;157;Aves/ACCEPTED
Archboldia papuensis;bird;Oceania;Oceania 95|Asia 1;399;Aves/ACCEPTED
Archilochus alexandri;bird;North America;North America 100;1082175;Aves/ACCEPTED
Archilochus colubris;bird;North America;North America 100;4613200;Aves/ACCEPTED
Arctocephalus gazella;mammal;Antarctica+Ocean;Antarctica 10|Oceania 2;239812;Mammalia/ACCEPTED
Arctocephalus pusillus;mammal;Oceania+Africa;Oceania 41|Africa 24;26682;Mammalia/ACCEPTED
Arcyptera fusca;insect;Europe;Europe 99|Asia 1;21375;Insecta/ACCEPTED
Ardea alba;bird;Global;North America 63|Europe 21|Asia 7|South America 5|Oceania 4|Africa 1;13029598;Aves/ACCEPTED
Ardea cinerea;bird;Europe+Asia+Africa;Europe 81|Asia 14|Africa 5;7920714;Aves/ACCEPTED
Ardea cocoi;bird;South America;South America 97|North America 3;299232;Aves/ACCEPTED
Ardea coromanda;bird;;;;labels
Ardea goliath;bird;Africa;Africa 99;83793;Aves/ACCEPTED
Ardea herodias;bird;North America;North America 100;14223527;Aves/ACCEPTED
Ardea ibis;bird;Global;North America 46|Europe 19|Africa 13|South America 12|Oceania 5|Asia 4;3713562;Aves/SYNONYM
Ardea intermedia;bird;Asia+Oceania+Africa;Asia 68|Oceania 23|Africa 9;837643;Aves/SYNONYM
Ardea melanocephala;bird;Africa;Africa 100;335030;Aves/ACCEPTED
Ardea pacifica;bird;Oceania;Oceania 100;235468;Aves/ACCEPTED
Ardea purpurea;bird;Asia+Europe+Africa;Asia 52|Europe 36|Africa 12;866867;Aves/ACCEPTED
Ardea sumatrana;bird;Oceania+Asia;Oceania 56|Asia 44;12500;Aves/ACCEPTED
Ardenna bulleri;bird;Oceania+North America+Ocean;Oceania 10|North America 9;63280;Aves/SYNONYM
Ardenna carneipes;bird;Oceania+Ocean;Oceania 46|Asia 2|North America 2;54431;Aves/SYNONYM
Ardenna creatopus;bird;North America+South America+Ocean;North America 14|South America 6;190330;Aves/SYNONYM
Ardenna gravis;bird;North America+Europe+Ocean;North America 18|Europe 5|South America 1|Africa 1;172695;Aves/SYNONYM
Ardenna grisea;bird;Global+Ocean;North America 21|Europe 9|South America 4|Oceania 4|Africa 1;436143;Aves/SYNONYM
Ardenna pacifica;bird;Oceania;Oceania 68|Africa 1|North America 1|Asia 1;169232;Aves/SYNONYM
Ardenna tenuirostris;bird;Oceania+North America;Oceania 37|North America 13|Asia 1;125473;Aves/SYNONYM
Ardeola bacchus;bird;Asia;Asia 100;159136;Aves/ACCEPTED
Ardeola grayii;bird;Asia;Asia 100;944628;Aves/ACCEPTED
Ardeola ralloides;bird;Europe+Africa+Asia;Europe 39|Africa 38|Asia 22;285556;Aves/ACCEPTED
Ardeola rufiventris;bird;Africa;Africa 100;9067;Aves/ACCEPTED
Ardeola speciosa;bird;Asia;Asia 99;39082;Aves/ACCEPTED
Ardeotis kori;bird;Africa;Africa 100;52662;Aves/ACCEPTED
Arenaria interpres;bird;Global;North America 48|Europe 37|Oceania 5|Asia 4|South America 3|Africa 2;2220511;Aves/ACCEPTED
Arenaria melanocephala;bird;North America;North America 100;322645;Aves/ACCEPTED
Argusianus argus;bird;Asia;Asia 95;10159;Aves/ACCEPTED
Argya affinis;bird;Asia;Asia 100;355294;Aves/SYNONYM
Argya altirostris;bird;Asia;Asia 99;1627;Aves/SYNONYM
Argya aylmeri;bird;Africa;Africa 100;1206;Aves/SYNONYM
Argya caudata;bird;Asia;Asia 100;81852;Aves/SYNONYM
Argya cinereifrons;bird;Asia;Asia 100;2437;Aves/SYNONYM
Argya earlei;bird;Asia;Asia 100;16974;Aves/SYNONYM
Argya fulva;bird;Africa;Africa 98|Asia 1;4213;Aves/SYNONYM
Argya gularis;bird;Asia;Asia 100;1498;Aves/SYNONYM
Argya huttoni;bird;Asia;Asia 100;2543;Aves/SYNONYM
Argya longirostris;bird;Asia;Asia 100;1216;Aves/ACCEPTED
Argya malcolmi;bird;Asia;Asia 100;142520;Aves/SYNONYM
Argya rubiginosa;bird;Africa;Africa 100;10700;Aves/SYNONYM
Argya rufescens;bird;Asia;Asia 100;5726;Aves/SYNONYM
Argya squamiceps;bird;Asia;Asia 100;27430;Aves/SYNONYM
Argya striata;bird;Asia;Asia 100;493759;Aves/SYNONYM
Argya subrufa;bird;Asia;Asia 100;27927;Aves/SYNONYM
Arizelocichla chlorigula;bird;Africa;Africa 99;254;Aves/ACCEPTED
Arizelocichla fusciceps;bird;Africa;Africa 98;546;Aves/ACCEPTED
Arizelocichla kikuyuensis;bird;Africa;Africa 100;5622;Aves/ACCEPTED
Arizelocichla masukuensis;bird;Africa;Africa 100;3776;Aves/ACCEPTED
Arizelocichla milanjensis;bird;Africa;Africa 98;2442;Aves/ACCEPTED
Arizelocichla montana;bird;Africa;Africa 100;308;Aves/ACCEPTED
Arizelocichla nigriceps;bird;Africa;Africa 100;3170;Aves/ACCEPTED
Arizelocichla tephrolaema;bird;Africa;Africa 99;1202;Aves/ACCEPTED
Arizelopsar femoralis;bird;Africa;Africa 99;625;Aves/SYNONYM
Arremon abeillei;bird;South America;South America 100;6169;Aves/ACCEPTED
Arremon assimilis;bird;South America;South America 100;33100;Aves/ACCEPTED
Arremon atricapillus;bird;South America;South America 99|North America 1;7395;Aves/ACCEPTED
Arremon aurantiirostris;bird;North America+South America;North America 75|South America 25;147511;Aves/ACCEPTED
Arremon basilicus;bird;South America;South America 100;6831;Aves/ACCEPTED
Arremon brunneinucha;bird;South America+North America;South America 51|North America 48;128086;Aves/ACCEPTED
Arremon castaneiceps;bird;South America;South America 99|North America 1;6078;Aves/ACCEPTED
Arremon costaricensis;bird;North America;North America 100;3994;Aves/ACCEPTED
Arremon crassirostris;bird;North America;North America 100;9004;Aves/ACCEPTED
Arremon dorbignii;bird;South America;South America 100;10401;Aves/ACCEPTED
Arremon flavirostris;bird;South America;South America 100;17530;Aves/ACCEPTED
Arremon franciscanus;bird;South America;South America 99;909;Aves/ACCEPTED
Arremon nigriceps;bird;South America;South America 100;539;Aves/SYNONYM
Arremon perijanus;bird;South America;South America 100;923;Aves/ACCEPTED
Arremon schlegeli;bird;South America;South America 100;7888;Aves/ACCEPTED
Arremon semitorquatus;bird;South America;South America 100;5103;Aves/ACCEPTED
Arremon taciturnus;bird;South America;South America 99;26829;Aves/ACCEPTED
Arremon torquatus;bird;South America+North America;South America 94|North America 6;4546;Aves/ACCEPTED
Arremon virenticeps;bird;North America;North America 100;8157;Aves/ACCEPTED
Arremonops chloronotus;bird;North America;North America 100;53790;Aves/ACCEPTED
Arremonops conirostris;bird;North America+South America;North America 76|South America 24;142166;Aves/ACCEPTED
Arremonops rufivirgatus;bird;North America;North America 100;189881;Aves/ACCEPTED
Arremonops tocuyensis;bird;South America;South America 100;2856;Aves/ACCEPTED
Arses insularis;bird;Oceania+Asia;Oceania 93|Asia 5;1149;Aves/ACCEPTED
Arses kaupi;bird;Oceania;Oceania 100;9588;Aves/ACCEPTED
Arses lorealis;bird;Oceania;Oceania 100;2722;Aves/ACCEPTED
Arses telescopthalmus;bird;Oceania;Oceania 93|Asia 2;5067;Aves/ACCEPTED
Artamella viridis;bird;Africa;Africa 100;3632;Aves/ACCEPTED
Artamus cinereus;bird;Oceania;Oceania 100;149954;Aves/ACCEPTED
Artamus cyanopterus;bird;Oceania;Oceania 100;235334;Aves/ACCEPTED
Artamus fuscus;bird;Asia;Asia 100;177383;Aves/ACCEPTED
Artamus leucorynchus;bird;Oceania+Asia;Oceania 81|Asia 19;221798;Aves/ACCEPTED
Artamus maximus;bird;Oceania;Oceania 94|Asia 2;2286;Aves/ACCEPTED
Artamus mentalis;bird;Oceania;Oceania 100;3184;Aves/ACCEPTED
Artamus minor;bird;Oceania;Oceania 100;28825;Aves/ACCEPTED
Artamus monachus;bird;Asia;Asia 93;1156;Aves/ACCEPTED
Artamus personatus;bird;Oceania;Oceania 100;65898;Aves/ACCEPTED
Artamus superciliosus;bird;Oceania;Oceania 100;80822;Aves/ACCEPTED
Artemisiospiza belli;bird;North America;North America 100;65399;Aves/ACCEPTED
Artemisiospiza nevadensis;bird;North America;North America 100;55965;Aves/ACCEPTED
Arthroleptella villiersi;amphibian;Africa;Africa 97;322;Amphibia/ACCEPTED
Arthroleptis stenodactylus;amphibian;Africa;Africa 96;2539;Amphibia/ACCEPTED
Arthroleptis wahlbergii;amphibian;Africa;Africa 99;844;Amphibia/ACCEPTED
Artisornis metopias;bird;Africa;Africa 95;818;Aves/ACCEPTED
Artisornis moreaui;bird;Africa;Africa 99;348;Aves/ACCEPTED
Artomyias fuliginosa;bird;;;;labels
Artomyias ussheri;bird;;;;labels
Arundinax aedon;bird;Asia;Asia 99;24406;Aves/SYNONYM
Arundinicola leucocephala;bird;South America;South America 99;53307;Aves/ACCEPTED
Arunta perulata;insect;Oceania;Oceania 98;973;Insecta/ACCEPTED
Asarcornis scutulata;bird;Asia;Asia 93|Europe 1|North America 1;1702;Aves/ACCEPTED
Asemospiza fuliginosa;bird;South America;South America 100;8740;Aves/ACCEPTED
Asemospiza obscura;bird;South America;South America 100;23988;Aves/ACCEPTED
Asio capensis;bird;Africa;Africa 99;9534;Aves/ACCEPTED
Asio clamator;bird;South America+North America;South America 67|North America 33;21466;Aves/SYNONYM
Asio flammeus;bird;Europe+North America;Europe 51|North America 41|South America 3|Oceania 2|Asia 2;530027;Aves/ACCEPTED
Asio grammicus;bird;North America;North America 100;2146;Aves/SYNONYM
Asio madagascariensis;bird;Africa;Africa 100;1220;Aves/ACCEPTED
Asio otus;bird;Europe+North America;Europe 91|North America 6|Asia 3;466016;Aves/ACCEPTED
Asio stygius;bird;South America+North America;South America 61|North America 39;13266;Aves/ACCEPTED
Aspatha gularis;bird;North America;North America 99;19072;Aves/ACCEPTED
Assa darlingtoni;amphibian;Oceania;Oceania 100;2434;Amphibia/ACCEPTED
Asthenes anthoides;bird;South America;South America 100;6703;Aves/ACCEPTED
Asthenes arequipae;bird;South America;South America 100;191;Aves/SYNONYM
Asthenes baeri;bird;South America;South America 100;14439;Aves/ACCEPTED
Asthenes coryi;bird;South America;South America 98;525;Aves/SYNONYM
Asthenes dorbignyi;bird;South America;South America 100;12009;Aves/ACCEPTED
Asthenes flammulata;bird;South America;South America 100;15316;Aves/ACCEPTED
Asthenes fuliginosa;bird;South America;South America 100;10005;Aves/SYNONYM
Asthenes griseomurina;bird;South America;South America 100;2087;Aves/SYNONYM
Asthenes harterti;bird;South America;South America 100;1335;Aves/SYNONYM
Asthenes helleri;bird;South America;South America 100;2143;Aves/SYNONYM
Asthenes heterura;bird;South America;South America 100;822;Aves/ACCEPTED
Asthenes huancavelicae;bird;South America;South America 100;67;Aves/ACCEPTED
Asthenes hudsoni;bird;South America;South America 100;1166;Aves/ACCEPTED
Asthenes humilis;bird;South America;South America 100;4697;Aves/ACCEPTED
Asthenes luizae;bird;South America;South America 100;653;Aves/ACCEPTED
Asthenes maculicauda;bird;South America;South America 100;1031;Aves/ACCEPTED
Asthenes modesta;bird;South America;South America 100;19042;Aves/ACCEPTED
Asthenes moreirae;bird;South America;South America 99;2152;Aves/SYNONYM
Asthenes ottonis;bird;South America;South America 100;7100;Aves/ACCEPTED
Asthenes palpebralis;bird;South America;South America 100;512;Aves/SYNONYM
Asthenes perijana;bird;South America;South America 100;861;Aves/ACCEPTED
Asthenes pudibunda;bird;South America;South America 100;3195;Aves/ACCEPTED
Asthenes pyrrholeuca;bird;South America;South America 100;20600;Aves/ACCEPTED
Asthenes sclateri;bird;South America;South America 86|North America 1;168;Aves/ACCEPTED
Asthenes urubambensis;bird;South America;South America 100;1557;Aves/ACCEPTED
Asthenes virgata;bird;South America;South America 100;1871;Aves/ACCEPTED
Asthenes wyatti;bird;South America;South America 100;7061;Aves/ACCEPTED
Astrapia mayeri;bird;Oceania;Oceania 97|Asia 2;2243;Aves/ACCEPTED
Astrapia splendidissima;bird;Oceania+Asia;Oceania 58|Asia 20|Africa 1;710;Aves/ACCEPTED
Astrapia stephaniae;bird;Oceania;Oceania 95|Asia 2;2025;Aves/ACCEPTED
Astur atricapillus;bird;North America;North America 100;129779;Aves/SYNONYM
Astur bicolor;bird;South America+North America;South America 79|North America 14;1194;Aves/ACCEPTED/via Accipiter bicolor
Astur chilensis;bird;;;;labels
Astur cooperii;bird;North America;North America 97;98397;Aves/ACCEPTED/via Accipiter cooperii
Astur gentilis;bird;;;;labels
Astur gundlachi;bird;;;;labels
Astur henstii;bird;;;;labels
Astur melanoleucus;bird;;;;labels
Atalotriccus pilaris;bird;South America+North America;South America 85|North America 15;24665;Aves/ACCEPTED
Ateles belzebuth;mammal;South America;South America 83|Europe 1;828;Mammalia/ACCEPTED
Ateles chamek;mammal;South America;South America 99;669;Mammalia/ACCEPTED
Ateles geoffroyi;mammal;North America;North America 94;11634;Mammalia/ACCEPTED
Ateles paniscus;mammal;South America;South America 92|Europe 1;3096;Mammalia/ACCEPTED
Atelornis crossleyi;bird;Africa;Africa 100;1243;Aves/ACCEPTED
Atelornis pittoides;bird;Africa;Africa 99;2905;Aves/ACCEPTED
Athene blewitti;bird;Asia;Asia 100;1233;Aves/SYNONYM
Athene brama;bird;Asia;Asia 100;212400;Aves/ACCEPTED
Athene cunicularia;bird;North America+South America;North America 57|South America 43;423006;Aves/ACCEPTED
Athene noctua;bird;Europe+Asia;Europe 91|Asia 6|Africa 1|Oceania 1;662333;Aves/ACCEPTED
Athene superciliaris;bird;Africa;Africa 100;1929;Aves/SYNONYM
Atimastillas flavicollis;bird;Africa;Africa 100;13481;Aves/ACCEPTED
Atimastillas flavigula;bird;Africa;Africa 100;8959;Aves/SYNONYM
Atlanticus testaceus;insect;North America;North America 87;421;Insecta/ACCEPTED
Atlapetes albiceps;bird;South America;South America 100;1946;Aves/ACCEPTED
Atlapetes albinucha;bird;North America+South America;North America 57|South America 43;92950;Aves/ACCEPTED
Atlapetes albofrenatus;bird;South America;South America 100;7170;Aves/ACCEPTED
Atlapetes canigenis;bird;South America;South America 100;1853;Aves/ACCEPTED
Atlapetes citrinellus;bird;South America;South America 99;1982;Aves/ACCEPTED
Atlapetes crassus;bird;South America;South America 100;29463;Aves/ACCEPTED
Atlapetes flaviceps;bird;South America;South America 100;5075;Aves/ACCEPTED
Atlapetes fulviceps;bird;South America;South America 100;3904;Aves/ACCEPTED
Atlapetes fuscoolivaceus;bird;South America;South America 100;2984;Aves/ACCEPTED
Atlapetes latinuchus;bird;South America;South America 100;39174;Aves/ACCEPTED
Atlapetes leucopis;bird;South America;South America 100;1033;Aves/ACCEPTED
Atlapetes leucopterus;bird;South America;South America 100;11915;Aves/ACCEPTED
Atlapetes melanocephalus;bird;South America;South America 100;17667;Aves/ACCEPTED
Atlapetes melanolaemus;bird;South America;South America 100;5479;Aves/ACCEPTED
Atlapetes nationi;bird;South America;South America 100;3203;Aves/ACCEPTED
Atlapetes pallidiceps;bird;South America;South America 99;628;Aves/ACCEPTED
Atlapetes pallidinucha;bird;South America;South America 100;30727;Aves/ACCEPTED
Atlapetes personatus;bird;South America;South America 87;1322;Aves/ACCEPTED
Atlapetes pileatus;bird;North America;North America 99;17988;Aves/ACCEPTED
Atlapetes rufigenis;bird;South America;South America 100;1247;Aves/ACCEPTED
Atlapetes rufinucha;bird;South America;South America 99;4498;Aves/ACCEPTED
Atlapetes schistaceus;bird;South America;South America 100;41069;Aves/ACCEPTED
Atlapetes seebohmi;bird;South America;South America 100;1580;Aves/ACCEPTED
Atlapetes semirufus;bird;South America;South America 99;8314;Aves/ACCEPTED
Atlapetes taczanowskii;bird;South America;South America 100;1484;Aves/SYNONYM
Atlapetes tibialis;bird;North America;North America 100;38837;Aves/ACCEPTED
Atlapetes tricolor;bird;South America;South America 100;3088;Aves/ACCEPTED
Atrapsalta corticina;insect;Oceania;Oceania 100;983;Insecta/ACCEPTED
Atrapsalta encaustica;insect;Oceania;Oceania 99;504;Insecta/ACCEPTED
Atrichornis clamosus;bird;Oceania;Oceania 99;2732;Aves/ACCEPTED
Atrichornis rufescens;bird;Oceania;Oceania 100;4682;Aves/ACCEPTED
Attagis gayi;bird;South America;South America 99;5159;Aves/ACCEPTED
Attagis malouinus;bird;South America;South America 99;1026;Aves/ACCEPTED
Atthis ellioti;bird;North America;North America 99;4597;Aves/SYNONYM
Atthis heloisa;bird;North America;North America 99;8463;Aves/SYNONYM
Atticora fasciata;bird;South America;South America 100;47527;Aves/ACCEPTED
Atticora pileata;bird;North America;North America 100;17983;Aves/SYNONYM
Atticora tibialis;bird;South America+North America;South America 94|North America 6;20117;Aves/SYNONYM
Attila bolivianus;bird;South America;South America 100;8836;Aves/ACCEPTED
Attila cinnamomeus;bird;South America;South America 100;18241;Aves/ACCEPTED
Attila citriniventris;bird;South America;South America 100;6095;Aves/ACCEPTED
Attila phoenicurus;bird;South America;South America 100;6187;Aves/ACCEPTED
Attila rufus;bird;South America;South America 100;31205;Aves/ACCEPTED
Attila spadiceus;bird;North America+South America;North America 77|South America 23;227099;Aves/ACCEPTED
Attila torridus;bird;South America;South America 100;1887;Aves/ACCEPTED
Augastes lumachella;bird;South America;South America 99;1163;Aves/ACCEPTED
Augastes scutatus;bird;South America;South America 99;1787;Aves/ACCEPTED
Aulacorhynchus albivitta;bird;South America;South America 100;63991;Aves/ACCEPTED
Aulacorhynchus atrogularis;bird;South America;South America 98;166;Aves/ACCEPTED
Aulacorhynchus caeruleogularis;bird;North America+South America;North America 91|South America 4;158;Aves/ACCEPTED
Aulacorhynchus coeruleicinctis;bird;South America;South America 99;5338;Aves/ACCEPTED
Aulacorhynchus derbianus;bird;South America;South America 99;3328;Aves/ACCEPTED
Aulacorhynchus haematopygus;bird;South America;South America 100;61116;Aves/ACCEPTED
Aulacorhynchus prasinus;bird;North America;North America 99|South America 1;108302;Aves/ACCEPTED
Aulacorhynchus sulcatus;bird;South America;South America 99;9189;Aves/ACCEPTED
Auriparus flaviceps;bird;North America;North America 100;1071895;Aves/ACCEPTED
Auritibicen japonicus;insect;Asia;Asia 68;232;Insecta/ACCEPTED
Austronomus australis;mammal;Oceania;Oceania 100;29867;Mammalia/ACCEPTED
Austrosalomona falcata;insect;Oceania;Oceania 100;1697;Insecta/ACCEPTED
Automolus cervinigularis;bird;North America;North America 100;24745;Aves/SYNONYM
Automolus exsertus;bird;North America;North America 100;11270;Aves/ACCEPTED
Automolus infuscatus;bird;South America;South America 100;6623;Aves/ACCEPTED
Automolus lammi;bird;South America;South America 100;462;Aves/ACCEPTED
Automolus leucophthalmus;bird;South America;South America 100;32739;Aves/ACCEPTED
Automolus melanopezus;bird;South America;South America 100;1125;Aves/ACCEPTED
Automolus ochrolaemus;bird;North America+South America;North America 62|South America 37;42580;Aves/ACCEPTED
Automolus paraensis;bird;South America;South America 99|North America 1;1592;Aves/ACCEPTED
Automolus rufipileatus;bird;South America;South America 100;6289;Aves/ACCEPTED
Automolus subulatus;bird;South America+North America;South America 68|North America 31|Asia 1;11851;Aves/SYNONYM
Automolus virgatus;bird;South America+North America;South America 55|North America 45;7937;Aves/SYNONYM
Aviceda cuculoides;bird;Africa;Africa 99;9434;Aves/ACCEPTED
Aviceda jerdoni;bird;Asia;Asia 100;9273;Aves/ACCEPTED
Aviceda leuphotes;bird;Asia;Asia 100;23997;Aves/ACCEPTED
Aviceda subcristata;bird;Oceania;Oceania 98|Asia 2;51173;Aves/ACCEPTED
Avocettula recurvirostris;bird;South America;South America 97|Europe 1;705;Aves/ACCEPTED
Axis axis;mammal;Asia+North America+South America;Asia 70|North America 11|South America 8|Oceania 3|Europe 2;8749;Mammalia/ACCEPTED
Aythya affinis;bird;North America;North America 99|Europe 1;2790071;Aves/ACCEPTED
Aythya americana;bird;North America;North America 100;1725239;Aves/ACCEPTED
Aythya australis;bird;Oceania;Oceania 100;370340;Aves/ACCEPTED
Aythya collaris;bird;North America;North America 99|Europe 1;3571248;Aves/ACCEPTED
Aythya ferina;bird;Europe+Asia;Europe 92|Asia 7;1870352;Aves/ACCEPTED
Aythya fuligula;bird;Europe+Asia;Europe 95|Asia 4|North America 1;3995051;Aves/ACCEPTED
Aythya marila;bird;North America+Europe;North America 75|Europe 23|Asia 2;1586867;Aves/ACCEPTED
Aythya novaeseelandiae;bird;Oceania;Oceania 100;57207;Aves/ACCEPTED
Aythya nyroca;bird;Europe+Asia;Europe 61|Asia 35|Africa 3;166710;Aves/ACCEPTED
Aythya valisineria;bird;North America;North America 100;1126365;Aves/ACCEPTED
Baeolophus atricristatus;bird;North America;North America 100;635039;Aves/ACCEPTED
Baeolophus bicolor;bird;North America;North America 100;13304260;Aves/ACCEPTED
Baeolophus inornatus;bird;North America;North America 100;1091783;Aves/ACCEPTED
Baeolophus ridgwayi;bird;North America;North America 100;150526;Aves/ACCEPTED
Baeolophus wollweberi;bird;North America;North America 100;269686;Aves/ACCEPTED
Baeopogon clamans;bird;Africa;Africa 96;386;Aves/ACCEPTED
Baeopogon indicator;bird;Africa;Africa 99;7199;Aves/ACCEPTED
Balaena mysticetus;mammal;North America+Ocean;North America 11|Europe 2;14545;Mammalia/ACCEPTED
Balaenoptera physalus;mammal;North America+Ocean;North America 3|Europe 2;295686;Mammalia/ACCEPTED
Balearica pavonina;bird;Africa;Africa 87|North America 1|Europe 1;3483;Aves/ACCEPTED
Balearica regulorum;bird;Africa;Africa 98|Asia 1|Europe 1;78967;Aves/ACCEPTED
Bambusicola fytchii;bird;Asia;Asia 99;4420;Aves/ACCEPTED
Bambusicola sonorivox;bird;Asia;Asia 100;105783;Aves/ACCEPTED
Bambusicola thoracicus;bird;Asia;Asia 99;30689;Aves/ACCEPTED
Bangsia arcaei;bird;North America;North America 100;5868;Aves/ACCEPTED
Bangsia aureocincta;bird;South America;South America 100;7579;Aves/ACCEPTED
Bangsia edwardsi;bird;South America;South America 100;11414;Aves/ACCEPTED
Bangsia flavovirens;bird;South America;South America 100;819;Aves/ACCEPTED
Bangsia melanochlamys;bird;South America;South America 100;9912;Aves/ACCEPTED
Bangsia rothschildi;bird;South America;South America 100;2071;Aves/ACCEPTED
Barbitistes serricauda;insect;Europe;Europe 100;16934;Insecta/ACCEPTED
Barnardius zonarius;bird;Oceania;Oceania 100;311445;Aves/ACCEPTED
Bartramia longicauda;bird;North America+South America;North America 95|South America 4;219846;Aves/ACCEPTED
Baryphthengus martii;bird;North America+South America;North America 57|South America 43;100302;Aves/ACCEPTED
Baryphthengus ruficapillus;bird;South America;South America 99|North America 1;25078;Aves/ACCEPTED
Basileuterus belli;bird;North America;North America 99;28843;Aves/ACCEPTED
Basileuterus culicivorus;bird;South America+North America;South America 71|North America 29;302343;Aves/ACCEPTED
Basileuterus delattrii;bird;North America+South America;North America 78|South America 22;143550;Aves/SYNONYM
Basileuterus lachrymosus;bird;North America;North America 100;13973;Aves/ACCEPTED
Basileuterus melanogenys;bird;North America;North America 100;21583;Aves/ACCEPTED
Basileuterus melanotis;bird;North America;North America 100;21338;Aves/ACCEPTED
Basileuterus punctipectus;bird;South America;South America 100;1051;Aves/ACCEPTED
Basileuterus rufifrons;bird;North America+South America;North America 84|South America 16;220085;Aves/ACCEPTED
Basileuterus trifasciatus;bird;South America;South America 100;3787;Aves/ACCEPTED
Basileuterus tristriatus;bird;South America;South America 100;80153;Aves/ACCEPTED
Basilinna leucotis;bird;North America;North America 100;105116;Aves/ACCEPTED
Basilinna xantusii;bird;North America;North America 100;10130;Aves/ACCEPTED
Basilornis celebensis;bird;Asia;Asia 86|Europe 1;1047;Aves/ACCEPTED
Bassariscus astutus;mammal;North America;North America 94;9410;Mammalia/ACCEPTED
Batara cinerea;bird;South America;South America 100;14148;Aves/ACCEPTED
Bathmocercus cerviniventris;bird;Africa;Africa 99;161;Aves/ACCEPTED
Bathmocercus rufus;bird;Africa;Africa 100;6493;Aves/ACCEPTED
Batis capensis;bird;Africa;Africa 99;65529;Aves/ACCEPTED
Batis crypta;bird;Africa;Africa 97;547;Aves/ACCEPTED
Batis diops;bird;Africa;Africa 99;3678;Aves/ACCEPTED
Batis erlangeri;bird;Africa;Africa 100;3475;Aves/ACCEPTED
Batis fratrum;bird;Africa;Africa 98;3231;Aves/ACCEPTED
Batis margaritae;bird;Africa;Africa 100;258;Aves/ACCEPTED
Batis minor;bird;Africa;Africa 98;2679;Aves/ACCEPTED
Batis minulla;bird;Africa;Africa 100;433;Aves/ACCEPTED
Batis mixta;bird;Africa;Africa 99;2704;Aves/ACCEPTED
Batis molitor;bird;Africa;Africa 100;182245;Aves/ACCEPTED
Batis occulta;bird;Africa;Africa 100;717;Aves/SYNONYM
Batis orientalis;bird;Africa;Africa 99;1708;Aves/ACCEPTED
Batis perkeo;bird;Africa;Africa 100;4652;Aves/ACCEPTED
Batis pririt;bird;Africa;Africa 100;38154;Aves/ACCEPTED
Batis senegalensis;bird;Africa;Africa 99;5329;Aves/ACCEPTED
Batis soror;bird;Africa;Africa 100;5041;Aves/ACCEPTED
Batrachostomus affinis;bird;Asia;Asia 100;2634;Aves/ACCEPTED
Batrachostomus auritus;bird;Asia;Asia 98;1544;Aves/ACCEPTED
Batrachostomus chaseni;bird;Asia;Asia 100;767;Aves/ACCEPTED
Batrachostomus cornutus;bird;Asia;Asia 99;830;Aves/ACCEPTED
Batrachostomus hodgsoni;bird;Asia;Asia 100;2378;Aves/ACCEPTED
Batrachostomus javensis;bird;Asia;Asia 91;974;Aves/ACCEPTED
Batrachostomus mixtus;bird;Asia;Asia 100;409;Aves/ACCEPTED
Batrachostomus moniliger;bird;Asia;Asia 100;10578;Aves/ACCEPTED
Batrachostomus poliolophus;bird;Asia;Asia 99;470;Aves/ACCEPTED
Batrachostomus septimus;bird;Asia;Asia 99;1928;Aves/ACCEPTED
Batrachostomus stellatus;bird;Asia;Asia 98;1429;Aves/ACCEPTED
Batrachyla antartandica;amphibian;South America;South America 94;185;Amphibia/ACCEPTED
Batrachyla leptopus;amphibian;South America;South America 89;1159;Amphibia/ACCEPTED
Batrachyla taeniata;amphibian;South America;South America 92;1549;Amphibia/ACCEPTED
Berenicornis comatus;bird;Asia;Asia 99;4836;Aves/ACCEPTED
Berlepschia rikeri;bird;South America;South America 100;7123;Aves/ACCEPTED
Bernieria madagascariensis;bird;North America;North America 99;7443;Aves/ACCEPTED/via Abeillia abeillei
Bias musicus;bird;Africa;Africa 99;9103;Aves/ACCEPTED
Biatas nigropectus;bird;South America;South America 100;2911;Aves/ACCEPTED
Bicolorana bicolor;insect;Europe;Europe 99;41413;Insecta/ACCEPTED
Birrima castanea;insect;Oceania;Oceania 99;321;Insecta/ACCEPTED
Birrima varians;insect;Oceania;Oceania 98|Asia 1;523;Insecta/ACCEPTED
Bison bison;mammal;North America;North America 96;33337;Mammalia/ACCEPTED
Biziura lobata;bird;Oceania;Oceania 100;142266;Aves/ACCEPTED
Blarina brevicauda;mammal;North America;North America 91|Africa 2;48690;Mammalia/ACCEPTED
Bleda canicapillus;bird;Africa;Africa 100;4438;Aves/ACCEPTED
Bleda eximius;bird;Africa;Africa 95;1393;Aves/ACCEPTED
Bleda notatus;bird;Africa;Africa 100;1225;Aves/ACCEPTED
Bleda syndactylus;bird;Africa;Africa 99;8036;Aves/ACCEPTED
Bleda ugandae;bird;Africa;Africa 100;984;Aves/ACCEPTED
Blythipicus pyrrhotis;bird;Asia;Asia 100;23062;Aves/ACCEPTED
Blythipicus rubiginosus;bird;Asia;Asia 99;7927;Aves/ACCEPTED
Boana albomarginata;amphibian;South America;South America 98|North America 1;3844;Amphibia/ACCEPTED
Boana albopunctata;amphibian;South America;South America 98;4109;Amphibia/ACCEPTED
Boana bischoffi;amphibian;South America;South America 100;1592;Amphibia/ACCEPTED
Boana boans;amphibian;South America+North America;South America 95|North America 3;5433;Amphibia/ACCEPTED
Boana cinerascens;amphibian;South America;South America 99;4572;Amphibia/ACCEPTED
Boana faber;amphibian;South America;South America 100;4866;Amphibia/ACCEPTED
Boana lanciformis;amphibian;South America;South America 99;4683;Amphibia/ACCEPTED
Boana lundii;amphibian;South America;South America 100;831;Amphibia/ACCEPTED
Boana pardalis;amphibian;South America;South America 100;949;Amphibia/ACCEPTED
Boana platanera;amphibian;South America;South America 98|North America 2;2396;Amphibia/ACCEPTED
Boana pugnax;amphibian;South America;South America 98|North America 2;3880;Amphibia/ACCEPTED
Boana pulchella;amphibian;South America;South America 100;6437;Amphibia/ACCEPTED
Boana punctata;amphibian;South America;South America 98|North America 1;6400;Amphibia/ACCEPTED
Boana raniceps;amphibian;South America;South America 98;6721;Amphibia/ACCEPTED
Boana riojana;amphibian;South America;South America 99;1334;Amphibia/ACCEPTED
Boana rosenbergi;amphibian;North America+South America;North America 65|South America 34;3175;Amphibia/ACCEPTED
Bocagia minuta;bird;Africa;Africa 96|Asia 3;3509;Aves/ACCEPTED
Boissonneaua flavescens;bird;South America;South America 100;66094;Aves/ACCEPTED
Boissonneaua jardini;bird;South America;South America 100;39848;Aves/ACCEPTED
Boissonneaua matthewsii;bird;South America;South America 100;32291;Aves/ACCEPTED
Bolbopsittacus lunulatus;bird;Asia;Asia 100;7472;Aves/ACCEPTED
Bolborhynchus ferrugineifrons;bird;South America;South America 100;2101;Aves/ACCEPTED
Bolborhynchus lineola;bird;North America+South America;North America 65|South America 34;24149;Aves/ACCEPTED
Bolborhynchus orbygnesius;bird;South America;South America 99;2717;Aves/ACCEPTED
Bolemoreus frenatus;bird;Oceania;Oceania 100;15673;Aves/ACCEPTED
Bombina bombina;amphibian;Europe;Europe 98|Asia 1;26936;Amphibia/ACCEPTED
Bombina orientalis;amphibian;Asia;Asia 92|Oceania 1;12041;Amphibia/ACCEPTED
Bombina variegata;amphibian;Europe;Europe 99;139621;Amphibia/ACCEPTED
Bombus impatiens;insect;North America;North America 99;331481;Insecta/ACCEPTED
Bombus terrestris;insect;Europe;Europe 97|Oceania 2;638378;Insecta/ACCEPTED
Bombycilla cedrorum;bird;North America;North America 100;7265060;Aves/ACCEPTED
Bombycilla garrulus;bird;Europe+North America;Europe 74|North America 24|Asia 2;1169038;Aves/ACCEPTED
Bombycilla japonica;bird;Asia;Asia 93;6088;Aves/ACCEPTED
Bonasa umbellus;bird;North America;North America 100;712995;Aves/ACCEPTED
Bos taurus;domestic;South America+Europe+Oceania;South America 75|Europe 13|Oceania 8|Africa 1|Asia 1|North America 1;467191;Mammalia/ACCEPTED
Bostrychia carunculata;bird;Africa;Africa 100;5605;Aves/ACCEPTED
Bostrychia hagedash;bird;Africa;Africa 100;662991;Aves/ACCEPTED
Bostrychia olivacea;bird;Africa;Africa 100;1011;Aves/ACCEPTED
Bostrychia rara;bird;Africa;Africa 98;663;Aves/ACCEPTED
Botaurus cinnamomeus;bird;Asia;Asia 92;6372;Aves/ACCEPTED/via Ixobrychus cinnamomeus
Botaurus dubius;bird;Oceania;Oceania 100;3096;Aves/ACCEPTED/via Ixobrychus dubius
Botaurus eurhythmus;bird;;;;labels
Botaurus exilis;bird;North America+South America;North America 78|South America 19;8268;Aves/ACCEPTED/via Ixobrychus exilis
Botaurus flavicollis;bird;Oceania+Asia;Oceania 83|Asia 13;6699;Aves/SYNONYM/via Ixobrychus flavicollis
Botaurus involucris;bird;South America;South America 90|North America 2;324;Aves/ACCEPTED/via Ixobrychus involucris
Botaurus lentiginosus;bird;North America;North America 100;478235;Aves/ACCEPTED
Botaurus minutus;bird;Europe+Africa;Europe 79|Africa 18|Asia 2;64714;Aves/ACCEPTED/via Ixobrychus minutus
Botaurus pinnatus;bird;North America+South America;North America 62|South America 38;12548;Aves/ACCEPTED
Botaurus poiciloptilus;bird;Oceania;Oceania 100;26586;Aves/ACCEPTED
Botaurus sinensis;bird;Asia;Asia 91|Oceania 2|Africa 1;7978;Aves/ACCEPTED/via Ixobrychus sinensis
Botaurus stellaris;bird;Europe;Europe 97|Asia 3;484884;Aves/ACCEPTED
Botaurus sturmii;bird;;;;labels
Brachycope anomala;bird;Africa;Africa 91;202;Aves/ACCEPTED
Brachygalba albogularis;bird;South America;South America 100;2667;Aves/ACCEPTED
Brachygalba goeringi;bird;South America;South America 100;2699;Aves/ACCEPTED
Brachygalba lugubris;bird;South America;South America 100;12855;Aves/ACCEPTED
Brachygalba salmoni;bird;North America+South America;North America 94|South America 6;1486;Aves/ACCEPTED
Brachypodius atriceps;bird;Asia;Asia 65;1113;Aves/SYNONYM
Brachypodius eutilotus;bird;Asia;Asia 100;4;Aves/ACCEPTED
Brachypodius melanocephalos;bird;Asia;Asia 95;298;Aves/ACCEPTED
Brachypodius melanoleucos;bird;Asia;Asia 100;5;Aves/ACCEPTED
Brachypodius priocephalus;bird;Asia;Asia 100;72;Aves/SYNONYM
Brachypodius urostictus;bird;Asia;Asia 100;1;Aves/ACCEPTED
Brachypteracias leptosomus;bird;Africa;Africa 99;1258;Aves/ACCEPTED
Brachypteryx cruralis;bird;Asia;Asia 100;6075;Aves/SYNONYM
Brachypteryx erythrogyna;bird;Asia;Asia 100;2428;Aves/ACCEPTED
Brachypteryx goodfellowi;bird;Asia;Asia 100;13449;Aves/ACCEPTED
Brachypteryx hyperythra;bird;Asia;Asia 100;921;Aves/ACCEPTED
Brachypteryx leucophris;bird;Asia;Asia 99;17610;Aves/ACCEPTED
Brachypteryx montana;bird;Asia;Asia 98;9200;Aves/ACCEPTED
Brachypteryx poliogyna;bird;Asia;Asia 100;2379;Aves/ACCEPTED
Brachypteryx saturata;bird;Asia;Asia 100;394;Aves/ACCEPTED
Brachyramphus brevirostris;bird;North America;North America 89|Asia 2;8985;Aves/ACCEPTED
Brachyramphus marmoratus;bird;North America;North America 97;160419;Aves/ACCEPTED
Bradornis comitatus;bird;Africa;Africa 100;5523;Aves/SYNONYM
Bradornis mariquensis;bird;Africa;Africa 100;57314;Aves/ACCEPTED
Bradornis microrhynchus;bird;Africa;Africa 100;24462;Aves/ACCEPTED
Bradypterus baboecala;bird;Africa;Africa 100;91687;Aves/ACCEPTED
Bradypterus bangwaensis;bird;Africa;Africa 100;223;Aves/ACCEPTED
Bradypterus barratti;bird;Africa;Africa 100;7965;Aves/ACCEPTED
Bradypterus brunneus;bird;Africa;Africa 100;761;Aves/ACCEPTED
Bradypterus carpalis;bird;Africa;Africa 100;3065;Aves/ACCEPTED
Bradypterus centralis;bird;Africa;Africa 100;2137;Aves/ACCEPTED
Bradypterus cinnamomeus;bird;Africa;Africa 99;8116;Aves/ACCEPTED
Bradypterus grandis;bird;Africa;Africa 99;107;Aves/ACCEPTED
Bradypterus graueri;bird;Africa;Africa 98;971;Aves/ACCEPTED
Bradypterus lopezi;bird;Africa;Africa 100;3820;Aves/ACCEPTED
Bradypterus seebohmi;bird;Global;Europe 46|Oceania 34|Asia 11|Africa 9;1437810;Aves/ACCEPTED
Bradypterus sylvaticus;bird;Africa;Africa 100;5599;Aves/ACCEPTED
Branta bernicla;bird;North America+Europe;North America 55|Europe 44;1499146;Aves/ACCEPTED
Branta canadensis;bird;North America+Europe;North America 89|Europe 11;25867017;Aves/ACCEPTED
Branta hutchinsii;bird;North America;North America 97|Europe 3;1000142;Aves/ACCEPTED
Branta leucopsis;bird;Europe;Europe 99|North America 1;1597418;Aves/ACCEPTED
Branta ruficollis;bird;Europe;Europe 97|Asia 2;78615;Aves/ACCEPTED
Branta sandvicensis;bird;Oceania+North America;Oceania 87|North America 10|Europe 1;48330;Aves/ACCEPTED
Breviceps adspersus;amphibian;Africa;Africa 96;1809;Amphibia/ACCEPTED
Breviceps fuscus;amphibian;Africa;Africa 95;254;Amphibia/ACCEPTED
Breviceps gibbosus;amphibian;Africa;Africa 96|South America 1;415;Amphibia/ACCEPTED
Breviceps montanus;amphibian;Africa;Africa 98;380;Amphibia/ACCEPTED
Breviceps mossambicus;amphibian;Africa;Africa 94;1089;Amphibia/ACCEPTED
Brotogeris chiriri;bird;South America+North America;South America 82|North America 18;202058;Aves/ACCEPTED
Brotogeris chrysoptera;bird;South America;South America 99;17460;Aves/ACCEPTED
Brotogeris cyanoptera;bird;South America;South America 100;67266;Aves/ACCEPTED
Brotogeris jugularis;bird;North America+South America;North America 78|South America 22;426118;Aves/ACCEPTED
Brotogeris pyrrhoptera;bird;South America;South America 99;6451;Aves/ACCEPTED
Brotogeris sanctithomae;bird;South America;South America 100;13581;Aves/ACCEPTED
Brotogeris tirica;bird;South America;South America 100;123102;Aves/ACCEPTED
Brotogeris versicolurus;bird;South America+North America;South America 52|North America 47;42946;Aves/ACCEPTED
Brunhilda charmosyna;bird;Africa;Africa 100;1500;Aves/SYNONYM
Brunhilda erythronotos;bird;Africa;Africa 100;33626;Aves/SYNONYM
Bubalornis albirostris;bird;Africa;Africa 100;12333;Aves/ACCEPTED
Bubalornis niger;bird;Africa;Africa 100;69163;Aves/ACCEPTED
Bubo africanus;bird;Africa;Africa 98|Asia 1;79107;Aves/ACCEPTED
Bubo ascalaphus;bird;Asia+Africa;Asia 57|Africa 43;5005;Aves/ACCEPTED
Bubo bengalensis;bird;Asia;Asia 93|Europe 2;862;Aves/ACCEPTED
Bubo bubo;bird;Europe+Asia;Europe 94|Asia 4|North America 1;192628;Aves/ACCEPTED
Bubo capensis;bird;;;;labels
Bubo cinerascens;bird;Africa;Africa 100;5018;Aves/ACCEPTED
Bubo coromandus;bird;Asia;Asia 94;179;Aves/ACCEPTED
Bubo lacteus;bird;Africa;Africa 100;30551;Aves/ACCEPTED
Bubo magellanicus;bird;South America;South America 100;10381;Aves/ACCEPTED
Bubo milesi;bird;Asia;Asia 99;935;Aves/SYNONYM
Bubo nipalensis;bird;Asia+Europe;Asia 92|Europe 5;83;Aves/ACCEPTED
Bubo scandiacus;bird;North America+Europe;North America 95|Europe 4;304885;Aves/ACCEPTED
Bubo sumatranus;bird;Asia+Ocean;Asia 48;190;Aves/ACCEPTED
Bubo virginianus;bird;North America;North America 99|South America 1;1653099;Aves/ACCEPTED
Bubulcus ibis;bird;Global;North America 46|Europe 19|Africa 13|South America 12|Oceania 5|Asia 4;3713562;Aves/ACCEPTED
Bucanetes githagineus;bird;Africa+Europe+Asia;Africa 37|Europe 32|Asia 30;35285;Aves/ACCEPTED
Bucanetes mongolicus;bird;Asia+Europe;Asia 57|Europe 38;6648;Aves/ACCEPTED
Buccanodon duchaillui;bird;Africa;Africa 100;9444;Aves/ACCEPTED
Bucco capensis;bird;South America;South America 99;4419;Aves/ACCEPTED
Bucco macrodactylus;bird;South America;South America 99;5600;Aves/ACCEPTED
Bucco noanamae;bird;South America;South America 99;410;Aves/ACCEPTED
Bucco tamatia;bird;South America;South America 99;6314;Aves/ACCEPTED
Bucephala albeola;bird;North America;North America 100;5205293;Aves/ACCEPTED
Bucephala clangula;bird;North America+Europe;North America 51|Europe 48;5998269;Aves/ACCEPTED
Bucephala islandica;bird;North America;North America 98|Europe 2;444794;Aves/ACCEPTED
Buceros bicornis;bird;Asia;Asia 99;32024;Aves/ACCEPTED
Buceros hydrocorax;bird;Asia;Asia 98;2860;Aves/ACCEPTED
Buceros rhinoceros;bird;Asia;Asia 99;20392;Aves/ACCEPTED
Buceros vigil;bird;Asia;Asia 71|North America 2;66;Aves/SYNONYM
Bucorvus leadbeateri;bird;Africa;Africa 100;51240;Aves/ACCEPTED
Buergeria buergeri;amphibian;Asia;Asia 71;2339;Amphibia/ACCEPTED
Buergeria choui;amphibian;Asia;Asia 100;20882;Amphibia/ACCEPTED
Buergeria otai;amphibian;Asia;Asia 100;6682;Amphibia/ACCEPTED
Bufo bufo;amphibian;Europe;Europe 99|Asia 1;771008;Amphibia/ACCEPTED
Bufo spinosus;amphibian;Europe;Europe 99;64962;Amphibia/ACCEPTED
Bufotes viridis;amphibian;Europe+Asia;Europe 78|Asia 18|Africa 2;52555;Amphibia/ACCEPTED
Bulweria bulwerii;bird;Europe+Asia+Africa+Ocean;Europe 21|Asia 8|Africa 4|Oceania 3;53864;Aves/ACCEPTED
Buphagus africanus;bird;Africa;Africa 100;49046;Aves/ACCEPTED
Buphagus erythroryncha;bird;Africa;Africa 100;140250;Aves/ACCEPTED
Buphagus erythrorynchus;bird;Africa;Africa 100;140250;Aves/ACCEPTED
Burhinus bistriatus;bird;South America+North America;South America 81|North America 16;1918;Aves/ACCEPTED
Burhinus capensis;bird;Africa;Africa 99|Asia 1;141325;Aves/ACCEPTED
Burhinus grallarius;bird;Oceania;Oceania 100;110746;Aves/ACCEPTED
Burhinus indicus;bird;Asia;Asia 100;43097;Aves/ACCEPTED
Burhinus oedicnemus;bird;Europe+Asia+Africa;Europe 82|Asia 15|Africa 3;228616;Aves/ACCEPTED
Burhinus senegalensis;bird;Africa;Africa 99;20964;Aves/ACCEPTED
Burhinus superciliaris;bird;South America;South America 88|Europe 1|Africa 1;152;Aves/ACCEPTED
Burhinus vermiculatus;bird;Africa;Africa 100;104891;Aves/ACCEPTED
Busarellus nigricollis;bird;South America+North America;South America 80|North America 20;77732;Aves/ACCEPTED
Butastur indicus;bird;Asia;Asia 99;41785;Aves/ACCEPTED
Butastur liventer;bird;Asia;Asia 100;11143;Aves/ACCEPTED
Butastur rufipennis;bird;Africa;Africa 100;7949;Aves/ACCEPTED
Butastur teesa;bird;Asia;Asia 100;48090;Aves/ACCEPTED
Buteo albigula;bird;South America;South America 100;6944;Aves/ACCEPTED
Buteo albonotatus;bird;North America+South America;North America 87|South America 13;154459;Aves/ACCEPTED
Buteo augur;bird;Africa;Africa 100;50159;Aves/ACCEPTED
Buteo brachypterus;bird;Africa;Africa 100;6961;Aves/ACCEPTED
Buteo brachyurus;bird;North America+South America;North America 77|South America 23;217123;Aves/ACCEPTED
Buteo buteo;bird;Europe;Europe 97|Asia 2|Africa 1;7662681;Aves/ACCEPTED
Buteo galapagoensis;bird;South America;South America 99;10348;Aves/ACCEPTED
Buteo hemilasius;bird;Asia;Asia 100;21489;Aves/ACCEPTED
Buteo jamaicensis;bird;North America;North America 100;12476108;Aves/ACCEPTED
Buteo japonicus;bird;Asia;Asia 100;66985;Aves/ACCEPTED
Buteo lagopus;bird;Europe+North America;Europe 50|North America 50;1297868;Aves/ACCEPTED
Buteo lineatus;bird;North America;North America 100;5085004;Aves/ACCEPTED
Buteo nitidus;bird;North America+South America;North America 90|South America 9;416976;Aves/ACCEPTED
Buteo oreophilus;bird;Africa;Africa 100;5759;Aves/ACCEPTED
Buteo plagiatus;bird;North America;North America 100;362213;Aves/SYNONYM
Buteo platypterus;bird;North America+South America;North America 95|South America 5;1215183;Aves/ACCEPTED
Buteo regalis;bird;North America;North America 100;227487;Aves/ACCEPTED
Buteo ridgwayi;bird;North America;North America 99;1805;Aves/ACCEPTED
Buteo rufinus;bird;Asia+Europe+Africa;Asia 69|Europe 23|Africa 8;135607;Aves/ACCEPTED
Buteo rufofuscus;bird;Africa;Africa 100;127470;Aves/ACCEPTED
Buteo solitarius;bird;Oceania;Oceania 95|North America 2;12581;Aves/ACCEPTED
Buteo swainsoni;bird;North America;North America 99|South America 1;839803;Aves/ACCEPTED
Buteo trizonatus;bird;Africa;Africa 99;12142;Aves/ACCEPTED
Buteo ventralis;bird;South America;South America 100;2090;Aves/ACCEPTED
Buteogallus aequinoctialis;bird;South America;South America 99;3977;Aves/ACCEPTED
Buteogallus anthracinus;bird;North America+South America;North America 91|South America 9;195717;Aves/ACCEPTED
Buteogallus coronatus;bird;South America;South America 98;2881;Aves/SYNONYM
Buteogallus gundlachii;bird;North America;North America 100;8795;Aves/ACCEPTED
Buteogallus lacernulatus;bird;South America;South America 99;3010;Aves/SYNONYM
Buteogallus meridionalis;bird;South America+North America;South America 92|North America 8;130369;Aves/ACCEPTED
Buteogallus schistaceus;bird;South America;South America 100;13444;Aves/SYNONYM
Buteogallus solitarius;bird;South America+North America;South America 87|North America 12;3200;Aves/SYNONYM
Buteogallus urubitinga;bird;South America+North America;South America 66|North America 34;91528;Aves/ACCEPTED
Buthraupis montana;bird;South America;South America 100;38210;Aves/ACCEPTED
Buthraupis wetmorei;bird;South America;South America 100;1470;Aves/SYNONYM
Butorides striata;bird;Global;South America 45|Asia 24|Africa 16|Oceania 13|North America 2;625188;Aves/ACCEPTED
Butorides virescens;bird;North America;North America 99|South America 1;3388375;Aves/ACCEPTED
Bycanistes albotibialis;bird;Africa;Africa 99;3450;Aves/ACCEPTED
Bycanistes brevis;bird;Africa;Africa 99;16109;Aves/ACCEPTED
Bycanistes bucinator;bird;Africa;Africa 99;57756;Aves/ACCEPTED
Bycanistes cylindricus;bird;Africa;Africa 99;1786;Aves/ACCEPTED
Bycanistes fistulator;bird;Africa;Africa 99;8959;Aves/ACCEPTED
Bycanistes subcylindricus;bird;Africa;Africa 100;20732;Aves/ACCEPTED
Cacama valvata;insect;North America;North America 88;761;Insecta/ACCEPTED
Cacatua alba;bird;North America+Asia+Oceania;North America 29|Asia 28|Oceania 18|Europe 3|Africa 1;841;Aves/ACCEPTED
Cacatua ducorpsii;bird;Oceania;Oceania 97|Asia 1;1418;Aves/ACCEPTED
Cacatua galerita;bird;Oceania;Oceania 100;1336172;Aves/ACCEPTED
Cacatua goffiniana;bird;Asia+Oceania;Asia 94|Oceania 4;5279;Aves/ACCEPTED
Cacatua leadbeateri;bird;Oceania;Oceania 99;16198;Aves/ACCEPTED
Cacatua ophthalmica;bird;Oceania;Oceania 98;781;Aves/ACCEPTED
Cacatua pastinator;bird;Oceania;Oceania 100;9867;Aves/ACCEPTED
Cacatua sanguinea;bird;Oceania;Oceania 100;512502;Aves/ACCEPTED
Cacatua tenuirostris;bird;Oceania;Oceania 100;184526;Aves/ACCEPTED
Cacicus cela;bird;South America+North America;South America 91|North America 9;219714;Aves/ACCEPTED
Cacicus chrysonotus;bird;South America;South America 100;27815;Aves/ACCEPTED
Cacicus chrysopterus;bird;South America;South America 100;36236;Aves/ACCEPTED
Cacicus haemorrhous;bird;South America;South America 100;86294;Aves/ACCEPTED
Cacicus latirostris;bird;South America;South America 99;901;Aves/SYNONYM
Cacicus leucoramphus;bird;South America;South America 90;462;Aves/SYNONYM
Cacicus microrhynchus;bird;North America+South America;North America 76|South America 22;484;Aves/SYNONYM
Cacicus oseryi;bird;South America;South America 100;4914;Aves/SYNONYM
Cacicus sclateri;bird;South America;South America 100;648;Aves/ACCEPTED
Cacicus solitarius;bird;South America;South America 100;49956;Aves/ACCEPTED
Cacicus uropygialis;bird;North America+South America;North America 62|South America 38;95783;Aves/ACCEPTED
Cacomantis addendus;bird;Oceania;Oceania 100;235;Aves/ACCEPTED
Cacomantis aeruginosus;bird;Asia;Asia 100;1269;Aves/ACCEPTED
Cacomantis castaneiventris;bird;Oceania;Oceania 97|Asia 2;4401;Aves/ACCEPTED
Cacomantis flabelliformis;bird;Oceania;Oceania 100;318808;Aves/ACCEPTED
Cacomantis leucolophus;bird;Oceania;Oceania 98;1511;Aves/SYNONYM
Cacomantis merulinus;bird;Asia;Asia 100;83348;Aves/ACCEPTED
Cacomantis pallidus;bird;Oceania;Oceania 100;115264;Aves/SYNONYM
Cacomantis passerinus;bird;Asia;Asia 100;53509;Aves/ACCEPTED
Cacomantis sepulcralis;bird;Asia;Asia 98;12593;Aves/SYNONYM
Cacomantis sonneratii;bird;Asia;Asia 100;39965;Aves/ACCEPTED
Cacomantis variolosus;bird;Oceania+Asia;Oceania 86|Asia 13;120331;Aves/ACCEPTED
Cacomantis virescens;bird;Asia;Asia 97;1807;Aves/SYNONYM
Cacosternum australis;amphibian;Africa;Africa 100;253;Amphibia/ACCEPTED
Cacosternum boettgeri;amphibian;Africa;Africa 98;3581;Amphibia/ACCEPTED
Cacosternum nanum;amphibian;Africa;Africa 99;1096;Amphibia/ACCEPTED
Caedicia simplex;insect;Oceania;Oceania 100;4598;Insecta/ACCEPTED
Cairina moschata;bird;Global;North America 70|South America 13|Europe 10|Oceania 4|Asia 2|Africa 1;708177;Aves/ACCEPTED
Calamanthus campestris;bird;Oceania;Oceania 100;10547;Aves/ACCEPTED
Calamanthus fuliginosus;bird;Oceania;Oceania 100;34652;Aves/ACCEPTED
Calamanthus montanellus;bird;Oceania;Oceania 99;795;Aves/ACCEPTED
Calamonastes fasciolatus;bird;Africa;Africa 100;14337;Aves/ACCEPTED
Calamonastes simplex;bird;Africa;Africa 100;10701;Aves/ACCEPTED
Calamonastes stierlingi;bird;Africa;Africa 100;11957;Aves/ACCEPTED
Calamonastes undosus;bird;Africa;Africa 100;1278;Aves/ACCEPTED
Calamonastides gracilirostris;bird;Africa;Africa 99;570;Aves/ACCEPTED
Calamospiza melanocorys;bird;North America;North America 100;169898;Aves/ACCEPTED
Calandrella acutirostris;bird;Asia;Asia 99;3616;Aves/ACCEPTED
Calandrella blanfordi;bird;Africa+Asia;Africa 81|Asia 18;968;Aves/ACCEPTED
Calandrella brachydactyla;bird;Europe+Asia+Africa;Europe 62|Asia 33|Africa 4;141898;Aves/ACCEPTED
Calandrella cinerea;bird;Africa;Africa 98|Europe 1|Asia 1;90326;Aves/ACCEPTED
Calandrella dukhunensis;bird;Asia;Asia 100;6443;Aves/SYNONYM
Calandrella eremica;bird;Asia+Africa;Asia 89|Africa 10;195;Aves/SYNONYM
Calcarius lapponicus;bird;North America+Europe;North America 70|Europe 29|Asia 1;459068;Aves/ACCEPTED
Calcarius ornatus;bird;North America;North America 100;67337;Aves/ACCEPTED
Calcarius pictus;bird;North America;North America 99;18447;Aves/ACCEPTED
Calendulauda africanoides;bird;Africa;Africa 100;25512;Aves/ACCEPTED
Calendulauda albescens;bird;Africa;Africa 99;10957;Aves/ACCEPTED
Calendulauda alopex;bird;Africa;Africa 100;199;Aves/ACCEPTED
Calendulauda burra;bird;Africa;Africa 100;1245;Aves/ACCEPTED
Calendulauda erythrochlamys;bird;Africa;Africa 99;1809;Aves/ACCEPTED
Calendulauda gilletti;bird;Africa;Africa 100;529;Aves/SYNONYM
Calendulauda poecilosterna;bird;Africa;Africa 100;6878;Aves/ACCEPTED
Calendulauda sabota;bird;Africa;Africa 100;78358;Aves/ACCEPTED
Calherodius leuconotus;bird;Africa;Africa 100;5823;Aves/SYNONYM
Calicalicus madagascariensis;bird;Africa;Africa 100;6026;Aves/ACCEPTED
Calicalicus rufocarpalis;bird;Africa;Africa 100;981;Aves/ACCEPTED
Calidris acuminata;bird;Oceania+Asia+North America;Oceania 74|Asia 18|North America 6|Europe 1;188245;Aves/ACCEPTED
Calidris alba;bird;North America+Europe;North America 69|Europe 23|South America 2|Asia 2|Africa 2|Oceania 2;2150314;Aves/ACCEPTED
Calidris alpina;bird;Europe+North America+Asia;Europe 58|North America 36|Asia 4;3451444;Aves/ACCEPTED
Calidris bairdii;bird;North America+South America;North America 83|South America 16|Europe 1;384568;Aves/ACCEPTED
Calidris canutus;bird;Europe+North America+Oceania;Europe 57|North America 31|Oceania 6|Asia 2|South America 2|Africa 1;788970;Aves/ACCEPTED
Calidris falcinellus;bird;Europe+Asia+Oceania;Europe 67|Asia 27|Oceania 5;125589;Aves/ACCEPTED
Calidris ferruginea;bird;Global;Europe 61|Oceania 13|Asia 13|Africa 11|North America 1;606789;Aves/ACCEPTED
Calidris fuscicollis;bird;North America+South America+Europe;North America 82|South America 14|Europe 3;342388;Aves/ACCEPTED
Calidris himantopus;bird;North America+South America;North America 95|South America 4|Europe 1;386876;Aves/ACCEPTED
Calidris maritima;bird;Europe+North America;Europe 70|North America 29;411511;Aves/ACCEPTED
Calidris mauri;bird;North America;North America 98|South America 1;938504;Aves/ACCEPTED
Calidris melanotos;bird;North America+Europe+South America;North America 89|Europe 5|South America 4|Oceania 1;893135;Aves/ACCEPTED
Calidris minuta;bird;Europe+Asia+Africa;Europe 61|Asia 25|Africa 14|North America 1;620503;Aves/ACCEPTED
Calidris minutilla;bird;North America;North America 98|South America 2;2831781;Aves/ACCEPTED
Calidris ptilocnemis;bird;North America;North America 99|Asia 1;42663;Aves/ACCEPTED
Calidris pugnax;bird;Europe+Asia+Africa;Europe 85|Asia 8|Africa 5|North America 2;1589930;Aves/ACCEPTED
Calidris pusilla;bird;North America;North America 96|South America 3;1238563;Aves/ACCEPTED
Calidris pygmaea;bird;Asia;Asia 92;7048;Aves/ACCEPTED
Calidris ruficollis;bird;Oceania+Asia;Oceania 58|Asia 38|North America 2|Europe 1;266960;Aves/ACCEPTED
Calidris subminuta;bird;Asia+Oceania;Asia 88|Oceania 9|Europe 1|North America 1;68116;Aves/ACCEPTED
Calidris subruficollis;bird;North America+Europe+South America;North America 75|Europe 17|South America 7|Oceania 1;101073;Aves/ACCEPTED
Calidris temminckii;bird;Europe+Asia;Europe 71|Asia 28|Africa 1;358237;Aves/ACCEPTED
Calidris tenuirostris;bird;Oceania+Asia;Oceania 59|Asia 38|Europe 1;90729;Aves/ACCEPTED
Calidris virgata;bird;North America+South America;North America 93|South America 7;117789;Aves/ACCEPTED
Caliechthrus leucolophus;bird;Oceania;Oceania 98;1511;Aves/ACCEPTED
Caligavis chrysops;bird;Oceania;Oceania 100;726369;Aves/ACCEPTED
Caligavis obscura;bird;Oceania;Oceania 98|Asia 2;361;Aves/ACCEPTED
Caligavis subfrenata;bird;Oceania;Oceania 100;1840;Aves/ACCEPTED
Callacanthis burtoni;bird;Asia;Asia 99;758;Aves/ACCEPTED
Callaeas wilsoni;bird;Oceania;Oceania 100;5628;Aves/SYNONYM
Callicebus nigrifrons;mammal;South America;South America 87;547;Mammalia/ACCEPTED
Callicebus personatus;mammal;South America;South America 96;380;Mammalia/ACCEPTED
Calliope calliope;bird;Asia+Europe;Asia 90|Europe 9|North America 1;92313;Aves/SYNONYM
Calliope pectardens;bird;Asia;Asia 100;840;Aves/SYNONYM
Calliope pectoralis;bird;Asia;Asia 100;5440;Aves/SYNONYM
Calliope tschebaiewi;bird;Asia;Asia 100;3002;Aves/ACCEPTED
Callipepla californica;bird;North America+South America;North America 93|South America 4|Oceania 3;1492482;Aves/ACCEPTED
Callipepla douglasii;bird;North America;North America 99;10536;Aves/ACCEPTED
Callipepla gambelii;bird;North America;North America 100;729290;Aves/ACCEPTED
Callipepla squamata;bird;North America;North America 100;111771;Aves/ACCEPTED
Calliphlox amethystina;bird;South America;South America 99;14423;Aves/ACCEPTED
Callithrix aurita;mammal;South America;South America 97;434;Mammalia/ACCEPTED
Callithrix geoffroyi;mammal;South America;South America 88;889;Mammalia/ACCEPTED
Callithrix jacchus;mammal;South America;South America 76|Europe 1|North America 1;4876;Mammalia/ACCEPTED
Callithrix penicillata;mammal;South America;South America 96;4929;Mammalia/ACCEPTED
Callocephalon fimbriatum;bird;Oceania;Oceania 100;151559;Aves/ACCEPTED
Callonetta leucophrys;bird;South America+Europe;South America 86|Europe 12|North America 1;43032;Aves/ACCEPTED
Callorhinus ursinus;mammal;North America+Ocean;North America 12|Asia 2;9460;Mammalia/ACCEPTED
Callosciurus caniceps;mammal;Asia;Asia 98;1760;Mammalia/ACCEPTED
Callosciurus erythraeus;mammal;Asia+Europe;Asia 86|Europe 7|South America 1;16150;Mammalia/ACCEPTED
Callosciurus finlaysonii;mammal;Asia;Asia 96|Europe 2;4540;Mammalia/ACCEPTED
Callosciurus notatus;mammal;Asia;Asia 86;9756;Mammalia/ACCEPTED
Callosciurus prevostii;mammal;Asia;Asia 84|Europe 1;2461;Mammalia/ACCEPTED
Calochaetes coccineus;bird;South America;South America 99;1380;Aves/ACCEPTED
Calocitta colliei;bird;North America;North America 100;30464;Aves/ACCEPTED
Calocitta formosa;bird;North America;North America 100;124642;Aves/ACCEPTED
Caloenas nicobarica;bird;Oceania+Asia;Oceania 52|Asia 33|North America 1;3677;Aves/ACCEPTED
Calonectris borealis;bird;Europe+Africa+Ocean;Europe 32|Africa 13|North America 2|South America 1;163286;Aves/SYNONYM
Calonectris diomedea;bird;Europe+Africa+Ocean;Europe 36|Africa 8|North America 2|Asia 1;312645;Aves/ACCEPTED
Calonectris leucomelas;bird;Asia+Ocean;Asia 18|Oceania 3;36289;Aves/ACCEPTED
Caloperdix oculeus;bird;Asia;Asia 95;2009;Aves/ACCEPTED
Caloramphus fuliginosus;bird;Asia;Asia 99;6817;Aves/ACCEPTED
Caloramphus hayii;bird;Asia;Asia 99;7596;Aves/ACCEPTED
Calothorax lucifer;bird;North America;North America 100;28775;Aves/ACCEPTED
Calypte anna;bird;North America;North America 100;4800064;Aves/ACCEPTED
Calypte costae;bird;North America;North America 100;340757;Aves/ACCEPTED
Calyptocephalella gayi;amphibian;South America;South America 70;627;Amphibia/ACCEPTED
Calyptocichla serinus;bird;Africa;Africa 99;2135;Aves/ACCEPTED
Calyptomena hosii;bird;Asia;Asia 95;317;Aves/ACCEPTED
Calyptomena viridis;bird;Asia;Asia 96;8664;Aves/ACCEPTED
Calyptomena whiteheadi;bird;Asia;Asia 99;2861;Aves/ACCEPTED
Calyptophilus frugivorus;bird;North America;North America 100;961;Aves/ACCEPTED
Calyptophilus tertius;bird;North America;North America 100;1266;Aves/ACCEPTED
Calyptorhynchus banksii;bird;Oceania;Oceania 100;148110;Aves/ACCEPTED
Calyptorhynchus baudinii;bird;Oceania;Oceania 95;147;Aves/ACCEPTED
Calyptorhynchus funereus;bird;Oceania;Oceania 99;7869;Aves/ACCEPTED
Calyptorhynchus lathami;bird;Oceania;Oceania 99;62850;Aves/ACCEPTED
Calyptorhynchus latirostris;bird;Oceania;Oceania 99;222;Aves/ACCEPTED
Camarhynchus pallidus;bird;South America;South America 99;4192;Aves/ACCEPTED
Camarhynchus parvulus;bird;South America;South America 99;9511;Aves/ACCEPTED
Camarhynchus pauper;bird;South America;South America 97;1213;Aves/ACCEPTED
Camarhynchus psittacula;bird;South America;South America 99;2920;Aves/ACCEPTED
Camaroptera brachyura;bird;Africa;Africa 100;197079;Aves/ACCEPTED
Camaroptera brevicaudata;bird;Africa;Africa 100;57678;Aves/ACCEPTED
Camaroptera chloronota;bird;Africa;Africa 100;7135;Aves/ACCEPTED
Camaroptera harterti;bird;Africa;Africa 99;365;Aves/ACCEPTED
Camaroptera superciliaris;bird;Africa;Africa 100;5601;Aves/ACCEPTED
Campephaga flava;bird;Africa;Africa 100;50838;Aves/ACCEPTED
Campephaga petiti;bird;Africa;Africa 100;3951;Aves/ACCEPTED
Campephaga phoenicea;bird;Africa;Africa 98;5941;Aves/ACCEPTED
Campephaga quiscalina;bird;Africa;Africa 100;3602;Aves/ACCEPTED
Campephilus gayaquilensis;bird;South America;South America 100;12804;Aves/ACCEPTED
Campephilus guatemalensis;bird;North America;North America 100;124526;Aves/ACCEPTED
Campephilus haematogaster;bird;South America+North America;South America 82|North America 18;3961;Aves/ACCEPTED
Campephilus leucopogon;bird;South America;South America 100;12712;Aves/ACCEPTED
Campephilus magellanicus;bird;South America;South America 100;13758;Aves/ACCEPTED
Campephilus melanoleucos;bird;South America+North America;South America 80|North America 20;95462;Aves/ACCEPTED
Campephilus pollens;bird;South America;South America 100;14920;Aves/ACCEPTED
Campephilus robustus;bird;South America;South America 100;12931;Aves/ACCEPTED
Campephilus rubricollis;bird;South America;South America 100;22339;Aves/ACCEPTED
Campethera abingoni;bird;Africa;Africa 100;97413;Aves/ACCEPTED
Campethera bennettii;bird;Africa;Africa 100;13715;Aves/ACCEPTED
Campethera cailliautii;bird;Africa;Africa 97;1094;Aves/ACCEPTED
Campethera maculosa;bird;Africa;Africa 100;3569;Aves/ACCEPTED
Campethera mombassica;bird;Africa;Africa 100;2181;Aves/ACCEPTED
Campethera notata;bird;Africa;Africa 99;12611;Aves/ACCEPTED
Campethera nubica;bird;Africa;Africa 100;27612;Aves/ACCEPTED
Campethera punctuligera;bird;Africa;Africa 99;4800;Aves/ACCEPTED
Campicoloides bifasciatus;bird;Africa;Africa 100;7797;Aves/ACCEPTED
Campochaera sloetii;bird;Oceania;Oceania 98|Asia 1;1357;Aves/ACCEPTED
Campocolinus albogularis;bird;Africa;Africa 97;862;Aves/ACCEPTED
Campocolinus coqui;bird;Africa;Africa 100;24821;Aves/ACCEPTED
Camptostoma imberbe;bird;North America;North America 100;125692;Aves/ACCEPTED
Camptostoma obsoletum;bird;South America+North America;South America 91|North America 9;307017;Aves/ACCEPTED
Campylopterus calcirupicola;bird;South America;South America 100;681;Aves/ACCEPTED
Campylopterus curvipennis;bird;North America;North America 100;42946;Aves/SYNONYM
Campylopterus ensipennis;bird;South America;South America 96|North America 1;3199;Aves/ACCEPTED
Campylopterus excellens;bird;North America;North America 97;358;Aves/SYNONYM
Campylopterus falcatus;bird;South America;South America 98;7752;Aves/ACCEPTED
Campylopterus hemileucurus;bird;North America;North America 100;107136;Aves/ACCEPTED
Campylopterus hyperythrus;bird;South America;South America 99;632;Aves/ACCEPTED
Campylopterus largipennis;bird;South America;South America 99;24516;Aves/ACCEPTED
Campylopterus rufus;bird;North America;North America 100;12642;Aves/SYNONYM
Campylopterus villaviscensio;bird;South America;South America 100;5220;Aves/ACCEPTED
Campylorhamphus falcularius;bird;South America;South America 100;6371;Aves/ACCEPTED
Campylorhamphus multostriatus;bird;South America;South America 99|North America 1;282;Aves/SYNONYM
Campylorhamphus probatus;bird;South America;South America 99|North America 1;729;Aves/ACCEPTED
Campylorhamphus procurvoides;bird;South America;South America 99|North America 1;1683;Aves/ACCEPTED
Campylorhamphus pusillus;bird;North America+South America;North America 53|South America 47;14640;Aves/ACCEPTED
Campylorhamphus trochilirostris;bird;South America+North America;South America 96|North America 4;32085;Aves/ACCEPTED
Campylorhynchus albobrunneus;bird;North America+South America;North America 56|South America 44;6829;Aves/ACCEPTED
Campylorhynchus brunneicapillus;bird;North America;North America 100;577240;Aves/ACCEPTED
Campylorhynchus capistratus;bird;North America;North America 100;220237;Aves/ACCEPTED
Campylorhynchus chiapensis;bird;North America;North America 100;4275;Aves/ACCEPTED
Campylorhynchus fasciatus;bird;South America;South America 100;26461;Aves/ACCEPTED
Campylorhynchus griseus;bird;South America;South America 99|North America 1;93777;Aves/ACCEPTED
Campylorhynchus gularis;bird;North America;North America 100;10693;Aves/ACCEPTED
Campylorhynchus humilis;bird;North America;North America 100;13791;Aves/ACCEPTED
Campylorhynchus jocosus;bird;North America;North America 100;8998;Aves/ACCEPTED
Campylorhynchus megalopterus;bird;North America;North America 100;8337;Aves/ACCEPTED
Campylorhynchus nuchalis;bird;South America;South America 100;25176;Aves/ACCEPTED
Campylorhynchus rufinucha;bird;North America;North America 99;9850;Aves/ACCEPTED
Campylorhynchus turdinus;bird;South America;South America 100;91552;Aves/ACCEPTED
Campylorhynchus yucatanicus;bird;North America;North America 99;7257;Aves/ACCEPTED
Campylorhynchus zonatus;bird;North America+South America;North America 87|South America 13;119425;Aves/ACCEPTED
Canachites canadensis;bird;North America;North America 99;67304;Aves/ACCEPTED
Canis aureus;mammal;Asia+Europe;Asia 95|Europe 4|Africa 1;70153;Mammalia/ACCEPTED
Canis familiaris;domestic;Global;Oceania 42|Europe 24|South America 14|Asia 8|North America 7|Africa 1;122737;Mammalia/SYNONYM
Canis latrans;mammal;North America;North America 98;119959;Mammalia/ACCEPTED
Canis lupus;mammal;Global;Europe 47|Oceania 20|North America 10|Asia 7|South America 7|Africa 1;261868;Mammalia/ACCEPTED
Canis lycaon;mammal;North America;North America 99;432;Mammalia/ACCEPTED
Cantorchilus elutus;bird;North America;North America 100;42045;Aves/SYNONYM
Cantorchilus griseus;bird;South America;South America 99|North America 1;131;Aves/ACCEPTED
Cantorchilus guarayanus;bird;South America;South America 100;6835;Aves/ACCEPTED
Cantorchilus leucopogon;bird;South America+North America;South America 56|North America 44;2893;Aves/ACCEPTED
Cantorchilus leucotis;bird;South America+North America;South America 84|North America 16;95587;Aves/ACCEPTED
Cantorchilus longirostris;bird;South America;South America 100;26419;Aves/ACCEPTED
Cantorchilus modestus;bird;North America;North America 100;216822;Aves/ACCEPTED
Cantorchilus nigricapillus;bird;North America+South America;North America 61|South America 39;129794;Aves/ACCEPTED
Cantorchilus semibadius;bird;North America;North America 100;43951;Aves/ACCEPTED
Cantorchilus superciliaris;bird;South America;South America 100;11755;Aves/ACCEPTED
Cantorchilus thoracicus;bird;North America;North America 100;51720;Aves/ACCEPTED
Cantorchilus zeledoni;bird;North America;North America 100;9919;Aves/SYNONYM
Capito auratus;bird;South America;South America 100;60866;Aves/ACCEPTED
Capito aurovirens;bird;South America;South America 100;20605;Aves/ACCEPTED
Capito brunneipectus;bird;South America;South America 99|North America 1;575;Aves/ACCEPTED
Capito dayi;bird;South America;South America 100;3053;Aves/ACCEPTED
Capito hypoleucus;bird;South America;South America 100;7767;Aves/ACCEPTED
Capito maculicoronatus;bird;North America+South America;North America 54|South America 46;12844;Aves/ACCEPTED
Capito niger;bird;South America;South America 97;5914;Aves/ACCEPTED
Capito quinticolor;bird;South America;South America 100;1809;Aves/ACCEPTED
Capito squamatus;bird;South America;South America 100;6106;Aves/ACCEPTED
Capito wallacei;bird;South America;South America 100;583;Aves/ACCEPTED
Capra hircus;domestic;Global;Oceania 56|South America 24|Europe 8|Asia 5|Africa 3|North America 1;98941;Mammalia/ACCEPTED
Capreolus capreolus;mammal;Europe;Europe 100;2828808;Mammalia/ACCEPTED
Capreolus pygargus;mammal;Asia+Europe;Asia 94|Europe 5;14925;Mammalia/ACCEPTED
Caprimulgus aegyptius;bird;Asia+Africa;Asia 72|Africa 26|Europe 1;4925;Aves/ACCEPTED
Caprimulgus affinis;bird;Asia;Asia 99;74084;Aves/ACCEPTED
Caprimulgus andamanicus;bird;Asia;Asia 100;1348;Aves/ACCEPTED
Caprimulgus asiaticus;bird;Asia;Asia 100;33828;Aves/ACCEPTED
Caprimulgus atripennis;bird;Asia;Asia 100;20746;Aves/ACCEPTED
Caprimulgus batesi;bird;Africa;Africa 94;280;Aves/ACCEPTED
Caprimulgus binotatus;bird;Africa;Africa 100;739;Aves/SYNONYM
Caprimulgus celebensis;bird;Asia;Asia 99;652;Aves/ACCEPTED
Caprimulgus clarus;bird;Africa;Africa 99;5691;Aves/ACCEPTED
Caprimulgus climacurus;bird;Africa;Africa 97;6176;Aves/ACCEPTED
Caprimulgus concretus;bird;Asia;Asia 95;206;Aves/ACCEPTED
Caprimulgus donaldsoni;bird;Africa;Africa 100;1367;Aves/ACCEPTED
Caprimulgus europaeus;bird;Europe+Asia;Europe 94|Asia 4|Africa 2;302229;Aves/ACCEPTED
Caprimulgus eximius;bird;Africa;Africa 99;474;Aves/ACCEPTED
Caprimulgus fossii;bird;Africa;Africa 99;16689;Aves/ACCEPTED
Caprimulgus fraenatus;bird;Africa;Africa 98;1200;Aves/ACCEPTED
Caprimulgus griseatus;bird;Asia;Asia 90;755;Aves/SYNONYM
Caprimulgus indicus;bird;Asia;Asia 98;17257;Aves/ACCEPTED
Caprimulgus inornatus;bird;Africa+Asia;Africa 91|Asia 6;1691;Aves/ACCEPTED
Caprimulgus jotaka;bird;Asia;Asia 98;10877;Aves/ACCEPTED
Caprimulgus longipennis;bird;Africa;Africa 97;2779;Aves/ACCEPTED
Caprimulgus macrurus;bird;Asia+Oceania;Asia 74|Oceania 24;40524;Aves/ACCEPTED
Caprimulgus madagascariensis;bird;Africa;Africa 100;5117;Aves/ACCEPTED
Caprimulgus manillensis;bird;Asia;Asia 100;3107;Aves/ACCEPTED
Caprimulgus meesi;bird;Asia;Asia 99;442;Aves/ACCEPTED
Caprimulgus natalensis;bird;Africa;Africa 98;3188;Aves/ACCEPTED
Caprimulgus nigriscapularis;bird;Africa;Africa 95;222;Aves/ACCEPTED
Caprimulgus nubicus;bird;Asia+Africa;Asia 71|Africa 27;871;Aves/ACCEPTED
Caprimulgus pectoralis;bird;Africa;Africa 99;61954;Aves/ACCEPTED
Caprimulgus poliocephalus;bird;Africa;Africa 97|Asia 2;5333;Aves/ACCEPTED
Caprimulgus pulchellus;bird;Asia;Asia 98;539;Aves/ACCEPTED
Caprimulgus ritae;bird;;;;labels
Caprimulgus ruficollis;bird;Europe;Europe 97|Africa 2;37214;Aves/ACCEPTED
Caprimulgus rufigena;bird;Africa;Africa 99;10394;Aves/ACCEPTED
Caprimulgus tristigma;bird;Africa;Africa 100;13501;Aves/ACCEPTED
Caprimulgus vexillarius;bird;Africa;Africa 96;3246;Aves/ACCEPTED
Capsiempis flaveola;bird;South America+North America;South America 51|North America 49;66234;Aves/ACCEPTED
Caracara cheriway;bird;North America+South America;North America 55|South America 43;9164;Aves/SYNONYM
Caracara plancus;bird;North America+South America;North America 53|South America 46;1432031;Aves/ACCEPTED
Cardellina canadensis;bird;North America+South America;North America 88|South America 12;598319;Aves/ACCEPTED
Cardellina pusilla;bird;North America;North America 100;2259023;Aves/ACCEPTED
Cardellina rubra;bird;North America;North America 100;23841;Aves/ACCEPTED
Cardellina rubrifrons;bird;North America;North America 100;58647;Aves/ACCEPTED
Cardellina versicolor;bird;North America;North America 99;9125;Aves/ACCEPTED
Cardinalis cardinalis;bird;North America;North America 100;27243319;Aves/ACCEPTED
Cardinalis phoeniceus;bird;South America;South America 100;11000;Aves/ACCEPTED
Cardinalis sinuatus;bird;North America;North America 100;346615;Aves/ACCEPTED
Carduelis caniceps;bird;Asia;Asia 100;8382;Aves/ACCEPTED
Carduelis carduelis;bird;Europe+Oceania;Europe 91|Oceania 6|Asia 2;6512553;Aves/ACCEPTED
Carduelis citrinella;bird;Europe;Europe 99;71697;Aves/ACCEPTED
Carduelis corsicana;bird;Europe;Europe 100;4236;Aves/ACCEPTED
Cariama cristata;bird;South America;South America 100;65980;Aves/ACCEPTED
Carichyla bicolor;amphibian;;;;labels
Caridonax fulgidus;bird;Asia;Asia 97;1226;Aves/ACCEPTED
Carpococcyx radiceus;bird;Asia;Asia 98;1198;Aves/ACCEPTED
Carpococcyx renauldi;bird;Asia;Asia 96|Europe 1;1042;Aves/ACCEPTED
Carpodacus davidianus;bird;Asia;Asia 100;1769;Aves/ACCEPTED
Carpodacus dubius;bird;Asia;Asia 100;3810;Aves/ACCEPTED
Carpodacus edwardsii;bird;Asia;Asia 100;3851;Aves/ACCEPTED
Carpodacus erythrinus;bird;Europe+Asia;Europe 82|Asia 18;423205;Aves/ACCEPTED
Carpodacus formosanus;bird;Asia;Asia 100;12389;Aves/ACCEPTED
Carpodacus grandis;bird;Asia;Asia 100;748;Aves/ACCEPTED
Carpodacus pulcherrimus;bird;Asia;Asia 99;4431;Aves/ACCEPTED
Carpodacus puniceus;bird;Asia;Asia 99;1218;Aves/ACCEPTED
Carpodacus rhodochlamys;bird;Asia;Asia 96;1644;Aves/ACCEPTED
Carpodacus roborowskii;bird;Asia;Asia 100;308;Aves/ACCEPTED
Carpodacus rodochroa;bird;Asia;Asia 100;10126;Aves/ACCEPTED
Carpodacus rodopeplus;bird;Asia;Asia 100;1666;Aves/ACCEPTED
Carpodacus roseus;bird;Asia;Asia 90|Europe 1|North America 1;3588;Aves/ACCEPTED
Carpodacus rubicilla;bird;Asia+Europe;Asia 60|Europe 36;8267;Aves/ACCEPTED
Carpodacus rubicilloides;bird;Asia;Asia 99;2211;Aves/ACCEPTED
Carpodacus sibiricus;bird;Asia+Europe;Asia 92|Europe 5;23791;Aves/ACCEPTED
Carpodacus sipahi;bird;Asia;Asia 100;5627;Aves/ACCEPTED
Carpodacus stoliczkae;bird;Asia;Asia 99;336;Aves/ACCEPTED
Carpodacus subhimachalus;bird;Asia;Asia 100;2162;Aves/ACCEPTED
Carpodacus synoicus;bird;Asia;Asia 99|Africa 1;3290;Aves/ACCEPTED
Carpodacus thura;bird;Asia;Asia 100;4255;Aves/ACCEPTED
Carpodacus trifasciatus;bird;Asia;Asia 99;678;Aves/ACCEPTED
Carpodacus verreauxii;bird;Asia;Asia 100;595;Aves/ACCEPTED
Carpodacus vinaceus;bird;Asia;Asia 100;2516;Aves/ACCEPTED
Carpodacus waltoni;bird;Asia;Asia 99|North America 1;1711;Aves/ACCEPTED
Carpornis cucullata;bird;South America;South America 100;12069;Aves/ACCEPTED
Carpornis melanocephala;bird;South America;South America 99;2903;Aves/ACCEPTED
Carpospiza brachydactyla;bird;Asia;Asia 99|Africa 1;4519;Aves/ACCEPTED
Carterornis chrysomela;bird;Oceania;Oceania 94|Asia 2;3527;Aves/ACCEPTED
Carterornis leucotis;bird;Oceania;Oceania 100;16360;Aves/ACCEPTED
Carterornis pileatus;bird;Asia;Asia 100;844;Aves/ACCEPTED
Caryothraustes canadensis;bird;South America+North America;South America 94|North America 5;10382;Aves/ACCEPTED
Caryothraustes poliogaster;bird;North America;North America 100;48446;Aves/ACCEPTED
Casiornis fuscus;bird;South America;South America 100;1986;Aves/ACCEPTED
Casiornis rufus;bird;South America;South America 100;16197;Aves/ACCEPTED
Cassiculus melanicterus;bird;North America;North America 100;63722;Aves/SYNONYM
Castanozoster thoracicus;bird;South America;South America 100;4026;Aves/ACCEPTED
Castor canadensis;mammal;North America+South America;North America 65|South America 32|Europe 1;105012;Mammalia/ACCEPTED
Castor fiber;mammal;Europe;Europe 100;419083;Mammalia/ACCEPTED
Casuarius bennetti;bird;Oceania+Asia;Oceania 52|Asia 4|North America 1|Africa 1|Europe 1;348;Aves/ACCEPTED
Casuarius casuarius;bird;Oceania;Oceania 94;12800;Aves/ACCEPTED
Catamblyrhynchus diadema;bird;South America;South America 100;14653;Aves/ACCEPTED
Catamenia analis;bird;South America;South America 100;43075;Aves/ACCEPTED
Catamenia homochroa;bird;South America;South America 100;11222;Aves/ACCEPTED
Catamenia inornata;bird;South America;South America 100;37462;Aves/ACCEPTED
Cathartes aura;bird;North America+South America;North America 96|South America 4;17656296;Aves/ACCEPTED
Catharus aurantiirostris;bird;North America+South America;North America 81|South America 19;138743;Aves/ACCEPTED
Catharus bicknelli;bird;North America;North America 100;20645;Aves/ACCEPTED
Catharus dryas;bird;South America+North America;South America 64|North America 36;15978;Aves/ACCEPTED
Catharus frantzii;bird;North America;North America 99;45665;Aves/ACCEPTED
Catharus fuscater;bird;North America+South America;North America 67|South America 33;44617;Aves/ACCEPTED
Catharus fuscescens;bird;North America;North America 100;1452355;Aves/ACCEPTED
Catharus gracilirostris;bird;North America;North America 100;25584;Aves/ACCEPTED
Catharus guttatus;bird;North America;North America 100;3450032;Aves/ACCEPTED
Catharus maculatus;bird;South America;South America 100;9556;Aves/SYNONYM
Catharus mexicanus;bird;North America;North America 100;26198;Aves/ACCEPTED
Catharus minimus;bird;North America;North America 97|South America 3;306940;Aves/ACCEPTED
Catharus occidentalis;bird;North America;North America 99;16347;Aves/ACCEPTED
Catharus ustulatus;bird;North America+South America;North America 95|South America 5;2502949;Aves/ACCEPTED
Catherpes mexicanus;bird;North America;North America 100;416967;Aves/ACCEPTED
Catreus wallichii;bird;Asia;Asia 92|Europe 1;3594;Aves/ACCEPTED
Catriscus brevirostris;bird;Africa;Africa 99;4906;Aves/SYNONYM
Ceblepyris caesius;bird;Africa;Africa 99;16832;Aves/SYNONYM
Ceblepyris cinereus;bird;Africa;Africa 100;5635;Aves/SYNONYM
Ceblepyris pectoralis;bird;Africa;Africa 98;5283;Aves/SYNONYM
Cebus capucinus;mammal;South America+North America;South America 45|North America 42;2631;Mammalia/ACCEPTED
Cebus imitator;mammal;North America;North America 100;9129;Mammalia/ACCEPTED
Cecropis abyssinica;bird;Africa;Africa 100;211887;Aves/ACCEPTED
Cecropis badia;bird;Asia;Asia 100;6345;Aves/ACCEPTED
Cecropis cucullata;bird;Africa;Africa 100;224626;Aves/ACCEPTED
Cecropis daurica;bird;Asia+Europe;Asia 93|Europe 6;499217;Aves/ACCEPTED
Cecropis hyperythra;bird;Asia;Asia 100;17585;Aves/ACCEPTED
Cecropis melanocrissus;bird;;;;labels
Cecropis rufula;bird;;;;labels
Cecropis semirufa;bird;Africa;Africa 99;56178;Aves/ACCEPTED
Cecropis senegalensis;bird;Africa;Africa 100;25659;Aves/ACCEPTED
Cecropis striolata;bird;Asia;Asia 99;18657;Aves/ACCEPTED
Celebesica abbotti;bird;Asia;Asia 99;693;Aves/SYNONYM
Celeus castaneus;bird;North America;North America 100;31459;Aves/ACCEPTED
Celeus elegans;bird;South America;South America 99;16784;Aves/ACCEPTED
Celeus flavescens;bird;South America;South America 100;49635;Aves/ACCEPTED
Celeus flavus;bird;South America;South America 100;22849;Aves/ACCEPTED
Celeus galeatus;bird;South America;South America 99;1201;Aves/ACCEPTED
Celeus grammicus;bird;South America;South America 91|North America 2;655;Aves/ACCEPTED
Celeus loricatus;bird;North America+South America;North America 77|South America 23;47876;Aves/ACCEPTED
Celeus lugubris;bird;South America;South America 100;9961;Aves/ACCEPTED
Celeus obrieni;bird;South America;South America 99;617;Aves/ACCEPTED
Celeus ochraceus;bird;South America;South America 100;5746;Aves/ACCEPTED
Celeus spectabilis;bird;South America;South America 100;2495;Aves/ACCEPTED
Celeus torquatus;bird;South America;South America 100;9622;Aves/ACCEPTED
Celeus undatus;bird;South America;South America 100;15427;Aves/ACCEPTED
Centrocercus urophasianus;bird;North America;North America 99;25243;Aves/ACCEPTED
Centronyx bairdii;bird;North America;North America 100;22070;Aves/ACCEPTED
Centronyx henslowii;bird;North America;North America 100;109291;Aves/ACCEPTED
Centropus andamanensis;bird;Asia;Asia 100;14188;Aves/ACCEPTED
Centropus anselli;bird;Africa;Africa 99;607;Aves/ACCEPTED
Centropus ateralbus;bird;Oceania;Oceania 96|Asia 1;838;Aves/ACCEPTED
Centropus bengalensis;bird;Asia;Asia 99;94075;Aves/ACCEPTED
Centropus bernsteini;bird;Oceania;Oceania 99;1334;Aves/ACCEPTED
Centropus burchellii;bird;Africa;Africa 100;121423;Aves/SYNONYM
Centropus celebensis;bird;Asia;Asia 94;2396;Aves/ACCEPTED
Centropus chlororhynchos;bird;Asia;Asia 100;2703;Aves/ACCEPTED
Centropus cupreicaudus;bird;Africa;Africa 100;10959;Aves/ACCEPTED
Centropus goliath;bird;Asia;Asia 92;1471;Aves/ACCEPTED
Centropus grillii;bird;Africa;Africa 99;5716;Aves/ACCEPTED
Centropus leucogaster;bird;Africa;Africa 99;3365;Aves/ACCEPTED
Centropus melanops;bird;Asia;Asia 99;2971;Aves/ACCEPTED
Centropus menbeki;bird;Oceania;Oceania 94|Asia 2;2270;Aves/ACCEPTED
Centropus milo;bird;Oceania;Oceania 99;552;Aves/ACCEPTED
Centropus monachus;bird;Africa;Africa 100;11925;Aves/ACCEPTED
Centropus phasianinus;bird;Oceania;Oceania 99;172109;Aves/ACCEPTED
Centropus rectunguis;bird;Asia;Asia 99;654;Aves/ACCEPTED
Centropus senegalensis;bird;Africa;Africa 100;55227;Aves/ACCEPTED
Centropus sinensis;bird;Asia;Asia 100;1051464;Aves/ACCEPTED
Centropus superciliosus;bird;Africa;Africa 100;184838;Aves/ACCEPTED
Centropus toulou;bird;Africa;Africa 100;12970;Aves/ACCEPTED
Centropus unirufus;bird;Asia;Asia 100;1611;Aves/ACCEPTED
Centropus violaceus;bird;Oceania;Oceania 91|Asia 1;552;Aves/ACCEPTED
Centropus viridis;bird;Asia;Asia 100;16995;Aves/ACCEPTED
Cephalopterus glabricollis;bird;North America;North America 100;2855;Aves/ACCEPTED
Cephalopterus ornatus;bird;South America;South America 99;15813;Aves/ACCEPTED
Cephalopterus penduliger;bird;South America;South America 100;5246;Aves/ACCEPTED
Cephalopyrus flammiceps;bird;Asia;Asia 99;2338;Aves/ACCEPTED
Cepphus columba;bird;North America;North America 97;420895;Aves/ACCEPTED
Cepphus grylle;bird;Europe+North America;Europe 59|North America 39;702408;Aves/ACCEPTED
Ceratogymna atrata;bird;Africa;Africa 98;5002;Aves/ACCEPTED
Ceratogymna elata;bird;Africa;Africa 98;1780;Aves/ACCEPTED
Ceratopipra chloromeros;bird;South America;South America 99;5139;Aves/SYNONYM
Ceratopipra cornuta;bird;South America;South America 99;641;Aves/SYNONYM
Ceratopipra erythrocephala;bird;South America+North America;South America 91|North America 9;46245;Aves/SYNONYM
Ceratopipra mentalis;bird;North America+South America;North America 96|South America 4;86642;Aves/SYNONYM
Ceratopipra rubrocapilla;bird;South America;South America 99;16928;Aves/SYNONYM
Cercibis oxycerca;bird;South America;South America 100;7214;Aves/ACCEPTED
Cercococcyx mechowi;bird;Africa;Africa 99;3480;Aves/ACCEPTED
Cercococcyx montanus;bird;Africa;Africa 99;2160;Aves/ACCEPTED
Cercococcyx olivinus;bird;Africa;Africa 100;2610;Aves/ACCEPTED
Cercomacra brasiliana;bird;South America;South America 100;1114;Aves/ACCEPTED
Cercomacra carbonaria;bird;South America;South America 100;839;Aves/ACCEPTED
Cercomacra cinerascens;bird;South America;South America 100;29514;Aves/ACCEPTED
Cercomacra ferdinandi;bird;South America;South America 100;741;Aves/ACCEPTED
Cercomacra manu;bird;South America;South America 100;3146;Aves/ACCEPTED
Cercomacra melanaria;bird;South America;South America 100;7324;Aves/ACCEPTED
Cercomacra nigricans;bird;South America+North America;South America 85|North America 14;19405;Aves/ACCEPTED
Cercomacroides fuscicauda;bird;South America;South America 100;4499;Aves/SYNONYM
Cercomacroides laeta;bird;South America;South America 100;2077;Aves/SYNONYM
Cercomacroides nigrescens;bird;South America;South America 100;16328;Aves/SYNONYM
Cercomacroides parkeri;bird;South America;South America 100;12700;Aves/SYNONYM
Cercomacroides serva;bird;South America;South America 99;7032;Aves/SYNONYM
Cercomacroides tyrannina;bird;North America+South America;North America 77|South America 23;96687;Aves/SYNONYM
Cercopithecus ascanius;mammal;Africa;Africa 88|Europe 1;2090;Mammalia/ACCEPTED
Cercopithecus lowei;mammal;Africa;Africa 97;337;Mammalia/ACCEPTED
Cercopithecus mitis;mammal;Africa;Africa 95;9960;Mammalia/ACCEPTED
Cercopithecus nictitans;mammal;Africa;Africa 82|Europe 1;1139;Mammalia/ACCEPTED
Cercotrichas barbata;bird;Africa;Africa 100;1797;Aves/SYNONYM
Cercotrichas coryphoeus;bird;Africa;Africa 100;67444;Aves/SYNONYM
Cercotrichas galactotes;bird;Asia+Europe+Africa;Asia 52|Europe 23|Africa 13;54376;Aves/SYNONYM
Cercotrichas hartlaubi;bird;Africa;Africa 99;4117;Aves/SYNONYM
Cercotrichas leucophrys;bird;Africa;Africa 100;162948;Aves/SYNONYM
Cercotrichas paena;bird;Africa;Africa 100;57880;Aves/SYNONYM
Cercotrichas podobe;bird;Asia+Africa;Asia 52|Africa 48;8053;Aves/ACCEPTED
Cercotrichas quadrivirgata;bird;Africa;Africa 100;24048;Aves/SYNONYM
Cercotrichas signata;bird;Africa;Africa 99;9674;Aves/SYNONYM
Cerdocyon thous;mammal;South America;South America 99;25694;Mammalia/ACCEPTED
Cereopsis novaehollandiae;bird;Oceania;Oceania 99|Europe 1;52727;Aves/ACCEPTED
Cerorhinca monocerata;bird;North America;North America 64|Asia 1;278763;Aves/ACCEPTED
Certhia americana;bird;North America;North America 100;2981440;Aves/ACCEPTED
Certhia brachydactyla;bird;Europe;Europe 100;1835958;Aves/ACCEPTED
Certhia discolor;bird;Asia;Asia 100;5757;Aves/ACCEPTED
Certhia familiaris;bird;Europe;Europe 99|Asia 1;1211299;Aves/ACCEPTED
Certhia himalayana;bird;Asia;Asia 100;24442;Aves/ACCEPTED
Certhia hodgsoni;bird;Asia;Asia 100;4498;Aves/ACCEPTED
Certhia manipurensis;bird;Asia;Asia 100;4629;Aves/ACCEPTED
Certhia nipalensis;bird;Asia;Asia 100;3824;Aves/ACCEPTED
Certhia tianquanensis;bird;Asia;Asia 100;524;Aves/ACCEPTED
Certhiasomus stictolaemus;bird;South America;South America 99;1867;Aves/SYNONYM
Certhiaxis cinnamomeus;bird;South America;South America 100;126458;Aves/ACCEPTED
Certhiaxis mustelinus;bird;South America;South America 100;3670;Aves/ACCEPTED
Certhidea fusca;bird;South America;South America 99;5711;Aves/ACCEPTED
Certhidea olivacea;bird;South America;South America 98;4838;Aves/ACCEPTED
Certhilauda chuana;bird;Africa;Africa 100;2412;Aves/ACCEPTED
Certhilauda curvirostris;bird;Africa;Africa 98;4330;Aves/ACCEPTED
Certhilauda semitorquata;bird;Africa;Africa 100;6744;Aves/ACCEPTED
Certhilauda subcoronata;bird;Africa;Africa 100;13560;Aves/ACCEPTED
Certhionyx variegatus;bird;Oceania;Oceania 100;18605;Aves/ACCEPTED
Cervus canadensis;mammal;North America;North America 96|Asia 1;45157;Mammalia/SYNONYM
Cervus elaphus;mammal;Europe+North America;Europe 92|North America 6|Oceania 1;693113;Mammalia/ACCEPTED
Cervus nippon;mammal;Europe+Asia+North America;Europe 49|Asia 36|North America 4|Oceania 1;21733;Mammalia/ACCEPTED
Ceryle rudis;bird;Africa+Asia;Africa 50|Asia 50;542452;Aves/ACCEPTED
Cettia brunnifrons;bird;Asia;Asia 100;8116;Aves/ACCEPTED
Cettia castaneocoronata;bird;Asia;Asia 100;15903;Aves/ACCEPTED
Cettia cetti;bird;Europe+Asia;Europe 95|Asia 5;1589501;Aves/ACCEPTED
Cettia major;bird;Asia;Asia 100;1343;Aves/ACCEPTED
Ceuthmochares aereus;bird;Africa;Africa 99;16276;Aves/ACCEPTED
Ceuthmochares australis;bird;Africa;Africa 100;4340;Aves/ACCEPTED
Ceyx azureus;bird;Oceania;Oceania 99;92866;Aves/ACCEPTED
Ceyx cyanopectus;bird;Asia;Asia 99;1540;Aves/ACCEPTED
Ceyx erithaca;bird;Asia;Asia 98;20045;Aves/ACCEPTED
Ceyx fallax;bird;Asia;Asia 97;959;Aves/ACCEPTED
Ceyx lepidus;bird;Asia+Oceania;Asia 62|Oceania 17;913;Aves/ACCEPTED
Ceyx margarethae;bird;Asia;Asia 96;432;Aves/ACCEPTED
Ceyx melanurus;bird;Asia;Asia 93;503;Aves/ACCEPTED
Ceyx pusillus;bird;Oceania;Oceania 99|Asia 1;9194;Aves/ACCEPTED
Ceyx rufidorsa;bird;Asia;Asia 98;10858;Aves/SYNONYM
Ceyx solitarius;bird;Oceania;Oceania 94|Asia 3;2888;Aves/ACCEPTED
Chaetocercus bombus;bird;South America;South America 99;3271;Aves/ACCEPTED
Chaetocercus heliodor;bird;South America;South America 98;14703;Aves/ACCEPTED
Chaetocercus jourdanii;bird;South America;South America 95|North America 1;2016;Aves/ACCEPTED
Chaetocercus mulsant;bird;South America;South America 100;61774;Aves/ACCEPTED
Chaetops aurantius;bird;Africa;Africa 100;2961;Aves/ACCEPTED
Chaetops frenatus;bird;Africa;Africa 99;4928;Aves/ACCEPTED
Chaetorhynchus papuensis;bird;Oceania+Asia;Oceania 92|Asia 4;1247;Aves/ACCEPTED
Chaetornis striata;bird;Asia;Asia 100;2504;Aves/ACCEPTED
Chaetura brachyura;bird;South America+North America;South America 76|North America 24;77854;Aves/ACCEPTED
Chaetura chapmani;bird;South America;South America 99|North America 1;4974;Aves/ACCEPTED
Chaetura cinereiventris;bird;South America+North America;South America 72|North America 28;81555;Aves/ACCEPTED
Chaetura egregia;bird;South America;South America 100;5040;Aves/ACCEPTED
Chaetura fumosa;bird;North America;North America 100;15852;Aves/ACCEPTED
Chaetura martinica;bird;North America;North America 100;3581;Aves/ACCEPTED
Chaetura meridionalis;bird;South America;South America 100;77864;Aves/ACCEPTED
Chaetura pelagica;bird;North America;North America 100;3896851;Aves/ACCEPTED
Chaetura spinicaudus;bird;South America+North America;South America 53|North America 47;28980;Aves/ACCEPTED
Chaetura vauxi;bird;North America;North America 100;428050;Aves/ACCEPTED
Chalcites basalis;bird;Oceania;Oceania 99;137353;Aves/SYNONYM
Chalcites lucidus;bird;Oceania;Oceania 100;200569;Aves/SYNONYM
Chalcites megarhynchus;bird;Oceania;Oceania 100;358;Aves/ACCEPTED
Chalcites meyerii;bird;Oceania;Oceania 98|Asia 1;913;Aves/ACCEPTED
Chalcites osculans;bird;Oceania;Oceania 100;17278;Aves/SYNONYM
Chalcites ruficollis;bird;Oceania;Oceania 99;1016;Aves/SYNONYM
Chalcomitra adelberti;bird;Africa;Africa 99;4116;Aves/ACCEPTED
Chalcomitra amethystina;bird;Africa;Africa 100;198592;Aves/ACCEPTED
Chalcomitra fuliginosa;bird;Africa;Africa 97;1347;Aves/ACCEPTED
Chalcomitra hunteri;bird;Africa;Africa 100;5828;Aves/ACCEPTED
Chalcomitra rubescens;bird;Africa;Africa 98|South America 1;4809;Aves/ACCEPTED
Chalcomitra senegalensis;bird;Africa;Africa 100;118901;Aves/ACCEPTED
Chalcoparia singalensis;bird;Asia;Asia 99;27386;Aves/ACCEPTED
Chalcophaps indica;bird;Asia+Oceania;Asia 95|Oceania 4;161166;Aves/ACCEPTED
Chalcophaps longirostris;bird;Oceania+Asia;Oceania 97|Asia 3;57679;Aves/ACCEPTED
Chalcophaps stephani;bird;Oceania+Asia;Oceania 77|Asia 18;3448;Aves/ACCEPTED
Chalcopsitta atra;bird;Oceania+Asia;Oceania 80|Asia 4|North America 1;875;Aves/ACCEPTED
Chalcopsitta cardinalis;bird;Oceania;Oceania 98;1708;Aves/ACCEPTED
Chalcopsitta duivenbodei;bird;Oceania+Asia+North America;Oceania 68|Asia 7|North America 3;530;Aves/ACCEPTED
Chalcopsitta fuscata;bird;;;;labels
Chalcostigma herrani;bird;South America;South America 99;11156;Aves/ACCEPTED
Chalcostigma heteropogon;bird;South America;South America 96;4511;Aves/ACCEPTED
Chalcostigma ruficeps;bird;South America;South America 99;3061;Aves/ACCEPTED
Chalcostigma stanleyi;bird;South America;South America 99;6068;Aves/ACCEPTED
Chalcothraupis ruficervix;bird;South America;South America 100;50551;Aves/ACCEPTED
Chalybura buffonii;bird;South America+North America;South America 76|North America 24;71264;Aves/ACCEPTED
Chalybura urochrysia;bird;North America+South America;North America 95|South America 4;36987;Aves/ACCEPTED
Chamaea fasciata;bird;North America;North America 100;787950;Aves/ACCEPTED
Chamaepetes goudotii;bird;South America;South America 100;65645;Aves/ACCEPTED
Chamaepetes unicolor;bird;North America;North America 100;36646;Aves/ACCEPTED
Chamaetylas fuelleborni;bird;Africa;Africa 99;962;Aves/SYNONYM
Chamaetylas poliocephala;bird;Africa;Africa 99;3587;Aves/ACCEPTED
Chamaetylas poliophrys;bird;Africa;Africa 100;1699;Aves/ACCEPTED
Chamaeza campanisona;bird;South America;South America 100;24829;Aves/ACCEPTED
Chamaeza meruloides;bird;South America;South America 100;7893;Aves/ACCEPTED
Chamaeza mollissima;bird;South America;South America 100;2169;Aves/ACCEPTED
Chamaeza nobilis;bird;South America;South America 100;1725;Aves/ACCEPTED
Chamaeza ruficauda;bird;South America;South America 100;4621;Aves/ACCEPTED
Chamaeza turdina;bird;South America;South America 100;2703;Aves/ACCEPTED
Charadrius alexandrinus;bird;Asia+Europe;Asia 53|Europe 41|Africa 2;558261;Aves/ACCEPTED
Charadrius bicinctus;bird;Oceania;Oceania 98;17497;Aves/ACCEPTED
Charadrius collaris;bird;South America+North America;South America 84|North America 14;2659;Aves/ACCEPTED
Charadrius dubius;bird;Europe+Asia;Europe 86|Asia 13;259608;Aves/ACCEPTED
Charadrius falklandicus;bird;South America;South America 94|Europe 1;788;Aves/ACCEPTED
Charadrius hiaticula;bird;Europe+Africa+Asia;Europe 92|Africa 4|Asia 3;1852559;Aves/ACCEPTED
Charadrius javanicus;bird;Asia+Ocean;Asia 42;12;Aves/ACCEPTED
Charadrius leschenaultii;bird;Global;Asia 63|Oceania 25|Africa 5|Europe 5;143881;Aves/ACCEPTED
Charadrius melodus;bird;North America;North America 100;334074;Aves/ACCEPTED
Charadrius modestus;bird;South America;South America 100;24420;Aves/ACCEPTED
Charadrius mongolus;bird;Oceania+Asia+Africa;Oceania 56|Asia 36|Africa 5;27972;Aves/ACCEPTED
Charadrius montanus;bird;North America;North America 95;3047;Aves/ACCEPTED
Charadrius morinellus;bird;Europe;Europe 98|Asia 1;90622;Aves/ACCEPTED
Charadrius nivosus;bird;North America;North America 95|South America 2;4890;Aves/ACCEPTED
Charadrius peronii;bird;Asia;Asia 65|Africa 1|Europe 1;164;Aves/ACCEPTED
Charadrius placidus;bird;Asia;Asia 88;2138;Aves/ACCEPTED
Charadrius semipalmatus;bird;North America+South America;North America 96|South America 3;1759226;Aves/ACCEPTED
Charadrius tricollaris;bird;Africa;Africa 100;154910;Aves/ACCEPTED
Charadrius veredus;bird;Oceania+Asia+Europe;Oceania 54|Asia 39|Europe 6;9238;Aves/ACCEPTED
Charadrius vociferus;bird;North America;North America 100;9900391;Aves/ACCEPTED
Charadrius wilsonia;bird;North America+South America;North America 76|South America 19;6046;Aves/ACCEPTED
Charitospiza eucosma;bird;South America;South America 100;2423;Aves/ACCEPTED
Charmosyna margarethae;bird;Oceania;Oceania 72;89;Aves/ACCEPTED
Charmosyna papou;bird;Oceania+Asia;Oceania 66|Asia 10|Europe 1|North America 1;1073;Aves/ACCEPTED
Charmosyna placentis;bird;Oceania+Asia;Oceania 36|Asia 16;680;Aves/ACCEPTED
Charmosyna stellae;bird;Oceania;Oceania 100;2545;Aves/ACCEPTED
Charmosynopsis pulchella;bird;Oceania;Oceania 98|Asia 2;482;Aves/ACCEPTED
Chasiempis ibidis;bird;Oceania+North America;Oceania 89|North America 8;2829;Aves/ACCEPTED
Chasiempis sandwichensis;bird;Oceania;Oceania 98;21082;Aves/ACCEPTED
Chasiempis sclateri;bird;Oceania;Oceania 99|North America 1;5762;Aves/ACCEPTED
Chauna chavaria;bird;South America;South America 98|North America 1;10390;Aves/ACCEPTED
Chauna torquata;bird;South America;South America 100;100176;Aves/ACCEPTED
Chelictinia riocourii;bird;Africa;Africa 100;1794;Aves/ACCEPTED
Chelidoptera tenebrosa;bird;South America;South America 100;65815;Aves/ACCEPTED
Chelidorhynx hypoxanthus;bird;Asia;Asia 100;36384;Aves/ACCEPTED
Chenonetta jubata;bird;Oceania;Oceania 100;965030;Aves/ACCEPTED
Cheramoeca leucosterna;bird;Oceania;Oceania 100;35073;Aves/ACCEPTED
Chersomanes albofasciata;bird;Africa;Africa 100;48391;Aves/ACCEPTED
Chersophilus duponti;bird;Europe+Africa;Europe 76|Africa 6;13035;Aves/ACCEPTED
Chionis albus;bird;Antarctica+South America;Antarctica 48|South America 46|Africa 1;20841;Aves/ACCEPTED
Chionomesa fimbriata;bird;South America;South America 100;109756;Aves/ACCEPTED
Chionomesa lactea;bird;South America;South America 100;43415;Aves/ACCEPTED
Chiromantis xerampelina;amphibian;Africa;Africa 99;4225;Amphibia/ACCEPTED
Chiroxiphia boliviana;bird;South America;South America 100;5923;Aves/ACCEPTED
Chiroxiphia caudata;bird;South America;South America 100;88565;Aves/ACCEPTED
Chiroxiphia galeata;bird;South America;South America 92;934;Aves/ACCEPTED/via Antilophia galeata
Chiroxiphia lanceolata;bird;South America+North America;South America 52|North America 47;33320;Aves/ACCEPTED
Chiroxiphia linearis;bird;North America;North America 100;55991;Aves/ACCEPTED
Chiroxiphia pareola;bird;South America;South America 99;18936;Aves/ACCEPTED
Chlamydera cerviniventris;bird;Oceania;Oceania 97|Asia 1;4700;Aves/ACCEPTED
Chlamydera guttata;bird;Oceania;Oceania 100;12283;Aves/ACCEPTED
Chlamydera maculata;bird;Oceania;Oceania 100;30233;Aves/ACCEPTED
Chlamydera nuchalis;bird;Oceania;Oceania 100;100493;Aves/ACCEPTED
Chlamydochaera jefferyi;bird;Asia;Asia 100;1584;Aves/ACCEPTED
Chlidonias albostriatus;bird;Oceania;Oceania 90;25901;Aves/ACCEPTED
Chlidonias hybrida;bird;Global;Asia 46|Europe 25|Oceania 20|Africa 8;648391;Aves/ACCEPTED
Chlidonias leucopterus;bird;Global;Asia 34|Europe 31|Africa 21|Oceania 11|North America 1;181714;Aves/ACCEPTED
Chlidonias niger;bird;North America+Europe;North America 55|Europe 40|Africa 1|Asia 1;821108;Aves/ACCEPTED
Chloealtis abdominalis;insect;North America;North America 98;1007;Insecta/ACCEPTED
Chloebia gouldiae;bird;Oceania;Oceania 88|North America 2|Europe 1;11352;Aves/SYNONYM
Chloephaga hybrida;bird;South America;South America 96|Africa 2;21457;Aves/ACCEPTED
Chloephaga picta;bird;South America+Europe;South America 94|Europe 6;110665;Aves/ACCEPTED
Chloephaga poliocephala;bird;South America;South America 99;30766;Aves/ACCEPTED
Chloephaga rubidiceps;bird;South America;South America 98;10682;Aves/ACCEPTED
Chlorestes candida;bird;North America;North America 100;73543;Aves/ACCEPTED
Chlorestes cyanus;bird;South America;South America 99;21701;Aves/ACCEPTED
Chlorestes eliciae;bird;North America;North America 100;41012;Aves/ACCEPTED
Chlorestes julie;bird;North America+South America;North America 69|South America 30;30497;Aves/ACCEPTED
Chlorestes notata;bird;South America;South America 98|North America 1;17893;Aves/ACCEPTED
Chloris ambigua;bird;Asia;Asia 99;3477;Aves/ACCEPTED
Chloris chloris;bird;North America;North America 99;7443;Aves/ACCEPTED/via Abeillia abeillei
Chloris monguilloti;bird;Asia;Asia 100;1936;Aves/ACCEPTED
Chloris sinica;bird;North America;North America 99;7443;Aves/ACCEPTED/via Abeillia abeillei
Chloris spinoides;bird;Asia;Asia 100;18065;Aves/ACCEPTED
Chlorocebus pygerythrus;mammal;Africa;Africa 98;15080;Mammalia/ACCEPTED
Chloroceryle aenea;bird;North America+South America;North America 60|South America 39;60814;Aves/ACCEPTED
Chloroceryle amazona;bird;South America+North America;South America 61|North America 39;237490;Aves/ACCEPTED
Chloroceryle americana;bird;North America+South America;North America 66|South America 34;358408;Aves/ACCEPTED
Chloroceryle inda;bird;South America+North America;South America 82|North America 18;22765;Aves/ACCEPTED
Chlorocharis emiliae;bird;Asia;Asia 100;2686;Aves/ACCEPTED
Chlorochrysa calliparaea;bird;South America;South America 100;12172;Aves/ACCEPTED
Chlorochrysa nitidissima;bird;South America;South America 100;12588;Aves/ACCEPTED
Chlorochrysa phoenicotis;bird;South America;South America 100;22994;Aves/ACCEPTED
Chlorocichla falkensteini;bird;Africa;Africa 99;673;Aves/ACCEPTED
Chlorocichla flaviventris;bird;Africa;Africa 99;71033;Aves/ACCEPTED
Chlorocichla laetissima;bird;Africa;Africa 100;3869;Aves/ACCEPTED
Chlorocichla simplex;bird;Africa;Africa 100;6546;Aves/ACCEPTED
Chlorocysta vitripennis;insect;Oceania;Oceania 100;682;Insecta/ACCEPTED
Chlorodrepanis flava;bird;Oceania;Oceania 98|North America 1;5367;Aves/ACCEPTED
Chlorodrepanis stejnegeri;bird;Oceania;Oceania 99;3650;Aves/ACCEPTED
Chlorodrepanis virens;bird;Oceania;Oceania 99;48848;Aves/ACCEPTED
Chlorohyla chloris;amphibian;North America;North America 98;10252;Amphibia/ACCEPTED/via Agalychnis callidryas
Chlorophanes spiza;bird;North America+South America;North America 53|South America 47;280992;Aves/ACCEPTED
Chlorophoneus bocagei;bird;Africa;Africa 99;4938;Aves/ACCEPTED
Chlorophoneus multicolor;bird;Africa;Africa 98;1669;Aves/ACCEPTED
Chlorophoneus nigrifrons;bird;Africa;Africa 99;5203;Aves/ACCEPTED
Chlorophoneus olivaceus;bird;Africa;Africa 99;33370;Aves/ACCEPTED
Chlorophoneus sulfureopectus;bird;Africa;Africa 100;116887;Aves/ACCEPTED
Chlorophonia callophrys;bird;North America;North America 100;48193;Aves/ACCEPTED
Chlorophonia cyanea;bird;South America;South America 100;45229;Aves/ACCEPTED
Chlorophonia cyanocephala;bird;South America;South America 100;33583;Aves/SYNONYM
Chlorophonia elegantissima;bird;North America;North America 100;54146;Aves/SYNONYM
Chlorophonia flavifrons;bird;North America;North America 98;1296;Aves/SYNONYM
Chlorophonia flavirostris;bird;South America;South America 99|North America 1;9388;Aves/ACCEPTED
Chlorophonia musica;bird;North America;North America 96|South America 3;11589;Aves/SYNONYM
Chlorophonia occipitalis;bird;North America;North America 99;12732;Aves/ACCEPTED
Chlorophonia pyrrhophrys;bird;South America;South America 100;10785;Aves/ACCEPTED
Chlorophonia sclateri;bird;North America;North America 100;5889;Aves/SYNONYM
Chloropicus fuscescens;bird;;;0;Aves/ACCEPTED
Chloropicus goertae;bird;;;0;Aves/ACCEPTED
Chloropicus griseocephalus;bird;;;0;Aves/ACCEPTED
Chloropicus namaquus;bird;Africa;Africa 100;45271;Aves/ACCEPTED
Chloropicus pyrrhogaster;bird;Africa;Africa 100;2919;Aves/ACCEPTED
Chloropicus spodocephalus;bird;;;0;Aves/ACCEPTED
Chloropicus xantholophus;bird;Africa;Africa 100;3776;Aves/ACCEPTED
Chloropipo flavicapilla;bird;South America;South America 99;2060;Aves/SYNONYM
Chloropipo unicolor;bird;South America;South America 99;819;Aves/SYNONYM
Chloropsis aurifrons;bird;Asia;Asia 100;111499;Aves/ACCEPTED
Chloropsis cochinchinensis;bird;Asia;Asia 66;1273;Aves/ACCEPTED
Chloropsis cyanopogon;bird;Asia;Asia 99;14341;Aves/ACCEPTED
Chloropsis flavipennis;bird;Asia;Asia 99;722;Aves/ACCEPTED
Chloropsis hardwickii;bird;Asia;Asia 100;34632;Aves/ACCEPTED
Chloropsis jerdoni;bird;Asia;Asia 100;54991;Aves/ACCEPTED
Chloropsis kinabaluensis;bird;Asia;Asia 100;2259;Aves/ACCEPTED
Chloropsis moluccensis;bird;Asia;Asia 100;24903;Aves/ACCEPTED
Chloropsis palawanensis;bird;Africa+Asia;Africa 54|Asia 45;5288;Aves/ACCEPTED
Chloropsis sonnerati;bird;Asia;Asia 74;1122;Aves/ACCEPTED
Chlorornis riefferii;bird;South America;South America 100;31735;Aves/ACCEPTED
Chlorospingus canigularis;bird;South America+North America;South America 86|North America 14;17858;Aves/ACCEPTED
Chlorospingus flavigularis;bird;South America;South America 99|North America 1;46096;Aves/ACCEPTED
Chlorospingus flavopectus;bird;North America+South America;North America 71|South America 29;208041;Aves/ACCEPTED
Chlorospingus flavovirens;bird;South America;South America 100;819;Aves/SYNONYM
Chlorospingus parvirostris;bird;South America;South America 100;5319;Aves/ACCEPTED
Chlorospingus pileatus;bird;North America;North America 100;42914;Aves/ACCEPTED
Chlorospingus semifuscus;bird;South America;South America 100;31802;Aves/ACCEPTED
Chlorostilbon alice;bird;South America;South America 99;1824;Aves/ACCEPTED
Chlorostilbon assimilis;bird;North America;North America 100;25021;Aves/ACCEPTED
Chlorostilbon canivetii;bird;North America;North America 100;65602;Aves/SYNONYM
Chlorostilbon gibsoni;bird;South America;South America 99;23161;Aves/ACCEPTED
Chlorostilbon lucidus;bird;South America;South America 100;183594;Aves/ACCEPTED
Chlorostilbon melanorhynchus;bird;South America;South America 100;53115;Aves/ACCEPTED
Chlorostilbon mellisugus;bird;South America;South America 98;41277;Aves/ACCEPTED
Chlorostilbon poortmani;bird;South America;South America 93;6072;Aves/ACCEPTED
Chlorothraupis carmioli;bird;North America;North America 100;33506;Aves/ACCEPTED
Chlorothraupis frenata;bird;South America;South America 100;3618;Aves/ACCEPTED
Chlorothraupis olivacea;bird;South America+North America;South America 78|North America 22;3189;Aves/ACCEPTED
Chlorothraupis stolzmanni;bird;South America;South America 100;18050;Aves/ACCEPTED
Cholornis unicolor;bird;Asia;Asia 100;3649;Aves/ACCEPTED
Chondestes grammacus;bird;North America;North America 100;1067485;Aves/ACCEPTED
Chondrohierax uncinatus;bird;North America+South America;North America 50|South America 50;60840;Aves/ACCEPTED
Chordeiles acutipennis;bird;North America+South America;North America 91|South America 8;162357;Aves/ACCEPTED
Chordeiles gundlachii;bird;North America;North America 100;21335;Aves/ACCEPTED
Chordeiles minor;bird;North America;North America 99|South America 1;986311;Aves/ACCEPTED
Chordeiles nacunda;bird;South America;South America 100;19332;Aves/ACCEPTED
Chordeiles pusillus;bird;South America;South America 100;5596;Aves/ACCEPTED
Chordeiles rupestris;bird;South America;South America 100;7924;Aves/ACCEPTED
Chorthippus albomarginatus;insect;Europe;Europe 100;70125;Insecta/ACCEPTED
Chorthippus apricarius;insect;Europe;Europe 97|Asia 2;19419;Insecta/ACCEPTED
Chorthippus biguttulus;insect;Europe;Europe 100;269876;Insecta/ACCEPTED
Chorthippus brunneus;insect;Europe;Europe 100;261937;Insecta/ACCEPTED
Chorthippus dorsatus;insect;Europe;Europe 100;79824;Insecta/ACCEPTED
Chorthippus maritimus;insect;Asia+Europe;Asia 53|Europe 41;1269;Insecta/ACCEPTED
Chorthippus mollis;insect;Europe;Europe 100;41865;Insecta/ACCEPTED
Chorthippus vagans;insect;Europe;Europe 99;16363;Insecta/ACCEPTED
Chremistica ochracea;insect;Asia;Asia 93;1391;Insecta/ACCEPTED
Chroicocephalus brunnicephalus;bird;Asia;Asia 98;64742;Aves/ACCEPTED
Chroicocephalus bulleri;bird;Oceania;Oceania 96;52607;Aves/ACCEPTED
Chroicocephalus cirrocephalus;bird;Africa+South America;Africa 70|South America 29;153036;Aves/ACCEPTED
Chroicocephalus genei;bird;Europe+Asia+Africa;Europe 55|Asia 37|Africa 6;179672;Aves/ACCEPTED
Chroicocephalus hartlaubii;bird;Africa;Africa 100;85773;Aves/ACCEPTED
Chroicocephalus maculipennis;bird;South America;South America 99;187471;Aves/ACCEPTED
Chroicocephalus novaehollandiae;bird;Oceania;Oceania 98;1243533;Aves/ACCEPTED
Chroicocephalus philadelphia;bird;North America;North America 94|Europe 1;1501073;Aves/ACCEPTED
Chroicocephalus ridibundus;bird;Europe+Asia;Europe 95|Asia 3|North America 1;6920221;Aves/ACCEPTED
Chroicocephalus serranus;bird;South America;South America 100;73881;Aves/ACCEPTED
Chrysochraon dispar;insect;Europe;Europe 100;93795;Insecta/ACCEPTED
Chrysococcyx basalis;bird;Oceania;Oceania 99;137353;Aves/ACCEPTED
Chrysococcyx caprius;bird;Africa;Africa 99;186776;Aves/ACCEPTED
Chrysococcyx cupreus;bird;Africa;Africa 99;32928;Aves/ACCEPTED
Chrysococcyx flavigularis;bird;Africa;Africa 100;1167;Aves/ACCEPTED
Chrysococcyx klaas;bird;Africa;Africa 100;104930;Aves/ACCEPTED
Chrysococcyx lucidus;bird;Oceania;Oceania 100;200569;Aves/ACCEPTED
Chrysococcyx maculatus;bird;Asia;Asia 100;5705;Aves/ACCEPTED
Chrysococcyx minutillus;bird;Oceania+Asia;Oceania 85|Asia 15;52570;Aves/ACCEPTED
Chrysococcyx osculans;bird;Oceania;Oceania 100;17278;Aves/ACCEPTED
Chrysococcyx xanthorhynchus;bird;Asia;Asia 100;14392;Aves/ACCEPTED
Chrysocolaptes erythrocephalus;bird;Asia;Asia 100;735;Aves/ACCEPTED
Chrysocolaptes festivus;bird;Asia;Asia 100;22787;Aves/ACCEPTED
Chrysocolaptes guttacristatus;bird;Asia;Asia 100;35831;Aves/ACCEPTED
Chrysocolaptes haematribon;bird;Asia;Asia 100;2711;Aves/ACCEPTED
Chrysocolaptes lucidus;bird;Asia;Asia 97;2056;Aves/ACCEPTED
Chrysocolaptes socialis;bird;Asia;Asia 100;48370;Aves/ACCEPTED
Chrysocolaptes stricklandi;bird;Asia;Asia 100;4936;Aves/ACCEPTED
Chrysocolaptes validus;bird;Asia;Asia 96;4713;Aves/SYNONYM
Chrysocolaptes xanthocephalus;bird;Asia;Asia 100;244;Aves/ACCEPTED
Chrysocyon brachyurus;mammal;South America;South America 86|Europe 2;2687;Mammalia/ACCEPTED
Chrysolampis mosquitus;bird;South America;South America 95|North America 2;28036;Aves/ACCEPTED
Chrysolophus amherstiae;bird;Europe+Asia;Europe 51|Asia 35|North America 2;5567;Aves/ACCEPTED
Chrysolophus pictus;bird;Europe+Asia+North America;Europe 54|Asia 26|North America 5|Oceania 3;8197;Aves/ACCEPTED
Chrysomma altirostre;bird;Asia;Asia 100;1751;Aves/ACCEPTED
Chrysomma sinense;bird;Asia;Asia 100;86212;Aves/ACCEPTED
Chrysomus icterocephalus;bird;South America;South America 98|North America 2;55705;Aves/ACCEPTED
Chrysomus ruficapillus;bird;South America;South America 100;74478;Aves/ACCEPTED
Chrysophlegma flavinucha;bird;Asia;Asia 100;33597;Aves/ACCEPTED
Chrysophlegma mentale;bird;Asia;Asia 97;6472;Aves/ACCEPTED
Chrysophlegma miniaceum;bird;Asia;Asia 99;20019;Aves/ACCEPTED
Chrysothlypis chrysomelas;bird;North America;North America 100;18403;Aves/ACCEPTED
Chrysothlypis salmoni;bird;South America;South America 100;5358;Aves/ACCEPTED
Chrysuronia boucardi;bird;;;;labels
Chrysuronia brevirostris;bird;South America;South America 99|North America 1;12157;Aves/ACCEPTED
Chrysuronia coeruleogularis;bird;North America+South America;North America 89|South America 11;21457;Aves/ACCEPTED
Chrysuronia goudoti;bird;South America;South America 98;15233;Aves/ACCEPTED
Chrysuronia grayi;bird;South America;South America 97;4448;Aves/ACCEPTED
Chrysuronia humboldtii;bird;South America+North America;South America 94|North America 5;724;Aves/ACCEPTED
Chrysuronia leucogaster;bird;South America;South America 99;6430;Aves/ACCEPTED
Chrysuronia oenone;bird;South America;South America 99;37387;Aves/ACCEPTED
Chrysuronia versicolor;bird;South America;South America 100;44551;Aves/ACCEPTED
Chunga burmeisteri;bird;South America;South America 99;5243;Aves/ACCEPTED
Cicada barbara;insect;Europe+Africa;Europe 89|Africa 10;1669;Insecta/DOUBTFUL
Cicada cretensis;insect;Europe;Europe 99;752;Insecta/DOUBTFUL
Cicada mordoganensis;insect;Asia;Asia 91|Europe 3;313;Insecta/DOUBTFUL
Cicada orni;insect;Europe;Europe 98|Asia 2;22522;Insecta/DOUBTFUL
Cicadatra atra;insect;Europe+Asia;Europe 92|Asia 3;2195;Insecta/ACCEPTED
Cicadetta montana;insect;Europe;Europe 95|Asia 3;6338;Insecta/ACCEPTED
Ciccaba albitarsis;bird;South America;South America 100;6947;Aves/SYNONYM
Ciccaba huhula;bird;South America;South America 100;10147;Aves/SYNONYM
Ciccaba nigrolineata;bird;North America+South America;North America 75|South America 25;27098;Aves/SYNONYM
Ciccaba virgata;bird;North America+South America;North America 79|South America 21;77014;Aves/SYNONYM
Cichladusa arquata;bird;Africa;Africa 100;9233;Aves/ACCEPTED
Cichladusa guttata;bird;Africa;Africa 100;24618;Aves/ACCEPTED
Cichladusa ruficauda;bird;Africa;Africa 99;1764;Aves/ACCEPTED
Cichlocolaptes leucophrus;bird;South America;South America 100;6940;Aves/ACCEPTED
Cichlopsis leucogenys;bird;South America;South America 100;3533;Aves/ACCEPTED
Cicinnurus magnificus;bird;Oceania+Asia;Oceania 71|Asia 20;4055;Aves/SYNONYM
Cicinnurus regius;bird;Oceania+Asia;Oceania 74|Asia 12;4102;Aves/ACCEPTED
Cicinnurus respublica;bird;Oceania+Asia;Oceania 69|Asia 20;1636;Aves/SYNONYM
Ciconia ciconia;bird;Europe+Asia+Africa;Europe 93|Asia 4|Africa 3;1999394;Aves/ACCEPTED
Ciconia maguari;bird;South America;South America 100;72476;Aves/ACCEPTED
Ciconia nigra;bird;Europe+Asia+Africa;Europe 61|Asia 25|Africa 13;420336;Aves/ACCEPTED
Cinclidium frontale;bird;Asia;Asia 100;1095;Aves/ACCEPTED
Cinclocerthia gutturalis;bird;North America;North America 100;2694;Aves/ACCEPTED
Cinclocerthia ruficauda;bird;North America;North America 97|South America 2;7358;Aves/ACCEPTED
Cinclodes albidiventris;bird;South America;South America 100;17450;Aves/ACCEPTED
Cinclodes albiventris;bird;South America;South America 100;33999;Aves/SYNONYM
Cinclodes antarcticus;bird;South America;South America 99;5670;Aves/ACCEPTED
Cinclodes aricomae;bird;South America;South America 100;623;Aves/ACCEPTED
Cinclodes atacamensis;bird;South America;South America 100;14323;Aves/ACCEPTED
Cinclodes comechingonus;bird;South America;South America 98;1752;Aves/ACCEPTED
Cinclodes excelsior;bird;South America;South America 100;17118;Aves/ACCEPTED
Cinclodes fuscus;bird;South America;South America 100;95105;Aves/ACCEPTED
Cinclodes nigrofumosus;bird;South America;South America 99;13550;Aves/ACCEPTED
Cinclodes olrogi;bird;South America;South America 100;1955;Aves/ACCEPTED
Cinclodes oustaleti;bird;South America;South America 100;18748;Aves/ACCEPTED
Cinclodes pabsti;bird;South America;South America 98;1750;Aves/ACCEPTED
Cinclodes palliatus;bird;South America;South America 100;1056;Aves/ACCEPTED
Cinclodes patagonicus;bird;South America;South America 100;63093;Aves/ACCEPTED
Cinclodes taczanowskii;bird;South America;South America 99;3851;Aves/ACCEPTED
Cincloramphus bivittatus;bird;Asia;Asia 100;693;Aves/SYNONYM
Cincloramphus cruralis;bird;Oceania;Oceania 100;71598;Aves/SYNONYM
Cincloramphus macrurus;bird;Oceania;Oceania 99|Asia 1;1649;Aves/SYNONYM
Cincloramphus mariei;bird;Oceania;Oceania 98;263;Aves/SYNONYM
Cincloramphus mathewsi;bird;Oceania;Oceania 100;127085;Aves/SYNONYM
Cincloramphus rufus;bird;Oceania;Oceania 100;129;Aves/SYNONYM
Cincloramphus timoriensis;bird;Oceania+Asia;Oceania 93|Asia 7;103038;Aves/SYNONYM
Cinclosoma ajax;bird;Oceania;Oceania 96|Asia 1;619;Aves/ACCEPTED
Cinclosoma castaneothorax;bird;Oceania;Oceania 100;4277;Aves/ACCEPTED
Cinclosoma castanotum;bird;Oceania;Oceania 100;15954;Aves/ACCEPTED
Cinclosoma cinnamomeum;bird;Oceania;Oceania 100;8208;Aves/ACCEPTED
Cinclosoma clarum;bird;Oceania;Oceania 100;2293;Aves/ACCEPTED
Cinclosoma marginatum;bird;Oceania;Oceania 99;828;Aves/ACCEPTED
Cinclosoma punctatum;bird;Oceania;Oceania 100;23491;Aves/ACCEPTED
Cinclus cinclus;bird;Europe;Europe 98|Asia 1;681364;Aves/ACCEPTED
Cinclus leucocephalus;bird;South America;South America 100;39119;Aves/ACCEPTED
Cinclus mexicanus;bird;North America;North America 100;250743;Aves/ACCEPTED
Cinclus pallasii;bird;Asia;Asia 98;38683;Aves/ACCEPTED
Cinclus schulzii;bird;South America;South America 99;1701;Aves/ACCEPTED
Cinnycerthia fulva;bird;South America;South America 100;1270;Aves/ACCEPTED
Cinnycerthia olivascens;bird;South America;South America 100;19781;Aves/ACCEPTED
Cinnycerthia peruana;bird;South America;South America 99;2135;Aves/ACCEPTED
Cinnycerthia unirufa;bird;South America;South America 100;20443;Aves/ACCEPTED
Cinnyricinclus leucogaster;bird;Africa;Africa 99;96868;Aves/ACCEPTED
Cinnyris afer;bird;Africa;Africa 99;81643;Aves/ACCEPTED
Cinnyris asiaticus;bird;Asia;Asia 100;768279;Aves/ACCEPTED
Cinnyris aurora;bird;;;;labels
Cinnyris batesi;bird;Africa;Africa 99;450;Aves/ACCEPTED
Cinnyris bifasciatus;bird;Africa;Africa 99;29071;Aves/ACCEPTED
Cinnyris bouvieri;bird;Africa;Africa 96;1060;Aves/ACCEPTED
Cinnyris buettikoferi;bird;Asia;Asia 96;586;Aves/ACCEPTED
Cinnyris chalybeus;bird;Africa;Africa 100;138682;Aves/ACCEPTED
Cinnyris chloropygius;bird;Africa;Africa 99;19758;Aves/ACCEPTED
Cinnyris clementiae;bird;;;;labels
Cinnyris coccinigastrus;bird;Africa;Africa 99;12742;Aves/ACCEPTED
Cinnyris cupreus;bird;Africa;Africa 99;22248;Aves/ACCEPTED
Cinnyris dussumieri;bird;Africa;Africa 100;3148;Aves/ACCEPTED
Cinnyris erythrocercus;bird;Africa;Africa 100;13962;Aves/ACCEPTED
Cinnyris frenatus;bird;;;;labels
Cinnyris fuelleborni;bird;Africa;Africa 98;743;Aves/ACCEPTED
Cinnyris fuscus;bird;Africa;Africa 100;27832;Aves/ACCEPTED
Cinnyris gertrudis;bird;Africa;Africa 100;625;Aves/ACCEPTED
Cinnyris habessinicus;bird;Africa+Asia;Africa 95|Asia 4;2607;Aves/ACCEPTED
Cinnyris hellmayri;bird;Asia;Asia 100;3700;Aves/ACCEPTED
Cinnyris johannae;bird;Africa;Africa 100;2824;Aves/ACCEPTED
Cinnyris jugularis;bird;Oceania+Asia;Oceania 49|Asia 48;61416;Aves/ACCEPTED
Cinnyris lotenius;bird;Asia;Asia 100;123670;Aves/ACCEPTED
Cinnyris manoensis;bird;Africa;Africa 100;6618;Aves/ACCEPTED
Cinnyris mariquensis;bird;Africa;Africa 100;69911;Aves/ACCEPTED
Cinnyris mediocris;bird;Africa;Africa 99;7625;Aves/ACCEPTED
Cinnyris melanogastrus;bird;Africa;Africa 100;7748;Aves/SYNONYM
Cinnyris minullus;bird;Africa;Africa 99;3074;Aves/ACCEPTED
Cinnyris moreaui;bird;Africa;Africa 95;434;Aves/ACCEPTED
Cinnyris nectarinioides;bird;Africa;Africa 100;2820;Aves/ACCEPTED
Cinnyris neergaardi;bird;Africa;Africa 100;1840;Aves/ACCEPTED
Cinnyris notatus;bird;Africa;Africa 99;5867;Aves/ACCEPTED
Cinnyris ornatus;bird;;;;labels
Cinnyris osea;bird;Asia;Asia 100;117621;Aves/ACCEPTED
Cinnyris pulchellus;bird;Africa;Africa 100;38982;Aves/ACCEPTED
Cinnyris regius;bird;Africa;Africa 100;5734;Aves/ACCEPTED
Cinnyris reichenowi;bird;Africa;Africa 99;15309;Aves/ACCEPTED
Cinnyris rufipennis;bird;Africa;Africa 100;124;Aves/ACCEPTED
Cinnyris shelleyi;bird;Africa;Africa 98;602;Aves/ACCEPTED
Cinnyris solaris;bird;Asia;Asia 96;3645;Aves/ACCEPTED
Cinnyris sovimanga;bird;Africa;Africa 100;19008;Aves/ACCEPTED
Cinnyris stuhlmanni;bird;Africa;Africa 100;1841;Aves/ACCEPTED
Cinnyris superbus;bird;Africa;Africa 99;6346;Aves/ACCEPTED
Cinnyris talatala;bird;Africa;Africa 100;193680;Aves/ACCEPTED
Cinnyris tsavoensis;bird;Africa;Africa 100;1531;Aves/ACCEPTED
Cinnyris ursulae;bird;Africa;Africa 99;156;Aves/ACCEPTED
Cinnyris usambaricus;bird;Africa;Africa 97;1078;Aves/ACCEPTED
Cinnyris venustus;bird;Africa;Africa 100;88696;Aves/ACCEPTED
Circaetus cinerascens;bird;Africa;Africa 100;9851;Aves/ACCEPTED
Circaetus cinereus;bird;Africa;Africa 100;63944;Aves/ACCEPTED
Circaetus fasciolatus;bird;Africa;Africa 99;3846;Aves/ACCEPTED
Circaetus gallicus;bird;Europe+Asia;Europe 76|Asia 23|Africa 1;504729;Aves/ACCEPTED
Circaetus spectabilis;bird;;;;labels
Circus aeruginosus;bird;Europe+Asia+Africa;Europe 87|Asia 7|Africa 5;3474562;Aves/ACCEPTED
Circus approximans;bird;Oceania;Oceania 100;340809;Aves/ACCEPTED
Circus buffoni;bird;South America;South America 99;45058;Aves/ACCEPTED
Circus cinereus;bird;South America;South America 100;42553;Aves/ACCEPTED
Circus cyaneus;bird;North America+Europe;North America 78|Europe 21|Asia 1;5117182;Aves/ACCEPTED
Circus hudsonius;bird;North America;North America 100;3906119;Aves/SYNONYM
Circus macrourus;bird;Europe+Asia+Africa;Europe 61|Asia 30|Africa 8;137462;Aves/ACCEPTED
Circus maurus;bird;Africa;Africa 100;17555;Aves/ACCEPTED
Circus melanoleucos;bird;Asia;Asia 100;22927;Aves/ACCEPTED
Circus pygargus;bird;Europe+Africa+Asia;Europe 76|Africa 17|Asia 7;545094;Aves/ACCEPTED
Circus spilonotus;bird;Asia;Asia 99;46404;Aves/ACCEPTED
Cissa chinensis;bird;Asia;Asia 99;21765;Aves/ACCEPTED
Cissa hypoleuca;bird;Asia;Asia 100;1072;Aves/ACCEPTED
Cissa jefferyi;bird;Asia;Asia 97;408;Aves/ACCEPTED
Cissomela pectoralis;bird;Oceania;Oceania 100;15875;Aves/ACCEPTED
Cissopis leverianus;bird;South America;South America 100;69835;Aves/ACCEPTED
Cisticola aberrans;bird;Africa;Africa 100;31237;Aves/ACCEPTED
Cisticola angusticauda;bird;Africa;Africa 99;1722;Aves/ACCEPTED
Cisticola anonymus;bird;Africa;Africa 98;2108;Aves/ACCEPTED
Cisticola aridulus;bird;Africa;Africa 100;42226;Aves/ACCEPTED
Cisticola ayresii;bird;Africa;Africa 100;28291;Aves/ACCEPTED
Cisticola bodessa;bird;Africa;Africa 100;1299;Aves/ACCEPTED
Cisticola brachypterus;bird;Africa;Africa 99;11651;Aves/ACCEPTED
Cisticola brunnescens;bird;Africa;Africa 100;6734;Aves/ACCEPTED
Cisticola bulliens;bird;Africa;Africa 100;797;Aves/ACCEPTED
Cisticola cantans;bird;Africa;Africa 100;23242;Aves/ACCEPTED
Cisticola carruthersi;bird;Africa;Africa 100;3158;Aves/ACCEPTED
Cisticola cherina;bird;Africa;Africa 100;6599;Aves/ACCEPTED
Cisticola chiniana;bird;Africa;Africa 100;196377;Aves/ACCEPTED
Cisticola chubbi;bird;Africa;Africa 100;14016;Aves/ACCEPTED
Cisticola cinereolus;bird;Africa;Africa 100;2549;Aves/ACCEPTED
Cisticola cinnamomeus;bird;Africa;Africa 99;5882;Aves/ACCEPTED
Cisticola distinctus;bird;Africa;Africa 100;679;Aves/ACCEPTED
Cisticola erythrops;bird;Africa;Africa 100;60309;Aves/ACCEPTED
Cisticola exilis;bird;Oceania+Asia;Oceania 86|Asia 14;309036;Aves/ACCEPTED
Cisticola eximius;bird;Africa;Africa 100;821;Aves/ACCEPTED
Cisticola fulvicapilla;bird;Africa;Africa 100;185203;Aves/ACCEPTED
Cisticola galactotes;bird;Africa;Africa 99;9644;Aves/ACCEPTED
Cisticola guinea;bird;Africa;Africa 99;1204;Aves/ACCEPTED
Cisticola haematocephalus;bird;Africa;Africa 100;2636;Aves/ACCEPTED
Cisticola hunteri;bird;Africa;Africa 100;9358;Aves/ACCEPTED
Cisticola juncidis;bird;Europe+Asia+Africa;Europe 62|Asia 24|Africa 14;1174204;Aves/ACCEPTED
Cisticola lais;bird;Africa;Africa 100;23052;Aves/ACCEPTED
Cisticola lateralis;bird;Africa;Africa 99;6378;Aves/ACCEPTED
Cisticola luapula;bird;Africa;Africa 99;2341;Aves/ACCEPTED
Cisticola lugubris;bird;Africa;Africa 99;1905;Aves/ACCEPTED
Cisticola marginatus;bird;Africa;Africa 100;30099;Aves/ACCEPTED
Cisticola nana;bird;Africa;Africa 99;1928;Aves/ACCEPTED
Cisticola natalensis;bird;Africa;Africa 99;36476;Aves/ACCEPTED
Cisticola nigriloris;bird;Africa;Africa 100;736;Aves/ACCEPTED
Cisticola njombe;bird;Africa;Africa 99;634;Aves/ACCEPTED
Cisticola pipiens;bird;Africa;Africa 99;3797;Aves/ACCEPTED
Cisticola robustus;bird;Africa;Africa 100;7732;Aves/ACCEPTED
Cisticola ruficeps;bird;Africa;Africa 99;953;Aves/ACCEPTED
Cisticola rufilatus;bird;Africa;Africa 99;2540;Aves/ACCEPTED
Cisticola rufus;bird;Africa;Africa 99;1580;Aves/ACCEPTED
Cisticola subruficapilla;bird;Africa;Africa 100;60197;Aves/ACCEPTED
Cisticola textrix;bird;Africa;Africa 100;34895;Aves/ACCEPTED
Cisticola tinniens;bird;Africa;Africa 100;181546;Aves/ACCEPTED
Cisticola troglodytes;bird;Africa;Africa 100;1334;Aves/ACCEPTED
Cisticola woosnami;bird;Africa;Africa 100;8732;Aves/ACCEPTED
Cistothorus apolinari;bird;South America;South America 100;6661;Aves/ACCEPTED
Cistothorus palustris;bird;North America;North America 100;2064715;Aves/ACCEPTED
Cistothorus platensis;bird;North America+South America;North America 84|South America 16;414392;Aves/ACCEPTED
Cistothorus stellaris;bird;North America;North America 100;338023;Aves/SYNONYM
Cittura cyanotis;bird;Asia;Asia 92;1786;Aves/ACCEPTED
Cladorhynchus leucocephalus;bird;Oceania;Oceania 100;30035;Aves/ACCEPTED
Clamator coromandus;bird;Asia;Asia 99;12152;Aves/ACCEPTED
Clamator glandarius;bird;Europe+Asia+Africa;Europe 65|Asia 19|Africa 16;82922;Aves/ACCEPTED
Clamator jacobinus;bird;Asia+Africa;Asia 69|Africa 31;135043;Aves/ACCEPTED
Clamator levaillantii;bird;Africa;Africa 100;30091;Aves/ACCEPTED
Clanga clanga;bird;Europe+Asia+Africa;Europe 42|Asia 37|Africa 20;251543;Aves/SYNONYM
Clanga hastata;bird;Asia;Asia 100;17203;Aves/SYNONYM
Clanga pomarina;bird;Europe+Africa+Asia;Europe 44|Africa 38|Asia 18;184569;Aves/SYNONYM
Clangula hyemalis;bird;North America+Europe;North America 61|Europe 35|Asia 1;1596934;Aves/ACCEPTED
Claravis pretiosa;bird;North America+South America;North America 62|South America 38;80444;Aves/ACCEPTED
Cleptornis marchei;bird;Oceania;Oceania 95|Africa 1;1081;Aves/ACCEPTED
Clibanornis dendrocolaptoides;bird;South America;South America 99;2692;Aves/ACCEPTED
Clibanornis erythrocephalus;bird;South America;South America 100;2172;Aves/SYNONYM
Clibanornis rectirostris;bird;South America;South America 100;4738;Aves/SYNONYM
Clibanornis rubiginosus;bird;North America+South America;North America 68|South America 32;19225;Aves/SYNONYM
Clibanornis rufipectus;bird;South America;South America 100;4000;Aves/ACCEPTED
Climacteris affinis;bird;Oceania;Oceania 100;10767;Aves/ACCEPTED
Climacteris erythrops;bird;Oceania;Oceania 100;27006;Aves/ACCEPTED
Climacteris melanurus;bird;Oceania;Oceania 100;10552;Aves/ACCEPTED
Climacteris picumnus;bird;Oceania;Oceania 100;215013;Aves/ACCEPTED
Climacteris rufus;bird;Oceania;Oceania 100;17481;Aves/ACCEPTED
Clytoctantes alixii;bird;South America;South America 99;842;Aves/ACCEPTED
Clytoctantes atrogularis;bird;South America;South America 100;162;Aves/ACCEPTED
Clytolaema rubricauda;bird;South America;South America 99;20611;Aves/ACCEPTED
Clytomyias insignis;bird;Oceania;Oceania 95|Asia 2;568;Aves/ACCEPTED
Clytorhynchus hamlini;bird;Oceania;Oceania 99;234;Aves/ACCEPTED
Clytorhynchus nigrogularis;bird;Oceania;Oceania 98;414;Aves/ACCEPTED
Clytorhynchus pachycephaloides;bird;Oceania;Oceania 99;860;Aves/ACCEPTED
Clytorhynchus vitiensis;bird;Oceania;Oceania 99;2008;Aves/ACCEPTED
Cnemarchus erythropygius;bird;South America;South America 100;3462;Aves/ACCEPTED
Cnemarchus rufipennis;bird;South America;South America 100;4224;Aves/SYNONYM
Cnemathraupis aureodorsalis;bird;South America;South America 100;452;Aves/ACCEPTED
Cnemathraupis eximia;bird;South America;South America 99;6946;Aves/ACCEPTED
Cnemophilus loriae;bird;Oceania+Asia;Oceania 92|Asia 5;1114;Aves/ACCEPTED
Cnemophilus macgregorii;bird;Oceania;Oceania 96|Asia 2;866;Aves/ACCEPTED
Cnemoscopus rubrirostris;bird;South America;South America 100;19039;Aves/ACCEPTED
Cnemotriccus fuscatus;bird;South America;South America 100;30353;Aves/ACCEPTED
Cnephaeus serotinus;mammal;;;;labels
Cnipodectes subbrunneus;bird;South America+North America;South America 72|North America 27;5308;Aves/ACCEPTED
Cnipodectes superrufus;bird;South America;South America 100;293;Aves/ACCEPTED
Coccopygia melanotis;bird;Africa;Africa 99;31729;Aves/ACCEPTED
Coccopygia quartinia;bird;Africa;Africa 99;9444;Aves/ACCEPTED
Coccothraustes abeillei;bird;North America;North America 100;11645;Aves/SYNONYM
Coccothraustes coccothraustes;bird;Europe;Europe 97|Asia 3;1405086;Aves/ACCEPTED
Coccothraustes vespertinus;bird;North America;North America 100;877995;Aves/SYNONYM
Coccycua cinerea;bird;South America;South America 100;3393;Aves/SYNONYM
Coccycua minuta;bird;South America;South America 98|North America 2;26380;Aves/SYNONYM
Coccycua pumila;bird;South America;South America 99;8085;Aves/SYNONYM
Coccyzus americanus;bird;North America;North America 99|South America 1;1342172;Aves/ACCEPTED
Coccyzus erythropthalmus;bird;North America;North America 99;263446;Aves/ACCEPTED
Coccyzus euleri;bird;South America;South America 97|North America 3;1541;Aves/ACCEPTED
Coccyzus lansbergi;bird;South America;South America 96|North America 2;2171;Aves/ACCEPTED
Coccyzus longirostris;bird;North America;North America 100;15010;Aves/SYNONYM
Coccyzus melacoryphus;bird;South America;South America 99|North America 1;30043;Aves/ACCEPTED
Coccyzus merlini;bird;North America;North America 100;21683;Aves/SYNONYM
Coccyzus minor;bird;North America;North America 99|South America 1;72842;Aves/ACCEPTED
Coccyzus pluvialis;bird;North America;North America 100;3064;Aves/SYNONYM
Coccyzus vetula;bird;North America;North America 99;3398;Aves/SYNONYM
Coccyzus vieilloti;bird;North America;North America 100;19846;Aves/SYNONYM
Cochlearius cochlearius;bird;North America+South America;North America 79|South America 20;78666;Aves/ACCEPTED
Cochoa purpurea;bird;Asia;Asia 100;1092;Aves/ACCEPTED
Cochoa viridis;bird;Asia;Asia 100;2429;Aves/ACCEPTED
Cochranella granulosa;amphibian;North America+South America;North America 94|South America 4;434;Amphibia/ACCEPTED
Coeligena bonapartei;bird;South America;South America 96;5505;Aves/ACCEPTED
Coeligena coeligena;bird;South America;South America 100;56090;Aves/ACCEPTED
Coeligena iris;bird;South America;South America 99;5710;Aves/ACCEPTED
Coeligena lutetiae;bird;South America;South America 100;24904;Aves/ACCEPTED
Coeligena prunellei;bird;South America;South America 98;4493;Aves/ACCEPTED
Coeligena torquata;bird;South America;South America 100;87355;Aves/ACCEPTED
Coeligena violifer;bird;South America;South America 100;8933;Aves/ACCEPTED
Coeligena wilsoni;bird;South America;South America 100;39305;Aves/ACCEPTED
Coereba flaveola;bird;South America+North America;South America 58|North America 42;1283734;Aves/ACCEPTED
Coggerdonia adelaidensis;amphibian;Oceania;Oceania 99;15748;Amphibia/SYNONYM
Colaptes atricollis;bird;South America;South America 100;4949;Aves/ACCEPTED
Colaptes auratus;bird;North America;North America 100;15041069;Aves/ACCEPTED
Colaptes auricularis;bird;North America;North America 100;5940;Aves/ACCEPTED
Colaptes campestris;bird;South America;South America 100;181929;Aves/ACCEPTED
Colaptes chrysoides;bird;North America;North America 100;98630;Aves/ACCEPTED
Colaptes fernandinae;bird;North America;North America 100;3979;Aves/ACCEPTED
Colaptes melanochloros;bird;South America;South America 100;202934;Aves/ACCEPTED
Colaptes mexicanoides;bird;North America;North America 100;35747;Aves/ACCEPTED
Colaptes pitius;bird;South America;South America 100;40847;Aves/ACCEPTED
Colaptes punctigula;bird;South America+North America;South America 96|North America 4;79136;Aves/ACCEPTED
Colaptes rivolii;bird;South America;South America 100;44421;Aves/ACCEPTED
Colaptes rubiginosus;bird;North America+South America;North America 57|South America 43;234295;Aves/ACCEPTED
Colaptes rupicola;bird;South America;South America 100;28988;Aves/ACCEPTED
Colibri coruscans;bird;South America;South America 100;240974;Aves/ACCEPTED
Colibri cyanotus;bird;South America+North America;South America 55|North America 45;177373;Aves/ACCEPTED
Colibri delphinae;bird;South America+North America;South America 78|North America 22;90199;Aves/ACCEPTED
Colibri serrirostris;bird;South America;South America 100;16677;Aves/ACCEPTED
Colibri thalassinus;bird;North America+South America;North America 96|South America 4;26493;Aves/ACCEPTED
Colinus cristatus;bird;South America+North America;South America 92|North America 7;44764;Aves/ACCEPTED
Colinus leucopogon;bird;North America;North America 100;21612;Aves/ACCEPTED
Colinus nigrogularis;bird;North America;North America 99;16237;Aves/ACCEPTED
Colinus virginianus;bird;North America;North America 99|Europe 1;508430;Aves/ACCEPTED
Colius castanotus;bird;Africa;Africa 100;835;Aves/ACCEPTED
Colius colius;bird;Africa;Africa 100;87255;Aves/ACCEPTED
Colius leucocephalus;bird;Africa;Africa 100;3472;Aves/ACCEPTED
Colius striatus;bird;Africa;Africa 100;423244;Aves/ACCEPTED
Colleeneremia quiritatus;amphibian;;;;labels
Colleeneremia rubella;amphibian;Oceania;Oceania 100;24335;Amphibia/SYNONYM
Collocalia affinis;bird;Asia;Asia 100;51828;Aves/ACCEPTED
Collocalia esculenta;bird;Oceania+Asia;Oceania 52|Asia 45;24372;Aves/ACCEPTED
Collocalia troglodytes;bird;Asia;Asia 100;7547;Aves/ACCEPTED
Colluricincla boweri;bird;Oceania;Oceania 100;10942;Aves/ACCEPTED
Colluricincla harmonica;bird;Oceania;Oceania 100;1100149;Aves/ACCEPTED
Colluricincla megarhyncha;bird;Oceania;Oceania 99;44542;Aves/ACCEPTED
Colluricincla rufogaster;bird;Oceania;Oceania 100;78541;Aves/ACCEPTED
Colluricincla woodwardi;bird;Oceania;Oceania 100;5355;Aves/ACCEPTED
Colobus guereza;mammal;Africa;Africa 91|North America 1;3837;Mammalia/ACCEPTED
Coloeus dauuricus;bird;Asia;Asia 97|Europe 1;11902;Aves/ACCEPTED
Coloeus monedula;bird;Europe;Europe 98|Asia 2;4862521;Aves/ACCEPTED
Colonia colonus;bird;South America+North America;South America 68|North America 32;98407;Aves/ACCEPTED
Colorhamphus parvirostris;bird;South America;South America 100;30531;Aves/ACCEPTED
Columba albitorques;bird;Africa;Africa 100;3854;Aves/ACCEPTED
Columba arquatrix;bird;Africa;Africa 99;66399;Aves/ACCEPTED
Columba bollii;bird;Africa+Europe;Africa 68|Europe 32;4157;Aves/ACCEPTED
Columba delegorguei;bird;Africa;Africa 100;3536;Aves/ACCEPTED
Columba elphinstonii;bird;Asia;Asia 100;9028;Aves/ACCEPTED
Columba eversmanni;bird;Asia;Asia 100;2097;Aves/ACCEPTED
Columba guinea;bird;Africa;Africa 100;411796;Aves/ACCEPTED
Columba iriditorques;bird;Africa;Africa 100;2634;Aves/ACCEPTED
Columba janthina;bird;Asia;Asia 92;3664;Aves/ACCEPTED
Columba junoniae;bird;Africa+Europe;Africa 62|Europe 31;4143;Aves/ACCEPTED
Columba larvata;bird;Africa;Africa 99;16734;Aves/ACCEPTED
Columba leucomela;bird;Oceania;Oceania 100;81595;Aves/ACCEPTED
Columba leuconota;bird;Asia;Asia 100;9941;Aves/ACCEPTED
Columba livia;bird;Global;North America 58|Europe 20|Asia 13|South America 4|Oceania 4|Africa 2;15639542;Aves/ACCEPTED
Columba malherbii;bird;Africa;Africa 100;1009;Aves/ACCEPTED
Columba oenas;bird;Europe;Europe 100;1560708;Aves/ACCEPTED
Columba palumboides;bird;Asia;Asia 100;1156;Aves/ACCEPTED
Columba palumbus;bird;Europe;Europe 99;9561872;Aves/ACCEPTED
Columba pulchricollis;bird;Asia;Asia 100;15453;Aves/ACCEPTED
Columba rupestris;bird;Asia;Asia 100;17434;Aves/ACCEPTED
Columba torringtoniae;bird;Asia;Asia 100;2883;Aves/ACCEPTED
Columba trocaz;bird;Europe+Africa;Europe 59|Africa 36;6096;Aves/ACCEPTED
Columba unicincta;bird;Africa;Africa 99;2955;Aves/ACCEPTED
Columba vitiensis;bird;Oceania+Asia;Oceania 68|Asia 28;4780;Aves/ACCEPTED
Columbina buckleyi;bird;South America;South America 100;15602;Aves/ACCEPTED
Columbina cruziana;bird;South America;South America 100;63380;Aves/ACCEPTED
Columbina cyanopis;bird;South America;South America 92;48;Aves/ACCEPTED
Columbina inca;bird;North America;North America 100;954815;Aves/ACCEPTED
Columbina minuta;bird;South America+North America;South America 57|North America 43;58595;Aves/ACCEPTED
Columbina passerina;bird;North America+South America;North America 92|South America 8;999618;Aves/ACCEPTED
Columbina picui;bird;South America;South America 100;269296;Aves/ACCEPTED
Columbina squammata;bird;South America;South America 100;163650;Aves/ACCEPTED
Columbina talpacoti;bird;South America+North America;South America 57|North America 43;1158933;Aves/ACCEPTED
Compsothraupis loricata;bird;South America;South America 100;4558;Aves/ACCEPTED
Conioptilon mcilhennyi;bird;South America;South America 100;2134;Aves/ACCEPTED
Conirostrum albifrons;bird;South America;South America 100;26964;Aves/ACCEPTED
Conirostrum bicolor;bird;South America;South America 99;15550;Aves/ACCEPTED
Conirostrum binghami;bird;South America;South America 100;4264;Aves/ACCEPTED
Conirostrum cinereum;bird;South America;South America 100;60185;Aves/ACCEPTED
Conirostrum ferrugineiventre;bird;South America;South America 100;2881;Aves/ACCEPTED
Conirostrum leucogenys;bird;South America+North America;South America 68|North America 31;8882;Aves/ACCEPTED
Conirostrum margaritae;bird;South America;South America 100;1168;Aves/ACCEPTED
Conirostrum rufum;bird;South America;South America 100;15490;Aves/ACCEPTED
Conirostrum sitticolor;bird;South America;South America 100;23848;Aves/ACCEPTED
Conirostrum speciosum;bird;South America;South America 100;57676;Aves/ACCEPTED
Conirostrum tamarugense;bird;South America;South America 99;1693;Aves/ACCEPTED
Connochaetes taurinus;mammal;Africa;Africa 97;15994;Mammalia/ACCEPTED
Conocephalus albescens;insect;Oceania;Oceania 100;1169;Insecta/ACCEPTED
Conocephalus brevipennis;insect;North America;North America 95;7813;Insecta/ACCEPTED
Conocephalus exemptus;insect;Asia;Asia 88;1321;Insecta/ACCEPTED
Conocephalus fasciatus;insect;North America;North America 93;6148;Insecta/ACCEPTED
Conocephalus fuscus;insect;Europe;Europe 100;132340;Insecta/ACCEPTED
Conocephalus melaenus;insect;Asia;Asia 98;5012;Insecta/ACCEPTED
Conopias albovittatus;bird;North America+South America;North America 55|South America 45;23737;Aves/ACCEPTED
Conopias cinchoneti;bird;South America;South America 100;14321;Aves/ACCEPTED
Conopias parvus;bird;South America;South America 100;7762;Aves/SYNONYM
Conopias trivirgatus;bird;South America;South America 100;5777;Aves/ACCEPTED
Conopophaga ardesiaca;bird;South America;South America 99;1546;Aves/ACCEPTED
Conopophaga aurita;bird;South America;South America 98;2380;Aves/ACCEPTED
Conopophaga castaneiceps;bird;South America;South America 100;4268;Aves/ACCEPTED
Conopophaga cearae;bird;South America;South America 100;1733;Aves/ACCEPTED
Conopophaga lineata;bird;South America;South America 100;34816;Aves/ACCEPTED
Conopophaga melanogaster;bird;South America;South America 97|North America 3;605;Aves/ACCEPTED
Conopophaga melanops;bird;South America;South America 100;15554;Aves/ACCEPTED
Conopophaga peruviana;bird;South America;South America 99;1164;Aves/ACCEPTED
Conopophaga roberti;bird;South America;South America 100;1187;Aves/ACCEPTED
Conopophaga snethlageae;bird;South America;South America 100;714;Aves/ACCEPTED
Conopophila albogularis;bird;Oceania;Oceania 100;29905;Aves/ACCEPTED
Conopophila rufogularis;bird;Oceania;Oceania 100;38899;Aves/ACCEPTED
Conopophila whitei;bird;Oceania;Oceania 100;1142;Aves/ACCEPTED
Conostoma aemodium;bird;Asia;Asia 99;2085;Aves/ACCEPTED
Conothraupis mesoleuca;bird;South America;South America 100;351;Aves/ACCEPTED
Conothraupis speculigera;bird;South America;South America 100;906;Aves/ACCEPTED
Contopus albogularis;bird;South America;South America 100;222;Aves/ACCEPTED
Contopus bogotensis;bird;North America+South America;North America 89|South America 11;121728;Aves/SYNONYM
Contopus caribaeus;bird;North America;North America 100;29963;Aves/ACCEPTED
Contopus cinereus;bird;North America+South America;North America 81|South America 19;134432;Aves/ACCEPTED
Contopus cooperi;bird;North America+South America;North America 96|South America 4;560924;Aves/ACCEPTED
Contopus fumigatus;bird;South America;South America 99|North America 1;67561;Aves/ACCEPTED
Contopus hispaniolensis;bird;North America;North America 100;4629;Aves/ACCEPTED
Contopus latirostris;bird;North America;North America 100;11223;Aves/ACCEPTED
Contopus lugubris;bird;North America;North America 100;14615;Aves/ACCEPTED
Contopus nigrescens;bird;South America;South America 100;1016;Aves/ACCEPTED
Contopus ochraceus;bird;North America;North America 100;2608;Aves/ACCEPTED
Contopus pallidus;bird;North America;North America 100;3683;Aves/ACCEPTED
Contopus pertinax;bird;North America;North America 100;130096;Aves/ACCEPTED
Contopus punensis;bird;South America;South America 100;6221;Aves/ACCEPTED
Contopus sordidulus;bird;North America;North America 98|South America 2;1340387;Aves/ACCEPTED
Contopus virens;bird;North America;North America 99|South America 1;3830485;Aves/ACCEPTED
Copsychus albiventris;bird;Asia;Asia 100;5105;Aves/ACCEPTED
Copsychus albospecularis;bird;Africa;Africa 100;14192;Aves/ACCEPTED
Copsychus cebuensis;bird;Asia;Asia 100;387;Aves/ACCEPTED
Copsychus fulicatus;bird;Asia;Asia 100;493353;Aves/SYNONYM
Copsychus leggei;bird;;;;labels
Copsychus luzoniensis;bird;Asia;Asia 100;3933;Aves/ACCEPTED
Copsychus malabaricus;bird;Asia+Oceania;Asia 80|Oceania 20;188463;Aves/ACCEPTED
Copsychus mindanensis;bird;Asia;Asia 100;6773;Aves/ACCEPTED
Copsychus niger;bird;Asia;Asia 99;2614;Aves/ACCEPTED
Copsychus pyrropygus;bird;Asia;Asia 97;1814;Aves/SYNONYM
Copsychus saularis;bird;Asia;Asia 100;1189346;Aves/ACCEPTED
Copsychus stricklandii;bird;Asia;Asia 97;876;Aves/ACCEPTED
Copsychus superciliaris;bird;Asia;Asia 100;445;Aves/SYNONYM
Coracias abyssinicus;bird;Africa;Africa 99|Asia 1;29123;Aves/ACCEPTED
Coracias affinis;bird;Asia;Asia 100;82411;Aves/ACCEPTED
Coracias benghalensis;bird;Asia;Asia 100;309374;Aves/ACCEPTED
Coracias caudatus;bird;Africa;Africa 100;212358;Aves/ACCEPTED
Coracias cyanogaster;bird;Africa;Africa 99;9731;Aves/ACCEPTED
Coracias garrulus;bird;Europe+Asia+Africa;Europe 58|Asia 22|Africa 20;252147;Aves/ACCEPTED
Coracias naevius;bird;Africa;Africa 100;44875;Aves/ACCEPTED
Coracias spatulatus;bird;Africa;Africa 99;3384;Aves/ACCEPTED
Coracias temminckii;bird;Asia;Asia 90;1655;Aves/ACCEPTED
Coracina atriceps;bird;Asia;Asia 93;871;Aves/ACCEPTED
Coracina bicolor;bird;Asia;Asia 90;645;Aves/ACCEPTED
Coracina boyeri;bird;Oceania;Oceania 99|Asia 1;3053;Aves/ACCEPTED
Coracina caeruleogrisea;bird;Oceania+Asia;Oceania 91|Asia 4;1368;Aves/ACCEPTED
Coracina caesia;bird;Africa;Africa 99;16832;Aves/ACCEPTED
Coracina caledonica;bird;Oceania;Oceania 99;2084;Aves/ACCEPTED
Coracina cinerea;bird;Africa;Africa 100;5635;Aves/ACCEPTED
Coracina javensis;bird;Asia;Asia 100;32284;Aves/ACCEPTED
Coracina larutensis;bird;;;;labels
Coracina larvata;bird;Asia;Asia 97;3611;Aves/ACCEPTED
Coracina lineata;bird;Oceania;Oceania 99;15882;Aves/ACCEPTED
Coracina longicauda;bird;Oceania;Oceania 92|Asia 1;690;Aves/ACCEPTED
Coracina macei;bird;Asia;Asia 100;62721;Aves/ACCEPTED
Coracina maxima;bird;Oceania;Oceania 100;15281;Aves/ACCEPTED
Coracina novaehollandiae;bird;Oceania;Oceania 100;1026736;Aves/ACCEPTED
Coracina papuensis;bird;Oceania;Oceania 99|Asia 1;169624;Aves/ACCEPTED
Coracina parvula;bird;Asia;Asia 99;617;Aves/ACCEPTED
Coracina pectoralis;bird;Africa;Africa 98;5283;Aves/ACCEPTED
Coracina personata;bird;Asia;Asia 99;1717;Aves/ACCEPTED
Coracina striata;bird;Asia;Asia 97;6030;Aves/ACCEPTED
Coracina temminckii;bird;Asia;Asia 95;955;Aves/ACCEPTED
Coracopsis barklyi;bird;Africa;Africa 97;614;Aves/ACCEPTED
Coracopsis nigra;bird;Africa;Africa 100;8002;Aves/ACCEPTED
Coracopsis vasa;bird;Africa;Africa 99;5150;Aves/ACCEPTED
Coragyps atratus;bird;North America+South America;North America 79|South America 21;6474597;Aves/ACCEPTED
Corapipo altera;bird;North America;North America 99|South America 1;44847;Aves/ACCEPTED
Corapipo gutturalis;bird;South America;South America 99;3216;Aves/ACCEPTED
Corapipo leucorrhoa;bird;South America+North America;South America 80|North America 20;3290;Aves/ACCEPTED
Corcorax melanorhamphos;bird;Oceania;Oceania 100;297156;Aves/ACCEPTED
Cormobates leucophaea;bird;Oceania;Oceania 100;550389;Aves/ACCEPTED
Cormobates placens;bird;Oceania+Asia;Oceania 94|Asia 6;803;Aves/ACCEPTED
Corthylio calendula;bird;North America;North America 100;7519117;Aves/SYNONYM
Corvinella corvina;bird;Africa;Africa 100;19967;Aves/ACCEPTED
Corvinella melanoleuca;bird;Africa;Africa 100;107271;Aves/SYNONYM
Corvus albicollis;bird;Africa;Africa 100;106792;Aves/ACCEPTED
Corvus albus;bird;Africa;Africa 99;512360;Aves/ACCEPTED
Corvus bennetti;bird;Oceania;Oceania 100;53640;Aves/ACCEPTED
Corvus brachyrhynchos;bird;North America;North America 100;29100227;Aves/ACCEPTED
Corvus capensis;bird;Africa;Africa 100;123637;Aves/ACCEPTED
Corvus caurinus;bird;North America;North America 99;10173;Aves/ACCEPTED
Corvus celebensis;mammal;;;;labels
Corvus corax;bird;North America+Europe;North America 76|Europe 23|Asia 1;12334127;Aves/ACCEPTED
Corvus cornix;bird;Europe+Asia;Europe 93|Asia 7;4302394;Aves/ACCEPTED
Corvus corone;bird;Europe;Europe 98|Asia 2;5846650;Aves/ACCEPTED
Corvus coronoides;bird;Oceania;Oceania 100;1129778;Aves/ACCEPTED
Corvus crassirostris;bird;Africa;Africa 100;3147;Aves/ACCEPTED
Corvus cryptoleucus;bird;North America;North America 100;148623;Aves/ACCEPTED
Corvus culminatus;bird;Asia;Asia 95;56;Aves/ACCEPTED
Corvus dauuricus;bird;Asia;Asia 97|Europe 1;11902;Aves/SYNONYM
Corvus edithae;bird;Africa;Africa 100;1838;Aves/ACCEPTED
Corvus enca;bird;Asia;Asia 97;14088;Aves/ACCEPTED
Corvus florensis;bird;Asia;Asia 97;668;Aves/ACCEPTED
Corvus frugilegus;bird;Europe;Europe 97|Asia 3;1856747;Aves/ACCEPTED
Corvus fuscicapillus;bird;Oceania;Oceania 95|Asia 1;849;Aves/ACCEPTED
Corvus hawaiiensis;bird;Oceania+North America+Ocean;Oceania 29|North America 8;653;Aves/ACCEPTED
Corvus imparatus;bird;North America;North America 99;4052;Aves/ACCEPTED
Corvus insularis;bird;Oceania;Oceania 99;1531;Aves/ACCEPTED
Corvus jamaicensis;bird;North America;North America 100;4824;Aves/ACCEPTED
Corvus kubaryi;bird;Oceania;Oceania 90|North America 2;848;Aves/ACCEPTED
Corvus leucognaphalus;bird;North America;North America 100;6453;Aves/ACCEPTED
Corvus macrorhynchos;bird;Asia;Asia 100;1547737;Aves/ACCEPTED
Corvus mellori;bird;Oceania;Oceania 100;702443;Aves/ACCEPTED
Corvus minutus;bird;North America;North America 100;1873;Aves/ACCEPTED
Corvus monedula;bird;Europe;Europe 98|Asia 2;4862521;Aves/SYNONYM
Corvus moneduloides;bird;Oceania;Oceania 99|Europe 1;1659;Aves/ACCEPTED
Corvus nasicus;bird;North America;North America 100;9289;Aves/ACCEPTED
Corvus orru;bird;Oceania;Oceania 100;661625;Aves/ACCEPTED
Corvus ossifragus;bird;North America;North America 100;3459350;Aves/ACCEPTED
Corvus palmarum;bird;North America;North America 100;2698;Aves/ACCEPTED
Corvus philippinus;bird;;;;labels
Corvus pusillus;bird;Asia;Asia 100;3957;Aves/ACCEPTED
Corvus rhipidurus;bird;Africa+Asia;Africa 52|Asia 48;19559;Aves/ACCEPTED
Corvus ruficollis;bird;Asia+Africa;Asia 76|Africa 24;55127;Aves/ACCEPTED
Corvus sinaloae;bird;North America;North America 100;24230;Aves/ACCEPTED
Corvus splendens;bird;Asia;Asia 98|Africa 2;1506279;Aves/ACCEPTED
Corvus tasmanicus;bird;Oceania;Oceania 100;155031;Aves/ACCEPTED
Corvus torquatus;bird;Asia;Asia 100;28412;Aves/ACCEPTED
Corvus tristis;bird;Oceania;Oceania 97|Asia 1;3520;Aves/ACCEPTED
Corvus typicus;bird;Asia;Asia 93;561;Aves/ACCEPTED
Corvus unicolor;bird;Asia;Asia 97;102;Aves/ACCEPTED
Corvus validus;bird;Asia;Asia 96;1438;Aves/ACCEPTED
Corvus woodfordi;bird;Oceania;Oceania 90;305;Aves/ACCEPTED
Corydon sumatranus;bird;Asia;Asia 97;5659;Aves/ACCEPTED
Corypha apiata;bird;Africa;Africa 99;5850;Aves/ACCEPTED/via Mirafra apiata
Corypha fasciolata;bird;Africa;Africa 100;23366;Aves/ACCEPTED/via Mirafra fasciolata
Coryphaspiza melanotis;bird;South America;South America 100;2000;Aves/ACCEPTED
Coryphistera alaudina;bird;South America;South America 100;27122;Aves/ACCEPTED
Coryphospingus cucullatus;bird;South America;South America 100;75489;Aves/ACCEPTED
Coryphospingus pileatus;bird;South America;South America 100;33672;Aves/ACCEPTED
Corythaeola cristata;bird;Africa;Africa 99;21216;Aves/ACCEPTED
Corythaixoides concolor;bird;Africa;Africa 100;249977;Aves/ACCEPTED
Corythaixoides leucogaster;bird;Africa;Africa 100;26204;Aves/ACCEPTED
Corythopis delalandi;bird;South America;South America 100;18400;Aves/ACCEPTED
Corythopis torquatus;bird;South America;South America 100;7285;Aves/ACCEPTED
Corythornis cristatus;bird;Africa;Africa 100;145678;Aves/ACCEPTED
Corythornis leucogaster;bird;Africa;Africa 99;1909;Aves/ACCEPTED
Corythornis madagascariensis;bird;Africa;Africa 99;2491;Aves/ACCEPTED
Corythornis vintsioides;bird;Africa;Africa 99|Europe 1;7540;Aves/ACCEPTED
Coscoroba coscoroba;bird;South America;South America 99;100670;Aves/ACCEPTED
Cossypha albicapillus;bird;Africa;Africa 99;5204;Aves/ACCEPTED
Cossypha anomala;bird;Africa;Africa 99;612;Aves/ACCEPTED
Cossypha archeri;bird;Africa;Africa 100;2356;Aves/ACCEPTED
Cossypha caffra;bird;Africa;Africa 100;262013;Aves/ACCEPTED
Cossypha cyanocampter;bird;Africa;Africa 99;2897;Aves/ACCEPTED
Cossypha dichroa;bird;Africa;Africa 99;22289;Aves/ACCEPTED
Cossypha heinrichi;bird;Africa;Africa 100;131;Aves/ACCEPTED
Cossypha heuglini;bird;Africa;Africa 100;109117;Aves/ACCEPTED
Cossypha humeralis;bird;Africa;Africa 100;41510;Aves/ACCEPTED
Cossypha natalensis;bird;Africa;Africa 99;59136;Aves/ACCEPTED
Cossypha niveicapilla;bird;Africa;Africa 99;16565;Aves/ACCEPTED
Cossypha polioptera;bird;Africa;Africa 100;2896;Aves/ACCEPTED
Cossypha semirufa;bird;Africa;Africa 100;17632;Aves/ACCEPTED
Cossyphicula isabellae;bird;Africa;Africa 100;278;Aves/ACCEPTED
Cossyphicula roberti;bird;Africa;Africa 100;1410;Aves/ACCEPTED
Cotinga amabilis;bird;North America;North America 100;4992;Aves/ACCEPTED
Cotinga cayana;bird;South America;South America 99;16147;Aves/ACCEPTED
Cotinga maynana;bird;South America;South America 100;9487;Aves/ACCEPTED
Cotinga nattererii;bird;North America+South America;North America 91|South America 8;11134;Aves/ACCEPTED
Cotinga ridgwayi;bird;North America;North America 100;6955;Aves/ACCEPTED
Coturnicops exquisitus;bird;Asia;Asia 77;267;Aves/ACCEPTED
Coturnicops noveboracensis;bird;North America;North America 99;18618;Aves/ACCEPTED
Coturnix coromandelica;bird;Asia;Asia 99;11981;Aves/ACCEPTED
Coturnix coturnix;bird;Europe+Africa+Asia;Europe 89|Africa 6|Asia 4;520588;Aves/ACCEPTED
Coturnix delegorguei;bird;Africa;Africa 97|Asia 1;9568;Aves/ACCEPTED
Coturnix japonica;bird;Asia;Asia 85|North America 3|Oceania 2|Europe 2;8414;Aves/ACCEPTED
Coturnix pectoralis;bird;Oceania;Oceania 100;55306;Aves/ACCEPTED
Coua caerulea;bird;Africa;Africa 100;6017;Aves/ACCEPTED
Coua coquereli;bird;Africa;Africa 100;2018;Aves/ACCEPTED
Coua cristata;bird;Africa;Africa 99;5557;Aves/ACCEPTED
Coua cursor;bird;Africa;Africa 100;2489;Aves/ACCEPTED
Coua gigas;bird;Africa;Africa 100;2201;Aves/ACCEPTED
Coua olivaceiceps;bird;Africa;Africa 100;1832;Aves/SYNONYM
Coua reynaudii;bird;Africa;Africa 100;2792;Aves/ACCEPTED
Coua ruficeps;bird;Africa;Africa 100;3041;Aves/ACCEPTED
Coua serriana;bird;Africa;Africa 99;1384;Aves/ACCEPTED
Coua verreauxi;bird;Africa;Africa 100;1364;Aves/ACCEPTED
Cracticus argenteus;bird;Oceania;Oceania 100;978090;Aves/SYNONYM
Cracticus cassicus;bird;Oceania;Oceania 92|Asia 3;4426;Aves/ACCEPTED
Cracticus mentalis;bird;Oceania;Oceania 99;5912;Aves/ACCEPTED
Cracticus nigrogularis;bird;Oceania;Oceania 100;568420;Aves/ACCEPTED
Cracticus quoyi;bird;Oceania;Oceania 97;2964;Aves/ACCEPTED
Cracticus torquatus;bird;Oceania;Oceania 100;978090;Aves/ACCEPTED
Cranioleuca albicapilla;bird;South America;South America 100;7880;Aves/ACCEPTED
Cranioleuca albiceps;bird;South America;South America 100;1218;Aves/ACCEPTED
Cranioleuca antisiensis;bird;South America;South America 100;7678;Aves/ACCEPTED
Cranioleuca curtata;bird;South America;South America 100;15546;Aves/ACCEPTED
Cranioleuca demissa;bird;South America;South America 100;571;Aves/ACCEPTED
Cranioleuca erythrops;bird;South America+North America;South America 66|North America 34;91132;Aves/ACCEPTED
Cranioleuca gutturata;bird;South America;South America 100;3255;Aves/ACCEPTED
Cranioleuca hellmayri;bird;South America;South America 100;6770;Aves/ACCEPTED
Cranioleuca henricae;bird;South America;South America 100;122;Aves/ACCEPTED
Cranioleuca marcapatae;bird;South America;South America 100;2412;Aves/ACCEPTED
Cranioleuca muelleri;bird;South America;South America 100;278;Aves/ACCEPTED
Cranioleuca obsoleta;bird;South America;South America 100;8733;Aves/ACCEPTED
Cranioleuca pallida;bird;South America;South America 100;30338;Aves/ACCEPTED
Cranioleuca pyrrhophia;bird;South America;South America 100;39096;Aves/ACCEPTED
Cranioleuca semicinerea;bird;South America;South America 100;2557;Aves/ACCEPTED
Cranioleuca subcristata;bird;South America;South America 100;16456;Aves/ACCEPTED
Cranioleuca vulpecula;bird;South America;South America 100;2120;Aves/ACCEPTED
Cranioleuca vulpina;bird;South America;South America 97|North America 2;16293;Aves/ACCEPTED
Crateroscelis murina;bird;Oceania;Oceania 96|Asia 2;4097;Aves/ACCEPTED
Crateroscelis robusta;bird;Oceania;Oceania 96|Asia 1;3294;Aves/ACCEPTED
Craugastor augusti;amphibian;North America;North America 95;1505;Amphibia/ACCEPTED
Craugastor fitzingeri;amphibian;North America+South America;North America 88|South America 12;5591;Amphibia/ACCEPTED
Crax alberti;bird;South America;South America 97;2672;Aves/ACCEPTED
Crax alector;bird;South America;South America 99;7038;Aves/ACCEPTED
Crax blumenbachii;bird;South America;South America 99;1025;Aves/ACCEPTED
Crax daubentoni;bird;South America;South America 97;1194;Aves/ACCEPTED
Crax fasciolata;bird;South America;South America 99;24336;Aves/ACCEPTED
Crax globulosa;bird;South America;South America 87|North America 2;619;Aves/ACCEPTED
Crax rubra;bird;North America;North America 96|South America 3;75412;Aves/ACCEPTED
Creagrus furcatus;bird;South America+North America;South America 85|North America 4;18670;Aves/ACCEPTED
Creatophora cinerea;bird;Africa;Africa 100;94998;Aves/ACCEPTED
Crecopsis egregia;bird;Africa;Africa 99;6718;Aves/SYNONYM
Creurgops dentatus;bird;South America;South America 100;2377;Aves/ACCEPTED
Creurgops verticalis;bird;South America;South America 100;5367;Aves/ACCEPTED
Crex crex;bird;Europe;Europe 98|Asia 1;297832;Aves/ACCEPTED
Crinia deserticola;amphibian;Oceania;Oceania 100;4391;Amphibia/ACCEPTED
Crinia georgiana;amphibian;Oceania;Oceania 99;13636;Amphibia/ACCEPTED
Crinia glauerti;amphibian;Oceania;Oceania 100;23633;Amphibia/ACCEPTED
Crinia parinsignifera;amphibian;Oceania;Oceania 100;54964;Amphibia/ACCEPTED
Crinia pseudinsignifera;amphibian;Oceania;Oceania 100;4265;Amphibia/ACCEPTED
Crinia signifera;amphibian;Oceania;Oceania 100;308650;Amphibia/ACCEPTED
Crinia tinnula;amphibian;Oceania;Oceania 99;7013;Amphibia/ACCEPTED
Crinifer concolor;bird;Africa;Africa 100;249977;Aves/SYNONYM
Crinifer leucogaster;bird;Africa;Africa 100;26204;Aves/SYNONYM
Crinifer personatus;bird;Africa;Africa 100;16214;Aves/SYNONYM
Crinifer piscator;bird;Africa;Africa 100;38523;Aves/ACCEPTED
Crinifer zonurus;bird;Africa;Africa 100;17970;Aves/ACCEPTED
Criniger barbatus;bird;Africa;Africa 100;2645;Aves/ACCEPTED
Criniger calurus;bird;Africa;Africa 100;7673;Aves/ACCEPTED
Criniger chloronotus;bird;Africa;Africa 99;966;Aves/ACCEPTED
Criniger ndussumensis;bird;Africa;Africa 100;608;Aves/ACCEPTED
Criniger olivaceus;bird;Africa;Africa 100;1127;Aves/ACCEPTED
Crithagra albogularis;bird;Africa;Africa 100;52043;Aves/ACCEPTED
Crithagra ankoberensis;bird;Africa;Africa 100;305;Aves/ACCEPTED
Crithagra atrogularis;bird;Africa;Africa 100;116737;Aves/ACCEPTED
Crithagra buchanani;bird;Africa;Africa 100;1731;Aves/ACCEPTED
Crithagra burtoni;bird;Africa;Africa 99;7076;Aves/ACCEPTED
Crithagra capistrata;bird;Africa;Africa 99;887;Aves/ACCEPTED
Crithagra citrinelloides;bird;Africa;Africa 100;15318;Aves/ACCEPTED
Crithagra donaldsoni;bird;Africa;Africa 99;499;Aves/ACCEPTED
Crithagra dorsostriata;bird;Africa;Africa 100;12425;Aves/ACCEPTED
Crithagra flavigula;bird;Africa;Africa 100;317;Aves/ACCEPTED
Crithagra flaviventris;bird;Africa;Africa 100;120927;Aves/ACCEPTED
Crithagra frontalis;bird;Africa;Africa 100;5917;Aves/ACCEPTED
Crithagra gularis;bird;Africa;Africa 100;102496;Aves/ACCEPTED
Crithagra hyposticta;bird;Africa;Africa 100;6953;Aves/ACCEPTED
Crithagra leucoptera;bird;Africa;Africa 100;2857;Aves/ACCEPTED
Crithagra leucopygia;bird;Africa;Africa 98;5654;Aves/ACCEPTED
Crithagra menachensis;bird;Asia;Asia 100;1075;Aves/ACCEPTED
Crithagra mennelli;bird;Africa;Africa 98;1621;Aves/ACCEPTED
Crithagra mozambica;bird;Africa+Oceania;Africa 74|Oceania 23|Asia 1;160997;Aves/ACCEPTED
Crithagra reichardi;bird;Africa;Africa 100;821;Aves/ACCEPTED
Crithagra reichenowi;bird;Africa;Africa 100;18810;Aves/ACCEPTED
Crithagra rothschildi;bird;Asia;Asia 100;1216;Aves/ACCEPTED
Crithagra rufobrunnea;bird;Africa;Africa 99;1930;Aves/ACCEPTED
Crithagra scotops;bird;Africa;Africa 99;23904;Aves/ACCEPTED
Crithagra striolata;bird;Africa;Africa 99;40472;Aves/ACCEPTED
Crithagra sulphurata;bird;Africa;Africa 99;75598;Aves/ACCEPTED
Crithagra symonsi;bird;Africa;Africa 100;2813;Aves/ACCEPTED
Crithagra totta;bird;Africa;Africa 100;11912;Aves/ACCEPTED
Crithagra tristriata;bird;Africa;Africa 100;5458;Aves/ACCEPTED
Crithagra xantholaema;bird;Africa;Africa 100;246;Aves/ACCEPTED
Crocidura russula;mammal;Europe;Europe 98;76750;Mammalia/ACCEPTED
Crocuta crocuta;mammal;Africa+Europe;Africa 91|Europe 4|Asia 1;11322;Mammalia/ACCEPTED
Crossleyia xanthophrys;bird;Africa;Africa 100;584;Aves/ACCEPTED
Crossoptilon auritum;bird;Asia;Asia 87|North America 2|Europe 2;1293;Aves/ACCEPTED
Crossoptilon crossoptilon;bird;Asia;Asia 94|Europe 1|North America 1;1892;Aves/ACCEPTED
Crossoptilon harmani;bird;Asia;Asia 99;418;Aves/ACCEPTED
Crossoptilon mantchuricum;bird;Asia+Europe;Asia 72|Europe 4|North America 2;798;Aves/ACCEPTED
Crotophaga ani;bird;South America+North America;South America 74|North America 26;701964;Aves/ACCEPTED
Crotophaga major;bird;South America+North America;South America 85|North America 15;148776;Aves/ACCEPTED
Crotophaga sulcirostris;bird;North America+South America;North America 87|South America 13;534684;Aves/ACCEPTED
Crypsirina cucullata;bird;Asia;Asia 100;460;Aves/ACCEPTED
Crypsirina temia;bird;Asia;Asia 99;26270;Aves/ACCEPTED
Cryptillas victorini;bird;Africa;Africa 100;6862;Aves/ACCEPTED
Cryptoleucopteryx plumbea;bird;South America+North America;South America 72|North America 28;1809;Aves/SYNONYM
Cryptolybia olivacea;bird;Africa;Africa 100;5336;Aves/SYNONYM
Cryptomicroeca flaviventris;bird;Oceania;Oceania 99;1413;Aves/SYNONYM
Cryptopezus nattereri;bird;South America;South America 100;4314;Aves/SYNONYM
Cryptopipo holochlora;bird;South America+North America;South America 92|North America 8;3765;Aves/SYNONYM
Cryptospiza jacksoni;bird;Africa;Africa 99;2155;Aves/ACCEPTED
Cryptospiza reichenovii;bird;Africa;Africa 98;2656;Aves/ACCEPTED
Cryptospiza salvadorii;bird;Africa;Africa 99;1756;Aves/ACCEPTED
Cryptosylvicola randrianasoloi;bird;Africa;Africa 100;931;Aves/ACCEPTED
Cryptotympana atrata;insect;Asia;Asia 94;4239;Insecta/ACCEPTED
Cryptotympana facialis;insect;Asia;Asia 78;2147;Insecta/ACCEPTED
Cryptotympana holsti;insect;Asia;Asia 98|Africa 1;514;Insecta/ACCEPTED
Cryptotympana takasagona;insect;Asia;Asia 97|Africa 1;1355;Insecta/ACCEPTED
Crypturellus atrocapillus;bird;South America;South America 100;3857;Aves/ACCEPTED
Crypturellus bartletti;bird;South America;South America 100;3908;Aves/ACCEPTED
Crypturellus berlepschi;bird;South America;South America 100;1644;Aves/ACCEPTED
Crypturellus boucardi;bird;North America;North America 100;16829;Aves/ACCEPTED
Crypturellus brevirostris;bird;South America;South America 100;211;Aves/ACCEPTED
Crypturellus cinereus;bird;South America;South America 100;48118;Aves/ACCEPTED
Crypturellus cinnamomeus;bird;North America;North America 100;40730;Aves/ACCEPTED
Crypturellus duidae;bird;South America;South America 100;810;Aves/ACCEPTED
Crypturellus erythropus;bird;South America;South America 99;2339;Aves/ACCEPTED
Crypturellus kerriae;bird;South America+North America;South America 54|North America 46;400;Aves/ACCEPTED
Crypturellus noctivagus;bird;South America;South America 99;5062;Aves/ACCEPTED
Crypturellus obsoletus;bird;South America;South America 100;49103;Aves/ACCEPTED
Crypturellus parvirostris;bird;South America;South America 100;27816;Aves/ACCEPTED
Crypturellus soui;bird;South America+North America;South America 57|North America 43;164560;Aves/ACCEPTED
Crypturellus strigulosus;bird;South America;South America 100;4572;Aves/ACCEPTED
Crypturellus tataupa;bird;South America;South America 100;38177;Aves/ACCEPTED
Crypturellus transfasciatus;bird;South America;South America 100;4893;Aves/ACCEPTED
Crypturellus undulatus;bird;South America;South America 100;72308;Aves/ACCEPTED
Crypturellus variegatus;bird;South America;South America 100;13899;Aves/ACCEPTED
Cuculus canorus;bird;Europe+Asia;Europe 95|Asia 5;2084136;Aves/ACCEPTED
Cuculus clamosus;bird;Africa;Africa 100;52667;Aves/ACCEPTED
Cuculus crassirostris;bird;Asia;Asia 95;225;Aves/ACCEPTED
Cuculus gularis;bird;Africa;Africa 100;17267;Aves/ACCEPTED
Cuculus lepidus;bird;Asia;Asia 100;4736;Aves/ACCEPTED
Cuculus micropterus;bird;Asia;Asia 100;72499;Aves/ACCEPTED
Cuculus optatus;bird;Asia+Oceania;Asia 84|Oceania 14|Europe 1;38888;Aves/ACCEPTED
Cuculus poliocephalus;bird;Asia;Asia 97|Africa 1;19791;Aves/ACCEPTED
Cuculus rochii;bird;Africa;Africa 100;8848;Aves/ACCEPTED
Cuculus saturatus;bird;Asia+Europe;Asia 88|Europe 9;28972;Aves/ACCEPTED
Cuculus solitarius;bird;Africa;Africa 100;132286;Aves/ACCEPTED
Culicicapa ceylonensis;bird;Asia;Asia 100;162178;Aves/ACCEPTED
Culicicapa helianthea;bird;Asia;Asia 98;5298;Aves/ACCEPTED
Culicivora caudacuta;bird;South America;South America 100;4560;Aves/ACCEPTED
Curaeus curaeus;bird;South America;South America 100;120042;Aves/ACCEPTED
Curruca balearica;bird;Europe;Europe 100;2705;Aves/ACCEPTED
Curruca boehmi;bird;Africa;Africa 100;6571;Aves/SYNONYM
Curruca buryi;bird;Asia;Asia 100;558;Aves/SYNONYM
Curruca cantillans;bird;Europe+Asia;Europe 78|Asia 20|Africa 1;24425;Aves/ACCEPTED
Curruca communis;bird;Europe;Europe 97|Asia 2|Africa 1;2401362;Aves/SYNONYM
Curruca conspicillata;bird;Europe+Africa+Asia;Europe 59|Africa 26|Asia 14;52261;Aves/SYNONYM
Curruca crassirostris;bird;Asia+Europe;Asia 88|Europe 12;30484;Aves/SYNONYM
Curruca curruca;bird;Europe+Asia;Europe 85|Asia 15;1408587;Aves/SYNONYM
Curruca deserti;bird;Africa+Europe;Africa 67|Europe 30|Asia 3;2866;Aves/SYNONYM
Curruca deserticola;bird;Africa;Africa 100;2719;Aves/SYNONYM
Curruca hortensis;bird;Europe+Africa;Europe 94|Africa 4|Asia 1;60944;Aves/SYNONYM
Curruca iberiae;bird;Europe+Africa;Europe 90|Africa 9;87786;Aves/ACCEPTED
Curruca layardi;bird;Africa;Africa 100;5461;Aves/SYNONYM
Curruca leucomelaena;bird;Asia+Africa;Asia 96|Africa 4;2357;Aves/SYNONYM
Curruca lugens;bird;Africa;Africa 99|Asia 1;2402;Aves/SYNONYM
Curruca melanocephala;bird;Europe+Asia+Africa;Europe 87|Asia 10|Africa 3;992179;Aves/ACCEPTED
Curruca melanothorax;bird;Asia+Europe;Asia 86|Europe 14;5362;Aves/SYNONYM
Curruca mystacea;bird;Asia+Europe;Asia 79|Europe 19|Africa 1;16116;Aves/SYNONYM
Curruca nana;bird;Asia+Europe;Asia 81|Europe 18|Africa 1;14034;Aves/SYNONYM
Curruca nisoria;bird;Europe+Asia;Europe 85|Asia 14|Africa 1;90047;Aves/SYNONYM
Curruca ruppeli;bird;Asia+Europe;Asia 69|Europe 26|Africa 3;16089;Aves/SYNONYM
Curruca sarda;bird;Europe;Europe 93|Africa 1;6378;Aves/SYNONYM
Curruca subalpina;bird;Europe;Europe 96|Africa 2;4564;Aves/ACCEPTED
Curruca subcoerulea;bird;Africa;Africa 100;21642;Aves/ACCEPTED
Curruca undata;bird;Europe;Europe 99;206537;Aves/SYNONYM
Cursorius coromandelicus;bird;Asia;Asia 100;10156;Aves/ACCEPTED
Cursorius cursor;bird;Asia+Africa+Europe;Asia 48|Africa 39|Europe 12;20179;Aves/ACCEPTED
Cursorius rufus;bird;Africa;Africa 99;2706;Aves/ACCEPTED
Cursorius somalensis;bird;Africa;Africa 100;1506;Aves/ACCEPTED
Cursorius temminckii;bird;Africa;Africa 99;17425;Aves/ACCEPTED
Cutia legalleni;bird;Asia;Asia 100;1068;Aves/ACCEPTED
Cutia nipalensis;bird;Asia;Asia 100;7418;Aves/ACCEPTED
Cyanerpes caeruleus;bird;South America;South America 99;69850;Aves/ACCEPTED
Cyanerpes cyaneus;bird;North America+South America;North America 89|South America 10;262247;Aves/ACCEPTED
Cyanerpes lucidus;bird;North America;North America 100;47336;Aves/ACCEPTED
Cyanerpes nitidus;bird;South America;South America 100;5078;Aves/ACCEPTED
Cyanicterus cyanicterus;bird;South America+Europe;South America 94|Europe 6;1077;Aves/ACCEPTED
Cyanistes caeruleus;bird;Europe;Europe 100;11293557;Aves/ACCEPTED
Cyanistes cyanus;bird;Asia+Europe;Asia 67|Europe 31;15948;Aves/ACCEPTED
Cyanistes teneriffae;bird;Africa+Europe;Africa 83|Europe 17;38186;Aves/ACCEPTED
Cyanochen cyanoptera;bird;Africa+Europe;Africa 84|Europe 13;2814;Aves/ACCEPTED
Cyanocitta cristata;bird;North America;North America 100;24115126;Aves/ACCEPTED
Cyanocitta stelleri;bird;North America;North America 100;2769475;Aves/ACCEPTED
Cyanocompsa parellina;bird;North America;North America 100;47932;Aves/ACCEPTED
Cyanocorax affinis;bird;South America+North America;South America 71|North America 29;113689;Aves/ACCEPTED
Cyanocorax beecheii;bird;North America;North America 99;5035;Aves/ACCEPTED
Cyanocorax caeruleus;bird;South America;South America 100;16506;Aves/ACCEPTED
Cyanocorax cayanus;bird;South America;South America 99;3529;Aves/ACCEPTED
Cyanocorax chrysops;bird;South America;South America 100;86389;Aves/ACCEPTED
Cyanocorax colliei;bird;North America;North America 100;30464;Aves/SYNONYM
Cyanocorax cristatellus;bird;South America;South America 100;30447;Aves/ACCEPTED
Cyanocorax cyanomelas;bird;South America;South America 100;49956;Aves/ACCEPTED
Cyanocorax cyanopogon;bird;South America;South America 100;12970;Aves/ACCEPTED
Cyanocorax dickeyi;bird;North America;North America 100;2419;Aves/ACCEPTED
Cyanocorax formosus;bird;North America;North America 100;124642;Aves/SYNONYM
Cyanocorax heilprini;bird;South America;South America 100;1442;Aves/ACCEPTED
Cyanocorax luxuosus;bird;North America;North America 92|South America 1;1625;Aves/ACCEPTED
Cyanocorax melanocyaneus;bird;North America;North America 100;63086;Aves/ACCEPTED
Cyanocorax morio;bird;North America;North America 100;436047;Aves/SYNONYM
Cyanocorax mystacalis;bird;South America;South America 100;9039;Aves/ACCEPTED
Cyanocorax sanblasianus;bird;North America;North America 99;14582;Aves/ACCEPTED
Cyanocorax violaceus;bird;South America;South America 100;114810;Aves/ACCEPTED
Cyanocorax yncas;bird;North America+South America;North America 76|South America 24;465954;Aves/ACCEPTED
Cyanocorax yucatanicus;bird;North America;North America 100;54811;Aves/ACCEPTED
Cyanoderma ambiguum;bird;Asia;Asia 98;199;Aves/SYNONYM
Cyanoderma bicolor;bird;Asia;Asia 99;8017;Aves/SYNONYM
Cyanoderma chrysaeum;bird;Asia;Asia 100;23491;Aves/SYNONYM
Cyanoderma erythropterum;bird;Asia;Asia 99;17509;Aves/SYNONYM
Cyanoderma melanothorax;bird;Asia;Asia 93;3140;Aves/SYNONYM
Cyanoderma pyrrhops;bird;Asia;Asia 100;25682;Aves/SYNONYM
Cyanoderma ruficeps;bird;Asia;Asia 100;214245;Aves/SYNONYM
Cyanoderma rufifrons;bird;Asia;Asia 100;11049;Aves/SYNONYM
Cyanograucalus azureus;bird;Africa;Africa 99;2508;Aves/SYNONYM
Cyanolanius madagascarinus;bird;Africa;Africa 100;5070;Aves/ACCEPTED
Cyanoliseus patagonus;bird;South America+North America;South America 94|North America 3|Oceania 1;35370;Aves/ACCEPTED
Cyanoloxia brissonii;bird;South America;South America 100;49186;Aves/ACCEPTED
Cyanoloxia cyanoides;bird;North America+South America;North America 88|South America 12;95792;Aves/SYNONYM
Cyanoloxia glaucocaerulea;bird;South America;South America 100;5665;Aves/ACCEPTED
Cyanoloxia rothschildii;bird;South America;South America 100;10369;Aves/ACCEPTED
Cyanolyca argentigula;bird;North America;North America 100;1426;Aves/ACCEPTED
Cyanolyca armillata;bird;South America;South America 100;11395;Aves/ACCEPTED
Cyanolyca cucullata;bird;North America;North America 100;11452;Aves/ACCEPTED
Cyanolyca mirabilis;bird;North America;North America 100;1166;Aves/ACCEPTED
Cyanolyca nanus;bird;North America;North America 99;2350;Aves/ACCEPTED
Cyanolyca pulchra;bird;South America;South America 100;4036;Aves/ACCEPTED
Cyanolyca pumilo;bird;North America;North America 100;4809;Aves/ACCEPTED
Cyanolyca turcosa;bird;South America;South America 100;22048;Aves/ACCEPTED
Cyanolyca viridicyanus;bird;South America;South America 99;5939;Aves/ACCEPTED
Cyanomitra alinae;bird;Africa;Africa 99;3693;Aves/ACCEPTED
Cyanomitra cyanolaema;bird;Africa;Africa 99;8831;Aves/ACCEPTED
Cyanomitra olivacea;bird;Africa;Africa 99;77195;Aves/ACCEPTED
Cyanomitra oritis;bird;Africa;Africa 96;910;Aves/ACCEPTED
Cyanomitra veroxii;bird;Africa;Africa 99;25987;Aves/ACCEPTED
Cyanomitra verticalis;bird;Africa;Africa 100;21405;Aves/ACCEPTED
Cyanopica cooki;bird;Europe;Europe 100;213756;Aves/ACCEPTED
Cyanopica cyanus;bird;Asia+Europe;Asia 81|Europe 17;125532;Aves/ACCEPTED
Cyanoptila cumatilis;bird;Asia;Asia 100;946;Aves/ACCEPTED
Cyanoptila cyanomelana;bird;Asia;Asia 95;26209;Aves/ACCEPTED
Cyanoramphus auriceps;bird;Oceania;Oceania 99;10000;Aves/ACCEPTED
Cyanoramphus novaezelandiae;bird;Oceania;Oceania 99;22048;Aves/ACCEPTED
Cyanoramphus saisseti;bird;Oceania;Oceania 99;684;Aves/ACCEPTED
Cyclarhis gujanensis;bird;South America+North America;South America 72|North America 27;480650;Aves/ACCEPTED
Cyclarhis nigrirostris;bird;South America;South America 100;36421;Aves/ACCEPTED
Cyclochila australasiae;insect;Oceania;Oceania 99;4141;Insecta/ACCEPTED
Cyclopsitta diophthalma;bird;Oceania;Oceania 99;30445;Aves/ACCEPTED
Cygnus atratus;bird;Oceania+Europe;Oceania 87|Europe 12|North America 1|Asia 1;872051;Aves/ACCEPTED
Cygnus buccinator;bird;North America;North America 100;1067640;Aves/ACCEPTED
Cygnus columbianus;bird;North America+Europe;North America 74|Europe 24|Asia 2;1085905;Aves/ACCEPTED
Cygnus cygnus;bird;Europe;Europe 98|Asia 2;2239777;Aves/ACCEPTED
Cygnus melancoryphus;bird;South America;South America 97|Europe 1|North America 1;86171;Aves/ACCEPTED
Cygnus olor;bird;Europe+North America;Europe 72|North America 27;6783290;Aves/ACCEPTED
Cymbilaimus lineatus;bird;North America+South America;North America 61|South America 38;53977;Aves/ACCEPTED
Cymbilaimus sanctaemariae;bird;South America;South America 100;4939;Aves/ACCEPTED
Cymbirhynchus macrorhynchos;bird;Asia;Asia 98;18060;Aves/ACCEPTED
Cynanthus auriceps;bird;North America;North America 100;7367;Aves/ACCEPTED
Cynanthus canivetii;bird;North America;North America 100;65602;Aves/ACCEPTED
Cynanthus doubledayi;bird;North America;North America 100;7109;Aves/ACCEPTED
Cynanthus latirostris;bird;North America;North America 100;440710;Aves/ACCEPTED
Cynomys gunnisoni;mammal;North America;North America 93;4345;Mammalia/ACCEPTED
Cynomys ludovicianus;mammal;North America;North America 97;21830;Mammalia/ACCEPTED
Cyornis banyumas;bird;Asia;Asia 81;500;Aves/ACCEPTED
Cyornis brunneatus;bird;Asia;Asia 99;1945;Aves/SYNONYM
Cyornis caerulatus;bird;Asia;Asia 99;828;Aves/ACCEPTED
Cyornis concretus;bird;Asia;Asia 100;1935;Aves/ACCEPTED
Cyornis glaucicomans;bird;Asia;Asia 100;4038;Aves/ACCEPTED
Cyornis hainanus;bird;Asia;Asia 100;18194;Aves/ACCEPTED
Cyornis hoevelli;bird;Asia;Asia 98;956;Aves/ACCEPTED
Cyornis lemprieri;bird;Asia;Asia 99;1424;Aves/ACCEPTED
Cyornis magnirostris;bird;Asia;Asia 100;837;Aves/ACCEPTED
Cyornis olivaceus;bird;Asia;Asia 96;2855;Aves/SYNONYM
Cyornis omissus;bird;Asia;Asia 98;1122;Aves/ACCEPTED
Cyornis pallidipes;bird;Asia;Asia 100;12267;Aves/ACCEPTED
Cyornis poliogenys;bird;Asia;Asia 100;8361;Aves/ACCEPTED
Cyornis rubeculoides;bird;Asia;Asia 100;23067;Aves/ACCEPTED
Cyornis rufigastra;bird;Asia;Asia 99;5599;Aves/ACCEPTED
Cyornis sanfordi;bird;Asia;Asia 97;218;Aves/ACCEPTED
Cyornis sumatrensis;bird;Asia;Asia 100;13552;Aves/SYNONYM
Cyornis superbus;bird;Asia;Asia 100;1778;Aves/ACCEPTED
Cyornis tickelliae;bird;Asia;Asia 100;183351;Aves/ACCEPTED
Cyornis turcosus;bird;Asia;Asia 99;4771;Aves/ACCEPTED
Cyornis umbratilis;bird;Asia;Asia 98;2376;Aves/SYNONYM
Cyornis unicolor;bird;Asia;Asia 100;10337;Aves/ACCEPTED
Cyornis whitei;bird;Asia;Asia 100;16552;Aves/ACCEPTED
Cyphoderris monstrosa;insect;North America;North America 89;909;Insecta/ACCEPTED
Cyphorhinus arada;bird;South America;South America 98|North America 2;8916;Aves/ACCEPTED
Cyphorhinus dichrous;bird;South America;South America 100;14587;Aves/ACCEPTED
Cyphorhinus phaeocephalus;bird;North America+South America;North America 90|South America 10;22784;Aves/ACCEPTED
Cyphorhinus thoracicus;bird;South America;South America 99;2567;Aves/ACCEPTED
Cypseloides cherriei;bird;North America+South America;North America 55|South America 45;3574;Aves/ACCEPTED
Cypseloides cryptus;bird;South America+North America;South America 56|North America 44;2632;Aves/ACCEPTED
Cypseloides fumigatus;bird;South America;South America 100;2493;Aves/ACCEPTED
Cypseloides niger;bird;North America;North America 100;47543;Aves/ACCEPTED
Cypseloides senex;bird;South America;South America 100;10448;Aves/ACCEPTED
Cypsiurus balasiensis;bird;Asia;Asia 100;435123;Aves/ACCEPTED
Cypsiurus gracilis;bird;Africa;Africa 100;6296;Aves/ACCEPTED
Cypsiurus parvus;bird;Africa;Africa 99;289512;Aves/ACCEPTED
Cypsnagra hirundinacea;bird;South America;South America 100;6431;Aves/ACCEPTED
Cyrtonyx montezumae;bird;North America;North America 99;30454;Aves/ACCEPTED
Cyrtonyx ocellatus;bird;North America;North America 100;2773;Aves/ACCEPTED
Cyrtoxipha columbiana;insect;North America;North America 96;1967;Insecta/ACCEPTED
Cystosoma saundersii;insect;Oceania;Oceania 99;1565;Insecta/ACCEPTED
Dacelo gaudichaud;bird;Oceania;Oceania 95|Asia 2;7441;Aves/ACCEPTED
Dacelo leachii;bird;Oceania;Oceania 100;106793;Aves/ACCEPTED
Dacelo novaeguineae;bird;Oceania;Oceania 100;1339665;Aves/ACCEPTED
Dacelo rex;bird;Oceania;Oceania 92|Asia 2;514;Aves/SYNONYM
Dacnis albiventris;bird;South America;South America 98;892;Aves/ACCEPTED
Dacnis berlepschi;bird;South America;South America 100;2464;Aves/ACCEPTED
Dacnis cayana;bird;South America+North America;South America 75|North America 25;245973;Aves/ACCEPTED
Dacnis flaviventer;bird;South America;South America 100;18668;Aves/ACCEPTED
Dacnis hartlaubi;bird;South America;South America 100;5550;Aves/ACCEPTED
Dacnis lineata;bird;South America;South America 100;47146;Aves/ACCEPTED
Dacnis nigripes;bird;South America;South America 100;1793;Aves/ACCEPTED
Dacnis venusta;bird;North America+South America;North America 91|South America 9;65442;Aves/ACCEPTED
Dactylortyx thoracicus;bird;North America;North America 99;12268;Aves/ACCEPTED
Dama dama;mammal;Europe+Oceania+Asia;Europe 85|Oceania 10|Asia 4;223638;Mammalia/ACCEPTED
Daphoenositta chrysoptera;bird;Oceania;Oceania 100;128009;Aves/ACCEPTED
Daphoenositta miranda;bird;Oceania;Oceania 92;411;Aves/ACCEPTED
Daption capense;bird;Oceania+Antarctica+Ocean;Oceania 10|Antarctica 10|South America 2;83122;Aves/ACCEPTED
Daptrius ater;bird;South America;South America 100;46500;Aves/ACCEPTED
Daptrius australis;bird;;;;labels
Daptrius carunculatus;bird;;;;labels
Daptrius chimachima;bird;South America;South America 95|North America 1;16555;Aves/ACCEPTED/via Milvago chimachima
Daptrius chimango;bird;South America;South America 98;4090;Aves/ACCEPTED/via Milvago chimango
Daptrius megalopterus;bird;;;;labels
Dasycrotapha plateni;bird;Asia;Asia 100;1011;Aves/ACCEPTED
Dasycrotapha speciosa;bird;Asia;Asia 98;459;Aves/ACCEPTED
Dasylophus cumingi;bird;Asia;Asia 100;3870;Aves/SYNONYM
Dasylophus superciliosus;bird;Asia;Asia 100;3967;Aves/ACCEPTED
Dasyornis brachypterus;bird;Oceania;Oceania 97;9533;Aves/ACCEPTED
Dasyornis broadbenti;bird;Oceania;Oceania 99;14618;Aves/ACCEPTED
Dasyornis longirostris;bird;Oceania;Oceania 99;2206;Aves/ACCEPTED
Dasyprocta punctata;mammal;South America+North America;South America 64|North America 35;76885;Mammalia/ACCEPTED
Deconychura longicauda;bird;South America+North America;South America 93|North America 6;1417;Aves/ACCEPTED
Deconychura pallida;bird;South America;South America 100;3690;Aves/ACCEPTED
Deconychura typica;bird;North America+South America;North America 97|South America 3;2926;Aves/ACCEPTED
Decticus albifrons;insect;Europe;Europe 97|Asia 2|Africa 1;27293;Insecta/ACCEPTED
Decticus verrucivorus;insect;Europe;Europe 99|Asia 1;91271;Insecta/ACCEPTED
Deleornis axillaris;bird;Africa;Africa 99;2088;Aves/ACCEPTED
Deleornis fraseri;bird;Africa;Africa 99;3120;Aves/ACCEPTED
Delichon dasypus;bird;Asia;Asia 99;50984;Aves/ACCEPTED
Delichon lagopodum;bird;Asia+North America;Asia 91|North America 9;2106;Aves/SYNONYM
Delichon nipalense;bird;Asia;Asia 100;8496;Aves/ACCEPTED
Delichon urbicum;bird;Europe;Europe 96|Asia 2|Africa 2;2611291;Aves/ACCEPTED
Delphinapterus leucas;mammal;North America+Europe;North America 28|Europe 21;12966;Mammalia/ACCEPTED
Deltarhynchus flammulatus;bird;North America;North America 100;3290;Aves/ACCEPTED
Dendragapus fuliginosus;bird;North America;North America 100;64733;Aves/ACCEPTED
Dendragapus obscurus;bird;North America;North America 99;45708;Aves/ACCEPTED
Dendrexetastes rufigula;bird;South America;South America 100;16248;Aves/ACCEPTED
Dendrocincla anabatina;bird;North America;North America 100;32540;Aves/ACCEPTED
Dendrocincla fuliginosa;bird;South America+North America;South America 75|North America 25;110166;Aves/ACCEPTED
Dendrocincla homochroa;bird;North America;North America 98|South America 2;25026;Aves/ACCEPTED
Dendrocincla merula;bird;South America;South America 98;5862;Aves/ACCEPTED
Dendrocincla turdina;bird;South America;South America 100;20187;Aves/SYNONYM
Dendrocincla tyrannina;bird;South America;South America 100;11058;Aves/ACCEPTED
Dendrocitta bayleii;bird;Asia;Asia 100;3825;Aves/ACCEPTED
Dendrocitta cinerascens;bird;Asia;Asia 100;9001;Aves/ACCEPTED
Dendrocitta formosae;bird;Asia;Asia 100;395304;Aves/ACCEPTED
Dendrocitta frontalis;bird;Asia;Asia 100;2801;Aves/ACCEPTED
Dendrocitta leucogastra;bird;Asia;Asia 100;26697;Aves/ACCEPTED
Dendrocitta vagabunda;bird;Asia;Asia 100;606876;Aves/ACCEPTED
Dendrocolaptes certhia;bird;South America+North America;South America 95|North America 4;14218;Aves/ACCEPTED
Dendrocolaptes hoffmannsi;bird;South America;South America 93;466;Aves/ACCEPTED
Dendrocolaptes picumnus;bird;South America+North America;South America 94|North America 5;15974;Aves/ACCEPTED
Dendrocolaptes platyrostris;bird;South America;South America 100;24951;Aves/ACCEPTED
Dendrocolaptes sanctithomae;bird;North America+South America;North America 95|South America 5;58782;Aves/ACCEPTED
Dendrocopos analis;bird;Asia;Asia 99;18559;Aves/ACCEPTED
Dendrocopos atratus;bird;Asia;Asia 100;5939;Aves/ACCEPTED
Dendrocopos darjellensis;bird;Asia;Asia 100;6205;Aves/ACCEPTED
Dendrocopos himalayensis;bird;Asia;Asia 100;16013;Aves/ACCEPTED
Dendrocopos hyperythrus;bird;Asia;Asia 100;14001;Aves/ACCEPTED
Dendrocopos leucopterus;bird;Asia;Asia 99;2106;Aves/ACCEPTED
Dendrocopos leucotos;bird;Europe+Asia;Europe 75|Asia 25;91510;Aves/ACCEPTED
Dendrocopos macei;bird;Asia;Asia 100;34462;Aves/ACCEPTED
Dendrocopos major;bird;Europe;Europe 98|Asia 2;5425076;Aves/ACCEPTED
Dendrocopos noguchii;bird;Asia;Asia 97;1273;Aves/ACCEPTED
Dendrocopos syriacus;bird;Asia+Europe;Asia 57|Europe 43;129409;Aves/ACCEPTED
Dendrocoptes auriceps;bird;Asia;Asia 100;20590;Aves/ACCEPTED
Dendrocoptes dorae;bird;Asia;Asia 100;468;Aves/ACCEPTED
Dendrocoptes medius;bird;Europe;Europe 98|Asia 2;288811;Aves/ACCEPTED
Dendrocygna arborea;bird;North America;North America 99;16565;Aves/ACCEPTED
Dendrocygna arcuata;bird;Oceania+Asia;Oceania 90|Asia 10;64156;Aves/ACCEPTED
Dendrocygna autumnalis;bird;North America+South America;North America 90|South America 10;1162021;Aves/ACCEPTED
Dendrocygna bicolor;bird;Global;North America 62|South America 19|Africa 11|Asia 6|Europe 1;173128;Aves/ACCEPTED
Dendrocygna eytoni;bird;Oceania;Oceania 100;84669;Aves/ACCEPTED
Dendrocygna guttata;bird;Oceania+Asia;Oceania 87|Asia 7;3791;Aves/ACCEPTED
Dendrocygna javanica;bird;Asia;Asia 100;282487;Aves/ACCEPTED
Dendrocygna viduata;bird;Africa+South America;Africa 61|South America 38;276789;Aves/ACCEPTED
Dendrohyrax arboreus;mammal;Africa;Africa 95;1244;Mammalia/ACCEPTED
Dendroma erythroptera;bird;South America;South America 100;3522;Aves/SYNONYM
Dendroma rufa;bird;South America;South America 97|North America 3;54613;Aves/SYNONYM
Dendronanthus indicus;bird;Asia;Asia 99;31514;Aves/ACCEPTED
Dendroperdix sephaena;bird;Africa;Africa 100;129587;Aves/SYNONYM
Dendropicos fuscescens;bird;Africa;Africa 100;137154;Aves/ACCEPTED
Dendropicos gabonensis;bird;Africa;Africa 97;584;Aves/ACCEPTED
Dendropicos goertae;bird;Africa;Africa 100;18445;Aves/ACCEPTED
Dendropicos griseocephalus;bird;Africa;Africa 99;32762;Aves/ACCEPTED
Dendropicos lugubris;bird;Africa;Africa 100;1501;Aves/ACCEPTED
Dendropicos obsoletus;bird;Africa;Africa 97|South America 2|North America 1;2533;Aves/ACCEPTED
Dendropicos spodocephalus;bird;Africa;Africa 100;10431;Aves/ACCEPTED
Dendroplex kienerii;bird;South America;South America 99;2377;Aves/ACCEPTED
Dendroplex picus;bird;South America+North America;South America 96|North America 3;101371;Aves/SYNONYM
Dendropsophus columbianus;amphibian;South America;South America 99;1680;Amphibia/ACCEPTED
Dendropsophus ebraccatus;amphibian;North America+South America;North America 89|South America 10;5857;Amphibia/ACCEPTED
Dendropsophus microcephalus;amphibian;North America+South America;North America 51|South America 46;11434;Amphibia/ACCEPTED
Dendropsophus minutus;amphibian;South America;South America 99;14906;Amphibia/ACCEPTED
Dendropsophus molitor;amphibian;South America;South America 97;3545;Amphibia/ACCEPTED
Dendrortyx barbatus;bird;North America;North America 96;1188;Aves/ACCEPTED
Dendrortyx leucophrys;bird;North America;North America 100;12800;Aves/ACCEPTED
Dendrortyx macroura;bird;North America;North America 99;5137;Aves/ACCEPTED
Deroptyus accipitrinus;bird;South America;South America 99;10102;Aves/ACCEPTED
Desmodus rotundus;mammal;North America+South America;North America 48|South America 46;25396;Mammalia/ACCEPTED
Dessonornis anomalus;bird;Africa;Africa 99;612;Aves/SYNONYM
Dessonornis archeri;bird;Africa;Africa 100;2356;Aves/SYNONYM
Dessonornis caffer;bird;Africa;Africa 100;98004;Aves/ACCEPTED
Dessonornis humeralis;bird;Africa;Africa 100;41510;Aves/SYNONYM
Devioeca papuana;bird;Oceania;Oceania 92|Asia 3;2642;Aves/SYNONYM
Diasporus diastema;amphibian;North America;North America 98|South America 1;2550;Amphibia/ACCEPTED
Dicaeum aeneum;bird;Oceania;Oceania 88;978;Aves/ACCEPTED
Dicaeum agile;bird;Asia;Asia 84|Oceania 1;428;Aves/ACCEPTED
Dicaeum annae;bird;Asia;Asia 90;1232;Aves/ACCEPTED
Dicaeum anthonyi;bird;Asia;Asia 99;326;Aves/ACCEPTED
Dicaeum aureolimbatum;bird;Asia;Asia 97;3043;Aves/ACCEPTED
Dicaeum australe;bird;Asia;Asia 100;15423;Aves/ACCEPTED
Dicaeum bicolor;bird;Asia;Asia 98;3443;Aves/ACCEPTED
Dicaeum cambodianum;bird;Asia;Asia 100;3046;Aves/SYNONYM
Dicaeum celebicum;bird;Asia;Asia 97;3977;Aves/ACCEPTED
Dicaeum chrysorrheum;bird;Asia;Asia 74;257;Aves/ACCEPTED
Dicaeum concolor;bird;Asia;Asia 100;85836;Aves/ACCEPTED
Dicaeum cruentatum;bird;Asia;Asia 100;112986;Aves/ACCEPTED
Dicaeum erythrorhynchos;bird;Asia;Asia 100;366154;Aves/ACCEPTED
Dicaeum geelvinkianum;bird;Oceania;Oceania 98|Asia 1;7121;Aves/ACCEPTED
Dicaeum haematostictum;bird;Asia;Asia 100;1367;Aves/ACCEPTED
Dicaeum hirundinaceum;bird;Oceania;Oceania 100;426130;Aves/ACCEPTED
Dicaeum hypoleucum;bird;Asia;Asia 99;5473;Aves/ACCEPTED
Dicaeum igniferum;bird;Asia;Asia 99;1953;Aves/ACCEPTED
Dicaeum ignipectus;bird;Asia;Asia 100;62966;Aves/ACCEPTED
Dicaeum maugei;bird;Asia;Asia 99;3160;Aves/ACCEPTED
Dicaeum minullum;bird;Asia;Asia 100;28820;Aves/ACCEPTED
Dicaeum monticolum;bird;Asia;Asia 100;5118;Aves/ACCEPTED
Dicaeum nehrkorni;bird;Asia;Asia 95;1053;Aves/ACCEPTED
Dicaeum pectorale;bird;Oceania+Asia;Oceania 88|Asia 7;2296;Aves/ACCEPTED
Dicaeum pygmaeum;bird;Asia;Asia 99;6080;Aves/ACCEPTED
Dicaeum sanguinolentum;bird;Asia;Asia 94;3503;Aves/ACCEPTED
Dicaeum schistaceiceps;bird;Asia;Asia 99;972;Aves/ACCEPTED
Dicaeum trigonostigma;bird;Asia;Asia 99;46402;Aves/ACCEPTED
Dicaeum tristrami;bird;Oceania;Oceania 98;286;Aves/ACCEPTED
Dicaeum trochileum;bird;Asia;Asia 96;6863;Aves/ACCEPTED
Dicaeum virescens;bird;Asia;Asia 100;6855;Aves/ACCEPTED
Dicaeum vulneratum;bird;Asia;Asia 96;1172;Aves/ACCEPTED
Diceroprocta apache;insect;North America;North America 92;1205;Insecta/ACCEPTED
Diceroprocta eugraphica;insect;North America;North America 84;463;Insecta/ACCEPTED
Diceroprocta olympusa;insect;North America;North America 85;397;Insecta/ACCEPTED
Diceroprocta viridifascia;insect;North America;North America 88;490;Insecta/ACCEPTED
Dichrozona cincta;bird;South America;South America 99;2780;Aves/ACCEPTED
Dicrurus adsimilis;bird;Africa;Africa 100;480408;Aves/ACCEPTED
Dicrurus aeneus;bird;Asia;Asia 100;215179;Aves/ACCEPTED
Dicrurus andamanensis;bird;Asia;Asia 100;9092;Aves/ACCEPTED
Dicrurus annectens;bird;Asia;Asia 100;6993;Aves/ACCEPTED
Dicrurus atripennis;bird;Africa;Africa 98;3579;Aves/ACCEPTED
Dicrurus balicassius;bird;Asia;Asia 99;7762;Aves/ACCEPTED
Dicrurus bracteatus;bird;Oceania;Oceania 99|Asia 1;269909;Aves/ACCEPTED
Dicrurus caerulescens;bird;Asia;Asia 100;116386;Aves/ACCEPTED
Dicrurus densus;bird;Asia;Asia 99;2389;Aves/ACCEPTED
Dicrurus divaricatus;bird;North America;North America 99;7443;Aves/ACCEPTED/via Abeillia abeillei
Dicrurus forficatus;bird;Africa;Africa 100;17425;Aves/ACCEPTED
Dicrurus hottentottus;bird;Asia;Asia 99;116309;Aves/ACCEPTED
Dicrurus leucophaeus;bird;Asia;Asia 100;343502;Aves/ACCEPTED
Dicrurus lophorinus;bird;Asia;Asia 100;4761;Aves/ACCEPTED
Dicrurus ludwigii;bird;Africa;Africa 99;29200;Aves/ACCEPTED
Dicrurus macrocercus;bird;Asia;Asia 100;1500100;Aves/ACCEPTED
Dicrurus modestus;bird;Africa;Africa 100;7750;Aves/ACCEPTED
Dicrurus montanus;bird;Asia;Asia 98;1347;Aves/ACCEPTED
Dicrurus palawanensis;bird;Asia;Asia 100;2459;Aves/ACCEPTED
Dicrurus paradiseus;bird;Asia;Asia 100;365522;Aves/ACCEPTED
Dicrurus remifer;bird;Asia;Asia 99;31415;Aves/ACCEPTED
Dicrurus sharpei;bird;Africa;Africa 100;2534;Aves/ACCEPTED
Dicrurus striatus;bird;Asia;Asia 100;3186;Aves/ACCEPTED
Didelphis virginiana;mammal;North America;North America 97;68000;Mammalia/ACCEPTED
Diglossa albilatera;bird;South America;South America 100;83781;Aves/ACCEPTED
Diglossa baritula;bird;North America;North America 99|South America 1;33714;Aves/ACCEPTED
Diglossa brunneiventris;bird;South America;South America 100;26003;Aves/ACCEPTED
Diglossa caerulescens;bird;South America;South America 100;33326;Aves/ACCEPTED
Diglossa carbonaria;bird;South America;South America 99;3740;Aves/ACCEPTED
Diglossa cyanea;bird;South America;South America 100;122086;Aves/ACCEPTED
Diglossa glauca;bird;South America;South America 100;10697;Aves/ACCEPTED
Diglossa gloriosa;bird;South America;South America 99;835;Aves/ACCEPTED
Diglossa gloriosissima;bird;South America;South America 100;3725;Aves/ACCEPTED
Diglossa humeralis;bird;South America;South America 100;72475;Aves/ACCEPTED
Diglossa indigotica;bird;South America;South America 100;10479;Aves/ACCEPTED
Diglossa lafresnayii;bird;South America;South America 100;32322;Aves/ACCEPTED
Diglossa major;bird;South America;South America 96;702;Aves/ACCEPTED
Diglossa mystacalis;bird;South America;South America 100;6780;Aves/ACCEPTED
Diglossa plumbea;bird;North America;North America 100;46730;Aves/ACCEPTED
Diglossa sittoides;bird;South America;South America 100;41073;Aves/ACCEPTED
Dimissalna dimissa;insect;Europe+Asia;Europe 87|Asia 9;832;Insecta/ACCEPTED
Dinemellia dinemelli;bird;Africa;Africa 100;29616;Aves/ACCEPTED
Dinopium benghalense;bird;Asia;Asia 100;358238;Aves/ACCEPTED
Dinopium everetti;bird;Asia;Asia 99;1605;Aves/ACCEPTED
Dinopium javanense;bird;Asia;Asia 99;41684;Aves/ACCEPTED
Dinopium psarodes;bird;Asia;Asia 100;20719;Aves/ACCEPTED
Dinopium rafflesii;bird;Asia;Asia 95;1560;Aves/SYNONYM
Dinopium shorii;bird;Asia;Asia 100;5900;Aves/ACCEPTED
Diomedea antipodensis;bird;Oceania+Ocean;Oceania 14;15304;Aves/ACCEPTED
Diomedea epomophora;bird;Oceania+Ocean;Oceania 14|South America 2;32716;Aves/ACCEPTED
Diomedea exulans;bird;Africa+Oceania+Ocean;Africa 6|Oceania 5|Antarctica 2;177578;Aves/ACCEPTED
Diopsittaca nobilis;bird;South America;South America 100;43465;Aves/ACCEPTED
Diphyllodes magnificus;bird;Oceania+Asia;Oceania 71|Asia 20;4055;Aves/ACCEPTED
Diphyllodes respublica;bird;Oceania+Asia;Oceania 69|Asia 20;1636;Aves/ACCEPTED
Discosura conversii;bird;South America+North America;South America 57|North America 43;53520;Aves/ACCEPTED
Discosura langsdorffi;bird;South America;South America 98;2165;Aves/ACCEPTED
Discosura popelairii;bird;South America;South America 99;13117;Aves/ACCEPTED
Diuca diuca;bird;South America;South America 99|Oceania 1;108951;Aves/ACCEPTED
Dives dives;bird;North America;North America 100;613259;Aves/ACCEPTED
Dives warczewiczi;bird;South America;South America 100;78432;Aves/ACCEPTED
Dixiphia pipra;bird;South America+North America;South America 88|North America 11;29160;Aves/SYNONYM
Dog;domestic;Global;;;
Dolichonyx oryzivorus;bird;North America;North America 100;914041;Aves/ACCEPTED
Donacobius atricapilla;bird;South America;South America 98|North America 1;75888;Aves/ACCEPTED
Donacospiza albifrons;bird;South America;South America 100;14462;Aves/ACCEPTED
Doricha eliza;bird;North America;North America 99;9798;Aves/ACCEPTED
Doricha enicura;bird;North America;North America 99;3604;Aves/ACCEPTED
Doryfera johannae;bird;South America;South America 99;8152;Aves/ACCEPTED
Doryfera ludovicae;bird;South America+North America;South America 74|North America 26;28393;Aves/ACCEPTED
Dremomys pernyi;mammal;Asia;Asia 98;880;Mammalia/ACCEPTED
Drepanis coccinea;bird;Oceania;Oceania 98|North America 1;30477;Aves/SYNONYM
Drepanorhynchus reichenowi;bird;Africa;Africa 99;6401;Aves/ACCEPTED
Drepanornis albertisi;bird;Oceania+Asia;Oceania 82|Asia 10;622;Aves/ACCEPTED
Drepanornis bruijnii;bird;Oceania+Asia;Oceania 82|Asia 11;603;Aves/ACCEPTED
Dreptes thomensis;bird;Africa;Africa 100;519;Aves/ACCEPTED
Driophlox atrimaxillaris;bird;;;;labels
Driophlox cristata;bird;;;;labels
Driophlox fuscicauda;bird;;;;labels
Driophlox gutturalis;bird;;;;labels
Dromaius novaehollandiae;bird;Oceania;Oceania 99;169772;Aves/ACCEPTED
Dromas ardeola;bird;Asia+Africa;Asia 60|Africa 40;15232;Aves/ACCEPTED
Dromococcyx pavoninus;bird;South America;South America 100;8068;Aves/ACCEPTED
Dromococcyx phasianellus;bird;North America+South America;North America 72|South America 28;16398;Aves/ACCEPTED
Drymodes beccarii;bird;Oceania;Oceania 97|Asia 2;519;Aves/ACCEPTED
Drymodes brunneopygia;bird;Oceania;Oceania 100;25885;Aves/ACCEPTED
Drymodes superciliaris;bird;Oceania;Oceania 99;1793;Aves/ACCEPTED
Drymomantis fallax;amphibian;;;;labels
Drymophila caudata;bird;South America;South America 99;1824;Aves/ACCEPTED
Drymophila devillei;bird;South America;South America 100;3744;Aves/ACCEPTED
Drymophila ferruginea;bird;South America;South America 100;20495;Aves/ACCEPTED
Drymophila genei;bird;South America;South America 100;3725;Aves/ACCEPTED
Drymophila hellmayri;bird;South America;South America 100;3947;Aves/ACCEPTED
Drymophila klagesi;bird;South America;South America 100;2329;Aves/ACCEPTED
Drymophila malura;bird;South America;South America 100;10264;Aves/ACCEPTED
Drymophila ochropyga;bird;South America;South America 100;8338;Aves/ACCEPTED
Drymophila rubricollis;bird;South America;South America 100;7486;Aves/ACCEPTED
Drymophila squamata;bird;South America;South America 100;12691;Aves/ACCEPTED
Drymophila striaticeps;bird;South America;South America 100;19721;Aves/ACCEPTED
Drymornis bridgesii;bird;South America;South America 100;34271;Aves/ACCEPTED
Dryobates affinis;bird;South America;South America 100;16723;Aves/SYNONYM
Dryobates albolarvatus;bird;North America;North America 100;107837;Aves/SYNONYM
Dryobates arizonae;bird;North America;North America 100;93471;Aves/SYNONYM
Dryobates borealis;bird;North America;North America 100;163250;Aves/SYNONYM
Dryobates callonotus;bird;South America;South America 100;13682;Aves/SYNONYM
Dryobates cassini;bird;South America;South America 99;4432;Aves/SYNONYM
Dryobates cathpharius;bird;Asia;Asia 100;5369;Aves/ACCEPTED
Dryobates dignus;bird;South America;South America 100;9544;Aves/SYNONYM
Dryobates frontalis;bird;South America;South America 100;4099;Aves/SYNONYM
Dryobates fumigatus;bird;North America+South America;North America 53|South America 47;96199;Aves/SYNONYM
Dryobates kirkii;bird;South America+North America;South America 77|North America 22;28093;Aves/SYNONYM
Dryobates lignarius;bird;South America;South America 100;36967;Aves/SYNONYM
Dryobates maculifrons;bird;South America;South America 100;6957;Aves/SYNONYM
Dryobates minor;bird;Europe;Europe 98|Asia 2;728516;Aves/ACCEPTED
Dryobates mixtus;bird;South America;South America 100;43538;Aves/SYNONYM
Dryobates nigriceps;bird;South America;South America 100;5072;Aves/SYNONYM
Dryobates nuttallii;bird;North America;North America 100;1217935;Aves/ACCEPTED
Dryobates passerinus;bird;South America;South America 100;61770;Aves/SYNONYM
Dryobates pernyii;bird;Asia;Asia 100;1564;Aves/SYNONYM
Dryobates pubescens;bird;North America;North America 100;19083691;Aves/ACCEPTED
Dryobates scalaris;bird;North America;North America 100;1191342;Aves/ACCEPTED
Dryobates spilogaster;bird;South America;South America 100;48577;Aves/SYNONYM
Dryobates stricklandi;bird;North America;North America 98;3517;Aves/SYNONYM
Dryobates villosus;bird;North America;North America 100;7548218;Aves/SYNONYM
Dryocopus hodgei;bird;Asia;Asia 100;4596;Aves/ACCEPTED
Dryocopus javensis;bird;Asia;Asia 99;22596;Aves/ACCEPTED
Dryocopus lineatus;bird;North America+South America;North America 54|South America 46;375609;Aves/ACCEPTED
Dryocopus martius;bird;Europe;Europe 99|Asia 1;1231457;Aves/ACCEPTED
Dryocopus pileatus;bird;North America;North America 100;5384966;Aves/ACCEPTED
Dryocopus schulzii;bird;South America;South America 100;3201;Aves/ACCEPTED
Dryolimnas cuvieri;bird;Africa;Africa 98;3587;Aves/ACCEPTED
Dryophytes andersonii;amphibian;North America;North America 93;1691;Amphibia/ACCEPTED
Dryophytes arenicolor;amphibian;North America;North America 96;15592;Amphibia/ACCEPTED
Dryophytes avivoca;amphibian;North America;North America 95;2347;Amphibia/ACCEPTED
Dryophytes chrysoscelis;amphibian;North America;North America 96;29265;Amphibia/ACCEPTED
Dryophytes cinereus;amphibian;North America;North America 98;60954;Amphibia/ACCEPTED
Dryophytes eximius;amphibian;North America;North America 99;12026;Amphibia/ACCEPTED
Dryophytes femoralis;amphibian;North America;North America 98;3345;Amphibia/ACCEPTED
Dryophytes gratiosus;amphibian;North America;North America 94;5499;Amphibia/ACCEPTED
Dryophytes japonicus;amphibian;Asia;Asia 93;20675;Amphibia/ACCEPTED
Dryophytes squirellus;amphibian;North America;North America 97;29042;Amphibia/ACCEPTED
Dryophytes versicolor;amphibian;North America;North America 97;53224;Amphibia/ACCEPTED
Dryopsophus citropa;amphibian;Oceania;Oceania 100;309;Amphibia/SYNONYM
Dryopsophus nudidigitus;amphibian;Oceania;Oceania 100;5930;Amphibia/SYNONYM
Dryopsophus pearsonianus;amphibian;Oceania;Oceania 100;5620;Amphibia/SYNONYM
Dryopsophus phyllochrous;amphibian;Oceania;Oceania 100;11438;Amphibia/SYNONYM
Dryoscopus angolensis;bird;Africa;Africa 100;4112;Aves/ACCEPTED
Dryoscopus cubla;bird;Africa;Africa 100;240115;Aves/ACCEPTED
Dryoscopus gambensis;bird;Africa;Africa 99;20659;Aves/ACCEPTED
Dryoscopus pringlii;bird;Africa;Africa 100;1430;Aves/ACCEPTED
Dryoscopus sabini;bird;Africa;Africa 99;2591;Aves/ACCEPTED
Dryoscopus senegalensis;bird;Africa;Africa 96;964;Aves/ACCEPTED
Dryotriorchis spectabilis;bird;Africa;Africa 98;85;Aves/ACCEPTED
Dubusia castaneoventris;bird;South America;South America 100;3805;Aves/ACCEPTED
Dubusia taeniata;bird;South America;South America 100;20089;Aves/ACCEPTED
Ducetia japonica;insect;Asia;Asia 85|Oceania 1;2461;Insecta/ACCEPTED
Ducula aenea;bird;Asia;Asia 99;93078;Aves/ACCEPTED
Ducula badia;bird;Asia;Asia 100;52954;Aves/ACCEPTED
Ducula basilica;bird;Asia;Asia 98;1359;Aves/ACCEPTED
Ducula bicolor;bird;Asia+Oceania+North America;Asia 72|Oceania 21|North America 5;24114;Aves/ACCEPTED
Ducula chalconota;bird;Oceania;Oceania 97|Asia 1;621;Aves/ACCEPTED
Ducula concinna;bird;Asia;Asia 87|Oceania 2;1347;Aves/ACCEPTED
Ducula cuprea;bird;Asia;Asia 100;21681;Aves/SYNONYM
Ducula finschii;bird;Oceania;Oceania 92|Asia 2;376;Aves/ACCEPTED
Ducula forsteni;bird;Asia;Asia 97;1760;Aves/ACCEPTED
Ducula galeata;bird;Oceania;Oceania 78;167;Aves/ACCEPTED
Ducula geelvinkiana;bird;Oceania;Oceania 100;335;Aves/ACCEPTED
Ducula goliath;bird;Oceania;Oceania 99;1717;Aves/ACCEPTED
Ducula lacernulata;bird;Asia;Asia 95;1575;Aves/ACCEPTED
Ducula latrans;bird;Oceania;Oceania 100;3574;Aves/ACCEPTED
Ducula myristicivora;bird;Oceania+Asia;Oceania 89|Asia 5;1227;Aves/ACCEPTED
Ducula neglecta;bird;Asia;Asia 95;760;Aves/ACCEPTED
Ducula oceanica;bird;Oceania;Oceania 97;3308;Aves/ACCEPTED
Ducula pacifica;bird;Oceania;Oceania 98;3926;Aves/ACCEPTED
Ducula perspicillata;bird;Asia;Asia 92|Oceania 1;1942;Aves/ACCEPTED
Ducula pickeringii;bird;Asia;Asia 97;693;Aves/ACCEPTED
Ducula pinon;bird;Oceania;Oceania 94|Asia 2;6092;Aves/ACCEPTED
Ducula pistrinaria;bird;Oceania;Oceania 96;1953;Aves/ACCEPTED
Ducula poliocephala;bird;Asia;Asia 99;1084;Aves/ACCEPTED
Ducula rosacea;bird;Asia;Asia 89;1289;Aves/ACCEPTED
Ducula rubricera;bird;Oceania;Oceania 97;2458;Aves/ACCEPTED
Ducula rufigaster;bird;Oceania;Oceania 87|Asia 3;1777;Aves/ACCEPTED
Ducula spilorrhoa;bird;Oceania;Oceania 100;85852;Aves/ACCEPTED
Ducula zoeae;bird;Oceania;Oceania 96|Asia 2;4812;Aves/ACCEPTED
Dulus dominicus;bird;North America;North America 100;28325;Aves/ACCEPTED
Dumetella carolinensis;bird;North America;North America 100;9428709;Aves/ACCEPTED
Dumetia atriceps;bird;Asia;Asia 100;28995;Aves/SYNONYM
Dumetia hyperythra;bird;Asia;Asia 100;46160;Aves/ACCEPTED
Dundubia vaginata;insect;Asia;Asia 89|Oceania 1;555;Insecta/ACCEPTED
Duttaphrynus melanostictus;amphibian;Asia;Asia 99;87562;Amphibia/ACCEPTED
Dyaphorophyia castanea;bird;Africa;Africa 99;6666;Aves/ACCEPTED
Dyaphorophyia hormophora;bird;Africa;Africa 100;2907;Aves/SYNONYM
Dyaphorophyia tonsa;bird;Africa;Africa 96;285;Aves/SYNONYM
Dysithamnus leucostictus;bird;South America;South America 100;1020;Aves/ACCEPTED
Dysithamnus mentalis;bird;South America+North America;South America 79|North America 21;115061;Aves/ACCEPTED
Dysithamnus occidentalis;bird;South America;South America 100;2224;Aves/ACCEPTED
Dysithamnus plumbeus;bird;South America;South America 99;949;Aves/ACCEPTED
Dysithamnus puncticeps;bird;North America+South America;North America 55|South America 45;11913;Aves/ACCEPTED
Dysithamnus stictothorax;bird;South America;South America 100;15512;Aves/ACCEPTED
Dysithamnus striaticeps;bird;North America;North America 100;8816;Aves/ACCEPTED
Dysithamnus xanthopterus;bird;South America;South America 100;2992;Aves/ACCEPTED
Eclectus polychloros;bird;Oceania;Oceania 97|Asia 2;16325;Aves/SYNONYM
Eclectus roratus;bird;Oceania+Asia;Oceania 83|Asia 13;21164;Aves/ACCEPTED
Edolisoma anale;bird;Oceania;Oceania 100;633;Aves/ACCEPTED
Edolisoma coerulescens;bird;Asia;Asia 100;1566;Aves/SYNONYM
Edolisoma dohertyi;bird;Asia;Asia 99;581;Aves/SYNONYM
Edolisoma holopolium;bird;Oceania;Oceania 95;225;Aves/SYNONYM
Edolisoma incertum;bird;Oceania;Oceania 99;502;Aves/SYNONYM
Edolisoma melas;bird;Oceania;Oceania 98|Asia 1;1491;Aves/SYNONYM
Edolisoma mindanense;bird;Asia;Asia 100;557;Aves/ACCEPTED
Edolisoma montanum;bird;Oceania;Oceania 97|Asia 1;1670;Aves/SYNONYM
Edolisoma morio;bird;Asia;Asia 91|Oceania 3;1159;Aves/SYNONYM
Edolisoma ostentum;bird;Asia;Asia 100;489;Aves/SYNONYM
Edolisoma salomonis;bird;Oceania;Oceania 75;156;Aves/SYNONYM
Edolisoma schisticeps;bird;Oceania;Oceania 98|Asia 1;1705;Aves/SYNONYM
Edolisoma tenuirostre;bird;Oceania;Oceania 100;77067;Aves/ACCEPTED
Egretta caerulea;bird;North America+South America;North America 94|South America 6;2318908;Aves/ACCEPTED
Egretta eulophotes;bird;Asia;Asia 97;20957;Aves/ACCEPTED
Egretta garzetta;bird;Global;Europe 47|Asia 41|Africa 7|Oceania 6;3896330;Aves/ACCEPTED
Egretta gularis;bird;Asia+Africa;Asia 75|Africa 23|Europe 1;102038;Aves/ACCEPTED
Egretta novaehollandiae;bird;Oceania;Oceania 100;1084379;Aves/ACCEPTED
Egretta picata;bird;Oceania;Oceania 99|Asia 1;33665;Aves/ACCEPTED
Egretta rufescens;bird;North America+South America;North America 96|South America 3;397031;Aves/ACCEPTED
Egretta sacra;bird;Oceania+Asia;Oceania 59|Asia 39;152106;Aves/ACCEPTED
Egretta thula;bird;North America+South America;North America 90|South America 10;4767130;Aves/ACCEPTED
Egretta tricolor;bird;North America;North America 97|South America 3;1668813;Aves/ACCEPTED
Eidolon helvum;mammal;Africa;Africa 94;5483;Mammalia/ACCEPTED
Eira barbara;mammal;South America+North America;South America 84|North America 13;12557;Mammalia/ACCEPTED
Elachistocleis bicolor;amphibian;South America;South America 100;2435;Amphibia/ACCEPTED
Elachura formosa;bird;Asia;Asia 100;4619;Aves/ACCEPTED
Elaenia albiceps;bird;South America;South America 100;153295;Aves/ACCEPTED
Elaenia brachyptera;bird;South America;South America 100;1155;Aves/ACCEPTED
Elaenia chilensis;bird;South America;South America 99|North America 1;1078;Aves/ACCEPTED
Elaenia chiriquensis;bird;South America+North America;South America 55|North America 44;34527;Aves/ACCEPTED
Elaenia cristata;bird;South America;South America 100;18212;Aves/ACCEPTED
Elaenia dayi;bird;South America;South America 99;238;Aves/ACCEPTED
Elaenia fallax;bird;North America;North America 100;3723;Aves/ACCEPTED
Elaenia flavogaster;bird;South America+North America;South America 58|North America 42;534345;Aves/ACCEPTED
Elaenia frantzii;bird;North America+South America;North America 52|South America 48;120536;Aves/ACCEPTED
Elaenia gigas;bird;South America;South America 100;5529;Aves/ACCEPTED
Elaenia martinica;bird;North America+South America;North America 94|South America 6;66235;Aves/ACCEPTED
Elaenia mesoleuca;bird;South America;South America 100;9035;Aves/ACCEPTED
Elaenia obscura;bird;South America;South America 99;6298;Aves/ACCEPTED
Elaenia olivina;bird;South America;South America 98;437;Aves/ACCEPTED
Elaenia pallatangae;bird;South America;South America 100;19954;Aves/ACCEPTED
Elaenia parvirostris;bird;South America;South America 99|North America 1;67861;Aves/ACCEPTED
Elaenia pelzelni;bird;South America;South America 100;686;Aves/ACCEPTED
Elaenia ridleyana;bird;South America;South America 90;526;Aves/ACCEPTED
Elaenia ruficeps;bird;South America;South America 100;2512;Aves/ACCEPTED
Elaenia sordida;bird;South America;South America 100;10647;Aves/ACCEPTED
Elaenia spectabilis;bird;South America;South America 100;33095;Aves/ACCEPTED
Elaenia strepera;bird;South America;South America 100;2170;Aves/ACCEPTED
Elanoides forficatus;bird;North America+South America;North America 76|South America 24;442459;Aves/ACCEPTED
Elanus axillaris;bird;Oceania;Oceania 100;265712;Aves/ACCEPTED
Elanus caeruleus;bird;Asia+Africa+Europe;Asia 45|Africa 39|Europe 16;726495;Aves/ACCEPTED
Elanus leucurus;bird;North America+South America;North America 88|South America 12;572582;Aves/ACCEPTED
Elaphrornis palliseri;bird;Asia;Asia 100;1485;Aves/ACCEPTED
Electron carinatum;bird;North America;North America 100;9475;Aves/ACCEPTED
Electron platyrhynchum;bird;North America+South America;North America 74|South America 26;94328;Aves/ACCEPTED
Eleoscytalopus indigoticus;bird;South America;South America 100;10527;Aves/ACCEPTED
Eleothreptus anomalus;bird;South America;South America 99;850;Aves/ACCEPTED
Eleothreptus candicans;bird;South America;South America 100;451;Aves/ACCEPTED
Elephas maximus;mammal;Asia+North America;Asia 58|North America 34|Europe 1;13290;Mammalia/ACCEPTED
Eleutherodactylus antillensis;amphibian;North America;North America 98;3319;Amphibia/ACCEPTED
Eleutherodactylus campi;amphibian;North America;North America 99;2580;Amphibia/ACCEPTED
Eleutherodactylus coqui;amphibian;North America+Oceania;North America 75|Oceania 22;8090;Amphibia/ACCEPTED
Eleutherodactylus johnstonei;amphibian;North America+South America;North America 68|South America 29|Europe 1;8209;Amphibia/ACCEPTED
Eleutherodactylus marnockii;amphibian;North America;North America 94;1826;Amphibia/ACCEPTED
Eleutherodactylus nitidus;amphibian;North America;North America 95;1831;Amphibia/ACCEPTED
Eleutherodactylus planirostris;amphibian;North America+Asia+Oceania;North America 81|Asia 10|Oceania 5|South America 1;14204;Amphibia/ACCEPTED
Eliomys quercinus;mammal;Europe;Europe 95;31652;Mammalia/ACCEPTED
Elliotomyia chionogaster;bird;South America;South America 100;27301;Aves/ACCEPTED
Elliotomyia viridicauda;bird;South America;South America 100;8046;Aves/ACCEPTED
Elminia albicauda;bird;Africa;Africa 100;6717;Aves/ACCEPTED
Elminia albiventris;bird;Africa;Africa 99;1296;Aves/ACCEPTED
Elminia albonotata;bird;Africa;Africa 99;4704;Aves/ACCEPTED
Elminia longicauda;bird;Africa;Africa 100;15418;Aves/ACCEPTED
Elminia nigromitrata;bird;Africa;Africa 99;1636;Aves/ACCEPTED
Elseyornis melanops;bird;Oceania;Oceania 100;127264;Aves/ACCEPTED
Emarginata schlegelii;bird;Africa;Africa 100;24668;Aves/ACCEPTED
Emarginata sinuata;bird;Africa;Africa 100;14255;Aves/ACCEPTED
Emarginata tractrac;bird;Africa;Africa 99;9388;Aves/ACCEPTED
Emberiza affinis;bird;Africa;Africa 99;1571;Aves/ACCEPTED
Emberiza aureola;bird;Asia+Europe;Asia 68|Europe 28;20053;Aves/ACCEPTED
Emberiza bruniceps;bird;Asia+Europe;Asia 80|Europe 18;17693;Aves/ACCEPTED
Emberiza buchanani;bird;Asia;Asia 97|Europe 3;12926;Aves/ACCEPTED
Emberiza cabanisi;bird;Africa;Africa 99;3630;Aves/ACCEPTED
Emberiza caesia;bird;Asia+Europe;Asia 65|Europe 32;23962;Aves/ACCEPTED
Emberiza calandra;bird;Europe+Asia;Europe 93|Asia 7|Africa 1;1153843;Aves/ACCEPTED
Emberiza capensis;bird;Africa;Africa 100;83475;Aves/ACCEPTED
Emberiza chrysophrys;bird;Asia+Europe;Asia 81|Europe 19;14092;Aves/ACCEPTED
Emberiza cia;bird;Europe+Asia;Europe 84|Asia 14|Africa 1;244383;Aves/ACCEPTED
Emberiza cineracea;bird;Europe+Asia;Europe 51|Asia 44;7365;Aves/ACCEPTED
Emberiza cioides;bird;Asia;Asia 96;60424;Aves/ACCEPTED
Emberiza cirlus;bird;Europe;Europe 97|Asia 2|Africa 1;581968;Aves/ACCEPTED
Emberiza citrinella;bird;Europe;Europe 97|Oceania 3;3473624;Aves/ACCEPTED
Emberiza elegans;bird;Asia;Asia 94;52859;Aves/ACCEPTED
Emberiza flaviventris;bird;Africa;Africa 100;109769;Aves/ACCEPTED
Emberiza fucata;bird;Asia;Asia 97;16656;Aves/ACCEPTED
Emberiza godlewskii;bird;Asia;Asia 98;9271;Aves/ACCEPTED
Emberiza goslingi;bird;Africa;Africa 100;2610;Aves/ACCEPTED
Emberiza hortulana;bird;Europe+Asia;Europe 83|Asia 16|Africa 1;169357;Aves/ACCEPTED
Emberiza impetuani;bird;Africa;Africa 100;46230;Aves/ACCEPTED
Emberiza koslowi;bird;Asia;Asia 100;255;Aves/ACCEPTED
Emberiza lathami;bird;Asia;Asia 100;17215;Aves/ACCEPTED
Emberiza leucocephalos;bird;Asia+Europe;Asia 49|Europe 48;19544;Aves/ACCEPTED
Emberiza melanocephala;bird;Asia+Europe;Asia 55|Europe 45;61509;Aves/ACCEPTED
Emberiza pallasi;bird;Asia+Europe;Asia 83|Europe 13;18564;Aves/ACCEPTED
Emberiza personata;bird;Asia;Asia 99;29808;Aves/ACCEPTED
Emberiza poliopleura;bird;Africa;Africa 100;4236;Aves/ACCEPTED
Emberiza pusilla;bird;Asia+Europe;Asia 60|Europe 39|North America 1;93744;Aves/ACCEPTED
Emberiza rustica;bird;Europe+Asia;Europe 74|Asia 23|North America 2;118041;Aves/ACCEPTED
Emberiza rutila;bird;Asia;Asia 98|Europe 1;10424;Aves/ACCEPTED
Emberiza sahari;bird;Africa;Africa 98|Europe 1;23848;Aves/ACCEPTED
Emberiza schoeniclus;bird;Europe;Europe 99|Asia 1;3664465;Aves/ACCEPTED
Emberiza siemsseni;bird;Asia;Asia 100;1170;Aves/ACCEPTED
Emberiza spodocephala;bird;Asia+Europe;Asia 95|Europe 3;83941;Aves/ACCEPTED
Emberiza stewarti;bird;Asia;Asia 100;7962;Aves/ACCEPTED
Emberiza striolata;bird;Asia+Africa;Asia 96|Africa 4;12350;Aves/ACCEPTED
Emberiza sulphurata;bird;Asia;Asia 97;7898;Aves/ACCEPTED
Emberiza tahapisi;bird;Africa+Asia;Africa 93|Asia 7;81157;Aves/ACCEPTED
Emberiza tristrami;bird;Asia;Asia 98;13835;Aves/ACCEPTED
Emberiza variabilis;bird;Asia;Asia 86|North America 1;3464;Aves/ACCEPTED
Emberiza yessoensis;bird;Asia;Asia 92;3415;Aves/ACCEPTED
Emberizoides herbicola;bird;South America+North America;South America 94|North America 6;34264;Aves/ACCEPTED
Emberizoides ypiranganus;bird;South America;South America 100;6361;Aves/ACCEPTED
Embernagra longicauda;bird;South America;South America 100;2966;Aves/ACCEPTED
Embernagra platensis;bird;South America;South America 100;99240;Aves/ACCEPTED
Emblema modestum;bird;;;;labels
Emblema pictum;bird;Oceania;Oceania 99;11914;Aves/ACCEPTED
Emblema ruficauda;bird;;;;labels
Eminia lepida;bird;Africa;Africa 100;21719;Aves/ACCEPTED
Empidonax affinis;bird;North America;North America 99;8304;Aves/ACCEPTED
Empidonax albigularis;bird;North America;North America 100;10235;Aves/ACCEPTED
Empidonax alnorum;bird;North America;North America 99|South America 1;626822;Aves/ACCEPTED
Empidonax atriceps;bird;North America;North America 100;18642;Aves/ACCEPTED
Empidonax difficilis;bird;North America;North America 100;1076717;Aves/ACCEPTED
Empidonax flavescens;bird;North America;North America 100;59960;Aves/ACCEPTED
Empidonax flaviventris;bird;North America;North America 100;334154;Aves/ACCEPTED
Empidonax fulvifrons;bird;North America;North America 100;38360;Aves/ACCEPTED
Empidonax hammondii;bird;North America;North America 100;305965;Aves/ACCEPTED
Empidonax minimus;bird;North America;North America 100;1438854;Aves/ACCEPTED
Empidonax oberholseri;bird;North America;North America 100;285366;Aves/ACCEPTED
Empidonax occidentalis;bird;North America;North America 89;2976;Aves/ACCEPTED
Empidonax traillii;bird;North America;North America 100;1013797;Aves/ACCEPTED
Empidonax virescens;bird;North America+South America;North America 96|South America 4;810452;Aves/ACCEPTED
Empidonax wrightii;bird;North America;North America 100;162267;Aves/ACCEPTED
Empidonomus aurantioatrocristatus;bird;South America;South America 100;37672;Aves/ACCEPTED
Empidonomus varius;bird;South America;South America 98|North America 2;73612;Aves/ACCEPTED
Empidornis semipartitus;bird;Africa;Africa 100;12969;Aves/ACCEPTED
Engine;noise;;;;
Engystomops pustulosus;amphibian;South America+North America;South America 69|North America 30;21112;Amphibia/ACCEPTED
Enhydra lutris;mammal;North America;North America 89|Asia 1;27098;Mammalia/ACCEPTED
Enicognathus ferrugineus;bird;South America;South America 100;33307;Aves/ACCEPTED
Enicognathus leptorhynchus;bird;South America;South America 99;18893;Aves/ACCEPTED
Enicurus borneensis;bird;Asia;Asia 100;3267;Aves/ACCEPTED
Enicurus immaculatus;bird;Asia;Asia 100;7943;Aves/ACCEPTED
Enicurus leschenaulti;bird;Asia;Asia 98;14503;Aves/ACCEPTED
Enicurus maculatus;bird;Asia;Asia 100;21709;Aves/ACCEPTED
Enicurus ruficapillus;bird;Asia;Asia 99;4915;Aves/ACCEPTED
Enicurus schistaceus;bird;Asia;Asia 100;17429;Aves/ACCEPTED
Enicurus scouleri;bird;Asia;Asia 100;16070;Aves/ACCEPTED
Enodes erythrophris;bird;Asia;Asia 94;1689;Aves/ACCEPTED
Ensifera ensifera;bird;South America;South America 99;34308;Aves/ACCEPTED
Entomodestes coracinus;bird;South America;South America 100;10508;Aves/ACCEPTED
Entomodestes leucotis;bird;South America;South America 100;5886;Aves/ACCEPTED
Entomyzon cyanotis;bird;Oceania;Oceania 100;363309;Aves/ACCEPTED
Environmental;noise;;;;
Eolophus roseicapilla;bird;Oceania;Oceania 100;1563303;Aves/ACCEPTED
Eophona migratoria;bird;Asia;Asia 99;44033;Aves/ACCEPTED
Eophona personata;bird;Asia;Asia 96;12550;Aves/ACCEPTED
Eopsaltria australis;bird;Oceania;Oceania 100;632023;Aves/ACCEPTED
Eopsaltria capito;bird;Oceania;Oceania 100;14617;Aves/ACCEPTED/via Tregellasia capito
Eopsaltria georgiana;bird;Oceania;Oceania 100;10636;Aves/ACCEPTED
Eopsaltria griseogularis;bird;Oceania;Oceania 100;17001;Aves/ACCEPTED
Eopsaltria leucops;bird;;;;labels
Ephippiger diurnus;insect;Europe;Europe 100;29923;Insecta/ACCEPTED
Ephippiger ephippiger;insect;Europe;Europe 98;6308;Insecta/ACCEPTED
Epidalea calamita;amphibian;Europe;Europe 99;191309;Amphibia/ACCEPTED
Epimachus fastosus;bird;Oceania+Asia;Oceania 70|Asia 19;1236;Aves/ACCEPTED
Epimachus meyeri;bird;Oceania;Oceania 96|Asia 2;3007;Aves/ACCEPTED
Epinecrophylla amazonica;bird;South America;South America 98|North America 2;1561;Aves/SYNONYM
Epinecrophylla erythrura;bird;South America;South America 98;1957;Aves/ACCEPTED
Epinecrophylla fulviventris;bird;North America+South America;North America 72|South America 28;32742;Aves/ACCEPTED
Epinecrophylla gutturalis;bird;South America;South America 100;3483;Aves/ACCEPTED
Epinecrophylla haematonota;bird;South America;South America 98|North America 1;4340;Aves/ACCEPTED
Epinecrophylla leucophthalma;bird;South America;South America 99;4750;Aves/ACCEPTED
Epinecrophylla ornata;bird;South America;South America 99;5861;Aves/ACCEPTED
Epinecrophylla spodionota;bird;South America;South America 100;2628;Aves/ACCEPTED
Epomophorus gambianus;mammal;Africa;Africa 97;4417;Mammalia/ACCEPTED
Epomophorus wahlbergi;mammal;Africa;Africa 90;4417;Mammalia/ACCEPTED
Epthianura albifrons;bird;Oceania;Oceania 100;137594;Aves/ACCEPTED
Epthianura aurifrons;bird;Oceania;Oceania 100;19019;Aves/ACCEPTED
Epthianura crocea;bird;Oceania;Oceania 100;3587;Aves/ACCEPTED
Epthianura tricolor;bird;Oceania;Oceania 100;43366;Aves/ACCEPTED
Equus asinus;domestic;Global;North America 29|Oceania 20|South America 18|Europe 18|Africa 5|Asia 2;12729;Mammalia/ACCEPTED
Equus caballus;domestic;Global;South America 52|Europe 23|Oceania 10|North America 8|Asia 1|Africa 1;107327;Mammalia/ACCEPTED
Eremalauda eremodites;bird;Asia;Asia 100;493;Aves/SYNONYM
Eremomela atricollis;bird;Africa;Africa 100;534;Aves/ACCEPTED
Eremomela badiceps;bird;Africa;Africa 98;3464;Aves/ACCEPTED
Eremomela canescens;bird;Africa;Africa 100;843;Aves/ACCEPTED
Eremomela flavicrissalis;bird;Africa;Africa 100;987;Aves/ACCEPTED
Eremomela gregalis;bird;Africa;Africa 100;4006;Aves/ACCEPTED
Eremomela icteropygialis;bird;Africa;Africa 100;36779;Aves/ACCEPTED
Eremomela pusilla;bird;Africa;Africa 100;12859;Aves/ACCEPTED
Eremomela scotops;bird;Africa;Africa 100;9484;Aves/ACCEPTED
Eremomela turneri;bird;Africa;Africa 100;1335;Aves/ACCEPTED
Eremomela usticollis;bird;Africa;Africa 100;24510;Aves/ACCEPTED
Eremophila alpestris;bird;North America+Europe;North America 93|Europe 5|Asia 2;2068058;Aves/ACCEPTED
Eremophila bilopha;bird;Africa+Asia;Africa 63|Asia 37;8031;Aves/ACCEPTED
Eremopterix griseus;bird;Asia;Asia 100;109676;Aves/ACCEPTED
Eremopterix hova;bird;Africa;Africa 100;5135;Aves/SYNONYM
Eremopterix leucopareia;bird;Africa;Africa 100;17089;Aves/ACCEPTED
Eremopterix leucotis;bird;Africa;Africa 99;22681;Aves/ACCEPTED
Eremopterix nigriceps;bird;Asia+Africa;Asia 75|Africa 25;15262;Aves/ACCEPTED
Eremopterix verticalis;bird;Africa;Africa 100;26750;Aves/ACCEPTED
Erethizon dorsatum;mammal;North America;North America 97;29582;Mammalia/ACCEPTED
Erignathus barbatus;mammal;North America+Europe+Ocean;North America 30|Europe 6|Asia 1;19463;Mammalia/ACCEPTED
Erinaceus europaeus;mammal;Europe;Europe 100;932323;Mammalia/ACCEPTED
Erinaceus roumanicus;mammal;Europe+Asia;Europe 92|Asia 8;11738;Mammalia/ACCEPTED
Eriocnemis aline;bird;South America;South America 97;3734;Aves/ACCEPTED
Eriocnemis cupreoventris;bird;South America;South America 90;4819;Aves/ACCEPTED
Eriocnemis derbyi;bird;South America;South America 99;6331;Aves/ACCEPTED
Eriocnemis luciani;bird;South America;South America 98;11800;Aves/ACCEPTED
Eriocnemis vestita;bird;South America;South America 98;19483;Aves/ACCEPTED
Erithacus rubecula;bird;Europe;Europe 99|Asia 1;11057237;Aves/ACCEPTED
Erpornis zantholeuca;bird;Asia;Asia 100;96420;Aves/ACCEPTED
Erythrocercus holochlorus;bird;Africa;Africa 100;2347;Aves/ACCEPTED
Erythrocercus livingstonei;bird;Africa;Africa 100;1799;Aves/ACCEPTED
Erythrocercus mccallii;bird;Africa;Africa 100;3296;Aves/ACCEPTED
Erythrogenys erythrocnemis;bird;Asia;Asia 100;57782;Aves/SYNONYM
Erythrogenys erythrogenys;bird;Asia;Asia 100;37056;Aves/SYNONYM
Erythrogenys gravivox;bird;Asia;Asia 100;2883;Aves/SYNONYM
Erythrogenys hypoleucos;bird;Asia;Asia 100;5685;Aves/SYNONYM
Erythrogenys imberbis;bird;;;;labels
Erythrogenys mcclellandi;bird;Asia;Asia 100;1629;Aves/SYNONYM
Erythrogenys swinhoei;bird;Asia;Asia 100;1558;Aves/SYNONYM
Erythrogonys cinctus;bird;Oceania;Oceania 100;98447;Aves/ACCEPTED
Erythropitta arquata;bird;Asia;Asia 99;938;Aves/SYNONYM
Erythropitta celebensis;bird;Asia;Asia 95;1048;Aves/SYNONYM
Erythropitta erythrogaster;bird;Asia+Oceania;Asia 53|Oceania 41;8544;Aves/SYNONYM
Erythropitta granatina;bird;Asia;Asia 95;1961;Aves/SYNONYM
Erythropitta kochi;bird;Asia;Asia 98;475;Aves/SYNONYM
Erythropitta macklotii;bird;Oceania+Asia;Oceania 90|Asia 5;3187;Aves/SYNONYM
Erythropitta novaehibernicae;bird;Oceania;Oceania 97;204;Aves/SYNONYM
Erythropitta rubrinucha;bird;Asia;Asia 98;310;Aves/SYNONYM
Erythropitta rufiventris;bird;Asia;Asia 93|South America 1;778;Aves/SYNONYM
Erythropitta ussheri;bird;Asia;Asia 100;5570;Aves/ACCEPTED
Erythropitta venusta;bird;Asia;Asia 95;474;Aves/SYNONYM
Erythrotriorchis radiatus;bird;Oceania;Oceania 100;2056;Aves/ACCEPTED
Erythrura hyperythra;bird;Asia;Asia 76|North America 1;696;Aves/ACCEPTED
Erythrura pealii;bird;Oceania;Oceania 99;3373;Aves/ACCEPTED
Erythrura prasina;bird;Asia;Asia 76|North America 2|Oceania 1|Europe 1;2312;Aves/ACCEPTED
Erythrura trichroa;bird;Oceania+Asia;Oceania 89|Asia 4|North America 1;4636;Aves/ACCEPTED
Esacus magnirostris;bird;Oceania+Asia;Oceania 95|Asia 4;30292;Aves/ACCEPTED
Esacus recurvirostris;bird;Asia;Asia 100;20096;Aves/ACCEPTED
Eschrichtius robustus;mammal;North America;North America 84|Asia 1;36493;Mammalia/ACCEPTED
Espadarana prosoblepon;amphibian;South America+North America;South America 51|North America 48;3765;Amphibia/ACCEPTED
Estrilda astrild;bird;Global;Africa 48|Europe 33|Oceania 10|South America 9|Asia 1;540628;Aves/ACCEPTED
Estrilda kandti;bird;Africa;Africa 100;2577;Aves/ACCEPTED
Estrilda melpoda;bird;Global;North America 47|Africa 34|Europe 8|Asia 6|Oceania 4;36668;Aves/ACCEPTED
Estrilda nonnula;bird;Africa;Africa 99;10635;Aves/ACCEPTED
Estrilda paludicola;bird;Africa;Africa 99;4959;Aves/ACCEPTED
Estrilda rhodopyga;bird;Africa;Africa 98|Asia 2;9635;Aves/ACCEPTED
Estrilda rufibarba;bird;Asia;Asia 98|Europe 2;593;Aves/ACCEPTED
Estrilda troglodytes;bird;Africa+Europe+North America;Africa 79|Europe 11|North America 7|Asia 1;10873;Aves/ACCEPTED
Eubalaena australis;mammal;Oceania+South America+Africa;Oceania 40|South America 21|Africa 4|Antarctica 1;25035;Mammalia/ACCEPTED
Eubalaena glacialis;mammal;North America+Ocean;North America 6;21751;Mammalia/ACCEPTED
Eubucco bourcierii;bird;South America+North America;South America 84|North America 16;113191;Aves/ACCEPTED
Eubucco richardsoni;bird;South America;South America 99;11026;Aves/ACCEPTED
Eubucco tucinkae;bird;South America;South America 100;1497;Aves/ACCEPTED
Eubucco versicolor;bird;South America;South America 100;8612;Aves/ACCEPTED
Euchorthippus declivus;insect;Europe;Europe 100;42902;Insecta/ACCEPTED
Euchrepomis callinota;bird;South America+North America;South America 93|North America 7;7234;Aves/SYNONYM
Euchrepomis humeralis;bird;South America;South America 99;1169;Aves/SYNONYM
Euchrepomis spodioptila;bird;South America;South America 100;2116;Aves/SYNONYM
Eucometis penicillata;bird;North America+South America;North America 62|South America 38;90249;Aves/ACCEPTED
Euconocephalus nasutus;insect;Asia+Oceania;Asia 57|Oceania 39|North America 1;420;Insecta/ACCEPTED
Euconocephalus varius;insect;Asia;Asia 87;732;Insecta/ACCEPTED
Eudocimus albus;bird;North America;North America 99|South America 1;2341307;Aves/ACCEPTED
Eudocimus ruber;bird;South America+Europe;South America 91|Europe 6|North America 1;40184;Aves/ACCEPTED
Eudromia elegans;bird;South America;South America 97;14008;Aves/ACCEPTED
Eudromia formosa;bird;South America;South America 97;819;Aves/ACCEPTED
Eudromias morinellus;bird;Europe;Europe 98|Asia 1;90622;Aves/SYNONYM
Eudynamys melanorhynchus;bird;Asia;Asia 93;2539;Aves/SYNONYM
Eudynamys orientalis;bird;Oceania;Oceania 99|Asia 1;142415;Aves/ACCEPTED
Eudynamys scolopaceus;bird;Asia+Oceania;Asia 94|Oceania 6;1197202;Aves/ACCEPTED
Eudyptes chrysocome;bird;South America+Oceania+Antarctica;South America 44|Oceania 13|Antarctica 4|Africa 2|Europe 1;9252;Aves/ACCEPTED
Eudyptes chrysolophus;bird;Antarctica+Africa+Ocean;Antarctica 16|Africa 4|South America 1|Oceania 1;87568;Aves/ACCEPTED
Eudyptes pachyrhynchus;bird;Oceania;Oceania 91;4565;Aves/ACCEPTED
Eudyptes schlegeli;bird;Oceania+Ocean;Oceania 35|Antarctica 1;5000;Aves/ACCEPTED
Eudyptula minor;bird;Oceania;Oceania 61;566982;Aves/ACCEPTED
Eugenes fulgens;bird;North America;North America 100;152645;Aves/ACCEPTED
Eugenes spectabilis;bird;North America;North America 100;43373;Aves/ACCEPTED
Eugerygone rubra;bird;Oceania;Oceania 98|Asia 1;977;Aves/ACCEPTED
Eugralla paradoxa;bird;South America;South America 100;9976;Aves/ACCEPTED
Eulacestoma nigropectus;bird;Oceania+Asia;Oceania 95|Asia 4;1011;Aves/ACCEPTED
Eulampis holosericeus;bird;North America;North America 99;29538;Aves/ACCEPTED
Eulampis jugularis;bird;North America;North America 97|South America 2;12486;Aves/ACCEPTED
Eulemur fulvus;mammal;Africa;Africa 90;2449;Mammalia/ACCEPTED
Eumetopias jubatus;mammal;North America;North America 85|Asia 2;11632;Mammalia/ACCEPTED
Eumodicogryllus bordigalensis;insect;Europe;Europe 99;22694;Insecta/ACCEPTED
Eumomota superciliosa;bird;North America;North America 100;153631;Aves/ACCEPTED
Eumyias albicaudatus;bird;Asia;Asia 100;12821;Aves/ACCEPTED
Eumyias hyacinthinus;bird;Asia;Asia 97;1462;Aves/SYNONYM
Eumyias indigo;bird;Asia;Asia 97;9111;Aves/ACCEPTED
Eumyias panayensis;bird;Asia;Asia 100;5976;Aves/ACCEPTED
Eumyias sanfordi;bird;Asia;Asia 97;218;Aves/SYNONYM
Eumyias sordidus;bird;Asia;Asia 100;3060;Aves/ACCEPTED
Eumyias thalassinus;bird;Asia;Asia 100;125304;Aves/ACCEPTED
Eunemobius carolinus;insect;North America;North America 92;1643;Insecta/ACCEPTED
Eunemobius confusus;insect;North America;North America 94;135;Insecta/ACCEPTED
Euneornis campestris;bird;North America;North America 99;9288;Aves/ACCEPTED
Eunymphicus cornutus;bird;Oceania;Oceania 92;1204;Aves/ACCEPTED
Euodice cantans;bird;Oceania+Africa+Asia;Oceania 55|Africa 31|Asia 14;34285;Aves/ACCEPTED
Euodice malabarica;bird;Asia+Europe;Asia 95|Europe 4|North America 1;264398;Aves/ACCEPTED
Eupetes macrocerus;bird;Asia;Asia 98;2352;Aves/ACCEPTED
Eupetomena cirrochloris;bird;South America;South America 100;22000;Aves/ACCEPTED
Eupetomena macroura;bird;South America;South America 100;150591;Aves/ACCEPTED
Euphagus carolinus;bird;North America;North America 100;670308;Aves/ACCEPTED
Euphagus cyanocephalus;bird;North America;North America 100;2109211;Aves/ACCEPTED
Eupherusa eximia;bird;North America;North America 100;49237;Aves/ACCEPTED
Eupherusa nigriventris;bird;North America;North America 100;11802;Aves/ACCEPTED
Eupherusa poliocerca;bird;North America;North America 99;799;Aves/ACCEPTED
Eupherusa ridgwayi;bird;North America;North America 100;2535;Aves/ACCEPTED
Euphonia affinis;bird;North America;North America 100;117120;Aves/ACCEPTED
Euphonia anneae;bird;North America;North America 100;44336;Aves/ACCEPTED
Euphonia cayennensis;bird;South America;South America 99;3796;Aves/ACCEPTED
Euphonia chalybea;bird;South America;South America 100;5015;Aves/ACCEPTED
Euphonia chlorotica;bird;South America;South America 100;173821;Aves/ACCEPTED
Euphonia chrysopasta;bird;South America;South America 100;29952;Aves/ACCEPTED
Euphonia concinna;bird;South America;South America 100;10280;Aves/ACCEPTED
Euphonia cyanocephala;bird;South America;South America 100;33583;Aves/ACCEPTED
Euphonia elegantissima;bird;North America;North America 100;54146;Aves/ACCEPTED
Euphonia finschi;bird;South America;South America 100;2294;Aves/ACCEPTED
Euphonia fulvicrissa;bird;North America+South America;North America 65|South America 35;19839;Aves/ACCEPTED
Euphonia godmani;bird;North America;North America 100;12469;Aves/ACCEPTED
Euphonia gouldi;bird;North America;North America 100;117074;Aves/ACCEPTED
Euphonia hirundinacea;bird;North America;North America 100;236467;Aves/ACCEPTED
Euphonia imitans;bird;North America;North America 100;28467;Aves/ACCEPTED
Euphonia jamaica;bird;North America;North America 100;9520;Aves/ACCEPTED
Euphonia laniirostris;bird;South America+North America;South America 77|North America 22;290084;Aves/ACCEPTED
Euphonia luteicapilla;bird;North America;North America 100;121018;Aves/ACCEPTED
Euphonia mesochrysa;bird;South America;South America 100;12804;Aves/ACCEPTED
Euphonia minuta;bird;North America+South America;North America 57|South America 43;29384;Aves/ACCEPTED
Euphonia musica;bird;North America;North America 96|South America 3;11589;Aves/ACCEPTED
Euphonia pectoralis;bird;South America;South America 100;47453;Aves/ACCEPTED
Euphonia plumbea;bird;South America;South America 100;2827;Aves/ACCEPTED
Euphonia rufiventris;bird;South America;South America 100;18701;Aves/ACCEPTED
Euphonia saturata;bird;South America;South America 100;8463;Aves/ACCEPTED
Euphonia trinitatis;bird;South America;South America 99;31624;Aves/ACCEPTED
Euphonia violacea;bird;South America;South America 100;89338;Aves/ACCEPTED
Euphonia xanthogaster;bird;South America;South America 100;166879;Aves/ACCEPTED
Euplectes afer;bird;Africa+Europe;Africa 62|Europe 36|North America 1;79590;Aves/ACCEPTED
Euplectes albonotatus;bird;Africa;Africa 100;81481;Aves/ACCEPTED
Euplectes ardens;bird;Africa;Africa 100;85211;Aves/ACCEPTED
Euplectes axillaris;bird;Africa;Africa 99;84686;Aves/ACCEPTED
Euplectes capensis;bird;Africa;Africa 99;53914;Aves/ACCEPTED
Euplectes franciscanus;bird;Africa+North America;Africa 52|North America 47;38378;Aves/ACCEPTED
Euplectes gierowii;bird;Africa;Africa 100;5956;Aves/ACCEPTED
Euplectes hartlaubi;bird;Africa;Africa 99;1654;Aves/ACCEPTED
Euplectes hordeaceus;bird;Africa;Africa 99;15293;Aves/ACCEPTED
Euplectes macroura;bird;Africa;Africa 99;13317;Aves/ACCEPTED
Euplectes nigroventris;bird;Africa;Africa 97|Asia 2;4539;Aves/ACCEPTED
Euplectes orix;bird;Africa;Africa 99;389797;Aves/ACCEPTED
Euplectes progne;bird;Africa;Africa 100;109448;Aves/ACCEPTED
Eupodotis afra;bird;Africa;Africa 99;11911;Aves/SYNONYM
Eupodotis afraoides;bird;Africa;Africa 100;61843;Aves/SYNONYM
Eupodotis caerulescens;bird;Africa;Africa 100;13484;Aves/ACCEPTED
Eupodotis ruficrista;bird;Africa;Africa 100;55181;Aves/SYNONYM
Eupodotis senegalensis;bird;Africa;Africa 100;22119;Aves/ACCEPTED
Eupodotis vigorsii;bird;Africa;Africa 100;16131;Aves/ACCEPTED
Eupsittula aurea;bird;South America;South America 100;64472;Aves/SYNONYM
Eupsittula cactorum;bird;South America;South America 100;15792;Aves/SYNONYM
Eupsittula canicularis;bird;North America;North America 100;122712;Aves/SYNONYM
Eupsittula nana;bird;North America;North America 100;208520;Aves/SYNONYM
Eupsittula pertinax;bird;South America+North America;South America 89|North America 11;166103;Aves/SYNONYM
Eupsophus calcaratus;amphibian;South America;South America 86;613;Amphibia/ACCEPTED
Eupsophus roseus;amphibian;South America;South America 74;1223;Amphibia/ACCEPTED
Euptilotis neoxenus;bird;North America;North America 99;2715;Aves/ACCEPTED
Eurillas ansorgei;bird;Africa;Africa 99;3802;Aves/ACCEPTED
Eurillas curvirostris;bird;Africa;Africa 99;6706;Aves/ACCEPTED
Eurillas gracilis;bird;Africa;Africa 99;4802;Aves/ACCEPTED
Eurillas latirostris;bird;Africa;Africa 100;26747;Aves/ACCEPTED
Eurillas virens;bird;Africa;Africa 100;31480;Aves/ACCEPTED
Eurocephalus anguitimens;bird;Africa;Africa 100;34717;Aves/ACCEPTED
Eurocephalus ruppelli;bird;Africa;Africa 100;31739;Aves/ACCEPTED
Eurostopodus argus;bird;Oceania;Oceania 100;17263;Aves/ACCEPTED
Eurostopodus mystacalis;bird;Oceania;Oceania 100;15766;Aves/ACCEPTED
Eurostopodus papuensis;bird;Oceania;Oceania 95|Asia 3;352;Aves/ACCEPTED
Euryceros prevostii;bird;Africa;Africa 97;760;Aves/ACCEPTED
Eurylaimus javanicus;bird;Asia;Asia 99;15414;Aves/ACCEPTED
Eurylaimus ochromalus;bird;Asia;Asia 99;28072;Aves/ACCEPTED
Euryptila subcinnamomea;bird;Africa;Africa 100;2141;Aves/ACCEPTED
Eurypyga helias;bird;South America+North America;South America 71|North America 29;49048;Aves/ACCEPTED
Eurystomus azureus;bird;Asia;Asia 95|Africa 1;282;Aves/ACCEPTED
Eurystomus glaucurus;bird;Africa;Africa 100;54206;Aves/ACCEPTED
Eurystomus gularis;bird;Africa;Africa 99;5635;Aves/ACCEPTED
Eurystomus orientalis;bird;Oceania+Asia;Oceania 68|Asia 32;283492;Aves/ACCEPTED
Euscarthmus fulviceps;bird;South America;South America 100;14087;Aves/ACCEPTED
Euscarthmus meloryphus;bird;South America;South America 100;21920;Aves/ACCEPTED
Euscarthmus rufomarginatus;bird;South America;South America 100;1669;Aves/ACCEPTED
Euschistospiza cinereovinacea;bird;Africa;Africa 99;434;Aves/ACCEPTED
Euthlypis lachrymosa;bird;North America;North America 100;13973;Aves/SYNONYM
Eutoxeres aquila;bird;South America+North America;South America 54|North America 45;13943;Aves/ACCEPTED
Eutoxeres condamini;bird;South America;South America 99;2689;Aves/ACCEPTED
Ewartia roberti;insect;Oceania+Europe;Oceania 93|Europe 7;289;Insecta/ACCEPTED
Falcipennis canadensis;bird;North America;North America 99;67304;Aves/SYNONYM
Falco amurensis;bird;Africa+Asia;Africa 71|Asia 29;60255;Aves/ACCEPTED
Falco araeus;bird;Africa;Africa 98;720;Aves/ACCEPTED
Falco ardosiaceus;bird;Africa;Africa 100;24302;Aves/ACCEPTED
Falco berigora;bird;Oceania;Oceania 100;292386;Aves/ACCEPTED
Falco biarmicus;bird;Africa+Europe;Africa 93|Europe 5|Asia 1;60135;Aves/ACCEPTED
Falco cenchroides;bird;Oceania;Oceania 100;423691;Aves/ACCEPTED
Falco cherrug;bird;Europe+Asia;Europe 50|Asia 41;10645;Aves/ACCEPTED
Falco chicquera;bird;Asia+Africa;Asia 50|Africa 50;21081;Aves/ACCEPTED
Falco columbarius;bird;North America+Europe;North America 77|Europe 21|South America 1|Asia 1;2087225;Aves/ACCEPTED
Falco concolor;bird;Africa+Asia;Africa 70|Asia 28;3267;Aves/ACCEPTED
Falco cuvierii;bird;Africa;Africa 100;5919;Aves/ACCEPTED
Falco deiroleucus;bird;South America+North America;South America 65|North America 30;624;Aves/ACCEPTED
Falco eleonorae;bird;Europe+Asia+Africa;Europe 76|Asia 16|Africa 7;34617;Aves/ACCEPTED
Falco femoralis;bird;South America+North America;South America 70|North America 30;118361;Aves/ACCEPTED
Falco hypoleucos;bird;Oceania;Oceania 100;4677;Aves/ACCEPTED
Falco jugger;bird;Asia;Asia 99;5737;Aves/ACCEPTED
Falco longipennis;bird;Oceania;Oceania 100;126456;Aves/ACCEPTED
Falco mexicanus;bird;North America;North America 100;236518;Aves/ACCEPTED
Falco moluccensis;bird;Asia;Asia 92;4629;Aves/ACCEPTED
Falco naumanni;bird;Europe+Africa+Asia;Europe 74|Africa 15|Asia 11;231957;Aves/ACCEPTED
Falco newtoni;bird;Africa;Africa 100;11140;Aves/ACCEPTED
Falco novaeseelandiae;bird;Oceania;Oceania 100;30300;Aves/ACCEPTED
Falco peregrinus;bird;North America+Europe+Asia;North America 50|Europe 40|Asia 4|Oceania 3|South America 2|Africa 1;2938450;Aves/ACCEPTED
Falco rufigularis;bird;North America+South America;North America 64|South America 36;152196;Aves/ACCEPTED
Falco rupicolus;bird;Africa;Africa 100;97700;Aves/ACCEPTED
Falco rusticolus;bird;Europe+North America;Europe 85|North America 12;29565;Aves/ACCEPTED
Falco severus;bird;Asia+Oceania;Asia 87|Oceania 10;3569;Aves/ACCEPTED
Falco sparverius;bird;North America+South America;North America 95|South America 5;5959751;Aves/ACCEPTED
Falco subbuteo;bird;Europe+Asia;Europe 92|Asia 6|Africa 1;890139;Aves/ACCEPTED
Falco tinnunculus;bird;Europe+Asia;Europe 91|Asia 7|Africa 2;5838416;Aves/ACCEPTED
Falco vespertinus;bird;Europe+Asia;Europe 88|Asia 9|Africa 2;106844;Aves/ACCEPTED
Falco zoniventris;bird;Africa;Africa 100;700;Aves/ACCEPTED
Falculea palliata;bird;Africa;Africa 99;3130;Aves/ACCEPTED
Falcunculus frontatus;bird;Oceania;Oceania 100;99655;Aves/ACCEPTED
Falcunculus leucogaster;bird;Oceania;Oceania 100;1433;Aves/ACCEPTED
Falcunculus whitei;bird;Oceania;Oceania 99|Asia 1;331;Aves/ACCEPTED
Fejervarya cancrivora;amphibian;Asia+Oceania;Asia 89|Oceania 4;5314;Amphibia/ACCEPTED
Fejervarya limnocharis;amphibian;Asia;Asia 99;81602;Amphibia/ACCEPTED
Fejervarya multistriata;amphibian;Asia;Asia 98;2131;Amphibia/ACCEPTED
Felis catus;domestic;Global;Europe 35|Oceania 31|North America 14|Asia 14|South America 3|Africa 1;227126;Mammalia/ACCEPTED
Felis silvestris;mammal;Europe+Asia+Africa;Europe 89|Asia 4|Africa 4;69391;Mammalia/ACCEPTED
Ferminia cerverai;bird;North America;North America 100;2115;Aves/ACCEPTED
Ficedula albicilla;bird;Asia;Asia 99;149686;Aves/ACCEPTED
Ficedula albicollis;bird;Europe+Asia;Europe 95|Asia 4|Africa 1;206106;Aves/ACCEPTED
Ficedula basilanica;bird;Asia;Asia 96;489;Aves/ACCEPTED
Ficedula dumetoria;bird;Asia;Asia 96;2654;Aves/ACCEPTED
Ficedula elisae;bird;Asia;Asia 100;3273;Aves/ACCEPTED
Ficedula erithacus;bird;Asia;Asia 100;7412;Aves/ACCEPTED
Ficedula henrici;bird;Asia;Asia 94|Oceania 1;104;Aves/ACCEPTED
Ficedula hodgsoni;bird;Asia;Asia 100;4818;Aves/ACCEPTED
Ficedula hyperythra;bird;Asia;Asia 99;31954;Aves/ACCEPTED
Ficedula hypoleuca;bird;Europe;Europe 99;2590092;Aves/ACCEPTED
Ficedula luzoniensis;bird;Asia;Asia 100;1201;Aves/SYNONYM
Ficedula mugimaki;bird;Asia;Asia 98;17732;Aves/ACCEPTED
Ficedula narcissina;bird;Asia;Asia 97;29206;Aves/ACCEPTED
Ficedula nigrorufa;bird;Asia;Asia 100;8946;Aves/ACCEPTED
Ficedula owstoni;bird;Asia;Asia 92;642;Aves/SYNONYM
Ficedula parva;bird;Europe+Asia;Europe 61|Asia 39;219059;Aves/ACCEPTED
Ficedula platenae;bird;Asia;Asia 99;647;Aves/ACCEPTED
Ficedula ruficauda;bird;Asia;Asia 100;9417;Aves/SYNONYM
Ficedula sapphira;bird;Asia;Asia 100;4236;Aves/ACCEPTED
Ficedula semitorquata;bird;Europe+Asia;Europe 48|Asia 46|Africa 3;10720;Aves/ACCEPTED
Ficedula speculigera;bird;Africa;Africa 99|Europe 1;965;Aves/ACCEPTED
Ficedula strophiata;bird;Asia;Asia 100;29325;Aves/ACCEPTED
Ficedula subrubra;bird;Asia;Asia 99;2594;Aves/ACCEPTED
Ficedula superciliaris;bird;Asia;Asia 100;25206;Aves/ACCEPTED
Ficedula timorensis;bird;Asia;Asia 97;542;Aves/ACCEPTED
Ficedula tricolor;bird;Asia;Asia 100;17677;Aves/ACCEPTED
Ficedula westermanni;bird;Asia;Asia 100;34136;Aves/ACCEPTED
Ficedula zanthopygia;bird;Asia;Asia 99;22097;Aves/ACCEPTED
Fireworks;noise;;;;
Florisuga fusca;bird;South America;South America 100;46597;Aves/ACCEPTED
Florisuga mellivora;bird;South America+North America;South America 56|North America 44;250956;Aves/ACCEPTED
Fluvicola albiventer;bird;South America;South America 100;33408;Aves/SYNONYM
Fluvicola nengeta;bird;South America;South America 100;129869;Aves/ACCEPTED
Fluvicola pica;bird;South America+North America;South America 96|North America 4;88024;Aves/ACCEPTED
Formicarius analis;bird;North America+South America;North America 57|South America 43;71420;Aves/ACCEPTED
Formicarius colma;bird;South America;South America 100;20198;Aves/ACCEPTED
Formicarius moniliger;bird;North America;North America 100;35118;Aves/ACCEPTED
Formicarius nigricapillus;bird;South America+North America;South America 57|North America 43;6608;Aves/ACCEPTED
Formicarius rufifrons;bird;South America;South America 100;1360;Aves/ACCEPTED
Formicarius rufipectus;bird;South America+North America;South America 93|North America 6;19442;Aves/ACCEPTED
Formicivora acutirostris;bird;South America;South America 100;1879;Aves/SYNONYM
Formicivora erythronotos;bird;South America;South America 100;836;Aves/ACCEPTED
Formicivora grantsaui;bird;South America;South America 100;642;Aves/ACCEPTED
Formicivora grisea;bird;South America;South America 98|North America 1;21094;Aves/ACCEPTED
Formicivora iheringi;bird;South America;South America 100;1423;Aves/ACCEPTED
Formicivora intermedia;bird;South America;South America 100;31534;Aves/ACCEPTED
Formicivora melanogaster;bird;South America;South America 100;8450;Aves/ACCEPTED
Formicivora rufa;bird;South America;South America 100;10621;Aves/ACCEPTED
Formicivora serrana;bird;South America;South America 100;3710;Aves/ACCEPTED
Forpus coelestis;bird;South America;South America 100;37535;Aves/ACCEPTED
Forpus conspicillatus;bird;South America;South America 99|North America 1;117419;Aves/ACCEPTED
Forpus crassirostris;bird;South America;South America 100;6512;Aves/SYNONYM
Forpus cyanopygius;bird;North America;North America 90;1464;Aves/ACCEPTED
Forpus modestus;bird;South America;South America 100;5478;Aves/ACCEPTED
Forpus passerinus;bird;South America+North America;South America 96|North America 4;51528;Aves/ACCEPTED
Forpus spengeli;bird;South America;South America 100;3469;Aves/SYNONYM
Forpus xanthopterygius;bird;South America;South America 100;101301;Aves/ACCEPTED
Foudia madagascariensis;bird;Africa;Africa 98|Asia 1;29703;Aves/ACCEPTED
Foudia omissa;bird;Africa;Africa 100;2931;Aves/ACCEPTED
Foudia rubra;bird;Africa;Africa 98;968;Aves/ACCEPTED
Foudia sechellarum;bird;Africa;Africa 99;781;Aves/ACCEPTED
Foulehaio carunculatus;bird;Oceania;Oceania 98;2620;Aves/ACCEPTED
Foulehaio procerior;bird;Oceania;Oceania 100;3294;Aves/ACCEPTED
Foulehaio taviunensis;bird;Oceania;Oceania 100;740;Aves/ACCEPTED
Francolinus francolinus;bird;Asia+Oceania+Europe;Asia 77|Oceania 16|Europe 6;64213;Aves/ACCEPTED
Francolinus gularis;bird;Asia;Asia 100;6549;Aves/SYNONYM
Francolinus pictus;bird;Asia;Asia 100;17258;Aves/ACCEPTED
Francolinus pintadeanus;bird;Asia;Asia 99;7551;Aves/ACCEPTED
Francolinus pondicerianus;bird;Asia+Oceania;Asia 92|Oceania 7;411489;Aves/SYNONYM
Fraseria caerulescens;bird;Africa;Africa 99;41676;Aves/SYNONYM
Fraseria cinerascens;bird;Africa;Africa 99;1057;Aves/ACCEPTED
Fraseria griseigularis;bird;Africa;Africa 100;4310;Aves/SYNONYM
Fraseria lendu;bird;Africa;Africa 99;905;Aves/SYNONYM
Fraseria ocreata;bird;Africa;Africa 99;3554;Aves/ACCEPTED
Fraseria olivascens;bird;Africa+South America;Africa 78|South America 19|North America 1;427;Aves/SYNONYM
Fraseria plumbea;bird;Africa;Africa 100;26271;Aves/SYNONYM
Fraseria tessmanni;bird;Africa;Africa 100;460;Aves/ACCEPTED
Fratercula arctica;bird;Europe+North America;Europe 42|North America 14;310485;Aves/ACCEPTED
Frederickena fulva;bird;South America;South America 100;1262;Aves/ACCEPTED
Frederickena unduliger;bird;South America;South America 100;542;Aves/ACCEPTED
Frederickena viridis;bird;South America;South America 99;1463;Aves/ACCEPTED
Fregata andrewsi;bird;Asia;Asia 95|Oceania 1;3061;Aves/ACCEPTED
Fregata ariel;bird;Oceania+Asia+Africa;Oceania 55|Asia 26|Africa 4;30196;Aves/ACCEPTED
Fregata magnificens;bird;North America+South America;North America 72|South America 20;906532;Aves/ACCEPTED
Fregata minor;bird;Oceania+South America+Asia;Oceania 59|South America 22|Asia 6|Africa 3|North America 2;59907;Aves/ACCEPTED
Fregetta tropica;bird;Antarctica+Oceania+Ocean;Antarctica 7|Oceania 3;19495;Aves/ACCEPTED
Fringilla canariensis;bird;Africa+Europe;Africa 70|Europe 29;8759;Aves/ACCEPTED
Fringilla coelebs;bird;Europe;Europe 96|Oceania 3|Asia 1;10405572;Aves/ACCEPTED
Fringilla maderensis;bird;Africa+Europe;Africa 64|Europe 36;8642;Aves/ACCEPTED
Fringilla montifringilla;bird;Europe+Asia;Europe 96|Asia 4;1785283;Aves/ACCEPTED
Fringilla moreletti;bird;Europe;Europe 100;29612;Aves/ACCEPTED
Fringilla spodiogenys;bird;Africa;Africa 99|Europe 1;14221;Aves/ACCEPTED
Fringilla teydea;bird;Europe+Africa;Europe 38|Africa 35;9611;Aves/ACCEPTED
Fulica alai;bird;Oceania;Oceania 98|North America 2;40001;Aves/ACCEPTED
Fulica americana;bird;North America;North America 99|South America 1;6115694;Aves/ACCEPTED
Fulica ardesiaca;bird;South America;South America 100;48056;Aves/ACCEPTED
Fulica armillata;bird;South America;South America 100;132221;Aves/ACCEPTED
Fulica atra;bird;Europe+Oceania+Asia;Europe 79|Oceania 12|Asia 8;6003922;Aves/ACCEPTED
Fulica cornuta;bird;South America;South America 99;2107;Aves/ACCEPTED
Fulica cristata;bird;Africa+Europe;Africa 92|Europe 6;283793;Aves/ACCEPTED
Fulica gigantea;bird;South America;South America 100;11944;Aves/ACCEPTED
Fulica leucoptera;bird;South America;South America 100;89212;Aves/ACCEPTED
Fulica rufifrons;bird;South America;South America 100;65095;Aves/ACCEPTED
Fulmarus glacialis;bird;Europe+North America+Ocean;Europe 23|North America 4;1321670;Aves/ACCEPTED
Fulmarus glacialoides;bird;South America+Antarctica+Oceania+Ocean;South America 23|Antarctica 12|Oceania 3;37545;Aves/ACCEPTED
Fulvetta cinereiceps;bird;Asia;Asia 100;2245;Aves/ACCEPTED
Fulvetta formosana;bird;Asia;Asia 100;15360;Aves/ACCEPTED
Fulvetta ludlowi;bird;Asia;Asia 100;3319;Aves/ACCEPTED
Fulvetta manipurensis;bird;Asia;Asia 100;2601;Aves/ACCEPTED
Fulvetta ruficapilla;bird;Asia;Asia 99;1444;Aves/ACCEPTED
Fulvetta striaticollis;bird;Asia;Asia 100;925;Aves/ACCEPTED
Fulvetta vinipectus;bird;Asia;Asia 100;14771;Aves/ACCEPTED
Funambulus palmarum;mammal;Asia;Asia 99;5095;Mammalia/ACCEPTED
Funambulus pennantii;mammal;Asia;Asia 98|Oceania 1;5644;Mammalia/ACCEPTED
Funambulus tristriatus;mammal;Asia;Asia 100;1214;Mammalia/ACCEPTED
Furnarius cinnamomeus;bird;South America;South America 100;53938;Aves/SYNONYM
Furnarius cristatus;bird;South America;South America 100;9440;Aves/ACCEPTED
Furnarius figulus;bird;South America;South America 100;27586;Aves/ACCEPTED
Furnarius leucopus;bird;South America;South America 100;88791;Aves/ACCEPTED
Furnarius longirostris;bird;South America;South America 100;21363;Aves/ACCEPTED
Furnarius minor;bird;South America;South America 100;4682;Aves/ACCEPTED
Furnarius rufus;bird;South America;South America 100;651245;Aves/ACCEPTED
Furnarius torridus;bird;South America;South America 100;721;Aves/ACCEPTED
Gaeana maculata;insect;Asia;Asia 94;1387;Insecta/ACCEPTED
Galanga labeculata;insect;Oceania;Oceania 100;1340;Insecta/ACCEPTED
Galbalcyrhynchus leucotis;bird;South America;South America 100;16184;Aves/ACCEPTED
Galbalcyrhynchus purusianus;bird;South America;South America 100;3070;Aves/ACCEPTED
Galbula albirostris;bird;South America;South America 99;6435;Aves/ACCEPTED
Galbula chalcothorax;bird;South America;South America 100;2510;Aves/ACCEPTED
Galbula cyanescens;bird;South America;South America 100;19451;Aves/ACCEPTED
Galbula cyanicollis;bird;South America;South America 99|North America 1;4068;Aves/ACCEPTED
Galbula dea;bird;South America;South America 100;18477;Aves/ACCEPTED
Galbula galbula;bird;South America;South America 100;9040;Aves/ACCEPTED
Galbula leucogastra;bird;South America;South America 100;6727;Aves/ACCEPTED
Galbula pastazae;bird;South America;South America 100;5771;Aves/ACCEPTED
Galbula ruficauda;bird;South America+North America;South America 61|North America 39;195013;Aves/ACCEPTED
Galbula tombacea;bird;South America;South America 100;11357;Aves/ACCEPTED
Galerida cristata;bird;Europe+Asia;Europe 71|Asia 26|Africa 3;993639;Aves/ACCEPTED
Galerida deva;bird;Asia;Asia 100;11366;Aves/ACCEPTED
Galerida magnirostris;bird;Africa;Africa 100;40314;Aves/ACCEPTED
Galerida malabarica;bird;Asia;Asia 100;14216;Aves/ACCEPTED
Galerida modesta;bird;Africa;Africa 100;3517;Aves/ACCEPTED
Galerida theklae;bird;Europe+Africa;Europe 92|Africa 8;194953;Aves/ACCEPTED
Gallicolumba crinigera;bird;Asia+Europe;Asia 73|Europe 4|North America 1;390;Aves/ACCEPTED
Gallicolumba keayi;bird;Asia;Asia 99;89;Aves/ACCEPTED
Gallicolumba luzonica;bird;Asia;Asia 66|North America 3|Europe 2;743;Aves/ACCEPTED
Gallicrex cinerea;bird;Asia;Asia 99;26041;Aves/ACCEPTED
Gallinago andina;bird;South America;South America 98;3380;Aves/ACCEPTED
Gallinago delicata;bird;North America;North America 100;1619209;Aves/ACCEPTED
Gallinago gallinago;bird;Europe+Asia;Europe 90|Asia 9|North America 1;2384276;Aves/ACCEPTED
Gallinago hardwickii;bird;Oceania+Asia;Oceania 96|Asia 4;80042;Aves/ACCEPTED
Gallinago imperialis;bird;South America;South America 99;383;Aves/ACCEPTED
Gallinago jamesoni;bird;South America;South America 100;1785;Aves/ACCEPTED
Gallinago macrodactyla;bird;Africa;Africa 99;782;Aves/ACCEPTED
Gallinago magellanica;bird;South America;South America 100;25731;Aves/ACCEPTED
Gallinago media;bird;Europe;Europe 95|Asia 2|Africa 2;43067;Aves/ACCEPTED
Gallinago megala;bird;Asia+Oceania;Asia 77|Oceania 20|Europe 1;6763;Aves/ACCEPTED
Gallinago nemoricola;bird;Asia;Asia 100;294;Aves/ACCEPTED
Gallinago nigripennis;bird;Africa;Africa 100;35047;Aves/ACCEPTED
Gallinago nobilis;bird;South America;South America 100;6316;Aves/ACCEPTED
Gallinago paraguaiae;bird;South America;South America 100;26804;Aves/ACCEPTED
Gallinago solitaria;bird;Asia;Asia 93|North America 1;2521;Aves/ACCEPTED
Gallinago stenura;bird;Asia+Europe;Asia 91|Europe 7;34711;Aves/ACCEPTED
Gallinago stricklandii;bird;South America;South America 97;247;Aves/ACCEPTED
Gallinago undulata;bird;South America;South America 100;2700;Aves/ACCEPTED
Gallinula chloropus;bird;Global;Europe 53|North America 28|Asia 11|Africa 4|South America 4;6150892;Aves/ACCEPTED
Gallinula galeata;bird;North America+South America;North America 87|South America 12|Oceania 1;1952695;Aves/SYNONYM
Gallinula tenebrosa;bird;Oceania;Oceania 100;688897;Aves/ACCEPTED
Gallirallus australis;bird;Oceania;Oceania 100;35783;Aves/ACCEPTED
Gallirallus castaneoventris;bird;Oceania;Oceania 100;1831;Aves/ACCEPTED
Gallirallus okinawae;bird;Asia;Asia 86;2199;Aves/ACCEPTED
Gallirallus philippensis;bird;Oceania+Asia;Oceania 95|Asia 4;115012;Aves/ACCEPTED
Gallirallus torquatus;bird;Asia;Asia 98|Oceania 1;14234;Aves/ACCEPTED
Gallirex johnstoni;bird;Africa;Africa 100;2282;Aves/SYNONYM
Gallirex porphyreolophus;bird;Africa;Africa 98;45289;Aves/SYNONYM
Galloperdix bicalcarata;bird;Asia;Asia 99;3639;Aves/ACCEPTED
Galloperdix lunulata;bird;Asia;Asia 100;10790;Aves/ACCEPTED
Galloperdix spadicea;bird;Asia;Asia 100;35927;Aves/ACCEPTED
Gallus gallus;bird;Global;Asia 49|Oceania 23|North America 16|South America 7|Europe 3;300029;Aves/ACCEPTED
Gallus lafayettii;bird;Asia;Asia 99;16819;Aves/ACCEPTED
Gallus sonneratii;bird;Asia;Asia 100;115930;Aves/ACCEPTED
Gallus varius;bird;Asia;Asia 93;6044;Aves/ACCEPTED
Gampsocleis buergeri;insect;Asia;Asia 89;669;Insecta/ACCEPTED
Gampsocleis glabra;insect;Europe+Asia;Europe 95|Asia 5;2342;Insecta/ACCEPTED
Gampsocleis ussuriensis;insect;Asia;Asia 99;1086;Insecta/ACCEPTED
Gampsonyx swainsonii;bird;South America+North America;South America 75|North America 25;33608;Aves/ACCEPTED
Gampsorhynchus rufulus;bird;Asia;Asia 99;3338;Aves/ACCEPTED
Gampsorhynchus torquatus;bird;Asia;Asia 100;1946;Aves/ACCEPTED
Garritornis isidorei;bird;Oceania;Oceania 92|Asia 2;1587;Aves/ACCEPTED
Garrulax calvus;bird;Asia;Asia 87;15;Aves/ACCEPTED
Garrulax canorus;bird;Asia+Oceania;Asia 74|Oceania 25;52611;Aves/ACCEPTED
Garrulax castanotis;bird;Asia;Asia 100;624;Aves/ACCEPTED
Garrulax leucolophus;bird;Asia;Asia 99;53857;Aves/ACCEPTED
Garrulax lugubris;bird;Asia+Ocean;Asia 47|Oceania 1|South America 1;101;Aves/ACCEPTED
Garrulax milleti;bird;Asia;Asia 91;93;Aves/ACCEPTED
Garrulax monileger;bird;Asia;Asia 100;14058;Aves/ACCEPTED
Garrulax palliatus;bird;Asia;Asia 92;485;Aves/ACCEPTED
Garrulax perspicillatus;bird;Asia;Asia 100;42321;Aves/ACCEPTED
Garrulax strepitans;bird;Asia;Asia 99;1754;Aves/ACCEPTED
Garrulax taewanus;bird;Asia;Asia 100;20655;Aves/ACCEPTED
Garrulus glandarius;bird;Europe+Asia;Europe 95|Asia 5;4337845;Aves/ACCEPTED
Garrulus lanceolatus;bird;Asia;Asia 100;21993;Aves/ACCEPTED
Garrulus lidthi;bird;Asia;Asia 85;1577;Aves/ACCEPTED
Gastrophryne carolinensis;amphibian;North America;North America 94;19077;Amphibia/ACCEPTED
Gastrophryne olivacea;amphibian;North America;North America 97;10401;Amphibia/ACCEPTED
Gavia adamsii;bird;Europe+North America;Europe 50|North America 48|Asia 1;67699;Aves/ACCEPTED
Gavia arctica;bird;Europe;Europe 98|Asia 1|North America 1;702004;Aves/ACCEPTED
Gavia immer;bird;North America+Europe;North America 92|Europe 6;3222878;Aves/ACCEPTED
Gavia pacifica;bird;North America;North America 92|Europe 1;379389;Aves/ACCEPTED
Gavia stellata;bird;Europe+North America;Europe 49|North America 47;1448595;Aves/ACCEPTED
Gavicalis fasciogularis;bird;Oceania;Oceania 100;26094;Aves/ACCEPTED
Gavicalis versicolor;bird;Oceania;Oceania 100;20265;Aves/ACCEPTED
Gavicalis virescens;bird;Oceania;Oceania 100;404953;Aves/ACCEPTED
Gecinulus grantia;bird;Asia;Asia 99;2593;Aves/ACCEPTED
Gecinulus rafflesii;bird;Asia;Asia 95;1560;Aves/ACCEPTED
Gecinulus viridis;bird;Asia;Asia 100;2287;Aves/ACCEPTED
Gelidea torrida;insect;Oceania;Oceania 99;744;Insecta/ACCEPTED
Gelochelidon macrotarsa;bird;Oceania;Oceania 100;78392;Aves/ACCEPTED
Gelochelidon nilotica;bird;Global;North America 39|Europe 23|Asia 23|Africa 6|Oceania 5|South America 4;422895;Aves/ACCEPTED
Geobiastes squamiger;bird;Africa;Africa 99;1300;Aves/ACCEPTED
Geocerthia serrana;bird;South America;South America 100;2030;Aves/SYNONYM
Geococcyx californianus;bird;North America;North America 100;576772;Aves/ACCEPTED
Geococcyx velox;bird;North America;North America 100;12909;Aves/ACCEPTED
Geocolaptes olivaceus;bird;Africa;Africa 100;15556;Aves/ACCEPTED
Geocrinia leai;amphibian;Oceania;Oceania 100;4619;Amphibia/ACCEPTED
Geocrinia victoriana;amphibian;Oceania;Oceania 100;7337;Amphibia/ACCEPTED
Geoffroyus geoffroyi;bird;Oceania+Asia;Oceania 62|Asia 33;18298;Aves/ACCEPTED
Geoffroyus heteroclitus;bird;Oceania;Oceania 91;1079;Aves/ACCEPTED
Geoffroyus simplex;bird;Oceania;Oceania 98|Asia 1;582;Aves/ACCEPTED
Geokichla cinerea;bird;Asia;Asia 100;1033;Aves/ACCEPTED
Geokichla citrina;bird;Asia;Asia 99;96490;Aves/ACCEPTED
Geokichla crossleyi;bird;Africa;Africa 100;246;Aves/ACCEPTED
Geokichla gurneyi;bird;Africa;Africa 99;4568;Aves/ACCEPTED
Geokichla guttata;bird;Africa;Africa 98;2861;Aves/ACCEPTED
Geokichla peronii;bird;Asia;Asia 94;1502;Aves/ACCEPTED
Geokichla piaggiae;bird;Africa;Africa 100;2231;Aves/ACCEPTED
Geokichla sibirica;bird;Asia;Asia 91|Europe 3;5519;Aves/ACCEPTED
Geokichla spiloptera;bird;Asia;Asia 100;4634;Aves/ACCEPTED
Geokichla wardii;bird;Asia;Asia 100;3250;Aves/ACCEPTED
Geopelia cuneata;bird;Oceania;Oceania 99|Europe 1;88141;Aves/ACCEPTED
Geopelia humeralis;bird;Oceania;Oceania 100;467935;Aves/ACCEPTED
Geopelia maugeus;bird;Asia;Asia 100;5040;Aves/ACCEPTED
Geopelia placida;bird;Oceania;Oceania 100;526433;Aves/ACCEPTED
Geopelia striata;bird;Asia+Oceania;Asia 59|Oceania 39|Africa 2;416757;Aves/ACCEPTED
Geophaps plumifera;bird;Oceania;Oceania 99;22888;Aves/ACCEPTED
Geophaps scripta;bird;Oceania;Oceania 99;15465;Aves/ACCEPTED
Geositta antarctica;bird;South America;South America 100;4863;Aves/ACCEPTED
Geositta crassirostris;bird;South America;South America 100;1120;Aves/ACCEPTED
Geositta cunicularia;bird;South America;South America 99;24957;Aves/ACCEPTED
Geositta isabellina;bird;South America;South America 99;2702;Aves/ACCEPTED
Geositta maritima;bird;South America;South America 100;3103;Aves/ACCEPTED
Geositta peruviana;bird;South America;South America 100;7301;Aves/ACCEPTED
Geositta poeciloptera;bird;South America;South America 99;769;Aves/ACCEPTED
Geositta punensis;bird;South America;South America 100;8186;Aves/ACCEPTED
Geositta rufipennis;bird;South America;South America 100;20814;Aves/ACCEPTED
Geositta saxicolina;bird;South America;South America 100;1410;Aves/ACCEPTED
Geositta tenuirostris;bird;South America;South America 100;3551;Aves/ACCEPTED
Geospiza fortis;bird;South America;South America 99;20031;Aves/ACCEPTED
Geospiza fuliginosa;bird;South America;South America 99;31910;Aves/ACCEPTED
Geospiza magnirostris;bird;South America;South America 99;7197;Aves/ACCEPTED
Geospiza scandens;bird;South America;South America 99;8806;Aves/ACCEPTED
Geospizopsis plebejus;bird;South America;South America 100;39750;Aves/ACCEPTED
Geospizopsis unicolor;bird;South America;South America 100;56824;Aves/ACCEPTED
Geothlypis aequinoctialis;bird;South America;South America 99|North America 1;6780;Aves/ACCEPTED
Geothlypis auricularis;bird;South America;South America 100;3437;Aves/ACCEPTED
Geothlypis beldingi;bird;North America;North America 100;5248;Aves/ACCEPTED
Geothlypis chiriquensis;bird;North America;North America 100;54;Aves/ACCEPTED
Geothlypis flavovelata;bird;North America;North America 99;682;Aves/ACCEPTED
Geothlypis formosa;bird;North America;North America 100;324151;Aves/ACCEPTED
Geothlypis nelsoni;bird;North America;North America 100;5083;Aves/ACCEPTED
Geothlypis philadelphia;bird;North America+South America;North America 94|South America 5;357215;Aves/ACCEPTED
Geothlypis poliocephala;bird;North America;North America 100;82296;Aves/ACCEPTED
Geothlypis rostrata;bird;North America;North America 99;2266;Aves/ACCEPTED
Geothlypis semiflava;bird;North America+South America;North America 60|South America 40;27877;Aves/ACCEPTED
Geothlypis speciosa;bird;North America;North America 99;1921;Aves/ACCEPTED
Geothlypis tolmiei;bird;North America;North America 100;485557;Aves/ACCEPTED
Geothlypis trichas;bird;North America;North America 100;8545768;Aves/ACCEPTED
Geothlypis velata;bird;South America;South America 100;100778;Aves/ACCEPTED
Geotrygon chrysia;bird;North America;North America 99;7276;Aves/ACCEPTED
Geotrygon leucometopia;bird;North America;North America 100;886;Aves/ACCEPTED
Geotrygon montana;bird;North America+South America;North America 52|South America 48;61974;Aves/ACCEPTED
Geotrygon mystacea;bird;North America+South America;North America 94|South America 5;7225;Aves/ACCEPTED
Geotrygon purpurata;bird;South America;South America 100;1444;Aves/ACCEPTED
Geotrygon saphirina;bird;South America;South America 100;765;Aves/ACCEPTED
Geotrygon versicolor;bird;North America;North America 97;2614;Aves/ACCEPTED
Geotrygon violacea;bird;South America+North America;South America 50|North America 49;1471;Aves/ACCEPTED
Geranoaetus albicaudatus;bird;North America+South America;North America 68|South America 32;161280;Aves/SYNONYM
Geranoaetus melanoleucus;bird;South America;South America 100;94616;Aves/ACCEPTED
Geranoaetus polyosoma;bird;South America;South America 100;120607;Aves/SYNONYM
Geranospiza caerulescens;bird;South America+North America;South America 58|North America 41;52185;Aves/ACCEPTED
Geronticus eremita;bird;Europe+Africa+Asia;Europe 69|Africa 21|Asia 8;15461;Aves/ACCEPTED
Gerygone albofrontata;bird;Oceania;Oceania 100;2523;Aves/ACCEPTED
Gerygone chloronota;bird;Oceania;Oceania 100;13180;Aves/ACCEPTED
Gerygone chrysogaster;bird;Oceania;Oceania 94|Asia 3;3311;Aves/ACCEPTED
Gerygone flavolateralis;bird;Oceania;Oceania 99;2770;Aves/ACCEPTED
Gerygone fusca;bird;Oceania;Oceania 100;129978;Aves/ACCEPTED
Gerygone igata;bird;Oceania;Oceania 100;237232;Aves/ACCEPTED
Gerygone inornata;bird;Asia;Asia 98;3512;Aves/ACCEPTED
Gerygone levigaster;bird;Oceania;Oceania 100;55494;Aves/ACCEPTED
Gerygone magnirostris;bird;Oceania;Oceania 99;28541;Aves/ACCEPTED
Gerygone mouki;bird;Oceania;Oceania 100;154294;Aves/ACCEPTED
Gerygone olivacea;bird;Oceania;Oceania 100;163559;Aves/ACCEPTED
Gerygone palpebrosa;bird;Oceania;Oceania 100;32536;Aves/ACCEPTED
Gerygone ruficollis;bird;Oceania;Oceania 98|Asia 1;3072;Aves/ACCEPTED
Gerygone sulphurea;bird;Asia;Asia 99;45791;Aves/ACCEPTED
Gerygone tenebrosa;bird;Oceania;Oceania 99;3889;Aves/ACCEPTED
Glandirana emeljanovi;amphibian;Asia;Asia 100;730;Amphibia/ACCEPTED
Glareola isabella;bird;Oceania;Oceania 97|Asia 2;27556;Aves/SYNONYM
Glareola lactea;bird;Asia;Asia 100;33172;Aves/ACCEPTED
Glareola maldivarum;bird;Asia+Oceania;Asia 90|Oceania 6|Europe 3;71528;Aves/ACCEPTED
Glareola nordmanni;bird;Europe+Africa+Asia;Europe 51|Africa 34|Asia 14;18186;Aves/ACCEPTED
Glareola nuchalis;bird;Africa;Africa 100;6526;Aves/ACCEPTED
Glareola ocularis;bird;Africa;Africa 99;1876;Aves/ACCEPTED
Glareola pratincola;bird;Europe+Africa+Asia;Europe 54|Africa 25|Asia 19;101301;Aves/ACCEPTED
Glaucestrilda caerulescens;bird;Africa+Oceania;Africa 80|Oceania 18;10622;Aves/SYNONYM
Glaucestrilda perreini;bird;Africa;Africa 98;6352;Aves/SYNONYM
Glaucidium bolivianum;bird;South America;South America 100;3087;Aves/ACCEPTED
Glaucidium brasilianum;bird;North America+South America;North America 67|South America 32;286754;Aves/ACCEPTED
Glaucidium brodiei;bird;Asia;Asia 100;97232;Aves/ACCEPTED
Glaucidium californicum;bird;North America;North America 95;1366;Aves/ACCEPTED
Glaucidium capense;bird;Africa;Africa 100;10916;Aves/ACCEPTED
Glaucidium castanopterum;bird;Asia;Asia 74;50;Aves/ACCEPTED
Glaucidium castanotum;bird;Asia;Asia 100;2848;Aves/ACCEPTED
Glaucidium costaricanum;bird;North America;North America 100;4329;Aves/ACCEPTED
Glaucidium cuculoides;bird;Asia;Asia 100;72693;Aves/ACCEPTED
Glaucidium gnoma;bird;North America;North America 100;98609;Aves/ACCEPTED
Glaucidium griseiceps;bird;North America;North America 97|South America 3;7056;Aves/ACCEPTED
Glaucidium hardyi;bird;South America;South America 100;11658;Aves/ACCEPTED
Glaucidium hoskinsii;bird;North America;North America 99;94;Aves/ACCEPTED
Glaucidium jardinii;bird;South America;South America 99;7965;Aves/ACCEPTED
Glaucidium minutissimum;bird;South America+North America;South America 94|North America 5;5040;Aves/ACCEPTED
Glaucidium nana;bird;South America;South America 100;22468;Aves/ACCEPTED
Glaucidium nubicola;bird;South America;South America 100;5463;Aves/ACCEPTED
Glaucidium palmarum;bird;North America;North America 100;7358;Aves/ACCEPTED
Glaucidium parkeri;bird;South America;South America 100;492;Aves/ACCEPTED
Glaucidium passerinum;bird;Europe;Europe 100;223410;Aves/ACCEPTED
Glaucidium perlatum;bird;Africa;Africa 100;64329;Aves/ACCEPTED
Glaucidium peruanum;bird;South America;South America 100;21130;Aves/ACCEPTED
Glaucidium radiatum;bird;Asia;Asia 100;108302;Aves/ACCEPTED
Glaucidium sanchezi;bird;North America;North America 100;752;Aves/ACCEPTED
Glaucidium siju;bird;North America;North America 100;10502;Aves/ACCEPTED
Glaucidium sjostedti;bird;Africa;Africa 100;524;Aves/ACCEPTED
Glaucidium tephronotum;bird;Africa;Africa 98;1115;Aves/ACCEPTED
Glaucis aeneus;bird;North America+South America;North America 87|South America 13;17176;Aves/ACCEPTED
Glaucis dohrnii;bird;South America;South America 100;1270;Aves/ACCEPTED
Glaucis hirsutus;bird;South America+North America;South America 88|North America 12;52282;Aves/ACCEPTED
Glaucomys sabrinus;mammal;North America;North America 88|Africa 2;7935;Mammalia/ACCEPTED
Glaucomys volans;mammal;North America;North America 92;9615;Mammalia/ACCEPTED
Glaucopsaltria viridis;insect;Oceania+North America;Oceania 69|North America 28;407;Insecta/ACCEPTED
Gliciphila melanops;bird;Oceania;Oceania 100;41044;Aves/ACCEPTED
Gliciphila undulata;bird;Oceania;Oceania 99;1245;Aves/SYNONYM
Glis glis;mammal;Europe;Europe 98|Asia 1;32254;Mammalia/ACCEPTED
Globicephala melas;mammal;Europe+North America+Oceania+Ocean;Europe 19|North America 7|Oceania 4;30455;Mammalia/ACCEPTED
Glossopsitta concinna;bird;Oceania;Oceania 100;109238;Aves/ACCEPTED
Glossopsitta porphyrocephala;bird;Oceania;Oceania 99;2811;Aves/ACCEPTED
Glossopsitta pusilla;bird;Oceania;Oceania 99;3682;Aves/ACCEPTED
Glossoptilus goldiei;bird;Oceania;Oceania 100;624;Aves/ACCEPTED
Glycichaera fallax;bird;Oceania;Oceania 97|Asia 2;2310;Aves/ACCEPTED
Glyphorynchus spirurus;bird;South America+North America;South America 50|North America 50;153502;Aves/ACCEPTED
Gnorimopsar chopi;bird;South America;South America 100;79283;Aves/ACCEPTED
Gomphocerippus rufus;insect;Europe;Europe 100;121721;Insecta/ACCEPTED
Gomphocerus sibiricus;insect;Europe;Europe 99;26705;Insecta/ACCEPTED
Goodfellowia miranda;bird;Asia;Asia 98;948;Aves/SYNONYM
Gorsachius goisagi;bird;Asia;Asia 89;1043;Aves/ACCEPTED
Gorsachius melanolophus;bird;Asia;Asia 100;89440;Aves/ACCEPTED
Gracula indica;bird;Asia;Asia 100;85061;Aves/ACCEPTED
Gracula ptilogenys;bird;Asia;Asia 100;4311;Aves/ACCEPTED
Gracula religiosa;bird;Asia+North America;Asia 93|North America 5;52784;Aves/ACCEPTED
Gracupica contra;bird;Asia;Asia 100;310296;Aves/ACCEPTED
Gracupica floweri;bird;Asia;Asia 100;39983;Aves/SYNONYM
Gracupica nigricollis;bird;Asia;Asia 100;182057;Aves/ACCEPTED
Grallaria albigula;bird;South America;South America 99;2055;Aves/ACCEPTED
Grallaria alleni;bird;South America;South America 100;7176;Aves/ACCEPTED
Grallaria alticola;bird;South America;South America 100;3162;Aves/ACCEPTED
Grallaria alvarezi;bird;South America;South America 100;3404;Aves/ACCEPTED
Grallaria andicolus;bird;South America;South America 100;5003;Aves/ACCEPTED
Grallaria bangsi;bird;South America;South America 100;5317;Aves/ACCEPTED
Grallaria blakei;bird;South America;South America 99;1186;Aves/ACCEPTED
Grallaria cajamarcae;bird;South America;South America 99;765;Aves/SYNONYM
Grallaria capitalis;bird;South America;South America 100;2056;Aves/ACCEPTED
Grallaria carrikeri;bird;South America;South America 100;636;Aves/ACCEPTED
Grallaria cochabambae;bird;South America;South America 100;955;Aves/ACCEPTED
Grallaria dignissima;bird;South America;South America 100;495;Aves/ACCEPTED
Grallaria erythroleuca;bird;South America;South America 100;2824;Aves/ACCEPTED
Grallaria erythrotis;bird;South America;South America 100;1902;Aves/ACCEPTED
Grallaria flavotincta;bird;South America;South America 100;14113;Aves/ACCEPTED
Grallaria gigantea;bird;South America;South America 100;4997;Aves/ACCEPTED
Grallaria gravesi;bird;South America;South America 100;896;Aves/ACCEPTED
Grallaria griseonucha;bird;South America;South America 98;401;Aves/ACCEPTED
Grallaria guatimalensis;bird;South America+North America;South America 76|North America 24;21202;Aves/ACCEPTED
Grallaria haplonota;bird;South America;South America 100;7722;Aves/ACCEPTED
Grallaria hypoleuca;bird;South America;South America 100;10409;Aves/ACCEPTED
Grallaria kaestneri;bird;South America;South America 99;1406;Aves/ACCEPTED
Grallaria milleri;bird;South America;South America 100;7494;Aves/ACCEPTED
Grallaria nuchalis;bird;South America;South America 100;17101;Aves/ACCEPTED
Grallaria occabambae;bird;South America;South America 100;2234;Aves/SYNONYM
Grallaria przewalskii;bird;South America;South America 100;2216;Aves/ACCEPTED
Grallaria quitensis;bird;South America;South America 100;33137;Aves/ACCEPTED
Grallaria ridgelyi;bird;South America;South America 100;1492;Aves/ACCEPTED
Grallaria ruficapilla;bird;South America;South America 100;95623;Aves/ACCEPTED
Grallaria rufocinerea;bird;South America;South America 100;7832;Aves/ACCEPTED
Grallaria rufula;bird;South America;South America 99;9121;Aves/ACCEPTED
Grallaria saturata;bird;South America;South America 100;16934;Aves/ACCEPTED
Grallaria squamigera;bird;South America;South America 100;9239;Aves/ACCEPTED
Grallaria urraoensis;bird;South America;South America 100;691;Aves/SYNONYM
Grallaria varia;bird;South America;South America 100;12032;Aves/ACCEPTED
Grallaria watkinsi;bird;South America;South America 100;2596;Aves/ACCEPTED
Grallaricula cucullata;bird;South America;South America 100;1681;Aves/ACCEPTED
Grallaricula ferrugineipectus;bird;South America;South America 100;6313;Aves/ACCEPTED
Grallaricula flavirostris;bird;South America+North America;South America 91|North America 9;10862;Aves/ACCEPTED
Grallaricula leymebambae;bird;South America;South America 100;1629;Aves/ACCEPTED
Grallaricula lineifrons;bird;South America;South America 100;3313;Aves/ACCEPTED
Grallaricula nana;bird;South America;South America 100;12728;Aves/ACCEPTED
Grallaricula ochraceifrons;bird;South America;South America 100;929;Aves/ACCEPTED
Grallaricula peruviana;bird;South America;South America 100;421;Aves/ACCEPTED
Grallina bruijnii;bird;Oceania;Oceania 97|Asia 2;603;Aves/ACCEPTED
Grallina cyanoleuca;bird;Oceania;Oceania 100;2084215;Aves/ACCEPTED
Graminicola bengalensis;bird;Asia;Asia 100;1414;Aves/ACCEPTED
Grammatoptila striata;bird;Asia;Asia 100;33388;Aves/SYNONYM
Granatellus pelzelni;bird;South America;South America 99;4017;Aves/ACCEPTED
Granatellus sallaei;bird;North America;North America 100;10531;Aves/ACCEPTED
Granatellus venustus;bird;North America;North America 100;5540;Aves/ACCEPTED
Granatina granatina;bird;Africa;Africa 99;39503;Aves/SYNONYM
Granatina ianthinogaster;bird;Africa;Africa 99;25838;Aves/SYNONYM
Grandala coelicolor;bird;Asia;Asia 99;2571;Aves/ACCEPTED
Grantiella picta;bird;Oceania;Oceania 100;11766;Aves/ACCEPTED
Graptopsaltria nigrofuscata;insect;Asia;Asia 92;6066;Insecta/ACCEPTED
Graueria vittata;bird;Africa;Africa 99;1804;Aves/ACCEPTED
Graydidascalus brachyurus;bird;South America;South America 100;10212;Aves/ACCEPTED
Grus americana;bird;North America;North America 99;81625;Aves/ACCEPTED
Grus grus;bird;Europe;Europe 94|Asia 3|Africa 2;2561573;Aves/ACCEPTED
Grus japonensis;bird;Asia+Europe;Asia 87|Europe 6|North America 3;7877;Aves/ACCEPTED
Grus monacha;bird;Asia+North America;Asia 94|North America 4;6624;Aves/ACCEPTED
Grus nigricollis;bird;Asia;Asia 100;5918;Aves/ACCEPTED
Grus paradiseus;bird;Africa;Africa 100;80752;Aves/SYNONYM
Grus virgo;bird;Asia+Europe;Asia 72|Europe 25;28109;Aves/SYNONYM
Gryllodes sigillatus;insect;Global;North America 75|Asia 9|Oceania 5|South America 4|Europe 3|Africa 3;8717;Insecta/ACCEPTED
Gryllotalpa gryllotalpa;insect;Europe;Europe 99;29982;Insecta/ACCEPTED
Gryllotalpa orientalis;insect;Asia;Asia 88|Oceania 2;3220;Insecta/ACCEPTED
Gryllotalpa vineae;insect;Europe;Europe 100;1205;Insecta/ACCEPTED
Gryllus assimilis;insect;North America+South America;North America 73|South America 14|Europe 2;1526;Insecta/ACCEPTED
Gryllus bimaculatus;insect;Europe+Asia+Africa;Europe 72|Asia 14|Africa 12;11980;Insecta/ACCEPTED
Gryllus campestris;insect;Europe;Europe 100;227835;Insecta/ACCEPTED
Gryllus fultoni;insect;North America;North America 58;242;Insecta/ACCEPTED
Gryllus pennsylvanicus;insect;North America;North America 94;6692;Insecta/ACCEPTED
Gryllus rubens;insect;North America;North America 85;791;Insecta/ACCEPTED
Gryllus veletis;insect;North America;North America 63;3114;Insecta/ACCEPTED
Guaruba guarouba;bird;South America;South America 86|North America 2|Europe 1;859;Aves/ACCEPTED
Gubernatrix cristata;bird;South America;South America 86|Europe 1;1028;Aves/ACCEPTED
Gubernetes yetapa;bird;South America;South America 100;18915;Aves/ACCEPTED
Guira guira;bird;South America;South America 100;243011;Aves/ACCEPTED
Gulosus aristotelis;bird;Europe;Europe 97|Asia 2;532914;Aves/SYNONYM
Gun;noise;;;;
Guttera edouardi;bird;Africa;Africa 99;18468;Aves/SYNONYM
Guttera plumifera;bird;Africa;Africa 82;324;Aves/ACCEPTED
Guttera pucherani;bird;Africa;Africa 99;23116;Aves/ACCEPTED
Guttera verreauxi;bird;Africa;Africa 99;1903;Aves/SYNONYM
Guyramemua affine;bird;South America;South America 100;2264;Aves/ACCEPTED
Gygis alba;bird;Oceania+Africa;Oceania 67|Africa 5|Asia 2|North America 1|South America 1;70088;Aves/ACCEPTED
Gymnasio nudipes;bird;North America;North America 100;6831;Aves/SYNONYM
Gymnobucco bonapartei;bird;Africa;Africa 99;9506;Aves/ACCEPTED
Gymnobucco calvus;bird;Africa;Africa 99;5041;Aves/ACCEPTED
Gymnobucco peli;bird;Africa;Africa 100;1724;Aves/ACCEPTED
Gymnocichla nudiceps;bird;North America+South America;North America 82|South America 18;9139;Aves/ACCEPTED
Gymnomystax mexicanus;bird;South America;South America 100;62652;Aves/ACCEPTED
Gymnomyza brunneirostris;bird;Oceania;Oceania 100;1448;Aves/ACCEPTED
Gymnomyza samoensis;bird;Oceania;Oceania 96;354;Aves/ACCEPTED
Gymnopithys bicolor;bird;North America+South America;North America 84|South America 16;34776;Aves/SYNONYM
Gymnopithys leucaspis;bird;North America+South America;North America 73|South America 27;40396;Aves/ACCEPTED
Gymnopithys rufigula;bird;South America;South America 99;3734;Aves/ACCEPTED
Gymnorhina tibicen;bird;Oceania;Oceania 100;2943697;Aves/ACCEPTED
Gymnorhinus cyanocephalus;bird;North America;North America 100;116892;Aves/ACCEPTED
Gymnoris dentata;bird;Africa+Asia;Africa 94|Asia 6;9572;Aves/ACCEPTED
Gymnoris pyrgita;bird;Africa;Africa 100;11432;Aves/ACCEPTED
Gymnoris superciliaris;bird;Africa;Africa 100;44638;Aves/ACCEPTED
Gymnoris xanthocollis;bird;Asia;Asia 100;109057;Aves/ACCEPTED
Gypaetus barbatus;bird;Europe+Asia+Africa;Europe 73|Asia 20|Africa 5;108533;Aves/ACCEPTED
Gypohierax angolensis;bird;Africa;Africa 100;41030;Aves/ACCEPTED
Gyps africanus;bird;Africa;Africa 100;148522;Aves/ACCEPTED
Gyps bengalensis;bird;Asia;Asia 100;17494;Aves/ACCEPTED
Gyps fulvus;bird;Europe+Asia;Europe 94|Asia 6;1612132;Aves/ACCEPTED
Gyps himalayensis;bird;Asia;Asia 100;51008;Aves/ACCEPTED
Gyps rueppelli;bird;Africa+Europe;Africa 86|Europe 14;24418;Aves/ACCEPTED
Gypsophila annamensis;bird;Asia;Asia 100;1176;Aves/SYNONYM
Gypsophila brevicaudata;bird;Asia;Asia 100;6608;Aves/SYNONYM
Gypsophila crassa;bird;Asia;Asia 100;2009;Aves/SYNONYM
Gypsophila rufipectus;bird;Asia;Asia 95;619;Aves/SYNONYM
Habia atrimaxillaris;bird;North America;North America 99;114;Aves/ACCEPTED
Habia cristata;bird;South America;South America 99;481;Aves/ACCEPTED
Habia fuscicauda;bird;North America;North America 95|South America 1;5025;Aves/ACCEPTED
Habia gutturalis;bird;South America+North America;South America 78|North America 21;1313;Aves/ACCEPTED
Habia rubica;bird;North America+South America;North America 56|South America 44;92155;Aves/ACCEPTED
Hadoa duryi;insect;North America;North America 93;442;Insecta/ACCEPTED
Haematoderus militaris;bird;South America;South America 96;913;Aves/ACCEPTED
Haematopus ater;bird;South America;South America 99;47667;Aves/ACCEPTED
Haematopus bachmani;bird;North America;North America 100;416096;Aves/ACCEPTED
Haematopus finschi;bird;Oceania;Oceania 100;71922;Aves/ACCEPTED
Haematopus fuliginosus;bird;Oceania;Oceania 99;117550;Aves/ACCEPTED
Haematopus leucopodus;bird;South America;South America 100;38450;Aves/ACCEPTED
Haematopus longirostris;bird;Oceania;Oceania 100;268545;Aves/ACCEPTED
Haematopus moquini;bird;Africa;Africa 100;67278;Aves/ACCEPTED
Haematopus ostralegus;bird;Europe;Europe 98|Asia 1;3957178;Aves/ACCEPTED
Haematopus palliatus;bird;North America+South America;North America 80|South America 20;716823;Aves/ACCEPTED
Haematopus unicolor;bird;Oceania;Oceania 99;108366;Aves/ACCEPTED
Haematortyx sanguiniceps;bird;Asia;Asia 100;4800;Aves/ACCEPTED
Haemorhous cassinii;bird;North America;North America 100;450166;Aves/ACCEPTED
Haemorhous mexicanus;bird;North America;North America 100;19249642;Aves/ACCEPTED
Haemorhous purpureus;bird;North America;North America 100;2929002;Aves/ACCEPTED
Hafferia fortis;bird;South America;South America 99;6259;Aves/SYNONYM
Hafferia immaculata;bird;South America;South America 100;5617;Aves/ACCEPTED
Hafferia zeledoni;bird;South America+North America;South America 65|North America 35;29656;Aves/ACCEPTED
Halcyon albiventris;bird;Africa;Africa 99;226367;Aves/ACCEPTED
Halcyon badia;bird;Africa;Africa 99;4877;Aves/ACCEPTED
Halcyon chelicuti;bird;Africa;Africa 100;62561;Aves/ACCEPTED
Halcyon coromanda;bird;Asia;Asia 94;11638;Aves/ACCEPTED
Halcyon cyanoventris;bird;Asia;Asia 79;986;Aves/ACCEPTED
Halcyon gularis;bird;Asia;Asia 100;9729;Aves/ACCEPTED
Halcyon leucocephala;bird;Africa;Africa 97|Asia 3;55606;Aves/ACCEPTED
Halcyon malimbica;bird;Africa;Africa 99;17387;Aves/ACCEPTED
Halcyon pileata;bird;Asia;Asia 99;34305;Aves/ACCEPTED
Halcyon senegalensis;bird;Africa;Africa 100;114214;Aves/ACCEPTED
Halcyon senegaloides;bird;Africa;Africa 99;4355;Aves/ACCEPTED
Halcyon smyrnensis;bird;Asia;Asia 100;1365701;Aves/ACCEPTED
Haliaeetus albicilla;bird;Europe;Europe 97|Asia 1;2188787;Aves/ACCEPTED
Haliaeetus humilis;bird;Asia;Asia 100;11;Aves/ACCEPTED
Haliaeetus ichthyaetus;bird;Asia;Asia 93;42;Aves/ACCEPTED
Haliaeetus leucocephalus;bird;North America;North America 100;7829256;Aves/ACCEPTED
Haliaeetus leucogaster;bird;Oceania+Asia;Oceania 73|Asia 26;376036;Aves/ACCEPTED
Haliaeetus leucoryphus;bird;Asia;Asia 99|Europe 1;9205;Aves/ACCEPTED
Haliaeetus pelagicus;bird;Asia+North America+Europe;Asia 66|North America 28|Europe 3;10868;Aves/ACCEPTED
Haliaeetus vocifer;bird;Africa;Africa 100;254453;Aves/ACCEPTED
Haliastur indus;bird;Asia+Oceania;Asia 82|Oceania 17;726786;Aves/ACCEPTED
Haliastur sphenurus;bird;Oceania;Oceania 100;530647;Aves/ACCEPTED
Halichoerus grypus;mammal;Europe;Europe 75|North America 3;381308;Mammalia/ACCEPTED
Halobaena caerulea;bird;Oceania+Antarctica+Ocean;Oceania 8|Antarctica 4|Africa 1|South America 1;21167;Aves/ACCEPTED
Hapalocrex flaviventer;bird;North America+South America;North America 73|South America 27;5891;Aves/SYNONYM
Hapalopsittaca amazonina;bird;South America;South America 98;2815;Aves/ACCEPTED
Hapalopsittaca fuertesi;bird;South America;South America 100;1922;Aves/ACCEPTED
Hapalopsittaca melanotis;bird;South America;South America 98;585;Aves/ACCEPTED
Hapalopsittaca pyrrhops;bird;South America;South America 99;512;Aves/ACCEPTED
Hapaloptila castanea;bird;South America;South America 100;2204;Aves/ACCEPTED
Hapithus saltator;insect;North America;North America 100;3240;Insecta/ACCEPTED
Haplophaedia assimilis;bird;South America;South America 100;1301;Aves/ACCEPTED
Haplophaedia aureliae;bird;South America;South America 98|North America 1;25771;Aves/ACCEPTED
Haplophaedia lugens;bird;South America;South America 99;1234;Aves/ACCEPTED
Haplospiza rustica;bird;South America+North America;South America 79|North America 21;4172;Aves/ACCEPTED
Haplospiza unicolor;bird;South America;South America 100;9318;Aves/ACCEPTED
Harpactes ardens;bird;Asia;Asia 99;3494;Aves/ACCEPTED
Harpactes diardii;bird;Asia;Asia 99;6318;Aves/ACCEPTED
Harpactes duvaucelii;bird;Asia;Asia 99;9251;Aves/ACCEPTED
Harpactes erythrocephalus;bird;Asia;Asia 100;21954;Aves/ACCEPTED
Harpactes fasciatus;bird;Asia;Asia 100;27470;Aves/ACCEPTED
Harpactes kasumba;bird;Asia;Asia 99;4848;Aves/ACCEPTED
Harpactes oreskios;bird;Asia;Asia 99;12302;Aves/ACCEPTED
Harpactes orrhophaeus;bird;Asia;Asia 99;768;Aves/ACCEPTED
Harpactes wardi;bird;Asia;Asia 100;2462;Aves/ACCEPTED
Harpactes whiteheadi;bird;Asia;Asia 100;2672;Aves/ACCEPTED
Harpagus bidentatus;bird;North America+South America;North America 62|South America 38;57462;Aves/ACCEPTED
Harpagus diodon;bird;South America;South America 100;6848;Aves/ACCEPTED
Harpia harpyja;bird;South America+North America;South America 71|North America 27;7863;Aves/ACCEPTED
Harpyopsis novaeguineae;bird;Oceania;Oceania 97|Asia 1;592;Aves/ACCEPTED
Hartertula flavoviridis;bird;Africa;Africa 100;1108;Aves/ACCEPTED
Hartlaubius auratus;bird;Africa;Africa 100;2490;Aves/ACCEPTED
Hecatesia fenestrata;insect;Oceania;Oceania 100;5954;Insecta/ACCEPTED
Hedydipna collaris;bird;Africa;Africa 99;122197;Aves/ACCEPTED
Hedydipna metallica;bird;Africa+Asia;Africa 65|Asia 35;5604;Aves/ACCEPTED
Hedydipna platura;bird;Africa+Asia;Africa 92|Asia 7;9197;Aves/ACCEPTED
Heleia crassirostris;bird;Asia;Asia 94;876;Aves/ACCEPTED
Heleia dohertyi;bird;Asia;Asia 82;1028;Aves/SYNONYM
Heleia javanica;bird;Asia;Asia 56;526;Aves/SYNONYM
Heleia muelleri;bird;Asia;Asia 98;506;Aves/ACCEPTED
Heleia squamiceps;bird;Asia;Asia 97|Oceania 2;925;Aves/SYNONYM
Heleia squamifrons;bird;Asia;Asia 100;1712;Aves/SYNONYM
Heleia wallacei;bird;Asia;Asia 92;1952;Aves/SYNONYM
Heleioporus australiacus;amphibian;Oceania;Oceania 100;2001;Amphibia/ACCEPTED
Heleioporus eyrei;amphibian;Oceania;Oceania 98;8099;Amphibia/ACCEPTED
Heliactin bilophus;bird;South America;South America 99;4809;Aves/ACCEPTED
Heliangelus amethysticollis;bird;South America;South America 98;13209;Aves/ACCEPTED
Heliangelus clarisse;bird;South America;South America 97;12167;Aves/ACCEPTED
Heliangelus exortis;bird;South America;South America 99;48001;Aves/ACCEPTED
Heliangelus mavors;bird;South America;South America 95;1615;Aves/ACCEPTED
Heliangelus micraster;bird;South America;South America 99;3062;Aves/ACCEPTED
Heliangelus regalis;bird;South America;South America 100;1568;Aves/ACCEPTED
Heliangelus strophianus;bird;South America;South America 99;9610;Aves/ACCEPTED
Heliangelus viola;bird;South America;South America 99;4412;Aves/ACCEPTED
Helicolestes hamatus;bird;South America;South America 98|North America 2;7974;Aves/ACCEPTED
Heliobletus contaminatus;bird;South America;South America 100;8227;Aves/ACCEPTED
Heliodoxa aurescens;bird;South America;South America 100;11703;Aves/ACCEPTED
Heliodoxa imperatrix;bird;South America;South America 100;38329;Aves/ACCEPTED
Heliodoxa jacula;bird;North America+South America;North America 54|South America 46;101599;Aves/ACCEPTED
Heliodoxa leadbeateri;bird;South America;South America 99;25316;Aves/ACCEPTED
Heliodoxa rubinoides;bird;South America;South America 100;67807;Aves/ACCEPTED
Heliodoxa rubricauda;bird;South America;South America 99;20611;Aves/SYNONYM
Heliodoxa schreibersii;bird;South America;South America 100;7639;Aves/ACCEPTED
Heliodoxa xanthogonys;bird;South America;South America 100;826;Aves/ACCEPTED
Heliomaster constantii;bird;North America;North America 100;29892;Aves/ACCEPTED
Heliomaster furcifer;bird;South America;South America 100;20932;Aves/ACCEPTED
Heliomaster longirostris;bird;South America+North America;South America 51|North America 49;61419;Aves/ACCEPTED
Heliomaster squamosus;bird;South America;South America 99;6476;Aves/ACCEPTED
Heliornis fulica;bird;South America+North America;South America 56|North America 44;29330;Aves/ACCEPTED
Heliothryx auritus;bird;South America;South America 99;16906;Aves/ACCEPTED
Heliothryx barroti;bird;North America+South America;North America 78|South America 22;72885;Aves/ACCEPTED
Hellmayrea gularis;bird;South America;South America 100;8040;Aves/ACCEPTED
Helmitheros vermivorum;bird;North America;North America 100;350445;Aves/ACCEPTED
Helopsaltes amnicola;bird;Asia;Asia 97;1077;Aves/SYNONYM
Helopsaltes certhiola;bird;Asia;Asia 96|Europe 3;19245;Aves/SYNONYM
Helopsaltes fasciolatus;bird;Asia+Oceania;Asia 96|Oceania 4;1489;Aves/ACCEPTED
Helopsaltes ochotensis;bird;Asia;Asia 93|North America 1;5329;Aves/SYNONYM
Helopsaltes pleskei;bird;Asia;Asia 92;1026;Aves/SYNONYM
Helopsaltes pryeri;bird;Asia;Asia 93;1423;Aves/SYNONYM
Hemicircus canente;bird;Asia;Asia 100;22955;Aves/ACCEPTED
Hemicircus concretus;bird;Asia;Asia 96;4673;Aves/ACCEPTED
Hemignathus wilsoni;bird;Oceania+North America;Oceania 92|North America 4;6321;Aves/ACCEPTED
Hemimacronyx chloris;bird;Africa;Africa 98;2677;Aves/SYNONYM
Hemiphaga chathamensis;bird;Oceania;Oceania 99;1646;Aves/ACCEPTED
Hemiphaga novaeseelandiae;bird;Oceania;Oceania 100;116378;Aves/ACCEPTED
Hemiprocne comata;bird;Asia;Asia 99;16191;Aves/ACCEPTED
Hemiprocne coronata;bird;Asia;Asia 100;48542;Aves/ACCEPTED
Hemiprocne longipennis;bird;Asia;Asia 98;24199;Aves/ACCEPTED
Hemiprocne mystacea;bird;Oceania+Asia;Oceania 74|Asia 22;6148;Aves/ACCEPTED
Hemipus hirundinaceus;bird;Asia;Asia 98;14624;Aves/ACCEPTED
Hemipus picatus;bird;Asia;Asia 100;66702;Aves/ACCEPTED
Hemispingus auricularis;bird;South America;South America 100;112;Aves/SYNONYM
Hemispingus piurae;bird;South America;South America 100;40;Aves/SYNONYM
Hemitesia neumanni;bird;Africa;Africa 100;1032;Aves/SYNONYM
Hemitesia pallidipes;bird;Asia;Asia 100;1062;Aves/SYNONYM
Hemithraupis flavicollis;bird;South America;South America 98|North America 2;19176;Aves/ACCEPTED
Hemithraupis guira;bird;South America;South America 100;59952;Aves/ACCEPTED
Hemithraupis ruficapilla;bird;South America;South America 100;25985;Aves/ACCEPTED
Hemitriccus cinnamomeipectus;bird;South America;South America 100;599;Aves/ACCEPTED
Hemitriccus cohnhafti;bird;South America;South America 99;401;Aves/ACCEPTED
Hemitriccus diops;bird;South America;South America 100;11565;Aves/ACCEPTED
Hemitriccus flammulatus;bird;South America;South America 100;3661;Aves/ACCEPTED
Hemitriccus furcatus;bird;South America;South America 100;3234;Aves/ACCEPTED
Hemitriccus granadensis;bird;South America;South America 100;13486;Aves/ACCEPTED
Hemitriccus griseipectus;bird;South America;South America 100;6702;Aves/ACCEPTED
Hemitriccus inornatus;bird;South America;South America 100;503;Aves/ACCEPTED
Hemitriccus iohannis;bird;South America;South America 100;3057;Aves/ACCEPTED
Hemitriccus josephinae;bird;South America;South America 100;365;Aves/ACCEPTED
Hemitriccus kaempferi;bird;South America;South America 100;894;Aves/ACCEPTED
Hemitriccus margaritaceiventer;bird;South America;South America 100;70923;Aves/ACCEPTED
Hemitriccus minimus;bird;South America;South America 100;2865;Aves/ACCEPTED
Hemitriccus minor;bird;South America;South America 100;6216;Aves/ACCEPTED
Hemitriccus mirandae;bird;South America;South America 100;1442;Aves/ACCEPTED
Hemitriccus nidipendulus;bird;South America;South America 100;9471;Aves/ACCEPTED
Hemitriccus obsoletus;bird;South America;South America 100;3279;Aves/ACCEPTED
Hemitriccus orbitatus;bird;South America;South America 100;8381;Aves/ACCEPTED
Hemitriccus rufigularis;bird;South America;South America 100;1091;Aves/ACCEPTED
Hemitriccus spodiops;bird;South America;South America 100;611;Aves/ACCEPTED
Hemitriccus striaticollis;bird;South America;South America 100;7916;Aves/ACCEPTED
Hemitriccus zosterops;bird;South America;South America 100;4741;Aves/ACCEPTED
Hemixos castanonotus;bird;Asia;Asia 100;23036;Aves/ACCEPTED
Hemixos cinereus;bird;Asia;Asia 100;5906;Aves/ACCEPTED
Hemixos flavala;bird;Asia;Asia 100;24667;Aves/ACCEPTED
Henicophaps albifrons;bird;Oceania+Asia;Oceania 76|Asia 4;451;Aves/ACCEPTED
Henicopsaltria eydouxii;insect;Oceania;Oceania 100;3248;Insecta/ACCEPTED
Henicorhina anachoreta;bird;South America;South America 100;4531;Aves/ACCEPTED
Henicorhina leucophrys;bird;South America+North America;South America 65|North America 35;323594;Aves/ACCEPTED
Henicorhina leucoptera;bird;South America;South America 100;1901;Aves/ACCEPTED
Henicorhina leucosticta;bird;North America+South America;North America 80|South America 20;208185;Aves/ACCEPTED
Henicorhina negreti;bird;South America;South America 100;5284;Aves/ACCEPTED
Herpetotheres cachinnans;bird;North America+South America;North America 59|South America 41;238229;Aves/ACCEPTED
Herpsilochmus atricapillus;bird;South America;South America 100;20911;Aves/ACCEPTED
Herpsilochmus axillaris;bird;South America;South America 100;8574;Aves/ACCEPTED
Herpsilochmus dorsimaculatus;bird;South America;South America 100;4686;Aves/ACCEPTED
Herpsilochmus dugandi;bird;South America;South America 100;2141;Aves/ACCEPTED
Herpsilochmus frater;bird;South America+North America;South America 84|North America 16;13260;Aves/ACCEPTED
Herpsilochmus gentryi;bird;South America;South America 100;980;Aves/ACCEPTED
Herpsilochmus longirostris;bird;South America;South America 100;10847;Aves/ACCEPTED
Herpsilochmus motacilloides;bird;South America;South America 100;1151;Aves/ACCEPTED
Herpsilochmus parkeri;bird;South America;South America 98;327;Aves/ACCEPTED
Herpsilochmus pectoralis;bird;South America;South America 100;824;Aves/ACCEPTED
Herpsilochmus pileatus;bird;South America;South America 99;1791;Aves/ACCEPTED
Herpsilochmus praedictus;bird;South America;South America 99;384;Aves/ACCEPTED
Herpsilochmus roraimae;bird;South America;South America 100;759;Aves/ACCEPTED
Herpsilochmus rufimarginatus;bird;South America;South America 100;42912;Aves/ACCEPTED
Herpsilochmus sellowi;bird;South America;South America 100;3314;Aves/ACCEPTED
Herpsilochmus stictocephalus;bird;South America;South America 100;2900;Aves/ACCEPTED
Herpsilochmus sticturus;bird;South America;South America 100;2254;Aves/ACCEPTED
Herpsilochmus stotzi;bird;South America;South America 95;323;Aves/ACCEPTED
Hesperiphona abeillei;bird;North America;North America 100;11645;Aves/ACCEPTED
Hesperiphona vespertina;bird;North America;North America 100;877995;Aves/ACCEPTED
Hesperoburhinus bistriatus;bird;South America+North America;South America 81|North America 16;1918;Aves/ACCEPTED/via Burhinus bistriatus
Hesperoburhinus superciliaris;bird;South America;South America 88|Europe 1|Africa 1;152;Aves/ACCEPTED/via Burhinus superciliaris
Heterocercus aurantiivertex;bird;South America;South America 100;2205;Aves/ACCEPTED
Heterocercus flavivertex;bird;South America;South America 100;2532;Aves/ACCEPTED
Heterocercus linteatus;bird;South America;South America 98|North America 2;2147;Aves/ACCEPTED
Heteromirafra archeri;bird;Africa;Africa 99;359;Aves/ACCEPTED
Heteromyias albispecularis;bird;Oceania+Asia;Oceania 88|Asia 6;785;Aves/ACCEPTED
Heteromyias armiti;bird;Oceania;Oceania 100;606;Aves/ACCEPTED
Heteromyias cinereifrons;bird;Oceania;Oceania 100;19516;Aves/ACCEPTED
Heterophasia auricularis;bird;Asia;Asia 100;338084;Aves/ACCEPTED
Heterophasia capistrata;bird;Asia;Asia 100;57725;Aves/ACCEPTED
Heterophasia desgodinsi;bird;Asia;Asia 100;3708;Aves/ACCEPTED
Heterophasia gracilis;bird;Asia;Asia 100;7150;Aves/ACCEPTED
Heterophasia melanoleuca;bird;Asia;Asia 100;12429;Aves/ACCEPTED
Heterophasia picaoides;bird;Asia;Asia 100;15196;Aves/ACCEPTED
Heterophasia pulchella;bird;Asia;Asia 100;16083;Aves/ACCEPTED
Heteroscenes pallidus;bird;Oceania;Oceania 100;115264;Aves/SYNONYM
Heterospingus rubrifrons;bird;North America;North America 99|South America 1;2213;Aves/ACCEPTED
Heterospingus xanthopygius;bird;South America+North America;South America 93|North America 7;8268;Aves/ACCEPTED
Heterotetrax rueppelii;bird;Africa;Africa 100;3089;Aves/ACCEPTED
Heterotetrax vigorsii;bird;Africa;Africa 100;16131;Aves/SYNONYM
Heteroxenicus stellatus;bird;Asia;Asia 99;617;Aves/ACCEPTED
Heteroxolmis dominicana;bird;South America;South America 100;5763;Aves/ACCEPTED
Hieraaetus morphnoides;bird;Oceania;Oceania 100;83945;Aves/ACCEPTED
Hieraaetus pennatus;bird;Europe+Asia+Africa;Europe 76|Asia 18|Africa 6;531648;Aves/ACCEPTED
Hieraaetus wahlbergi;bird;Africa;Africa 100;63121;Aves/ACCEPTED
Hierococcyx bocki;bird;Asia;Asia 100;2533;Aves/SYNONYM
Hierococcyx fugax;bird;Asia;Asia 94;2228;Aves/SYNONYM
Hierococcyx hyperythrus;bird;Asia;Asia 97;2275;Aves/SYNONYM
Hierococcyx nisicolor;bird;Asia;Asia 100;4206;Aves/SYNONYM
Hierococcyx pectoralis;bird;Asia;Asia 100;2268;Aves/SYNONYM
Hierococcyx sparverioides;bird;Asia;Asia 100;55876;Aves/SYNONYM
Hierococcyx vagans;bird;Asia;Asia 100;1096;Aves/SYNONYM
Hierococcyx varius;bird;Asia;Asia 100;245032;Aves/SYNONYM
Himantopus himantopus;bird;Asia+Europe+Africa;Asia 45|Europe 39|Africa 13|Oceania 3;1524805;Aves/ACCEPTED
Himantopus leucocephalus;bird;Oceania;Oceania 99|Asia 1;411125;Aves/ACCEPTED
Himantopus melanurus;bird;South America;South America 94|North America 1;615;Aves/ACCEPTED
Himantopus mexicanus;bird;North America+South America;North America 84|South America 13|Oceania 2;1891238;Aves/ACCEPTED
Himantopus novaezelandiae;bird;Oceania;Oceania 100;3209;Aves/ACCEPTED
Himantornis haematopus;bird;Africa;Africa 98;1263;Aves/ACCEPTED
Himatione sanguinea;bird;Oceania;Oceania 99;60510;Aves/ACCEPTED
Hippolais icterina;bird;Europe;Europe 98|Africa 1;529154;Aves/ACCEPTED
Hippolais languida;bird;Asia+Africa+Europe;Asia 83|Africa 12|Europe 5;8586;Aves/ACCEPTED
Hippolais olivetorum;bird;Europe+Asia+Africa;Europe 37|Asia 37|Africa 23;11327;Aves/ACCEPTED
Hippolais polyglotta;bird;Europe;Europe 98|Africa 1;405067;Aves/ACCEPTED
Hippopotamus amphibius;mammal;Africa+Europe;Africa 87|Europe 6|South America 1|North America 1;16702;Mammalia/ACCEPTED
Hipposideros armiger;mammal;Asia;Asia 95;2763;Mammalia/ACCEPTED
Hirundapus caudacutus;bird;Oceania+Asia;Oceania 89|Asia 10;83828;Aves/ACCEPTED
Hirundapus giganteus;bird;Asia;Asia 100;23671;Aves/ACCEPTED
Hirundinea ferruginea;bird;South America;South America 100;67178;Aves/ACCEPTED
Hirundo aethiopica;bird;Africa;Africa 99;17004;Aves/ACCEPTED
Hirundo albigularis;bird;Africa;Africa 100;162951;Aves/ACCEPTED
Hirundo angolensis;bird;Africa;Africa 100;14671;Aves/ACCEPTED
Hirundo atrocaerulea;bird;Africa;Africa 98;1542;Aves/ACCEPTED
Hirundo dimidiata;bird;Africa;Africa 100;53636;Aves/ACCEPTED
Hirundo domicola;bird;Asia;Asia 100;12622;Aves/ACCEPTED
Hirundo javanica;bird;Asia;Asia 97|Oceania 3;427371;Aves/ACCEPTED
Hirundo lucida;bird;Africa;Africa 100;8961;Aves/ACCEPTED
Hirundo neoxena;bird;Oceania;Oceania 100;1909143;Aves/ACCEPTED
Hirundo rustica;bird;Global;North America 52|Europe 37|Asia 7|Africa 3|South America 1;17560800;Aves/ACCEPTED
Hirundo smithii;bird;Asia+Africa;Asia 63|Africa 37;265857;Aves/ACCEPTED
Hirundo tahitica;bird;Asia;Asia 98|Oceania 1;50628;Aves/ACCEPTED
Histrionicus histrionicus;bird;North America+Europe;North America 93|Europe 4|Asia 2;442752;Aves/ACCEPTED
Histurgops ruficauda;bird;Africa;Africa 100;8491;Aves/ACCEPTED
Hoolock hoolock;mammal;Asia;Asia 93|North America 1;579;Mammalia/ACCEPTED
Hoplobatrachus chinensis;amphibian;Asia;Asia 99;7976;Amphibia/SYNONYM
Hoplobatrachus tigerinus;amphibian;Asia+South America+Africa;Asia 87|South America 6|Africa 3;3700;Amphibia/ACCEPTED
Hoplosphyrum boreale;insect;North America;North America 98;737;Insecta/ACCEPTED
Hoploxypterus cayanus;bird;South America;South America 100;30124;Aves/ACCEPTED
Horizocerus albocristatus;bird;Africa;Africa 99;4147;Aves/ACCEPTED
Horizocerus cassini;bird;Africa;Africa 99;1187;Aves/SYNONYM
Horizocerus hartlaubi;bird;Africa;Africa 99;1610;Aves/ACCEPTED
Horornis acanthizoides;bird;Asia;Asia 100;25966;Aves/ACCEPTED
Horornis annae;bird;Oceania;Oceania 100;4574;Aves/ACCEPTED
Horornis brunnescens;bird;Asia;Asia 100;2714;Aves/ACCEPTED
Horornis canturians;bird;Asia;Asia 99;29702;Aves/SYNONYM
Horornis diphone;bird;Asia+Oceania;Asia 86|Oceania 12;126078;Aves/ACCEPTED
Horornis flavolivaceus;bird;Asia;Asia 100;13663;Aves/ACCEPTED
Horornis fortipes;bird;Asia;Asia 100;62453;Aves/ACCEPTED
Horornis parens;bird;Oceania+Asia;Oceania 83|Asia 8;131;Aves/ACCEPTED
Horornis ruficapilla;bird;Oceania;Oceania 99;2540;Aves/ACCEPTED
Horornis seebohmi;bird;Asia;Asia 100;1288;Aves/ACCEPTED
Horornis vulcanius;bird;Asia;Asia 76;420;Aves/ACCEPTED
Houbaropsis bengalensis;bird;Asia;Asia 100;2755;Aves/ACCEPTED
Human;noise;;;;
Human non-vocal;noise;;;;
Human vocal;noise;;;;
Human whistle;noise;;;;
Hyalessa maculaticollis;insect;Asia;Asia 91;6059;Insecta/ACCEPTED
Hyalinobatrachium fleischmanni;amphibian;North America+South America;North America 80|South America 19;2226;Amphibia/ACCEPTED
Hydrobates castro;bird;Europe+South America+Ocean;Europe 27|South America 7|North America 2|Africa 2|Oceania 1;37273;Aves/SYNONYM
Hydrobates furcatus;bird;North America+Ocean;North America 21;45384;Aves/SYNONYM
Hydrobates homochroa;bird;North America+Ocean;North America 13;43489;Aves/ACCEPTED
Hydrobates hornbyi;bird;South America+Ocean;South America 17;2000;Aves/SYNONYM
Hydrobates leucorhous;bird;North America+Europe+Ocean;North America 21|Europe 15;125599;Aves/SYNONYM
Hydrobates markhami;bird;South America+Ocean;South America 33;3827;Aves/SYNONYM
Hydrobates melania;bird;North America+Ocean;North America 7;56034;Aves/ACCEPTED
Hydrobates monorhis;bird;Asia+Ocean;Asia 22|Europe 1;10835;Aves/SYNONYM
Hydrobates pelagicus;bird;Europe;Europe 56|Africa 1;118904;Aves/ACCEPTED
Hydrobates tristrami;bird;Oceania+Asia+Ocean;Oceania 24|Asia 7|North America 1;1080;Aves/SYNONYM
Hydrochoerus hydrochaeris;mammal;South America;South America 97|North America 1;28550;Mammalia/ACCEPTED
Hydrocoloeus minutus;bird;Europe+North America;Europe 84|North America 9|Asia 1;519139;Aves/ACCEPTED
Hydrophasianus chirurgus;bird;Asia;Asia 100;143200;Aves/ACCEPTED
Hydropotes inermis;mammal;Asia+Europe;Asia 94|Europe 5;52860;Mammalia/ACCEPTED
Hydroprogne caspia;bird;Global;North America 68|Europe 16|Oceania 9|Asia 4|Africa 2;2558194;Aves/ACCEPTED
Hydropsalis cayennensis;bird;South America+North America;South America 93|North America 6;8872;Aves/ACCEPTED
Hydropsalis climacocerca;bird;South America;South America 100;10963;Aves/ACCEPTED
Hydropsalis maculicaudus;bird;South America+North America;South America 76|North America 22;527;Aves/ACCEPTED
Hydropsalis torquata;bird;South America;South America 100;18566;Aves/ACCEPTED
Hydrornis baudii;bird;Asia;Asia 99;2641;Aves/SYNONYM
Hydrornis caeruleus;bird;Asia;Asia 95;734;Aves/SYNONYM
Hydrornis cyaneus;bird;Asia;Asia 99;4389;Aves/SYNONYM
Hydrornis elliotii;bird;Asia;Asia 100;3213;Aves/SYNONYM
Hydrornis guajanus;bird;Asia+Ocean;Asia 49;900;Aves/SYNONYM
Hydrornis irena;bird;Asia;Asia 100;2945;Aves/ACCEPTED
Hydrornis nipalensis;bird;Asia;Asia 99;3102;Aves/SYNONYM
Hydrornis oatesi;bird;Asia;Asia 98;1868;Aves/SYNONYM
Hydrornis phayrei;bird;Asia;Asia 100;969;Aves/SYNONYM
Hydrornis schneideri;bird;Asia;Asia 97;526;Aves/SYNONYM
Hydrornis schwaneri;bird;Asia;Asia 100;1446;Aves/ACCEPTED
Hydrornis soror;bird;Asia;Asia 100;2208;Aves/SYNONYM
Hyla arborea;amphibian;Europe;Europe 99|Asia 1;174809;Amphibia/ACCEPTED
Hyla chinensis;amphibian;Asia;Asia 100;12193;Amphibia/ACCEPTED
Hyla intermedia;amphibian;Europe;Europe 100;3873;Amphibia/ACCEPTED
Hyla meridionalis;amphibian;Europe;Europe 96|Africa 3;76524;Amphibia/ACCEPTED
Hyla molleri;amphibian;Europe;Europe 94;4322;Amphibia/ACCEPTED
Hyla orientalis;amphibian;Europe+Asia;Europe 91|Asia 9;7561;Amphibia/ACCEPTED
Hyla sarda;amphibian;Europe;Europe 93;2176;Amphibia/ACCEPTED
Hyla savignyi;amphibian;Asia+Europe;Asia 87|Europe 6;2746;Amphibia/ACCEPTED
Hylacola cauta;bird;Oceania;Oceania 100;22292;Aves/SYNONYM
Hylacola pyrrhopygia;bird;Oceania;Oceania 99;14169;Aves/SYNONYM
Hylambates maculatus;amphibian;Africa;Africa 94;603;Amphibia/SYNONYM
Hylarana erythraea;amphibian;Asia;Asia 93;6124;Amphibia/ACCEPTED
Hylarana latouchii;amphibian;Asia;Asia 100;65444;Amphibia/ACCEPTED
Hylexetastes perrotii;bird;South America;South America 98;2458;Aves/ACCEPTED
Hylexetastes stresemanni;bird;South America;South America 98;607;Aves/ACCEPTED
Hylexetastes uniformis;bird;South America;South America 99;1086;Aves/SYNONYM
Hylia prasina;bird;Africa;Africa 100;16350;Aves/ACCEPTED
Hyliola regilla;amphibian;North America;North America 98;90286;Amphibia/SYNONYM
Hyliota australis;bird;Africa;Africa 100;2469;Aves/ACCEPTED
Hyliota flavigaster;bird;Africa;Africa 98;2648;Aves/ACCEPTED
Hylobates funereus;mammal;Asia;Asia 96;536;Mammalia/ACCEPTED
Hylobates lar;mammal;Asia+Europe;Asia 79|Europe 5|North America 1;2713;Mammalia/ACCEPTED
Hylobates moloch;mammal;Asia+Europe;Asia 47|Europe 4;468;Mammalia/ACCEPTED
Hylocharis chrysura;bird;South America;South America 100;100210;Aves/ACCEPTED
Hylocharis cyanus;bird;South America;South America 99;21701;Aves/SYNONYM
Hylocharis eliciae;bird;North America;North America 100;41012;Aves/SYNONYM
Hylocharis leucotis;bird;North America;North America 100;105116;Aves/SYNONYM
Hylocharis sapphirina;bird;South America;South America 98;5874;Aves/ACCEPTED
Hylocharis xantusii;bird;North America;North America 100;10130;Aves/SYNONYM
Hylocichla mustelina;bird;North America;North America 100;2276644;Aves/ACCEPTED
Hylomanes momotula;bird;North America+South America;North America 97|South America 3;24771;Aves/ACCEPTED
Hylopezus auricularis;bird;South America;South America 97;253;Aves/ACCEPTED
Hylopezus berlepschi;bird;South America;South America 99;4720;Aves/ACCEPTED
Hylopezus dives;bird;North America+South America;North America 85|South America 15;19795;Aves/ACCEPTED
Hylopezus fulviventris;bird;South America;South America 98|North America 1;1845;Aves/ACCEPTED
Hylopezus macularius;bird;South America;South America 96|North America 3;4094;Aves/ACCEPTED
Hylopezus nattereri;bird;South America;South America 100;4314;Aves/ACCEPTED
Hylopezus ochroleucus;bird;South America;South America 99;2115;Aves/ACCEPTED
Hylopezus paraensis;bird;South America+North America;South America 92|North America 7;1527;Aves/SYNONYM
Hylopezus perspicillatus;bird;North America+South America;North America 94|South America 6;15691;Aves/ACCEPTED
Hylopezus whittakeri;bird;South America;South America 98;1087;Aves/ACCEPTED
Hylophilus amaurocephalus;bird;South America;South America 100;10016;Aves/ACCEPTED
Hylophilus brunneiceps;bird;South America;South America 100;1040;Aves/ACCEPTED
Hylophilus flavipes;bird;South America+North America;South America 73|North America 26;68551;Aves/ACCEPTED
Hylophilus olivaceus;bird;South America;South America 100;7540;Aves/ACCEPTED
Hylophilus pectoralis;bird;South America;South America 100;10534;Aves/ACCEPTED
Hylophilus poicilotis;bird;South America;South America 100;25579;Aves/ACCEPTED
Hylophilus semicinereus;bird;South America;South America 100;8011;Aves/ACCEPTED
Hylophilus thoracicus;bird;South America;South America 100;10618;Aves/ACCEPTED
Hylophylax naevioides;bird;North America+South America;North America 94|South America 6;38868;Aves/ACCEPTED
Hylophylax naevius;bird;South America;South America 99;11966;Aves/ACCEPTED
Hylophylax punctulatus;bird;South America;South America 99;6443;Aves/ACCEPTED
Hylopsar cupreocauda;bird;Africa;Africa 99;2064;Aves/ACCEPTED
Hylopsar purpureiceps;bird;Africa;Africa 100;5211;Aves/ACCEPTED
Hylorchilus navai;bird;North America;North America 100;1283;Aves/ACCEPTED
Hylorchilus sumichrasti;bird;North America;North America 99;1277;Aves/ACCEPTED
Hylorina sylvatica;amphibian;South America;South America 96;286;Amphibia/ACCEPTED
Hymenolaimus malacorhynchos;bird;Oceania;Oceania 99;4898;Aves/ACCEPTED
Hymenops perspicillatus;bird;South America;South America 100;94492;Aves/ACCEPTED
Hypargos margaritatus;bird;Africa;Africa 100;6106;Aves/ACCEPTED
Hypargos niveoguttatus;bird;Africa;Africa 98;7955;Aves/ACCEPTED
Hypergerus atriceps;bird;Africa;Africa 99;6402;Aves/ACCEPTED
Hyperolius horstockii;amphibian;Africa;Africa 94;517;Amphibia/ACCEPTED
Hyperolius kivuensis;amphibian;Africa;Africa 97;1508;Amphibia/ACCEPTED
Hyperolius marginatus;amphibian;Africa;Africa 97;1677;Amphibia/ACCEPTED
Hyperolius marmoratus;amphibian;Africa;Africa 97;11818;Amphibia/ACCEPTED
Hyperolius parallelus;amphibian;Africa;Africa 97;1537;Amphibia/ACCEPTED
Hyperolius pusillus;amphibian;Africa;Africa 98;2000;Amphibia/ACCEPTED
Hyperolius semidiscus;amphibian;Africa;Africa 96;537;Amphibia/ACCEPTED
Hyperolius tuberilinguis;amphibian;Africa;Africa 97;2601;Amphibia/ACCEPTED
Hypnelus bicinctus;bird;South America;South America 100;9279;Aves/ACCEPTED
Hypnelus ruficollis;bird;South America;South America 100;24965;Aves/ACCEPTED
Hypocharmosyna placentis;bird;Oceania+Asia;Oceania 60|Asia 39;3914;Aves/ACCEPTED
Hypocnemis cantator;bird;South America;South America 99;8828;Aves/ACCEPTED
Hypocnemis flavescens;bird;South America;South America 100;3140;Aves/ACCEPTED
Hypocnemis hypoxantha;bird;South America;South America 99;5003;Aves/ACCEPTED
Hypocnemis ochrogyna;bird;South America;South America 100;1534;Aves/ACCEPTED
Hypocnemis peruviana;bird;South America;South America 100;18537;Aves/ACCEPTED
Hypocnemis rondoni;bird;South America;South America 99;322;Aves/ACCEPTED
Hypocnemis striata;bird;South America;South America 99;5183;Aves/ACCEPTED
Hypocnemis subflava;bird;South America;South America 100;5933;Aves/ACCEPTED
Hypocnemoides maculicauda;bird;South America;South America 100;8792;Aves/ACCEPTED
Hypocnemoides melanopogon;bird;South America;South America 99;7655;Aves/ACCEPTED
Hypocolius ampelinus;bird;Asia;Asia 99|Africa 1;4491;Aves/ACCEPTED
Hypocryptadius cinnamomeus;bird;Asia;Asia 99;2201;Aves/ACCEPTED
Hypoedaleus guttatus;bird;South America;South America 100;31496;Aves/ACCEPTED
Hypopachus variolosus;amphibian;North America;North America 99;6416;Amphibia/ACCEPTED
Hypopyrrhus pyrohypogaster;bird;South America;South America 100;20529;Aves/ACCEPTED
Hypositta corallirostris;bird;Africa;Africa 100;1991;Aves/ACCEPTED
Hypothymis azurea;bird;Asia;Asia 100;346547;Aves/ACCEPTED
Hypothymis coelestis;bird;Asia;Asia 99;422;Aves/ACCEPTED
Hypothymis helenae;bird;Asia;Asia 100;863;Aves/ACCEPTED
Hypothymis puella;bird;Asia;Asia 95;2520;Aves/SYNONYM
Hypsignathus monstrosus;mammal;Africa;Africa 86|North America 1;854;Mammalia/ACCEPTED
Hypsipetes affinis;bird;Asia;Asia 84|Oceania 1;1255;Aves/SYNONYM
Hypsipetes amaurotis;bird;Asia;Asia 99;456482;Aves/ACCEPTED
Hypsipetes borbonicus;bird;Africa;Africa 99;4936;Aves/ACCEPTED
Hypsipetes crassirostris;bird;Africa;Africa 99;2047;Aves/ACCEPTED
Hypsipetes everetti;bird;Asia;Asia 98;1952;Aves/ACCEPTED
Hypsipetes ganeesa;bird;Asia;Asia 100;40052;Aves/ACCEPTED
Hypsipetes guimarasensis;bird;Asia;Asia 100;2620;Aves/ACCEPTED
Hypsipetes leucocephalus;bird;Asia;Asia 100;459853;Aves/ACCEPTED
Hypsipetes madagascariensis;bird;Africa+Asia;Africa 96|Asia 4;20800;Aves/ACCEPTED
Hypsipetes mindorensis;bird;Asia;Asia 100;518;Aves/ACCEPTED
Hypsipetes olivaceus;bird;Africa;Africa 98;855;Aves/ACCEPTED
Hypsipetes philippinus;bird;Asia;Asia 100;21545;Aves/ACCEPTED
Hypsipetes siquijorensis;bird;Asia;Asia 100;563;Aves/ACCEPTED
Hypsipetes thompsoni;bird;Asia;Asia 100;1864;Aves/SYNONYM
Ianthocincla albogularis;bird;Asia;Asia 92;13;Aves/ACCEPTED
Ianthocincla caerulata;bird;Asia;Asia 100;4;Aves/ACCEPTED
Ianthocincla chinensis;bird;Asia;Asia 100;347;Aves/ACCEPTED
Ianthocincla davidi;bird;Asia;Asia 100;9;Aves/ACCEPTED
Ianthocincla delesserti;bird;;;0;Aves/ACCEPTED
Ianthocincla lunulata;bird;Asia;Asia 99;479;Aves/ACCEPTED
Ianthocincla maxima;bird;Asia;Asia 100;2620;Aves/SYNONYM
Ianthocincla nuchalis;bird;;;0;Aves/ACCEPTED
Ianthocincla ocellata;bird;Asia;Asia 100;7298;Aves/SYNONYM
Ianthocincla pectoralis;bird;Asia;Asia 96|Oceania 1;82;Aves/ACCEPTED
Ianthocincla poecilorhyncha;bird;Asia;Asia 100;10238;Aves/SYNONYM
Ianthocincla ruficollis;bird;Asia;Asia 86;7;Aves/ACCEPTED
Ianthocincla rufogularis;bird;Asia;Asia 99;6857;Aves/SYNONYM
Ianthocincla sannio;bird;Asia;Asia 100;27;Aves/ACCEPTED
Ianthocincla sukatschewi;bird;Asia;Asia 99;439;Aves/SYNONYM
Ianthocincla treacheri;bird;Asia;Asia 73;15;Aves/ACCEPTED
Ibidorhyncha struthersii;bird;Asia;Asia 100;7899;Aves/ACCEPTED
Ibycter americanus;bird;South America+North America;South America 89|North America 11;35817;Aves/ACCEPTED
Ichthyaetus audouinii;bird;Europe+Africa;Europe 55|Africa 10|Asia 1;212419;Aves/ACCEPTED
Ichthyaetus hemprichii;bird;Asia+Africa;Asia 70|Africa 28;19289;Aves/ACCEPTED
Ichthyaetus ichthyaetus;bird;Asia+Europe;Asia 80|Europe 18|Africa 1;53560;Aves/ACCEPTED
Ichthyaetus leucophthalmus;bird;Asia+Africa;Asia 75|Africa 24;9675;Aves/ACCEPTED
Ichthyaetus melanocephalus;bird;Europe;Europe 96|Asia 1|Africa 1;771793;Aves/ACCEPTED
Ichthyaetus relictus;bird;Asia;Asia 97;3202;Aves/ACCEPTED
Icteria virens;bird;North America;North America 100;985618;Aves/ACCEPTED
Icterus abeillei;bird;North America;North America 100;22373;Aves/ACCEPTED
Icterus auratus;bird;North America;North America 100;23627;Aves/ACCEPTED
Icterus auricapillus;bird;South America+North America;South America 82|North America 18;18508;Aves/ACCEPTED
Icterus bullockii;bird;North America;North America 100;927097;Aves/ACCEPTED
Icterus cayanensis;bird;South America;South America 100;134956;Aves/ACCEPTED
Icterus chrysater;bird;South America+North America;South America 71|North America 29;160237;Aves/ACCEPTED
Icterus croconotus;bird;South America;South America 100;32778;Aves/SYNONYM
Icterus cucullatus;bird;North America;North America 100;693374;Aves/ACCEPTED
Icterus dominicensis;bird;North America;North America 99;16575;Aves/ACCEPTED
Icterus galbula;bird;North America;North America 100;4306508;Aves/ACCEPTED
Icterus graceannae;bird;South America;South America 100;8047;Aves/ACCEPTED
Icterus graduacauda;bird;North America;North America 100;51103;Aves/ACCEPTED
Icterus gularis;bird;North America;North America 100;244917;Aves/ACCEPTED
Icterus icterus;bird;South America+North America;South America 75|North America 24;124551;Aves/ACCEPTED
Icterus jamacaii;bird;South America;South America 100;19609;Aves/SYNONYM
Icterus leucopteryx;bird;North America;North America 99;12223;Aves/ACCEPTED
Icterus maculialatus;bird;North America;North America 100;4264;Aves/ACCEPTED
Icterus melanopsis;bird;North America;North America 100;12362;Aves/SYNONYM
Icterus mesomelas;bird;North America+South America;North America 67|South America 33;53224;Aves/ACCEPTED
Icterus nigrogularis;bird;South America;South America 100;127257;Aves/ACCEPTED
Icterus parisorum;bird;North America;North America 100;156437;Aves/ACCEPTED
Icterus pectoralis;bird;North America;North America 100;65107;Aves/ACCEPTED
Icterus portoricensis;bird;North America;North America 100;20238;Aves/ACCEPTED
Icterus prosthemelas;bird;North America;North America 100;91720;Aves/ACCEPTED
Icterus pustulatus;bird;North America;North America 100;173765;Aves/ACCEPTED
Icterus pyrrhopterus;bird;South America;South America 100;113266;Aves/SYNONYM
Icterus spurius;bird;North America;North America 100;1442863;Aves/ACCEPTED
Icterus wagleri;bird;North America;North America 100;52051;Aves/ACCEPTED
Icthyophaga humilis;bird;Asia;Asia 100;10495;Aves/ACCEPTED
Icthyophaga ichthyaetus;bird;Asia;Asia 100;28602;Aves/ACCEPTED
Icthyophaga leucogaster;bird;Oceania+Asia;Oceania 73|Asia 26;376036;Aves/SYNONYM
Icthyophaga vocifer;bird;Africa;Africa 100;254453;Aves/SYNONYM
Icthyophaga vociferoides;bird;Africa;Africa 99;1242;Aves/SYNONYM
Ictidomys tridecemlineatus;mammal;North America;North America 89;14332;Mammalia/ACCEPTED
Ictinaetus malaiensis;bird;Asia;Asia 100;72542;Aves/ACCEPTED
Ictinia mississippiensis;bird;North America;North America 99|South America 1;515924;Aves/ACCEPTED
Ictinia plumbea;bird;South America+North America;South America 79|North America 21;127769;Aves/ACCEPTED
Idiopsar brachyurus;bird;South America;South America 100;682;Aves/ACCEPTED
Idiopsar dorsalis;bird;South America;South America 100;2536;Aves/ACCEPTED
Idiopsar erythronotus;bird;South America;South America 99;1039;Aves/ACCEPTED
Idiopsar speculifer;bird;South America;South America 100;7218;Aves/ACCEPTED
Idiostatus aequalis;insect;North America;North America 94;172;Insecta/ACCEPTED
Iduna caligata;bird;Asia+Europe;Asia 84|Europe 15;80897;Aves/ACCEPTED
Iduna natalensis;bird;Africa;Africa 100;23472;Aves/ACCEPTED
Iduna opaca;bird;Europe+Africa;Europe 52|Africa 48;17201;Aves/ACCEPTED
Iduna pallida;bird;Asia+Europe+Africa;Asia 56|Europe 36|Africa 7;108464;Aves/ACCEPTED
Iduna rama;bird;Asia;Asia 99|Europe 1;33978;Aves/ACCEPTED
Iduna similis;bird;Africa;Africa 99;3379;Aves/ACCEPTED
Ifrita kowaldi;bird;Oceania;Oceania 97|Asia 1;2137;Aves/ACCEPTED
Ilicura militaris;bird;South America;South America 100;20050;Aves/ACCEPTED
Illadopsis albipectus;bird;Africa;Africa 100;4377;Aves/ACCEPTED
Illadopsis cleaveri;bird;Africa;Africa 98;1675;Aves/ACCEPTED
Illadopsis fulvescens;bird;Africa;Africa 99;5155;Aves/ACCEPTED
Illadopsis puveli;bird;Africa;Africa 100;1278;Aves/ACCEPTED
Illadopsis pyrrhoptera;bird;Africa;Africa 100;2701;Aves/ACCEPTED
Illadopsis rufescens;bird;Africa;Africa 99;669;Aves/ACCEPTED
Illadopsis rufipennis;bird;Africa;Africa 96;2964;Aves/ACCEPTED
Incaspiza laeta;bird;South America;South America 100;1384;Aves/ACCEPTED
Incaspiza ortizi;bird;South America;South America 100;851;Aves/ACCEPTED
Incaspiza personata;bird;South America;South America 100;694;Aves/ACCEPTED
Incaspiza pulchra;bird;South America;South America 100;1346;Aves/ACCEPTED
Incilius nebulifer;amphibian;North America;North America 99;40651;Amphibia/ACCEPTED
Incilius valliceps;amphibian;North America;North America 95;19855;Amphibia/ACCEPTED
Indicator archipelagicus;bird;Asia;Asia 99;567;Aves/ACCEPTED
Indicator exilis;bird;Africa;Africa 98;2054;Aves/ACCEPTED
Indicator indicator;bird;Africa;Africa 100;49697;Aves/ACCEPTED
Indicator maculatus;bird;Africa;Africa 99;1523;Aves/ACCEPTED
Indicator meliphilus;bird;Africa;Africa 100;1416;Aves/ACCEPTED
Indicator minor;bird;Africa;Africa 100;65164;Aves/ACCEPTED
Indicator pumilio;bird;Africa;Africa 98;860;Aves/ACCEPTED
Indicator variegatus;bird;Africa;Africa 99;15404;Aves/ACCEPTED
Indicator willcocksi;bird;Africa;Africa 99;1403;Aves/ACCEPTED
Indicator xanthonotus;bird;Asia;Asia 100;3067;Aves/ACCEPTED
Indosylvirana nicobariensis;amphibian;Asia;Asia 57|Africa 1;160;Amphibia/SYNONYM
Indri indri;mammal;Africa;Africa 97;2843;Mammalia/ACCEPTED
Inezia caudata;bird;South America;South America 100;7033;Aves/ACCEPTED
Inezia inornata;bird;South America;South America 100;7861;Aves/ACCEPTED
Inezia subflava;bird;South America;South America 99;3278;Aves/ACCEPTED
Inezia tenuirostris;bird;South America;South America 100;11573;Aves/ACCEPTED
Iodopleura fusca;bird;South America;South America 100;1076;Aves/ACCEPTED
Iodopleura isabellae;bird;South America;South America 100;8388;Aves/ACCEPTED
Iodopleura pipra;bird;South America;South America 99;2613;Aves/ACCEPTED
Iole cacharensis;bird;Asia;Asia 100;1546;Aves/SYNONYM
Iole charlottae;bird;Asia;Asia 100;4512;Aves/SYNONYM
Iole crypta;bird;Asia;Asia 100;9473;Aves/ACCEPTED
Iole finschii;bird;Asia;Asia 100;3105;Aves/SYNONYM
Iole indica;bird;Asia;Asia 100;109011;Aves/SYNONYM
Iole palawanensis;bird;Asia;Asia 100;1461;Aves/ACCEPTED
Iole propinqua;bird;Asia;Asia 100;16530;Aves/ACCEPTED
Iole viridescens;bird;Asia;Asia 100;7300;Aves/ACCEPTED
Irania gutturalis;bird;Asia+Africa+Europe;Asia 81|Africa 15|Europe 3;8098;Aves/ACCEPTED
Irediparra gallinacea;bird;Oceania;Oceania 100;96645;Aves/ACCEPTED
Irena cyanogastra;bird;Asia;Asia 98;3409;Aves/ACCEPTED
Irena puella;bird;Asia;Asia 99;99447;Aves/ACCEPTED
Irena tweeddalii;bird;Asia;Asia 100;1391;Aves/ACCEPTED
Iridophanes pulcherrimus;bird;South America;South America 100;11828;Aves/ACCEPTED
Iridosornis analis;bird;South America;South America 100;6783;Aves/ACCEPTED
Iridosornis jelskii;bird;South America;South America 100;3557;Aves/ACCEPTED
Iridosornis porphyrocephalus;bird;South America;South America 100;15393;Aves/ACCEPTED
Iridosornis reinhardti;bird;South America;South America 100;2364;Aves/ACCEPTED
Iridosornis rufivertex;bird;South America;South America 100;11997;Aves/ACCEPTED
Isleria guttata;bird;South America;South America 99;2703;Aves/ACCEPTED
Isleria hauxwelli;bird;South America;South America 99;12161;Aves/ACCEPTED
Ispidina lecontei;bird;Africa;Africa 98|Oceania 1;2148;Aves/ACCEPTED
Ispidina picta;bird;Africa;Africa 99;39987;Aves/ACCEPTED
Ithaginis cruentus;bird;Asia;Asia 99;6526;Aves/ACCEPTED
Ixobrychus cinnamomeus;bird;Asia;Asia 92;6372;Aves/ACCEPTED
Ixobrychus dubius;bird;Oceania;Oceania 100;3096;Aves/ACCEPTED
Ixobrychus eurhythmus;bird;Asia;Asia 64;549;Aves/ACCEPTED
Ixobrychus exilis;bird;North America+South America;North America 78|South America 19;8268;Aves/ACCEPTED
Ixobrychus flavicollis;bird;Oceania+Asia;Oceania 83|Asia 13;6699;Aves/SYNONYM
Ixobrychus involucris;bird;South America;South America 90|North America 2;324;Aves/ACCEPTED
Ixobrychus minutus;bird;Europe+Africa;Europe 79|Africa 18|Asia 2;64714;Aves/ACCEPTED
Ixobrychus sinensis;bird;Asia;Asia 91|Oceania 2|Africa 1;7978;Aves/ACCEPTED
Ixonotus guttatus;bird;Africa;Africa 99;4268;Aves/ACCEPTED
Ixoreus naevius;bird;North America;North America 100;712390;Aves/ACCEPTED
Ixos malaccensis;bird;Asia;Asia 100;7054;Aves/ACCEPTED
Ixos mcclellandii;bird;Asia;Asia 100;45919;Aves/ACCEPTED
Ixos sumatranus;bird;Asia;Asia 100;542;Aves/ACCEPTED
Ixos virescens;bird;Asia;Asia 86;1327;Aves/ACCEPTED
Ixothraupis guttata;bird;North America+South America;North America 56|South America 44;53766;Aves/ACCEPTED
Ixothraupis punctata;bird;South America;South America 100;18486;Aves/ACCEPTED
Ixothraupis rufigula;bird;South America;South America 100;27149;Aves/ACCEPTED
Ixothraupis varia;bird;South America;South America 99;1734;Aves/ACCEPTED
Ixothraupis xanthogastra;bird;South America;South America 100;12943;Aves/ACCEPTED
Jabiru mycteria;bird;South America+North America;South America 72|North America 28;66251;Aves/ACCEPTED
Jacamaralcyon tridactyla;bird;South America;South America 99;1465;Aves/ACCEPTED
Jacamerops aureus;bird;South America+North America;South America 75|North America 25;15704;Aves/ACCEPTED
Jacana jacana;bird;South America+North America;South America 89|North America 11;325966;Aves/ACCEPTED
Jacana spinosa;bird;North America;North America 100;220970;Aves/ACCEPTED
Juliamyia julie;bird;North America+South America;North America 69|South America 30;30497;Aves/SYNONYM
Junco hyemalis;bird;North America;North America 100;14880015;Aves/ACCEPTED
Junco phaeonotus;bird;North America;North America 100;167607;Aves/ACCEPTED
Junco vulcani;bird;North America;North America 100;8700;Aves/ACCEPTED
Jynx ruficollis;bird;Africa;Africa 100;52415;Aves/ACCEPTED
Jynx torquilla;bird;Europe+Asia;Europe 90|Asia 10;567502;Aves/ACCEPTED
Kakamega poliothorax;bird;Africa;Africa 99;959;Aves/ACCEPTED
Kalophrynus interlineatus;amphibian;Asia;Asia 96;754;Amphibia/ACCEPTED
Kaloula baleata;amphibian;Asia;Asia 90|Oceania 1;1071;Amphibia/ACCEPTED
Kaloula borealis;amphibian;Asia;Asia 99;3417;Amphibia/ACCEPTED
Kaloula pulchra;amphibian;Asia;Asia 98;10114;Amphibia/ACCEPTED
Kassina senegalensis;amphibian;Africa;Africa 95;5466;Amphibia/ACCEPTED
Kaupifalco monogrammicus;bird;Africa;Africa 100;50657;Aves/ACCEPTED
Kempiella flavovirescens;bird;Oceania+Asia;Oceania 94|Asia 3;1467;Aves/SYNONYM
Kempiella griseoceps;bird;Oceania;Oceania 99|Asia 1;1438;Aves/SYNONYM
Kenopia striata;bird;Asia;Asia 98;1898;Aves/ACCEPTED
Ketupa blakistoni;bird;Asia;Asia 77;325;Aves/SYNONYM
Ketupa coromanda;bird;Asia;Asia 100;5172;Aves/ACCEPTED
Ketupa flavipes;bird;Asia;Asia 100;2594;Aves/ACCEPTED
Ketupa ketupu;bird;Asia;Asia 98;11231;Aves/ACCEPTED
Ketupa lactea;bird;Africa;Africa 100;30551;Aves/SYNONYM
Ketupa leucosticta;bird;Africa;Africa 100;865;Aves/SYNONYM
Ketupa nipalensis;bird;Asia;Asia 100;5423;Aves/ACCEPTED
Ketupa poensis;bird;Africa;Africa 99;1116;Aves/SYNONYM
Ketupa sumatrana;bird;Asia;Asia 100;3006;Aves/ACCEPTED
Ketupa zeylonensis;bird;Asia;Asia 100;25381;Aves/ACCEPTED
Kikihia muta;insect;Oceania;Oceania 98;2279;Insecta/ACCEPTED
Klais guimeti;bird;North America+South America;North America 77|South America 23;65163;Aves/ACCEPTED
Kleinothraupis atropileus;bird;South America;South America 100;19719;Aves/ACCEPTED
Kleinothraupis parodii;bird;South America;South America 100;954;Aves/ACCEPTED
Kleinothraupis reyi;bird;South America+North America;South America 93|North America 6;486;Aves/ACCEPTED
Knipolegus aterrimus;bird;South America;South America 100;16333;Aves/ACCEPTED
Knipolegus cabanisi;bird;South America;South America 100;2057;Aves/ACCEPTED
Knipolegus cyanirostris;bird;South America;South America 100;12328;Aves/ACCEPTED
Knipolegus hudsoni;bird;South America;South America 100;2210;Aves/ACCEPTED
Knipolegus lophotes;bird;South America;South America 100;12375;Aves/ACCEPTED
Knipolegus nigerrimus;bird;South America;South America 100;8494;Aves/ACCEPTED
Knipolegus orenocensis;bird;South America;South America 99;1419;Aves/ACCEPTED
Knipolegus poecilocercus;bird;South America;South America 98|North America 1;2076;Aves/ACCEPTED
Knipolegus poecilurus;bird;South America;South America 100;5940;Aves/ACCEPTED
Knipolegus striaticeps;bird;South America;South America 100;4295;Aves/ACCEPTED
Kurixalus berylliniris;amphibian;Asia;Asia 98;557;Amphibia/ACCEPTED
Kurixalus eiffingeri;amphibian;Asia;Asia 98;11687;Amphibia/ACCEPTED
Kurixalus idiootocus;amphibian;Asia;Asia 100;30957;Amphibia/ACCEPTED
Kurochkinegramma hypogrammicum;bird;Asia;Asia 99;13096;Aves/SYNONYM
Lacedo pulchella;bird;Asia;Asia 99;11972;Aves/ACCEPTED
Lafresnaya lafresnayi;bird;South America;South America 99;28304;Aves/ACCEPTED
Lagonosticta larvata;bird;Africa;Africa 96;1429;Aves/ACCEPTED
Lagonosticta nitidula;bird;Africa;Africa 100;7815;Aves/ACCEPTED
Lagonosticta rara;bird;Africa;Africa 96|North America 1;2238;Aves/ACCEPTED
Lagonosticta rhodopareia;bird;Africa;Africa 100;46406;Aves/ACCEPTED
Lagonosticta rubricata;bird;Africa;Africa 99;61109;Aves/ACCEPTED
Lagonosticta rufopicta;bird;Africa;Africa 99;5644;Aves/ACCEPTED
Lagonosticta senegala;bird;Africa;Africa 100;151203;Aves/ACCEPTED
Lagopus lagopus;bird;Europe+North America;Europe 79|North America 19|Asia 1;278604;Aves/ACCEPTED
Lagopus leucura;bird;North America;North America 99;16262;Aves/ACCEPTED
Lagopus muta;bird;Europe+North America;Europe 76|North America 20|Asia 1;123324;Aves/ACCEPTED
Lagothrix lagothricha;mammal;South America;South America 86|North America 1;3635;Mammalia/ACCEPTED
Lalage atrovirens;bird;Oceania+Asia;Oceania 92|Asia 6;2376;Aves/ACCEPTED
Lalage aurea;bird;Asia;Asia 97|Oceania 1;2057;Aves/ACCEPTED
Lalage fimbriata;bird;Asia;Asia 97;5659;Aves/SYNONYM
Lalage leucomela;bird;Oceania;Oceania 100;153528;Aves/ACCEPTED
Lalage leucopyga;bird;Oceania;Oceania 99;2792;Aves/ACCEPTED
Lalage leucopygialis;bird;Asia;Asia 100;980;Aves/ACCEPTED
Lalage maculosa;bird;Oceania;Oceania 99;5681;Aves/ACCEPTED
Lalage melanoleuca;bird;Asia;Asia 99;838;Aves/ACCEPTED
Lalage melanoptera;bird;Asia;Asia 100;52015;Aves/SYNONYM
Lalage melaschistos;bird;Asia;Asia 100;41572;Aves/SYNONYM
Lalage nigra;bird;Asia;Asia 98;31162;Aves/ACCEPTED
Lalage polioptera;bird;Asia;Asia 100;4649;Aves/SYNONYM
Lalage sharpei;bird;Oceania;Oceania 99;308;Aves/ACCEPTED
Lalage sueurii;bird;Asia+Oceania;Asia 64|Oceania 35;12071;Aves/ACCEPTED
Lalage tricolor;bird;Oceania;Oceania 100;132830;Aves/ACCEPTED
Lama glama;mammal;South America;South America 97;65884;Mammalia/ACCEPTED
Lampornis amethystinus;bird;North America;North America 99;15480;Aves/ACCEPTED
Lampornis calolaemus;bird;North America;North America 100;50059;Aves/ACCEPTED
Lampornis castaneoventris;bird;North America;North America 100;36938;Aves/ACCEPTED
Lampornis clemenciae;bird;North America;North America 100;63759;Aves/ACCEPTED
Lampornis hemileucus;bird;North America;North America 100;9374;Aves/ACCEPTED
Lampornis sybillae;bird;North America;North America 100;4716;Aves/ACCEPTED
Lampornis viridipallens;bird;North America;North America 100;21186;Aves/ACCEPTED
Lamprolaima rhami;bird;North America;North America 98;7804;Aves/ACCEPTED
Lampropsar tanagrinus;bird;South America;South America 100;5781;Aves/ACCEPTED
Lamprospiza melanoleuca;bird;South America;South America 99;5700;Aves/ACCEPTED
Lamprotornis acuticaudus;bird;Africa;Africa 99;1032;Aves/ACCEPTED
Lamprotornis albicapillus;bird;Africa;Africa 99;1268;Aves/ACCEPTED
Lamprotornis australis;bird;Africa;Africa 100;78535;Aves/ACCEPTED
Lamprotornis bicolor;bird;Africa;Africa 100;134976;Aves/ACCEPTED
Lamprotornis caudatus;bird;Africa;Africa 99|Asia 1;27603;Aves/ACCEPTED
Lamprotornis chalcurus;bird;Africa;Africa 99;3649;Aves/ACCEPTED
Lamprotornis chalybaeus;bird;Africa;Africa 100;93595;Aves/ACCEPTED
Lamprotornis chloropterus;bird;Africa;Africa 100;9126;Aves/ACCEPTED
Lamprotornis fischeri;bird;Africa;Africa 100;6179;Aves/ACCEPTED
Lamprotornis hildebrandti;bird;Africa;Africa 100;20242;Aves/ACCEPTED
Lamprotornis mevesii;bird;Africa;Africa 100;34528;Aves/ACCEPTED
Lamprotornis nitens;bird;Africa;Africa 100;327656;Aves/ACCEPTED
Lamprotornis pulcher;bird;Africa;Africa 100;9529;Aves/ACCEPTED
Lamprotornis purpureus;bird;Africa;Africa 99;17566;Aves/ACCEPTED
Lamprotornis purpuroptera;bird;Africa;Africa 100;51646;Aves/ACCEPTED
Lamprotornis regius;bird;Africa;Africa 97;6626;Aves/ACCEPTED
Lamprotornis shelleyi;bird;Africa;Africa 100;1242;Aves/ACCEPTED
Lamprotornis splendidus;bird;Africa;Africa 100;18458;Aves/ACCEPTED
Lamprotornis superbus;bird;Africa;Africa 99|Asia 1;82962;Aves/ACCEPTED
Lamprotornis unicolor;bird;Africa;Africa 100;6535;Aves/ACCEPTED
Laniarius aethiopicus;bird;Africa;Africa 99;15109;Aves/ACCEPTED
Laniarius atrococcineus;bird;Africa;Africa 100;74750;Aves/ACCEPTED
Laniarius atroflavus;bird;Africa;Africa 96;1258;Aves/ACCEPTED
Laniarius barbarus;bird;Africa;Africa 100;25205;Aves/ACCEPTED
Laniarius bicolor;bird;Africa;Africa 100;11236;Aves/ACCEPTED
Laniarius erythrogaster;bird;Africa;Africa 100;21101;Aves/ACCEPTED
Laniarius ferrugineus;bird;Africa;Africa 100;240550;Aves/ACCEPTED
Laniarius fuelleborni;bird;Africa;Africa 98;1374;Aves/ACCEPTED
Laniarius funebris;bird;Africa;Africa 100;32505;Aves/ACCEPTED
Laniarius holomelas;bird;Africa;Africa 98;1962;Aves/SYNONYM
Laniarius leucorhynchus;bird;Africa;Africa 97;2072;Aves/ACCEPTED
Laniarius luehderi;bird;Africa;Africa 100;7428;Aves/ACCEPTED
Laniarius major;bird;Africa;Africa 100;59100;Aves/ACCEPTED
Laniarius mufumbiri;bird;Africa;Africa 100;3738;Aves/ACCEPTED
Laniarius poensis;bird;Africa;Africa 97;2779;Aves/ACCEPTED
Laniarius ruficeps;bird;Africa;Africa 98;849;Aves/ACCEPTED
Laniarius sublacteus;bird;Africa;Africa 100;4141;Aves/ACCEPTED
Laniarius turatii;bird;Africa;Africa 99;406;Aves/ACCEPTED
Laniarius willardi;bird;Africa;Africa 99;747;Aves/ACCEPTED
Laniisoma elegans;bird;South America;South America 97;718;Aves/ACCEPTED
Lanio aurantius;bird;North America;North America 100;12467;Aves/ACCEPTED
Lanio fulvus;bird;South America;South America 99;5895;Aves/ACCEPTED
Lanio leucothorax;bird;North America;North America 100;11584;Aves/ACCEPTED
Lanio versicolor;bird;South America;South America 100;5688;Aves/ACCEPTED
Laniocera hypopyrra;bird;South America;South America 99;6230;Aves/ACCEPTED
Laniocera rufescens;bird;North America+South America;North America 92|South America 8;3071;Aves/ACCEPTED
Lanioturdus torquatus;bird;Africa;Africa 99;5588;Aves/ACCEPTED
Lanius borealis;bird;North America;North America 100;369644;Aves/ACCEPTED
Lanius bucephalus;bird;Asia;Asia 97;70988;Aves/ACCEPTED
Lanius cabanisi;bird;Africa;Africa 100;18776;Aves/ACCEPTED
Lanius collaris;bird;Africa;Africa 100;460219;Aves/ACCEPTED
Lanius collurio;bird;Europe+Africa+Asia;Europe 87|Africa 7|Asia 6;1306012;Aves/ACCEPTED
Lanius collurioides;bird;Asia;Asia 100;17628;Aves/ACCEPTED
Lanius corvinus;bird;Africa;Africa 100;19967;Aves/SYNONYM
Lanius cristatus;bird;Asia;Asia 99|Europe 1;543147;Aves/ACCEPTED
Lanius dorsalis;bird;Africa;Africa 100;10172;Aves/ACCEPTED
Lanius excubitor;bird;Europe+Asia+Africa;Europe 84|Asia 11|Africa 4|North America 1;799656;Aves/ACCEPTED
Lanius excubitoroides;bird;Africa;Africa 100;31893;Aves/ACCEPTED
Lanius humeralis;bird;Africa;Africa 100;48482;Aves/ACCEPTED
Lanius isabellinus;bird;Asia+Africa+Europe;Asia 85|Africa 9|Europe 6;62590;Aves/ACCEPTED
Lanius ludovicianus;bird;North America;North America 100;1636449;Aves/ACCEPTED
Lanius mackinnoni;bird;Africa;Africa 100;8071;Aves/ACCEPTED
Lanius meridionalis;bird;Europe;Europe 100;215999;Aves/ACCEPTED
Lanius minor;bird;Africa+Europe+Asia;Africa 39|Europe 38|Asia 22;107499;Aves/ACCEPTED
Lanius nubicus;bird;Asia+Europe+Africa;Asia 83|Europe 13|Africa 3;65579;Aves/ACCEPTED
Lanius phoenicuroides;bird;Asia+Europe+Africa;Asia 76|Europe 13|Africa 12;27953;Aves/ACCEPTED
Lanius schach;bird;Asia;Asia 99;513488;Aves/ACCEPTED
Lanius senator;bird;Europe+Asia+Africa;Europe 82|Asia 13|Africa 5;334594;Aves/ACCEPTED
Lanius somalicus;bird;Africa;Africa 99;1815;Aves/ACCEPTED
Lanius souzae;bird;Africa;Africa 98|Asia 1;975;Aves/ACCEPTED
Lanius sphenocercus;bird;Asia;Asia 99;6622;Aves/ACCEPTED
Lanius tephronotus;bird;Asia;Asia 100;54102;Aves/ACCEPTED
Lanius tigrinus;bird;Asia;Asia 97;13475;Aves/ACCEPTED
Lanius validirostris;bird;Asia;Asia 99;778;Aves/ACCEPTED
Lanius vittatus;bird;Asia;Asia 100;99231;Aves/ACCEPTED
Larosterna inca;bird;South America;South America 87|Oceania 1;36774;Aves/ACCEPTED
Larus argentatus;bird;Europe;Europe 96|North America 1;7767426;Aves/ACCEPTED
Larus armenicus;bird;Asia+Europe;Asia 96|Europe 3;102871;Aves/ACCEPTED
Larus atlanticus;bird;South America;South America 99;5664;Aves/ACCEPTED
Larus belcheri;bird;South America;South America 98;38210;Aves/ACCEPTED
Larus brachyrhynchus;bird;North America;North America 99;708131;Aves/ACCEPTED
Larus cachinnans;bird;Europe+Asia;Europe 93|Asia 6;335016;Aves/ACCEPTED
Larus californicus;bird;North America;North America 94;1777205;Aves/ACCEPTED
Larus canus;bird;Europe;Europe 96|Asia 1|North America 1;3434854;Aves/ACCEPTED
Larus crassirostris;bird;Asia;Asia 92|North America 2;93671;Aves/ACCEPTED
Larus delawarensis;bird;North America;North America 100;11238439;Aves/ACCEPTED
Larus dominicanus;bird;South America+Oceania+Africa;South America 40|Oceania 38|Africa 16|Antarctica 2;918874;Aves/ACCEPTED
Larus fuscus;bird;Europe+Africa+North America;Europe 79|Africa 9|North America 5|Asia 1;8799975;Aves/ACCEPTED
Larus glaucescens;bird;North America;North America 98;1575089;Aves/ACCEPTED
Larus glaucoides;bird;North America+Europe;North America 82|Europe 16;521397;Aves/ACCEPTED
Larus heermanni;bird;North America;North America 92;498545;Aves/ACCEPTED
Larus hyperboreus;bird;North America+Europe;North America 67|Europe 28|Asia 1;432959;Aves/ACCEPTED
Larus livens;bird;North America;North America 98;29753;Aves/ACCEPTED
Larus marinus;bird;North America+Europe;North America 56|Europe 40;5061577;Aves/ACCEPTED
Larus michahellis;bird;Europe+Asia+Africa;Europe 90|Asia 4|Africa 3;1839064;Aves/ACCEPTED
Larus mongolicus;bird;;;;labels
Larus occidentalis;bird;North America;North America 90;1647203;Aves/ACCEPTED
Larus pacificus;bird;Oceania;Oceania 98;176052;Aves/ACCEPTED
Larus schistisagus;bird;Asia+North America;Asia 56|North America 39;37268;Aves/ACCEPTED
Larus smithsonianus;bird;North America;North America 99;6906212;Aves/ACCEPTED
Larus vegae;bird;Asia+North America;Asia 54|North America 43;28665;Aves/ACCEPTED
Larvivora akahige;bird;Asia;Asia 92;4485;Aves/SYNONYM
Larvivora brunnea;bird;Asia;Asia 100;22223;Aves/SYNONYM
Larvivora cyane;bird;Asia;Asia 98;23939;Aves/SYNONYM
Larvivora komadori;bird;Asia;Asia 93;3185;Aves/SYNONYM
Larvivora namiyei;bird;Asia;Asia 99;1694;Aves/SYNONYM
Larvivora sibilans;bird;Asia;Asia 99;11290;Aves/ACCEPTED
Laterallus albigularis;bird;North America+South America;North America 80|South America 20;68828;Aves/ACCEPTED
Laterallus exilis;bird;South America+North America;South America 61|North America 38;18650;Aves/ACCEPTED
Laterallus flaviventer;bird;North America+South America;North America 73|South America 27;5891;Aves/SYNONYM
Laterallus jamaicensis;bird;South America+North America;South America 49|North America 48;5917;Aves/ACCEPTED
Laterallus leucopyrrhus;bird;South America+North America;South America 52|North America 8;226;Aves/ACCEPTED
Laterallus levraudi;bird;South America;South America 100;1069;Aves/ACCEPTED
Laterallus melanophaius;bird;South America;South America 100;42195;Aves/ACCEPTED
Laterallus ruber;bird;North America;North America 100;42194;Aves/ACCEPTED
Laterallus spilonota;bird;South America;South America 99;1230;Aves/ACCEPTED
Laterallus xenopterus;bird;South America;South America 97|Africa 3;39;Aves/ACCEPTED
Lathamus discolor;bird;Oceania;Oceania 99;35662;Aves/ACCEPTED
Lathrotriccus euleri;bird;South America;South America 100;57859;Aves/ACCEPTED
Lathrotriccus griseipectus;bird;South America;South America 100;2181;Aves/ACCEPTED
Laticilla burnesii;bird;Asia;Asia 99;415;Aves/ACCEPTED
Laticilla cinerascens;bird;Asia;Asia 100;660;Aves/ACCEPTED
Legatus leucophaius;bird;South America+North America;South America 54|North America 46;234224;Aves/ACCEPTED
Leiopicus mahrattensis;bird;Asia;Asia 100;31798;Aves/ACCEPTED
Leioptila annectens;bird;Asia;Asia 100;7288;Aves/SYNONYM
Leiothlypis celata;bird;North America;North America 100;2992922;Aves/ACCEPTED
Leiothlypis crissalis;bird;North America;North America 100;6112;Aves/ACCEPTED
Leiothlypis luciae;bird;North America;North America 100;278464;Aves/ACCEPTED
Leiothlypis peregrina;bird;North America;North America 98|South America 2;1610166;Aves/ACCEPTED
Leiothlypis ruficapilla;bird;North America;North America 100;1844754;Aves/ACCEPTED
Leiothlypis virginiae;bird;North America;North America 100;115862;Aves/ACCEPTED
Leiothrix argentauris;bird;Asia;Asia 99;27454;Aves/ACCEPTED
Leiothrix lutea;bird;Asia+Oceania+Europe;Asia 44|Oceania 38|Europe 17;87701;Aves/ACCEPTED
Leipoa ocellata;bird;Oceania;Oceania 99;16458;Aves/ACCEPTED
Leistes bellicosus;bird;South America;South America 100;27531;Aves/SYNONYM
Leistes defilippii;bird;South America;South America 91|North America 1;1026;Aves/SYNONYM
Leistes loyca;bird;South America;South America 100;176135;Aves/SYNONYM
Leistes militaris;bird;South America+North America;South America 66|North America 33;65741;Aves/SYNONYM
Leistes superciliaris;bird;South America;South America 100;49781;Aves/SYNONYM
Lemur catta;mammal;Africa+Europe;Africa 67|Europe 4|North America 2;1633;Mammalia/ACCEPTED
Leonardina woodi;bird;Asia;Asia 100;601;Aves/ACCEPTED
Lepidocolaptes affinis;bird;North America+South America;North America 97|South America 3;48726;Aves/ACCEPTED
Lepidocolaptes albolineatus;bird;South America;South America 100;7346;Aves/ACCEPTED
Lepidocolaptes angustirostris;bird;South America;South America 100;142458;Aves/ACCEPTED
Lepidocolaptes duidae;bird;South America;South America 100;2763;Aves/ACCEPTED
Lepidocolaptes falcinellus;bird;South America;South America 100;9855;Aves/ACCEPTED
Lepidocolaptes fatimalimae;bird;South America;South America 100;2789;Aves/ACCEPTED
Lepidocolaptes fuscicapillus;bird;South America;South America 100;4005;Aves/SYNONYM
Lepidocolaptes lacrymiger;bird;South America;South America 100;92693;Aves/ACCEPTED
Lepidocolaptes layardi;bird;South America+North America;South America 93|North America 7;46;Aves/ACCEPTED
Lepidocolaptes leucogaster;bird;North America;North America 100;11255;Aves/ACCEPTED
Lepidocolaptes souleyetii;bird;North America+South America;North America 70|South America 30;231403;Aves/ACCEPTED
Lepidocolaptes squamatus;bird;South America;South America 100;9157;Aves/ACCEPTED
Lepidopyga coeruleogularis;bird;North America+South America;North America 89|South America 11;21457;Aves/SYNONYM
Lepidopygia nana;bird;Africa;Africa 100;5260;Aves/SYNONYM
Lepidothrix coeruleocapilla;bird;South America;South America 100;1115;Aves/ACCEPTED
Lepidothrix coronata;bird;North America+South America;North America 55|South America 44;58832;Aves/ACCEPTED
Lepidothrix iris;bird;South America;South America 97|North America 1;1162;Aves/ACCEPTED
Lepidothrix isidorei;bird;South America;South America 100;4604;Aves/ACCEPTED
Lepidothrix nattereri;bird;South America;South America 98|North America 1;4988;Aves/ACCEPTED
Lepidothrix serena;bird;South America;South America 99;3149;Aves/ACCEPTED
Lepidothrix suavissima;bird;South America;South America 99;814;Aves/ACCEPTED
Lepidothrix velutina;bird;North America+South America;North America 86|South America 14;37289;Aves/SYNONYM
Leptasthenura aegithaloides;bird;South America;South America 100;85925;Aves/ACCEPTED
Leptasthenura andicola;bird;South America;South America 100;13476;Aves/ACCEPTED
Leptasthenura fuliginiceps;bird;South America;South America 100;6938;Aves/ACCEPTED
Leptasthenura pileata;bird;South America;South America 100;3314;Aves/ACCEPTED
Leptasthenura platensis;bird;South America;South America 100;16794;Aves/ACCEPTED
Leptasthenura setaria;bird;South America;South America 100;14275;Aves/ACCEPTED
Leptasthenura striata;bird;South America;South America 100;3374;Aves/ACCEPTED
Leptasthenura striolata;bird;South America;South America 100;1605;Aves/ACCEPTED
Leptasthenura xenothorax;bird;South America;South America 100;1182;Aves/ACCEPTED
Leptocoma aspasia;bird;Oceania+Asia;Oceania 49|Asia 49;13800;Aves/SYNONYM
Leptocoma brasiliana;bird;Asia;Asia 100;6787;Aves/ACCEPTED
Leptocoma calcostetha;bird;Asia;Asia 99;7489;Aves/ACCEPTED
Leptocoma minima;bird;Asia;Asia 100;76022;Aves/ACCEPTED
Leptocoma sperata;bird;Asia;Asia 97;7809;Aves/ACCEPTED
Leptocoma zeylonica;bird;Asia;Asia 100;671311;Aves/ACCEPTED
Leptodactylus albilabris;amphibian;North America;North America 98;2769;Amphibia/ACCEPTED
Leptodactylus fragilis;amphibian;South America+North America;South America 60|North America 40;6505;Amphibia/ACCEPTED
Leptodactylus fuscus;amphibian;South America;South America 98|North America 1;18267;Amphibia/ACCEPTED
Leptodactylus gracilis;amphibian;South America;South America 100;1475;Amphibia/ACCEPTED
Leptodactylus insularum;amphibian;South America+North America;South America 86|North America 13;4277;Amphibia/ACCEPTED
Leptodactylus labyrinthicus;amphibian;South America;South America 99;2218;Amphibia/ACCEPTED
Leptodactylus latinasus;amphibian;South America;South America 98;2121;Amphibia/ACCEPTED
Leptodactylus luctator;amphibian;South America;South America 100;2170;Amphibia/ACCEPTED
Leptodactylus melanonotus;amphibian;North America+South America;North America 95|South America 4;13653;Amphibia/ACCEPTED
Leptodactylus mystaceus;amphibian;South America;South America 99;5339;Amphibia/ACCEPTED
Leptodactylus mystacinus;amphibian;South America+North America;South America 55|North America 44;4653;Amphibia/ACCEPTED
Leptodactylus pentadactylus;amphibian;South America+North America;South America 86|North America 12;3885;Amphibia/ACCEPTED
Leptodactylus rhodomystax;amphibian;South America;South America 99;2175;Amphibia/ACCEPTED
Leptodactylus savagei;amphibian;North America+South America;North America 86|South America 14;4772;Amphibia/ACCEPTED
Leptodactylus troglodytes;amphibian;South America;South America 100;1362;Amphibia/ACCEPTED
Leptodactylus validus;amphibian;South America+North America;South America 75|North America 24;2050;Amphibia/ACCEPTED
Leptodon cayanensis;bird;South America+North America;South America 51|North America 49;44993;Aves/ACCEPTED
Leptodon forbesi;bird;South America;South America 100;563;Aves/ACCEPTED
Leptonychotes weddellii;mammal;Antarctica+Ocean;Antarctica 26;407453;Mammalia/ACCEPTED
Leptopelis mossambicus;amphibian;Africa;Africa 98;517;Amphibia/ACCEPTED
Leptopelis natalensis;amphibian;Africa;Africa 99;1474;Amphibia/ACCEPTED
Leptophyes punctatissima;insect;Europe;Europe 100;201510;Insecta/ACCEPTED
Leptopoecile sophiae;bird;Asia;Asia 99;3819;Aves/ACCEPTED
Leptopogon amaurocephalus;bird;South America+North America;South America 84|North America 16;81119;Aves/ACCEPTED
Leptopogon rufipectus;bird;South America;South America 100;19152;Aves/ACCEPTED
Leptopogon superciliaris;bird;South America+North America;South America 81|North America 19;85662;Aves/ACCEPTED
Leptopogon taczanowskii;bird;South America;South America 100;3524;Aves/ACCEPTED
Leptopterus chabert;bird;Africa;Africa 100;7332;Aves/ACCEPTED
Leptoptilos crumenifer;bird;Africa;Africa 100;82267;Aves/ACCEPTED
Leptoptilos dubius;bird;Asia;Asia 99;8169;Aves/ACCEPTED
Leptosittaca branickii;bird;South America;South America 100;13935;Aves/ACCEPTED
Leptosomus discolor;bird;Africa;Africa 99;6216;Aves/ACCEPTED
Leptotila cassinii;bird;North America;North America 98|South America 2;52366;Aves/ACCEPTED
Leptotila conoveri;bird;South America;South America 100;4410;Aves/ACCEPTED
Leptotila jamaicensis;bird;North America;North America 100;17310;Aves/ACCEPTED
Leptotila megalura;bird;South America;South America 100;8026;Aves/ACCEPTED
Leptotila ochraceiventris;bird;South America;South America 100;1565;Aves/ACCEPTED
Leptotila pallida;bird;South America;South America 100;12226;Aves/ACCEPTED
Leptotila plumbeiceps;bird;North America+South America;North America 81|South America 18;31883;Aves/ACCEPTED
Leptotila rufaxilla;bird;South America;South America 100;106640;Aves/ACCEPTED
Leptotila verreauxi;bird;North America+South America;North America 54|South America 46;1137750;Aves/ACCEPTED
Leptotrygon veraguensis;bird;North America+South America;North America 71|South America 29;3495;Aves/ACCEPTED
Lerwa lerwa;bird;Asia;Asia 97;2084;Aves/ACCEPTED
Lesbia nuna;bird;South America;South America 99;25525;Aves/ACCEPTED
Lesbia victoriae;bird;South America;South America 99;43667;Aves/ACCEPTED
Lessonia oreas;bird;South America;South America 100;11427;Aves/ACCEPTED
Lessonia rufa;bird;South America;South America 100;100234;Aves/ACCEPTED
Leucippus baeri;bird;South America;South America 100;1718;Aves/SYNONYM
Leucippus chlorocercus;bird;South America;South America 100;4006;Aves/SYNONYM
Leucippus fallax;bird;South America;South America 100;10845;Aves/ACCEPTED
Leucocarbo magellanicus;bird;South America;South America 98;30908;Aves/SYNONYM
Leucochloris albicollis;bird;South America;South America 100;40983;Aves/ACCEPTED
Leucogeranus leucogeranus;bird;Asia;Asia 96|North America 2;4104;Aves/SYNONYM
Leucolia violiceps;bird;North America;North America 100;90215;Aves/ACCEPTED
Leuconotopicus albolarvatus;bird;North America;North America 100;107837;Aves/ACCEPTED
Leuconotopicus arizonae;bird;North America;North America 100;93471;Aves/ACCEPTED
Leuconotopicus borealis;bird;North America;North America 100;163250;Aves/ACCEPTED
Leuconotopicus fumigatus;bird;North America+South America;North America 53|South America 47;96199;Aves/ACCEPTED
Leuconotopicus villosus;bird;North America;North America 100;7548218;Aves/ACCEPTED
Leucophaeus atricilla;bird;North America;North America 97|South America 1;3230282;Aves/ACCEPTED
Leucophaeus fuliginosus;bird;South America;South America 99;14576;Aves/ACCEPTED
Leucophaeus modestus;bird;South America;South America 95|North America 1;55599;Aves/ACCEPTED
Leucophaeus pipixcan;bird;North America+South America;North America 90|South America 9;634026;Aves/ACCEPTED
Leucophaeus scoresbii;bird;South America;South America 98;39688;Aves/ACCEPTED
Leucopsar rothschildi;bird;Asia+Europe+North America;Asia 62|Europe 5|North America 4;823;Aves/ACCEPTED
Leucopternis kuhli;bird;South America;South America 100;1516;Aves/ACCEPTED
Leucopternis melanops;bird;South America;South America 99;2377;Aves/ACCEPTED
Leucopternis semiplumbeus;bird;North America+South America;North America 93|South America 7;10400;Aves/ACCEPTED
Leucoptilon concretum;bird;Asia;Asia 100;1935;Aves/SYNONYM
Leucosarcia melanoleuca;bird;Oceania;Oceania 100;121782;Aves/ACCEPTED
Leucosticte arctoa;bird;North America+Asia;North America 49|Asia 39;4763;Aves/ACCEPTED
Leucosticte atrata;bird;North America;North America 98;21063;Aves/ACCEPTED
Leucosticte australis;bird;North America;North America 100;21584;Aves/ACCEPTED
Leucosticte brandti;bird;Asia;Asia 99;5600;Aves/ACCEPTED
Leucosticte nemoricola;bird;Asia;Asia 99;13188;Aves/ACCEPTED
Leucosticte tephrocotis;bird;North America;North America 99;77758;Aves/ACCEPTED
Lewinia pectoralis;bird;Oceania;Oceania 99;16062;Aves/ACCEPTED
Lewinia striata;bird;Asia;Asia 98;16331;Aves/SYNONYM
Lichenostomus cratitius;bird;Oceania;Oceania 100;14765;Aves/ACCEPTED
Lichenostomus melanops;bird;Oceania;Oceania 100;101673;Aves/ACCEPTED
Lichmera alboauricularis;bird;Oceania;Oceania 92|Asia 1;345;Aves/ACCEPTED
Lichmera argentauris;bird;Oceania+Asia;Oceania 70|Asia 22;355;Aves/ACCEPTED
Lichmera flavicans;bird;Asia;Asia 99;1715;Aves/ACCEPTED
Lichmera incana;bird;Oceania;Oceania 100;5600;Aves/ACCEPTED
Lichmera indistincta;bird;Oceania;Oceania 99|Asia 1;600402;Aves/ACCEPTED
Lichmera limbata;bird;Asia;Asia 67;352;Aves/SYNONYM
Lichmera squamata;bird;Asia;Asia 89;1140;Aves/ACCEPTED
Ligurotettix coquilletti;insect;North America;North America 95;607;Insecta/ACCEPTED
Lilioceris lilii;insect;Europe+North America;Europe 94|North America 5;74763;Insecta/ACCEPTED
Limnoctites rectirostris;bird;South America;South America 100;2851;Aves/SYNONYM
Limnoctites sulphuriferus;bird;South America;South America 99;6295;Aves/SYNONYM
Limnodromus griseus;bird;North America;North America 98|South America 2;820178;Aves/ACCEPTED
Limnodromus scolopaceus;bird;North America;North America 97|Europe 2;868960;Aves/ACCEPTED
Limnodromus semipalmatus;bird;Asia+Oceania;Asia 76|Oceania 22;13497;Aves/ACCEPTED
Limnodynastes convexiusculus;amphibian;Oceania;Oceania 100;10624;Amphibia/ACCEPTED
Limnodynastes dorsalis;amphibian;Oceania;Oceania 98;10549;Amphibia/ACCEPTED
Limnodynastes dumerilii;amphibian;Oceania;Oceania 100;79275;Amphibia/ACCEPTED
Limnodynastes fletcheri;amphibian;Oceania;Oceania 100;11023;Amphibia/ACCEPTED
Limnodynastes grayi;amphibian;;;;labels
Limnodynastes peronii;amphibian;Oceania;Oceania 100;177296;Amphibia/ACCEPTED
Limnodynastes salmini;amphibian;Oceania;Oceania 100;4102;Amphibia/ACCEPTED
Limnodynastes tasmaniensis;amphibian;Oceania;Oceania 100;123724;Amphibia/ACCEPTED
Limnornis curvirostris;bird;South America;South America 100;6056;Aves/ACCEPTED
Limnothlypis swainsonii;bird;North America;North America 100;77789;Aves/ACCEPTED
Limosa fedoa;bird;North America;North America 100;748852;Aves/ACCEPTED
Limosa haemastica;bird;North America+South America;North America 76|South America 22|Oceania 1;144224;Aves/ACCEPTED
Limosa lapponica;bird;Europe+Oceania+Asia;Europe 71|Oceania 19|Asia 5|North America 2|Africa 2;903131;Aves/ACCEPTED
Limosa limosa;bird;Europe+Asia;Europe 87|Asia 10|Oceania 2|Africa 1;1312849;Aves/ACCEPTED
Linaria cannabina;bird;Europe;Europe 98|Asia 2;3069913;Aves/ACCEPTED
Linaria flavirostris;bird;Europe+Asia;Europe 96|Asia 3;319958;Aves/ACCEPTED
Linaria yemenensis;bird;Asia;Asia 100;1596;Aves/ACCEPTED
Linurgus olivaceus;bird;Africa;Africa 98;2236;Aves/ACCEPTED
Liocichla phoenicea;bird;Asia;Asia 99;4859;Aves/ACCEPTED
Liocichla ripponi;bird;Asia;Asia 100;3041;Aves/ACCEPTED
Liocichla steerii;bird;Asia;Asia 100;171141;Aves/ACCEPTED
Lioparus chrysotis;bird;Asia;Asia 100;7046;Aves/ACCEPTED
Liosceles thoracicus;bird;South America;South America 100;7625;Aves/ACCEPTED
Lipaugus ater;bird;South America;South America 100;4134;Aves/ACCEPTED
Lipaugus fuscocinereus;bird;South America;South America 100;6090;Aves/ACCEPTED
Lipaugus lanioides;bird;South America;South America 100;4202;Aves/ACCEPTED
Lipaugus unirufus;bird;North America+South America;North America 90|South America 10;24192;Aves/ACCEPTED
Lipaugus vociferans;bird;South America;South America 100;58942;Aves/ACCEPTED
Lipaugus weberi;bird;South America;South America 99;1575;Aves/ACCEPTED
Lissotis melanogaster;bird;Africa;Africa 100;26497;Aves/ACCEPTED
Lithobates berlandieri;amphibian;North America;North America 98;20868;Amphibia/ACCEPTED
Lithobates blairi;amphibian;North America;North America 93;10564;Amphibia/ACCEPTED
Lithobates catesbeianus;amphibian;North America+Europe+Asia;North America 78|Europe 15|Asia 4|South America 1;178474;Amphibia/ACCEPTED
Lithobates clamitans;amphibian;North America;North America 98;160015;Amphibia/ACCEPTED
Lithobates grylio;amphibian;North America;North America 96;5179;Amphibia/ACCEPTED
Lithobates kauffeldi;amphibian;North America;North America 99;583;Amphibia/ACCEPTED
Lithobates palustris;amphibian;North America;North America 99;33111;Amphibia/ACCEPTED
Lithobates pipiens;amphibian;North America;North America 93;99386;Amphibia/ACCEPTED
Lithobates septentrionalis;amphibian;North America;North America 96;7617;Amphibia/ACCEPTED
Lithobates sphenocephalus;amphibian;North America;North America 94;48858;Amphibia/ACCEPTED
Lithobates sylvaticus;amphibian;North America;North America 97;107462;Amphibia/ACCEPTED
Lithodytes lineatus;amphibian;South America;South America 99;3695;Amphibia/ACCEPTED
Litoria latopalmata;amphibian;Oceania;Oceania 100;26422;Amphibia/ACCEPTED
Litoria nasuta;amphibian;Oceania;Oceania 99;17182;Amphibia/ACCEPTED
Lochmias nematura;bird;South America;South America 100;32680;Aves/ACCEPTED
Locustella alfredi;bird;Africa;Africa 98;164;Aves/SYNONYM
Locustella alishanensis;bird;Asia;Asia 100;12655;Aves/ACCEPTED
Locustella amnicola;bird;Asia;Asia 97;1077;Aves/ACCEPTED
Locustella castanea;bird;Asia;Asia 97;1460;Aves/ACCEPTED
Locustella caudata;bird;Asia;Asia 100;1966;Aves/ACCEPTED
Locustella certhiola;bird;Asia;Asia 96|Europe 3;19245;Aves/ACCEPTED
Locustella chengi;bird;Asia;Asia 98;537;Aves/ACCEPTED
Locustella davidi;bird;Asia;Asia 100;4178;Aves/ACCEPTED
Locustella fasciolata;bird;Asia;Asia 77|Europe 1;594;Aves/ACCEPTED
Locustella fluviatilis;bird;Europe;Europe 97|Asia 2|Africa 1;81037;Aves/ACCEPTED
Locustella kashmirensis;bird;Asia;Asia 100;763;Aves/ACCEPTED
Locustella lanceolata;bird;Asia+Europe;Asia 68|Europe 28;14525;Aves/ACCEPTED
Locustella luscinioides;bird;Europe+Asia;Europe 91|Asia 8;186012;Aves/ACCEPTED
Locustella luteoventris;bird;Asia;Asia 100;1622;Aves/ACCEPTED
Locustella mandelli;bird;Asia;Asia 100;4246;Aves/ACCEPTED
Locustella montis;bird;Asia;Asia 98;745;Aves/ACCEPTED
Locustella naevia;bird;Europe;Europe 99|Asia 1;416983;Aves/ACCEPTED
Locustella ochotensis;bird;Asia;Asia 93|North America 1;5329;Aves/ACCEPTED
Locustella pleskei;bird;Asia;Asia 92;1026;Aves/ACCEPTED
Locustella pryeri;bird;Asia;Asia 93;1423;Aves/ACCEPTED
Locustella seebohmi;bird;Asia;Asia 100;487;Aves/ACCEPTED
Locustella tacsanowskia;bird;Asia;Asia 98;837;Aves/ACCEPTED
Locustella thoracica;bird;Asia;Asia 100;2721;Aves/ACCEPTED
Lonchura atricapilla;bird;Asia+Oceania;Asia 75|Oceania 24;96334;Aves/ACCEPTED
Lonchura castaneothorax;bird;Oceania;Oceania 100;91124;Aves/ACCEPTED
Lonchura fuscans;bird;Asia;Asia 100;11358;Aves/ACCEPTED
Lonchura kelaarti;bird;Asia;Asia 100;15644;Aves/ACCEPTED
Lonchura leucogastra;bird;Asia;Asia 97;5150;Aves/ACCEPTED
Lonchura leucogastroides;bird;Asia;Asia 98;13997;Aves/ACCEPTED
Lonchura maja;bird;Asia;Asia 96|North America 1;13108;Aves/ACCEPTED
Lonchura malacca;bird;Asia+South America+North America;Asia 82|South America 9|North America 8;89836;Aves/ACCEPTED
Lonchura molucca;bird;Asia;Asia 93;3916;Aves/ACCEPTED
Lonchura punctulata;bird;Asia+North America+Oceania;Asia 67|North America 26|Oceania 7;918758;Aves/ACCEPTED
Lonchura spectabilis;bird;Oceania;Oceania 94|Asia 1;2303;Aves/ACCEPTED
Lonchura striata;bird;Asia;Asia 100;203551;Aves/ACCEPTED
Lontra canadensis;mammal;North America;North America 97;31795;Mammalia/ACCEPTED
Lophaetus occipitalis;bird;Africa;Africa 100;79925;Aves/ACCEPTED
Lophocebus albigena;mammal;Africa;Africa 93;1060;Mammalia/ACCEPTED
Lophoceros alboterminatus;bird;Africa;Africa 100;57849;Aves/ACCEPTED
Lophoceros bradfieldi;bird;Africa;Africa 100;6339;Aves/ACCEPTED
Lophoceros camurus;bird;Africa;Africa 99;3821;Aves/ACCEPTED
Lophoceros fasciatus;bird;Africa;Africa 100;26045;Aves/ACCEPTED
Lophoceros hemprichii;bird;Africa;Africa 100;3234;Aves/ACCEPTED
Lophoceros nasutus;bird;Africa;Africa 100;192505;Aves/ACCEPTED
Lophoceros pallidirostris;bird;Africa;Africa 100;1978;Aves/ACCEPTED
Lophoceros semifasciatus;bird;Africa;Africa 100;15721;Aves/SYNONYM
Lophochroa leadbeateri;bird;Oceania;Oceania 100;22191;Aves/ACCEPTED
Lophodytes cucullatus;bird;North America;North America 100;3340955;Aves/ACCEPTED
Lophoictinia isura;bird;Oceania;Oceania 100;31953;Aves/ACCEPTED
Lopholaimus antarcticus;bird;Oceania;Oceania 100;66310;Aves/ACCEPTED
Lophonetta specularioides;bird;South America;South America 100;95151;Aves/ACCEPTED
Lophophanes cristatus;bird;Europe;Europe 100;1319885;Aves/ACCEPTED
Lophophanes dichrous;bird;Asia;Asia 100;10329;Aves/ACCEPTED
Lophophorus impejanus;bird;Asia;Asia 95;11130;Aves/ACCEPTED
Lophophorus lhuysii;bird;Asia;Asia 97|North America 1;935;Aves/ACCEPTED
Lophorina superba;bird;Oceania+Asia;Oceania 70|Asia 12;1667;Aves/ACCEPTED
Lophornis chalybeus;bird;South America;South America 100;7695;Aves/ACCEPTED
Lophornis delattrei;bird;South America+North America;South America 66|North America 32;9860;Aves/ACCEPTED
Lophornis magnificus;bird;South America;South America 99;5430;Aves/ACCEPTED
Lophornis ornatus;bird;South America;South America 99;8784;Aves/ACCEPTED
Lophornis stictolophus;bird;South America;South America 95;2744;Aves/ACCEPTED
Lophornis verreauxii;bird;South America;South America 99;2373;Aves/ACCEPTED
Lophospingus griseocristatus;bird;South America;South America 100;2798;Aves/ACCEPTED
Lophospingus pusillus;bird;South America;South America 98;3172;Aves/ACCEPTED
Lophospiza trivirgata;bird;Asia;Asia 99;11565;Aves/ACCEPTED/via Accipiter trivirgatus
Lophostrix cristata;bird;North America+South America;North America 55|South America 45;26802;Aves/ACCEPTED
Lophotibis cristata;bird;Africa;Africa 98;1958;Aves/ACCEPTED
Lophotis gindiana;bird;Africa;Africa 100;7956;Aves/ACCEPTED
Lophotis ruficrista;bird;Africa;Africa 100;55181;Aves/ACCEPTED
Lophotis savilei;bird;Africa;Africa 100;992;Aves/ACCEPTED
Lophotriccus eulophotes;bird;South America;South America 100;1166;Aves/ACCEPTED
Lophotriccus galeatus;bird;South America;South America 100;11466;Aves/ACCEPTED
Lophotriccus pileatus;bird;South America+North America;South America 56|North America 44;116577;Aves/ACCEPTED
Lophotriccus vitiosus;bird;South America;South America 100;9661;Aves/ACCEPTED
Lophotriorchis kienerii;bird;Asia;Asia 100;14907;Aves/ACCEPTED
Lophura bulweri;bird;Asia;Asia 92;906;Aves/ACCEPTED
Lophura diardi;bird;Asia;Asia 97|Europe 1;4978;Aves/ACCEPTED
Lophura ignita;bird;Asia;Asia 92|Europe 1|North America 1;5565;Aves/ACCEPTED
Lophura leucomelanos;bird;Asia+Oceania;Asia 73|Oceania 27;63566;Aves/ACCEPTED
Lophura nycthemera;bird;Asia;Asia 90|Europe 2|North America 1|South America 1;7688;Aves/ACCEPTED
Lophura rufa;bird;Asia;Asia 93;2485;Aves/SYNONYM
Lophura swinhoii;bird;Asia;Asia 98;16886;Aves/ACCEPTED
Loriculus amabilis;bird;Asia;Asia 91;842;Aves/ACCEPTED
Loriculus beryllinus;bird;Asia;Asia 100;16628;Aves/ACCEPTED
Loriculus galgulus;bird;Asia;Asia 99;31703;Aves/ACCEPTED
Loriculus philippensis;bird;Asia;Asia 99;14350;Aves/ACCEPTED
Loriculus sclateri;bird;Asia;Asia 95;218;Aves/ACCEPTED
Loriculus stigmatus;bird;Asia;Asia 92;2789;Aves/ACCEPTED
Loriculus vernalis;bird;Asia;Asia 100;158368;Aves/ACCEPTED
Loriotus cristatus;bird;South America;South America 100;34447;Aves/ACCEPTED
Loriotus luctuosus;bird;North America+South America;North America 59|South America 41;109506;Aves/ACCEPTED
Loriotus rufiventer;bird;South America;South America 100;3117;Aves/ACCEPTED
Lorius chlorocercus;bird;Oceania;Oceania 80|Europe 1;645;Aves/ACCEPTED
Lorius hypoinochrous;bird;Oceania;Oceania 98;1376;Aves/ACCEPTED
Lorius lory;bird;Oceania+Asia;Oceania 89|Asia 4;4291;Aves/ACCEPTED
Loxia curvirostra;bird;Europe+North America;Europe 54|North America 45|Asia 1;1543171;Aves/ACCEPTED
Loxia leucoptera;bird;North America+Europe;North America 81|Europe 19;346518;Aves/ACCEPTED
Loxia megaplaga;bird;North America;North America 100;1516;Aves/ACCEPTED
Loxia pytyopsittacus;bird;Europe;Europe 100;144565;Aves/ACCEPTED
Loxia scotica;bird;Europe;Europe 92;3872;Aves/ACCEPTED
Loxia sinesciuris;bird;North America;North America 100;3772;Aves/ACCEPTED
Loxigilla barbadensis;bird;North America;North America 100;6143;Aves/ACCEPTED
Loxigilla noctis;bird;North America;North America 98|South America 1;51959;Aves/ACCEPTED
Loxioides bailleui;bird;Oceania+North America;Oceania 54|North America 43;5134;Aves/ACCEPTED
Loxipasser anoxanthus;bird;North America;North America 100;5183;Aves/ACCEPTED
Loxoblemmus arietulus;insect;Asia;Asia 73;1212;Insecta/ACCEPTED
Loxoblemmus doenitzi;insect;Asia;Asia 85;1143;Insecta/ACCEPTED
Loxoblemmus equestris;insect;Asia;Asia 88;911;Insecta/ACCEPTED
Loxodonta africana;mammal;Africa;Africa 97;30243;Mammalia/ACCEPTED
Loxops caeruleirostris;bird;Oceania+North America;Oceania 90|North America 4;785;Aves/ACCEPTED
Loxops coccineus;bird;Oceania+North America;Oceania 85|North America 11;7906;Aves/ACCEPTED
Loxops mana;bird;Oceania+North America;Oceania 89|North America 7;8950;Aves/ACCEPTED
Lullula arborea;bird;Europe;Europe 98|Asia 2;933815;Aves/ACCEPTED
Lupulella mesomelas;mammal;;;;labels
Lurocalis rufiventris;bird;South America;South America 100;6200;Aves/ACCEPTED
Lurocalis semitorquatus;bird;South America+North America;South America 77|North America 23;23321;Aves/ACCEPTED
Luscinia luscinia;bird;Europe;Europe 97|Asia 3|Africa 1;545972;Aves/ACCEPTED
Luscinia megarhynchos;bird;Europe;Europe 96|Asia 3|Africa 1;1214204;Aves/ACCEPTED
Luscinia phaenicuroides;bird;Asia;Asia 100;4050;Aves/SYNONYM
Luscinia svecica;bird;Europe+Asia;Europe 88|Asia 11|North America 1;1096717;Aves/ACCEPTED
Lutra lutra;mammal;Europe;Europe 97|Asia 2;325294;Mammalia/ACCEPTED
Lybius bidentatus;bird;Africa;Africa 99;14552;Aves/ACCEPTED
Lybius chaplini;bird;Africa;Africa 100;369;Aves/ACCEPTED
Lybius guifsobalito;bird;Africa;Africa 99;5494;Aves/ACCEPTED
Lybius leucocephalus;bird;Africa;Africa 100;10887;Aves/ACCEPTED
Lybius rubrifacies;bird;Africa;Africa 100;735;Aves/ACCEPTED
Lybius torquatus;bird;Africa;Africa 100;272741;Aves/ACCEPTED
Lybius vieilloti;bird;Africa;Africa 99;12266;Aves/ACCEPTED
Lycalopex culpaeus;mammal;South America;South America 99;56976;Mammalia/ACCEPTED
Lycalopex gymnocerca;mammal;South America;South America 98;13304;Mammalia/ACCEPTED
Lycocorax pyrrhopterus;bird;Asia;Asia 88;1444;Aves/ACCEPTED
Lymnocryptes minimus;bird;Europe+Asia;Europe 95|Asia 4;181923;Aves/ACCEPTED
Lyncornis macrotis;bird;Asia;Asia 99;11045;Aves/ACCEPTED
Lyncornis temminckii;bird;Asia;Asia 97;2323;Aves/ACCEPTED
Lynx canadensis;mammal;North America+Africa;North America 68|Africa 3;11568;Mammalia/ACCEPTED
Lynx lynx;mammal;Europe;Europe 79|Asia 1;120277;Mammalia/ACCEPTED
Lynx rufus;mammal;North America;North America 94;104698;Mammalia/ACCEPTED
Lyristes gemellus;insect;Asia;Asia 97;303;Insecta/ACCEPTED
Lyristes plebejus;insect;Europe;Europe 97|Asia 3;8650;Insecta/ACCEPTED
Lyrurus tetrix;bird;Europe;Europe 99|Asia 1;403995;Aves/ACCEPTED
Macaca cyclopis;mammal;Asia;Asia 99;17701;Mammalia/ACCEPTED
Macaca fascicularis;mammal;Asia;Asia 86|Africa 1;24018;Mammalia/ACCEPTED
Macaca nemestrina;mammal;Asia;Asia 85|North America 1;3582;Mammalia/ACCEPTED
Machaerirhynchus flaviventer;bird;Oceania;Oceania 99;18693;Aves/ACCEPTED
Machaerirhynchus nigripectus;bird;Oceania+Asia;Oceania 94|Asia 3;3165;Aves/ACCEPTED
Machaeropterus deliciosus;bird;South America;South America 100;17380;Aves/ACCEPTED
Machaeropterus pyrocephalus;bird;South America;South America 100;11259;Aves/ACCEPTED
Machaeropterus regulus;bird;South America;South America 97;4681;Aves/ACCEPTED
Machaeropterus striolatus;bird;South America;South America 100;20216;Aves/ACCEPTED
Macheiramphus alcinus;bird;Africa+Asia;Africa 62|Asia 37|Oceania 1;7999;Aves/ACCEPTED
Machetornis rixosa;bird;South America;South America 99|North America 1;302892;Aves/ACCEPTED
Machlolophus aplonotus;bird;Asia;Asia 100;31075;Aves/SYNONYM
Machlolophus holsti;bird;Asia;Asia 100;15449;Aves/SYNONYM
Machlolophus nuchalis;bird;Asia;Asia 100;2633;Aves/SYNONYM
Machlolophus spilonotus;bird;Asia;Asia 100;24627;Aves/SYNONYM
Machlolophus xanthogenys;bird;Asia;Asia 100;26258;Aves/SYNONYM
Mackenziaena leachii;bird;South America;South America 100;9207;Aves/ACCEPTED
Mackenziaena severa;bird;South America;South America 100;18293;Aves/ACCEPTED
Macroagelaius imthurni;bird;South America;South America 100;910;Aves/ACCEPTED
Macroagelaius subalaris;bird;South America;South America 98;1488;Aves/ACCEPTED
Macrocephalon maleo;bird;Asia;Asia 85;792;Aves/ACCEPTED
Macronectes giganteus;bird;Global;South America 35|Antarctica 14|Oceania 6|Africa 5;113591;Aves/ACCEPTED
Macronectes halli;bird;Global+Ocean;Oceania 18|Antarctica 9|South America 7|Africa 6;65359;Aves/ACCEPTED
Macronus ptilosus;bird;Asia;Asia 98;7410;Aves/ACCEPTED
Macronus striaticeps;bird;Asia;Asia 99;4843;Aves/ACCEPTED
Macronyx ameliae;bird;Africa;Africa 100;6881;Aves/ACCEPTED
Macronyx aurantiigula;bird;Africa;Africa 100;4170;Aves/ACCEPTED
Macronyx capensis;bird;Africa;Africa 99;47542;Aves/ACCEPTED
Macronyx croceus;bird;Africa;Africa 99;72048;Aves/ACCEPTED
Macronyx fuelleborni;bird;Africa;Africa 100;1086;Aves/ACCEPTED
Macronyx sharpei;bird;Africa;Africa 100;1181;Aves/ACCEPTED
Macropus giganteus;mammal;Oceania;Oceania 100;243634;Mammalia/ACCEPTED
Macropygia amboinensis;bird;Oceania+Asia;Oceania 74|Asia 22;8305;Aves/ACCEPTED
Macropygia doreya;bird;Asia+Oceania;Asia 76|Oceania 20;6977;Aves/ACCEPTED
Macropygia emiliana;bird;Asia;Asia 99;1607;Aves/ACCEPTED
Macropygia mackinlayi;bird;Oceania;Oceania 98;1479;Aves/ACCEPTED
Macropygia magna;bird;Asia;Asia 93;726;Aves/ACCEPTED
Macropygia nigrirostris;bird;Oceania;Oceania 96|Asia 2;3546;Aves/ACCEPTED
Macropygia phasianella;bird;Oceania;Oceania 99;144780;Aves/ACCEPTED
Macropygia ruficeps;bird;Asia;Asia 99;16307;Aves/ACCEPTED
Macropygia rufipennis;bird;Asia;Asia 100;2553;Aves/ACCEPTED
Macropygia tenuirostris;bird;Asia;Asia 99;7618;Aves/ACCEPTED
Macropygia unchall;bird;Asia;Asia 98;14649;Aves/ACCEPTED
Macrosemia kareisana;insect;Asia;Asia 88|Africa 2;227;Insecta/ACCEPTED
Macrosphenus concolor;bird;Africa;Africa 99;5526;Aves/ACCEPTED
Macrosphenus flavicans;bird;Africa;Africa 99;1827;Aves/ACCEPTED
Macrosphenus kempi;bird;Africa;Africa 99;1224;Aves/ACCEPTED
Macrotristria angularis;insect;Oceania;Oceania 97;733;Insecta/ACCEPTED
Magicicada septendecim;insect;North America;North America 95;14116;Insecta/ACCEPTED
Magicicada septendecula;insect;North America;North America 81;939;Insecta/ACCEPTED
Magicicada tredecassini;insect;North America;North America 93;2218;Insecta/ACCEPTED
Magicicada tredecim;insect;North America;North America 93;3093;Insecta/ACCEPTED
Magumma parva;bird;Oceania;Oceania 97|North America 2;3323;Aves/ACCEPTED
Malacocincla abbotti;bird;Asia;Asia 100;21299;Aves/ACCEPTED
Malacocincla sepiaria;bird;Asia;Asia 97;6721;Aves/ACCEPTED
Malaconotus blanchoti;bird;Africa;Africa 100;81262;Aves/ACCEPTED
Malaconotus cruentus;bird;Africa;Africa 99;643;Aves/ACCEPTED
Malaconotus lagdeni;bird;Africa;Africa 100;724;Aves/ACCEPTED
Malacopteron affine;bird;Asia;Asia 99;8079;Aves/ACCEPTED
Malacopteron albogulare;bird;Asia;Asia 97;272;Aves/ACCEPTED
Malacopteron cinereum;bird;Asia;Asia 98;7594;Aves/ACCEPTED
Malacopteron magnirostre;bird;Asia;Asia 99;7156;Aves/ACCEPTED
Malacopteron magnum;bird;Asia;Asia 99;6239;Aves/ACCEPTED
Malacopteron palawanense;bird;Asia;Asia 99;767;Aves/ACCEPTED
Malacoptila fulvogularis;bird;South America;South America 100;5102;Aves/ACCEPTED
Malacoptila fusca;bird;South America;South America 99;3276;Aves/ACCEPTED
Malacoptila mystacalis;bird;South America;South America 100;18795;Aves/ACCEPTED
Malacoptila panamensis;bird;North America+South America;North America 85|South America 15;51726;Aves/ACCEPTED
Malacoptila rufa;bird;South America;South America 99|North America 1;1945;Aves/ACCEPTED
Malacoptila semicincta;bird;South America;South America 100;1442;Aves/ACCEPTED
Malacoptila striata;bird;South America;South America 100;11277;Aves/ACCEPTED
Malacorhynchus membranaceus;bird;Oceania;Oceania 100;145033;Aves/ACCEPTED
Malcorus pectoralis;bird;Africa;Africa 100;31538;Aves/ACCEPTED
Malia grata;bird;Asia;Asia 92;1272;Aves/ACCEPTED
Malimbus cassini;bird;Africa;Africa 99;442;Aves/ACCEPTED
Malimbus malimbicus;bird;Africa;Africa 98;4394;Aves/ACCEPTED
Malimbus nitens;bird;Africa;Africa 99;4342;Aves/ACCEPTED
Malimbus rubricollis;bird;Africa;Africa 99;8747;Aves/ACCEPTED
Malimbus scutatus;bird;Africa;Africa 99;3761;Aves/ACCEPTED
Malindangia mcgregori;bird;Asia;Asia 99;1157;Aves/SYNONYM
Malurus alboscapulatus;bird;Oceania;Oceania 94|Asia 2;3947;Aves/ACCEPTED
Malurus amabilis;bird;Oceania;Oceania 100;9630;Aves/ACCEPTED
Malurus assimilis;bird;Oceania;Oceania 100;64762;Aves/ACCEPTED
Malurus coronatus;bird;Oceania;Oceania 100;4821;Aves/ACCEPTED
Malurus cyaneus;bird;Oceania;Oceania 100;1560909;Aves/ACCEPTED
Malurus cyanocephalus;bird;Oceania;Oceania 91|Asia 3;1516;Aves/ACCEPTED
Malurus elegans;bird;Oceania;Oceania 100;21236;Aves/ACCEPTED
Malurus lamberti;bird;Oceania;Oceania 100;210983;Aves/ACCEPTED
Malurus leucopterus;bird;Oceania;Oceania 100;95412;Aves/ACCEPTED
Malurus melanocephalus;bird;Oceania;Oceania 100;203344;Aves/ACCEPTED
Malurus pulcherrimus;bird;Oceania;Oceania 100;11375;Aves/ACCEPTED
Malurus splendens;bird;Oceania;Oceania 100;112562;Aves/ACCEPTED
Manacus aurantiacus;bird;North America;North America 100;26930;Aves/ACCEPTED
Manacus candei;bird;North America;North America 100;121825;Aves/ACCEPTED
Manacus manacus;bird;South America;South America 99;103871;Aves/ACCEPTED
Manacus vitellinus;bird;North America+South America;North America 69|South America 31;46038;Aves/ACCEPTED
Mandingoa nitidula;bird;Africa;Africa 97;5669;Aves/ACCEPTED
Mandrillus sphinx;mammal;Africa+Europe;Africa 43|Europe 9|North America 2|South America 1|Asia 1;705;Mammalia/ACCEPTED
Manorina flavigula;bird;Oceania;Oceania 100;210906;Aves/ACCEPTED
Manorina melanocephala;bird;Oceania;Oceania 100;1398320;Aves/ACCEPTED
Manorina melanophrys;bird;Oceania;Oceania 100;148347;Aves/ACCEPTED
Manucodia ater;bird;Oceania;Oceania 93|Asia 3;4587;Aves/ACCEPTED
Manucodia chalybatus;bird;Oceania+Asia;Oceania 86|Asia 5;1511;Aves/ACCEPTED
Mareca americana;bird;North America;North America 99|Europe 1;3747205;Aves/ACCEPTED
Mareca falcata;bird;Asia+Europe+North America;Asia 80|Europe 10|North America 4;50126;Aves/ACCEPTED
Mareca penelope;bird;Europe+Asia+North America;Europe 85|Asia 7|North America 7;2944725;Aves/ACCEPTED
Mareca sibilatrix;bird;South America;South America 97|Europe 3;104896;Aves/ACCEPTED
Mareca strepera;bird;North America+Europe;North America 58|Europe 39|Asia 2;6996791;Aves/ACCEPTED
Margarobyas lawrencii;bird;North America;North America 100;3344;Aves/ACCEPTED
Margarops fuscatus;bird;North America+South America;North America 94|South America 6;91222;Aves/ACCEPTED
Margarornis rubiginosus;bird;North America;North America 100;24480;Aves/ACCEPTED
Margarornis squamiger;bird;South America;South America 100;54292;Aves/ACCEPTED
Margarornis stellatus;bird;South America;South America 100;4367;Aves/ACCEPTED
Marmaronetta angustirostris;bird;Europe+Asia+Africa;Europe 69|Asia 17|Africa 8;42904;Aves/ACCEPTED
Marmota caligata;mammal;North America;North America 99;7547;Mammalia/ACCEPTED
Marmota flaviventris;mammal;North America;North America 98;21322;Mammalia/ACCEPTED
Marmota marmota;mammal;Europe;Europe 100;152002;Mammalia/ACCEPTED
Marmota monax;mammal;North America;North America 98;51753;Mammalia/ACCEPTED
Martes foina;mammal;Europe;Europe 99|Asia 1;216005;Mammalia/ACCEPTED
Martes martes;mammal;Europe;Europe 99;138901;Mammalia/ACCEPTED
Masius chrysopterus;bird;South America;South America 100;21966;Aves/ACCEPTED
Mayrornis lessoni;bird;Oceania;Oceania 99;2076;Aves/ACCEPTED
Mazaria propinqua;bird;South America;South America 100;2776;Aves/SYNONYM
Mecocerculus calopterus;bird;South America;South America 100;2254;Aves/ACCEPTED
Mecocerculus hellmayri;bird;South America;South America 100;1782;Aves/ACCEPTED
Mecocerculus leucophrys;bird;South America;South America 100;78263;Aves/ACCEPTED
Mecocerculus minor;bird;South America;South America 100;4889;Aves/ACCEPTED
Mecocerculus poecilocercus;bird;South America;South America 100;24756;Aves/ACCEPTED
Mecocerculus stictopterus;bird;South America;South America 100;27571;Aves/ACCEPTED
Megabyas flammulatus;bird;Africa;Africa 100;4298;Aves/ACCEPTED
Megaceryle alcyon;bird;North America;North America 100;7053618;Aves/ACCEPTED
Megaceryle lugubris;bird;Asia;Asia 99;21635;Aves/ACCEPTED
Megaceryle maxima;bird;Africa;Africa 99;106723;Aves/ACCEPTED
Megaceryle torquata;bird;South America+North America;South America 54|North America 45;495290;Aves/ACCEPTED
Megadyptes antipodes;bird;Oceania;Oceania 95;6365;Aves/ACCEPTED
Megaloprepia magnifica;bird;Oceania;Oceania 99;56868;Aves/SYNONYM
Megalurus palustris;bird;Asia;Asia 99;46256;Aves/ACCEPTED
Megapodius cumingii;bird;Asia;Asia 98;3081;Aves/ACCEPTED
Megapodius decollatus;bird;Oceania+Asia;Oceania 95|Asia 3;166;Aves/ACCEPTED
Megapodius eremita;bird;Oceania;Oceania 98;1198;Aves/ACCEPTED
Megapodius freycinet;bird;Asia+Oceania;Asia 52|Oceania 38;3159;Aves/ACCEPTED
Megapodius geelvinkianus;bird;Oceania+Asia;Oceania 84|Asia 10;232;Aves/ACCEPTED
Megapodius laperouse;bird;Oceania;Oceania 96|North America 1;2475;Aves/ACCEPTED
Megapodius reinwardt;bird;Oceania;Oceania 98|Asia 2;87675;Aves/ACCEPTED
Megapomatorhinus erythrocnemis;bird;Asia;Asia 100;19716;Aves/ACCEPTED
Megapomatorhinus erythrogenys;bird;Asia;Asia 95;44;Aves/ACCEPTED
Megapomatorhinus gravivox;bird;;;0;Aves/ACCEPTED
Megapomatorhinus hypoleucos;bird;Asia;Asia 96;24;Aves/ACCEPTED
Megapomatorhinus mcclellandi;bird;;;0;Aves/ACCEPTED
Megapomatorhinus swinhoei;bird;;;0;Aves/ACCEPTED
Megapomponia merula;insect;Asia;Asia 82|Africa 1;173;Insecta/ACCEPTED
Megaptera novaeangliae;mammal;Global;North America 27|Oceania 12|Antarctica 5|Africa 3|Europe 3|South America 2|Asia 1;528371;Mammalia/ACCEPTED
Megarynchus pitangua;bird;North America+South America;North America 56|South America 43;663569;Aves/ACCEPTED
Megascops albogularis;bird;South America;South America 100;6440;Aves/ACCEPTED
Megascops asio;bird;North America;North America 100;501125;Aves/ACCEPTED
Megascops atricapilla;bird;South America;South America 100;3879;Aves/ACCEPTED
Megascops centralis;bird;South America+North America;South America 52|North America 48;3333;Aves/ACCEPTED
Megascops choliba;bird;South America+North America;South America 87|North America 13;104371;Aves/ACCEPTED
Megascops clarkii;bird;North America;North America 100;5335;Aves/ACCEPTED
Megascops cooperi;bird;North America;North America 100;15436;Aves/ACCEPTED
Megascops gilesi;bird;South America;South America 100;2891;Aves/ACCEPTED
Megascops guatemalae;bird;North America;North America 99|South America 1;14327;Aves/ACCEPTED
Megascops hoyi;bird;South America;South America 100;1064;Aves/ACCEPTED
Megascops ingens;bird;South America;South America 100;4574;Aves/ACCEPTED
Megascops kennicottii;bird;North America;North America 100;123459;Aves/ACCEPTED
Megascops koepckeae;bird;South America;South America 100;1323;Aves/ACCEPTED
Megascops marshalli;bird;South America;South America 100;339;Aves/ACCEPTED
Megascops nudipes;bird;North America;North America 100;6831;Aves/ACCEPTED
Megascops petersoni;bird;South America;South America 100;783;Aves/ACCEPTED
Megascops roboratus;bird;South America;South America 100;2209;Aves/ACCEPTED
Megascops roraimae;bird;South America;South America 100;2698;Aves/ACCEPTED
Megascops sanctaecatarinae;bird;South America;South America 100;2309;Aves/ACCEPTED
Megascops seductus;bird;North America;North America 100;1004;Aves/ACCEPTED
Megascops trichopsis;bird;North America;North America 100;23301;Aves/ACCEPTED
Megascops watsonii;bird;South America;South America 100;20377;Aves/ACCEPTED
Megastictus margaritatus;bird;South America;South America 99|North America 1;1864;Aves/ACCEPTED
Megatibicen cultriformis;insect;North America;North America 93;452;Insecta/ACCEPTED
Megatibicen dealbatus;insect;North America;North America 96;1457;Insecta/ACCEPTED
Megatibicen dorsatus;insect;North America;North America 92;1734;Insecta/ACCEPTED
Megatibicen figuratus;insect;North America;North America 92;382;Insecta/ACCEPTED
Megatibicen grossus;insect;North America;North America 98;3391;Insecta/SYNONYM
Megatibicen pronotalis;insect;North America;North America 92;2175;Insecta/ACCEPTED
Megatibicen resh;insect;North America;North America 96;6413;Insecta/ACCEPTED
Megatibicen resonans;insect;North America;North America 96;1009;Insecta/ACCEPTED
Megaxenops parnaguae;bird;South America;South America 100;2386;Aves/ACCEPTED
Megazosterops palauensis;bird;Oceania;Oceania 98;792;Aves/ACCEPTED
Meiglyptes grammithorax;bird;Asia;Asia 99;9503;Aves/SYNONYM
Meiglyptes jugularis;bird;Asia;Asia 100;1770;Aves/ACCEPTED
Meiglyptes tristis;bird;Asia;Asia 98;9800;Aves/ACCEPTED
Meiglyptes tukki;bird;Asia;Asia 98;6765;Aves/ACCEPTED
Melaenornis annamarulae;bird;Africa;Africa 100;222;Aves/ACCEPTED
Melaenornis ardesiacus;bird;Africa;Africa 99;1909;Aves/ACCEPTED
Melaenornis chocolatinus;bird;Africa;Africa 99|South America 1;3083;Aves/SYNONYM
Melaenornis edolioides;bird;Africa;Africa 100;23829;Aves/ACCEPTED
Melaenornis fischeri;bird;Africa;Africa 100;35086;Aves/SYNONYM
Melaenornis pammelaina;bird;Africa;Africa 100;107967;Aves/ACCEPTED
Melaenornis silens;bird;Africa;Africa 100;191514;Aves/SYNONYM
Melampitta lugubris;bird;Oceania;Oceania 96|Asia 2;1631;Aves/ACCEPTED
Melanerpes aurifrons;bird;North America;North America 100;1041248;Aves/ACCEPTED
Melanerpes cactorum;bird;South America;South America 100;32294;Aves/ACCEPTED
Melanerpes candidus;bird;South America;South America 100;71656;Aves/ACCEPTED
Melanerpes carolinus;bird;North America;North America 100;15458651;Aves/ACCEPTED
Melanerpes chrysauchen;bird;North America;North America 100;24104;Aves/ACCEPTED
Melanerpes chrysogenys;bird;North America;North America 100;72208;Aves/ACCEPTED
Melanerpes cruentatus;bird;South America;South America 100;100161;Aves/ACCEPTED
Melanerpes erythrocephalus;bird;North America;North America 100;1640502;Aves/ACCEPTED
Melanerpes flavifrons;bird;South America;South America 100;26106;Aves/ACCEPTED
Melanerpes formicivorus;bird;North America+South America;North America 97|South America 3;1837873;Aves/ACCEPTED
Melanerpes hoffmannii;bird;North America;North America 100;228490;Aves/ACCEPTED
Melanerpes hypopolius;bird;North America;North America 100;10146;Aves/ACCEPTED
Melanerpes lewis;bird;North America;North America 100;171688;Aves/ACCEPTED
Melanerpes portoricensis;bird;North America;North America 100;58240;Aves/ACCEPTED
Melanerpes pucherani;bird;North America+South America;North America 87|South America 13;197971;Aves/ACCEPTED
Melanerpes pulcher;bird;South America;South America 100;6100;Aves/ACCEPTED
Melanerpes pygmaeus;bird;North America;North America 100;39869;Aves/ACCEPTED
Melanerpes radiolatus;bird;North America;North America 100;14992;Aves/ACCEPTED
Melanerpes rubricapillus;bird;South America+North America;South America 58|North America 42;382057;Aves/ACCEPTED
Melanerpes santacruzi;bird;North America;North America 95|Asia 2;2782;Aves/ACCEPTED
Melanerpes striatus;bird;North America;North America 100;34896;Aves/ACCEPTED
Melanerpes superciliaris;bird;North America;North America 100;34538;Aves/ACCEPTED
Melanerpes uropygialis;bird;North America;North America 100;891451;Aves/ACCEPTED
Melaniparus afer;bird;Africa;Africa 99;14540;Aves/SYNONYM
Melaniparus albiventris;bird;Africa;Africa 100;13462;Aves/SYNONYM
Melaniparus carpi;bird;Africa;Africa 100;3014;Aves/SYNONYM
Melaniparus cinerascens;bird;Africa;Africa 100;22775;Aves/SYNONYM
Melaniparus fasciiventer;bird;Africa;Africa 99;2365;Aves/SYNONYM
Melaniparus fringillinus;bird;Africa;Africa 100;3096;Aves/SYNONYM
Melaniparus funereus;bird;Africa;Africa 100;4304;Aves/SYNONYM
Melaniparus griseiventris;bird;Africa;Africa 100;2342;Aves/SYNONYM
Melaniparus guineensis;bird;Africa;Africa 100;3552;Aves/SYNONYM
Melaniparus leucomelas;bird;Africa;Africa 99;3044;Aves/SYNONYM
Melaniparus leuconotus;bird;Africa;Africa 99;1138;Aves/SYNONYM
Melaniparus niger;bird;Africa;Africa 100;104577;Aves/SYNONYM
Melaniparus rufiventris;bird;Africa;Africa 99;2020;Aves/SYNONYM
Melaniparus thruppi;bird;Africa;Africa 100;3245;Aves/SYNONYM
Melanitta americana;bird;North America;North America 96|Asia 1|Europe 1;596695;Aves/ACCEPTED
Melanitta deglandi;bird;North America;North America 98;763966;Aves/ACCEPTED
Melanitta fusca;bird;Europe;Europe 93|North America 3;630211;Aves/ACCEPTED
Melanitta nigra;bird;Europe;Europe 93|North America 1;959993;Aves/ACCEPTED
Melanitta perspicillata;bird;North America;North America 97|Europe 1;1376928;Aves/ACCEPTED
Melanocharis arfakiana;bird;Oceania;Oceania 99;352;Aves/ACCEPTED
Melanocharis longicauda;bird;Oceania;Oceania 97|Asia 1;1193;Aves/ACCEPTED
Melanocharis nigra;bird;Oceania+Asia;Oceania 93|Asia 3;3099;Aves/ACCEPTED
Melanocharis versteri;bird;Oceania;Oceania 95|Asia 2;3739;Aves/ACCEPTED
Melanochlora sultanea;bird;Asia;Asia 100;24158;Aves/ACCEPTED
Melanocichla calva;bird;Asia;Asia 100;1378;Aves/ACCEPTED
Melanocichla lugubris;bird;Asia;Asia 100;1357;Aves/ACCEPTED
Melanocorypha bimaculata;bird;Asia+Europe;Asia 91|Europe 7|Africa 1;7499;Aves/ACCEPTED
Melanocorypha calandra;bird;Europe+Asia;Europe 87|Asia 12|Africa 1;142306;Aves/ACCEPTED
Melanocorypha maxima;bird;Asia;Asia 99;1568;Aves/ACCEPTED
Melanocorypha mongolica;bird;Asia;Asia 99;4219;Aves/ACCEPTED
Melanocorypha yeltoniensis;bird;Asia+Europe;Asia 83|Europe 13;2101;Aves/ACCEPTED
Melanodera melanodera;bird;South America;South America 100;6648;Aves/ACCEPTED
Melanodera xanthogramma;bird;South America;South America 100;3593;Aves/ACCEPTED
Melanodryas bimaculata;bird;;;;labels
Melanodryas cryptoleuca;bird;;;;labels
Melanodryas cucullata;bird;Oceania;Oceania 100;82104;Aves/ACCEPTED
Melanodryas cyanus;bird;;;;labels
Melanodryas pulverulenta;bird;;;;labels
Melanodryas sigillata;bird;Oceania;Oceania 76|Asia 2;223;Aves/ACCEPTED/via Peneothello sigillata
Melanodryas vittata;bird;Oceania;Oceania 100;21774;Aves/ACCEPTED
Melanogryllus desertus;insect;Europe+Asia;Europe 96|Asia 4;3291;Insecta/ACCEPTED
Melanopareia elegans;bird;South America;South America 100;6462;Aves/ACCEPTED
Melanopareia maranonica;bird;South America;South America 100;1275;Aves/ACCEPTED
Melanopareia maximiliani;bird;South America;South America 100;7493;Aves/ACCEPTED
Melanopareia torquata;bird;South America;South America 100;6057;Aves/ACCEPTED
Melanoptila glabrirostris;bird;North America;North America 100;31648;Aves/ACCEPTED
Melanorectes nigrescens;bird;Oceania+Asia;Oceania 89|Asia 6;919;Aves/ACCEPTED
Melanospiza bicolor;bird;North America+South America;North America 62|South America 38;205856;Aves/ACCEPTED
Melanotis caerulescens;bird;North America;North America 100;62750;Aves/ACCEPTED
Melanotis hypoleucus;bird;North America;North America 100;27755;Aves/ACCEPTED
Meleagris gallopavo;bird;North America;North America 99|Oceania 1;2851572;Aves/ACCEPTED
Meleagris ocellata;bird;North America;North America 99;26068;Aves/ACCEPTED
Meles meles;mammal;Europe;Europe 98|Asia 2;558587;Mammalia/ACCEPTED
Meliarchus sclateri;bird;Oceania;Oceania 77;373;Aves/ACCEPTED
Melichneutes robustus;bird;Africa;Africa 95;417;Aves/ACCEPTED
Melidectes belfordi;bird;Oceania;Oceania 96|Asia 1;5224;Aves/ACCEPTED
Melidectes leucostephes;bird;Oceania+Asia;Oceania 89|Asia 10;1012;Aves/ACCEPTED
Melidectes ochromelas;bird;Oceania;Oceania 95|Asia 2;707;Aves/ACCEPTED
Melidectes rufocrissalis;bird;Oceania;Oceania 99;2071;Aves/ACCEPTED
Melidectes torquatus;bird;Oceania+Asia;Oceania 94|Asia 4;2371;Aves/ACCEPTED
Melidora macrorrhina;bird;Oceania;Oceania 95|Asia 2;2556;Aves/ACCEPTED
Melierax canorus;bird;Africa;Africa 100;82613;Aves/ACCEPTED
Melierax metabates;bird;Africa;Africa 99;30657;Aves/ACCEPTED
Melierax poliopterus;bird;Africa;Africa 100;16343;Aves/ACCEPTED
Melignomon eisentrauti;bird;Africa;Africa 100;309;Aves/ACCEPTED
Melilestes megarhynchus;bird;Oceania;Oceania 96|Asia 1;3596;Aves/ACCEPTED
Meliphacator provocator;bird;Oceania;Oceania 98;349;Aves/ACCEPTED
Meliphaga albilineata;bird;Oceania;Oceania 100;1698;Aves/SYNONYM
Meliphaga analoga;bird;Oceania;Oceania 95|Asia 2;6157;Aves/SYNONYM
Meliphaga aruensis;bird;Oceania+Asia;Oceania 93|Asia 3;1588;Aves/ACCEPTED
Meliphaga fordiana;bird;Oceania;Oceania 100;478;Aves/SYNONYM
Meliphaga gracilis;bird;Oceania;Oceania 100;17035;Aves/SYNONYM
Meliphaga imitatrix;bird;;;;labels
Meliphaga lewinii;bird;Oceania;Oceania 100;541026;Aves/ACCEPTED
Meliphaga notata;bird;Oceania;Oceania 100;61881;Aves/ACCEPTED
Meliphaga orientalis;bird;Oceania;Oceania 98|Asia 1;1473;Aves/SYNONYM
Meliphaga reticulata;bird;Asia;Asia 99;4174;Aves/SYNONYM
Melipotes fumigatus;bird;Oceania;Oceania 96|Asia 1;5580;Aves/ACCEPTED
Melithreptus affinis;bird;Oceania;Oceania 100;32096;Aves/ACCEPTED
Melithreptus albogularis;bird;Oceania;Oceania 100;178927;Aves/ACCEPTED
Melithreptus brevirostris;bird;Oceania;Oceania 100;186049;Aves/ACCEPTED
Melithreptus chloropsis;bird;Oceania;Oceania 100;21199;Aves/ACCEPTED
Melithreptus gularis;bird;Oceania;Oceania 100;48717;Aves/ACCEPTED
Melithreptus lunatus;bird;Oceania;Oceania 100;231841;Aves/ACCEPTED
Melithreptus validirostris;bird;Oceania;Oceania 100;15982;Aves/ACCEPTED
Mellisuga helenae;bird;North America;North America 100;4812;Aves/ACCEPTED
Mellisuga minima;bird;North America;North America 100;23083;Aves/ACCEPTED
Melloria quoyi;bird;Oceania;Oceania 100;53353;Aves/ACCEPTED
Melocichla mentalis;bird;Africa;Africa 100;12395;Aves/ACCEPTED
Meloimorpha japonica;insect;Asia;Asia 92;691;Insecta/ACCEPTED
Melopsittacus undulatus;bird;Oceania+North America;Oceania 89|North America 5|Europe 3|Asia 1;119357;Aves/ACCEPTED
Melopyrrha nigra;bird;North America;North America 100;15561;Aves/ACCEPTED
Melopyrrha portoricensis;bird;North America;North America 100;30444;Aves/ACCEPTED
Melopyrrha violacea;bird;North America;North America 100;22075;Aves/ACCEPTED
Melospiza georgiana;bird;North America;North America 100;3340917;Aves/ACCEPTED
Melospiza lincolnii;bird;North America;North America 100;1950992;Aves/ACCEPTED
Melospiza melodia;bird;North America;North America 100;22489047;Aves/ACCEPTED
Melozone aberti;bird;North America;North America 100;557837;Aves/ACCEPTED
Melozone albicollis;bird;North America;North America 100;22833;Aves/ACCEPTED
Melozone biarcuata;bird;North America;North America 100;16196;Aves/ACCEPTED
Melozone cabanisi;bird;North America;North America 100;7114;Aves/ACCEPTED
Melozone crissalis;bird;North America;North America 100;1999707;Aves/ACCEPTED
Melozone fusca;bird;North America;North America 100;520567;Aves/ACCEPTED
Melozone kieneri;bird;North America;North America 100;14887;Aves/ACCEPTED
Melozone leucotis;bird;North America;North America 100;50549;Aves/ACCEPTED
Menelikornis leucotis;bird;Africa+Europe;Africa 92|Europe 3|North America 1;2419;Aves/SYNONYM
Menelikornis ruspolii;bird;Africa;Africa 100;478;Aves/SYNONYM
Menetes berdmorei;mammal;Asia;Asia 96;1125;Mammalia/ACCEPTED
Mentocrex kioloides;bird;Africa;Africa 100;1911;Aves/ACCEPTED
Menura alberti;bird;Oceania;Oceania 100;12958;Aves/ACCEPTED
Menura novaehollandiae;bird;Oceania;Oceania 100;149064;Aves/ACCEPTED
Merganetta armata;bird;South America;South America 99;33496;Aves/ACCEPTED
Mergellus albellus;bird;Europe;Europe 97|Asia 3;737467;Aves/ACCEPTED
Mergus merganser;bird;North America+Europe;North America 62|Europe 37|Asia 1;5714166;Aves/ACCEPTED
Mergus octosetaceus;bird;South America;South America 99;851;Aves/ACCEPTED
Mergus serrator;bird;North America+Europe;North America 62|Europe 37|Asia 1;3952548;Aves/ACCEPTED
Meropogon forsteni;bird;Asia;Asia 96;632;Aves/ACCEPTED
Merops albicollis;bird;Africa;Africa 99|Asia 1;35353;Aves/ACCEPTED
Merops americanus;bird;Asia;Asia 99;5631;Aves/ACCEPTED
Merops apiaster;bird;Europe+Africa+Asia;Europe 68|Africa 21|Asia 12;808027;Aves/ACCEPTED
Merops boehmi;bird;Africa;Africa 100;2612;Aves/ACCEPTED
Merops bullockoides;bird;Africa;Africa 100;100271;Aves/ACCEPTED
Merops bulocki;bird;Africa;Africa 99;13784;Aves/ACCEPTED
Merops cyanophrys;bird;Asia;Asia 100;63756;Aves/ACCEPTED
Merops gularis;bird;Africa;Africa 100;7242;Aves/ACCEPTED
Merops hirundineus;bird;Africa;Africa 100;40138;Aves/ACCEPTED
Merops lafresnayii;bird;Africa;Africa 100;4275;Aves/ACCEPTED
Merops leschenaulti;bird;Asia;Asia 100;111826;Aves/ACCEPTED
Merops malimbicus;bird;Africa;Africa 98;2551;Aves/ACCEPTED
Merops mentalis;bird;Africa;Africa 100;883;Aves/ACCEPTED
Merops muelleri;bird;Africa;Africa 100;1494;Aves/ACCEPTED
Merops nubicoides;bird;Africa;Africa 100;26819;Aves/ACCEPTED
Merops nubicus;bird;Africa;Africa 97|Europe 2;12714;Aves/ACCEPTED
Merops oreobates;bird;Africa;Africa 100;30102;Aves/ACCEPTED
Merops orientalis;bird;Asia;Asia 100;779611;Aves/ACCEPTED
Merops ornatus;bird;Oceania;Oceania 99|Asia 1;473907;Aves/ACCEPTED
Merops persicus;bird;Asia+Africa+Europe;Asia 48|Africa 46|Europe 5;85391;Aves/ACCEPTED
Merops philippinus;bird;Asia;Asia 100;351044;Aves/ACCEPTED
Merops pusillus;bird;Africa;Africa 100;153020;Aves/ACCEPTED
Merops superciliosus;bird;Africa+Asia;Africa 94|Asia 4;22726;Aves/ACCEPTED
Merops variegatus;bird;Africa;Africa 100;4904;Aves/ACCEPTED
Merops viridis;bird;Asia;Asia 99;45714;Aves/ACCEPTED
Merops viridissimus;bird;Africa;Africa 99;6610;Aves/ACCEPTED
Merulaxis ater;bird;South America;South America 100;4882;Aves/ACCEPTED
Merulaxis stresemanni;bird;South America;South America 100;73;Aves/ACCEPTED
Mesembrinibis cayennensis;bird;South America+North America;South America 71|North America 29;144263;Aves/ACCEPTED
Mesitornis unicolor;bird;Africa;Africa 99;866;Aves/ACCEPTED
Mesitornis variegatus;bird;Africa;Africa 99;1400;Aves/ACCEPTED
Metallura aeneocauda;bird;South America;South America 100;1875;Aves/ACCEPTED
Metallura eupogon;bird;South America;South America 99;731;Aves/ACCEPTED
Metallura odomae;bird;South America;South America 100;682;Aves/ACCEPTED
Metallura phoebe;bird;South America;South America 100;5998;Aves/ACCEPTED
Metallura theresiae;bird;South America;South America 100;1936;Aves/ACCEPTED
Metallura tyrianthina;bird;South America;South America 99;98838;Aves/ACCEPTED
Metallura williami;bird;South America;South America 100;14597;Aves/ACCEPTED
Metaphrynella sundana;amphibian;Asia;Asia 98;369;Amphibia/ACCEPTED
Metopidius indicus;bird;Asia;Asia 100;178363;Aves/ACCEPTED
Metopothrix aurantiaca;bird;South America;South America 100;5377;Aves/ACCEPTED
Metriopelia aymara;bird;South America;South America 100;5576;Aves/ACCEPTED
Metriopelia ceciliae;bird;South America;South America 100;20566;Aves/ACCEPTED
Metriopelia melanoptera;bird;South America;South America 100;26692;Aves/ACCEPTED
Metriopelia morenoi;bird;South America;South America 99;1843;Aves/ACCEPTED
Metrioptera brachyptera;insect;Europe;Europe 100;47454;Insecta/ACCEPTED
Micrastur buckleyi;bird;South America;South America 100;1901;Aves/ACCEPTED
Micrastur gilvicollis;bird;South America;South America 100;5432;Aves/ACCEPTED
Micrastur mintoni;bird;South America;South America 99;2316;Aves/ACCEPTED
Micrastur mirandollei;bird;North America+South America;North America 58|South America 42;4326;Aves/ACCEPTED
Micrastur plumbeus;bird;South America;South America 99;173;Aves/ACCEPTED
Micrastur ruficollis;bird;South America+North America;South America 52|North America 47;43159;Aves/ACCEPTED
Micrastur semitorquatus;bird;North America+South America;North America 73|South America 27;91090;Aves/ACCEPTED
Micrathene whitneyi;bird;North America;North America 100;34032;Aves/ACCEPTED
Microbates cinereiventris;bird;North America+South America;North America 53|South America 47;20004;Aves/ACCEPTED
Microbates collaris;bird;South America;South America 100;2255;Aves/ACCEPTED
Microcarbo africanus;bird;Africa;Africa 100;369667;Aves/ACCEPTED
Microcarbo melanoleucos;bird;Oceania;Oceania 99;1046845;Aves/ACCEPTED
Microcarbo niger;bird;Asia;Asia 100;765119;Aves/ACCEPTED
Microcarbo pygmaeus;bird;Europe+Asia;Europe 71|Asia 29;153551;Aves/ACCEPTED
Microcentrum retinerve;insect;North America;North America 94;2892;Insecta/ACCEPTED
Microcentrum rhombifolium;insect;North America;North America 96;7207;Insecta/ACCEPTED
Microcerculus bambla;bird;South America;South America 100;4566;Aves/ACCEPTED
Microcerculus marginatus;bird;South America+North America;South America 75|North America 25;94515;Aves/ACCEPTED
Microcerculus philomela;bird;North America;North America 100;19626;Aves/ACCEPTED
Microcerculus ustulatus;bird;South America;South America 100;679;Aves/ACCEPTED
Microchera albocoronata;bird;North America;North America 100;21103;Aves/ACCEPTED
Microchera chionura;bird;North America;North America 100;9047;Aves/ACCEPTED
Microchera cupreiceps;bird;North America;North America 100;33716;Aves/ACCEPTED
Microdynamis parva;bird;Oceania;Oceania 98|Asia 1;1139;Aves/ACCEPTED
Microeca fascinans;bird;Oceania;Oceania 100;202985;Aves/ACCEPTED
Microeca flavigaster;bird;Oceania;Oceania 100;44865;Aves/ACCEPTED
Microhierax erythrogenys;bird;Asia;Asia 99;3419;Aves/ACCEPTED
Microhierax fringillarius;bird;Asia;Asia 98;10902;Aves/ACCEPTED
Microhierax melanoleucos;bird;Asia;Asia 100;2703;Aves/ACCEPTED
Microhyla butleri;amphibian;Asia;Asia 97;2897;Amphibia/ACCEPTED
Microhyla fissipes;amphibian;Asia;Asia 99;28666;Amphibia/ACCEPTED
Microhyla heymonsi;amphibian;Asia;Asia 99;9391;Amphibia/ACCEPTED
Microhyla mukhlesuri;amphibian;Asia;Asia 95;1199;Amphibia/ACCEPTED
Microligea palustris;bird;North America;North America 99;3390;Aves/ACCEPTED
Micromonacha lanceolata;bird;South America+North America;South America 91|North America 9;6335;Aves/ACCEPTED
Micronisus gabar;bird;Africa;Africa 100;59326;Aves/ACCEPTED
Micropsitta bruijnii;bird;Oceania+Asia;Oceania 82|Asia 12;1065;Aves/ACCEPTED
Micropsitta finschii;bird;Oceania;Oceania 92;799;Aves/ACCEPTED
Micropsitta keiensis;bird;Oceania+Asia;Oceania 79|Asia 15;1276;Aves/ACCEPTED
Micropsitta pusio;bird;Oceania+Asia;Oceania 79|Asia 3|Europe 1;2114;Aves/ACCEPTED
Micropternus brachyurus;bird;Asia;Asia 100;58542;Aves/ACCEPTED
Micropygia schomburgkii;bird;South America+North America;South America 93|North America 4;159;Aves/ACCEPTED
Microrhopias quixensis;bird;North America+South America;North America 80|South America 20;74615;Aves/ACCEPTED
Microspingus alticola;bird;South America;South America 100;700;Aves/ACCEPTED
Microspingus cabanisi;bird;South America;South America 100;14705;Aves/ACCEPTED
Microspingus cinereus;bird;South America;South America 100;3118;Aves/ACCEPTED
Microspingus erythrophrys;bird;South America;South America 100;5225;Aves/ACCEPTED
Microspingus lateralis;bird;South America;South America 100;6760;Aves/ACCEPTED
Microspingus melanoleucus;bird;South America;South America 100;59843;Aves/ACCEPTED
Microspingus torquatus;bird;South America;South America 100;12723;Aves/ACCEPTED
Microspingus trifasciatus;bird;South America;South America 100;1791;Aves/ACCEPTED
Microspizias collaris;bird;South America;South America 100;1170;Aves/SYNONYM
Microspizias superciliosus;bird;South America+North America;South America 57|North America 42;7587;Aves/SYNONYM
Microstilbon burmeisteri;bird;South America;South America 99;2035;Aves/ACCEPTED
Microtarsus eutilotus;bird;Asia;Asia 100;4;Aves/ACCEPTED/via Brachypodius eutilotus
Microtarsus fuscoflavescens;bird;;;;labels
Microtarsus melanocephalos;bird;Asia;Asia 65;1113;Aves/SYNONYM/via Brachypodius atriceps
Microtarsus melanoleucos;bird;Asia;Asia 96;1018;Aves/SYNONYM
Microtarsus priocephalus;bird;;;;labels
Microtarsus urostictus;bird;Asia;Asia 100;1;Aves/ACCEPTED/via Brachypodius urostictus
Microxenops milleri;bird;South America;South America 99;1864;Aves/SYNONYM
Micryletta steinegeri;amphibian;Asia;Asia 99;1197;Amphibia/ACCEPTED
Milvago chimachima;bird;South America;South America 95|North America 1;16555;Aves/ACCEPTED
Milvago chimango;bird;South America;South America 98;4090;Aves/ACCEPTED
Milvus aegyptius;bird;Africa;Africa 100;96119;Aves/ACCEPTED
Milvus migrans;bird;Global;Asia 43|Europe 38|Oceania 11|Africa 8;2813129;Aves/ACCEPTED
Milvus milvus;bird;Europe;Europe 100;2068006;Aves/ACCEPTED
Mimus dorsalis;bird;South America;South America 100;5140;Aves/ACCEPTED
Mimus gilvus;bird;North America+South America;North America 54|South America 46;612131;Aves/ACCEPTED
Mimus gundlachii;bird;North America;North America 100;11771;Aves/ACCEPTED
Mimus longicaudatus;bird;South America;South America 100;56617;Aves/ACCEPTED
Mimus macdonaldi;bird;South America;South America 99;4142;Aves/ACCEPTED
Mimus melanotis;bird;South America;South America 100;4284;Aves/ACCEPTED
Mimus parvulus;bird;South America;South America 99;21072;Aves/ACCEPTED
Mimus patagonicus;bird;South America;South America 100;34214;Aves/ACCEPTED
Mimus polyglottos;bird;North America;North America 100;11854633;Aves/ACCEPTED
Mimus saturninus;bird;South America;South America 100;368772;Aves/ACCEPTED
Mimus thenca;bird;South America;South America 100;101673;Aves/ACCEPTED
Mimus triurus;bird;South America;South America 100;46072;Aves/ACCEPTED
Minla annectens;bird;Asia;Asia 100;13;Aves/ACCEPTED
Minla ignotincta;bird;Asia;Asia 100;15531;Aves/ACCEPTED
Mino anais;bird;Oceania;Oceania 88|Asia 3|Europe 1|North America 1;1817;Aves/ACCEPTED
Mino dumontii;bird;Oceania;Oceania 91|Asia 3;7671;Aves/ACCEPTED
Mino kreffti;bird;Oceania;Oceania 99;2064;Aves/ACCEPTED
Miogryllus saussurei;insect;North America;North America 99;83;Insecta/ACCEPTED
Mionectes galbinus;bird;South America+North America;South America 85|North America 15;31785;Aves/ACCEPTED
Mionectes macconnelli;bird;South America;South America 99;5710;Aves/ACCEPTED
Mionectes oleagineus;bird;North America+South America;North America 60|South America 40;146743;Aves/ACCEPTED
Mionectes olivaceus;bird;North America+South America;North America 83|South America 17;23164;Aves/ACCEPTED
Mionectes roraimae;bird;South America;South America 100;387;Aves/SYNONYM
Mionectes rufiventris;bird;South America;South America 100;19156;Aves/ACCEPTED
Mionectes striaticollis;bird;South America;South America 100;41078;Aves/ACCEPTED
Mirafra affinis;bird;Asia;Asia 98;110;Aves/ACCEPTED
Mirafra africana;bird;Africa;Africa 100;99341;Aves/ACCEPTED
Mirafra albicauda;bird;Africa;Africa 99;1417;Aves/ACCEPTED
Mirafra apiata;bird;Africa;Africa 99;5850;Aves/ACCEPTED
Mirafra assamica;bird;Asia;Asia 95;318;Aves/ACCEPTED
Mirafra cantillans;bird;Africa+Asia;Africa 60|Asia 39;643;Aves/ACCEPTED
Mirafra cheniana;bird;Africa;Africa 99;4332;Aves/ACCEPTED
Mirafra erythrocephala;bird;Asia;Asia 98;60;Aves/ACCEPTED
Mirafra erythroptera;bird;Asia;Asia 95|South America 1;225;Aves/ACCEPTED
Mirafra fasciolata;bird;Africa;Africa 100;23366;Aves/ACCEPTED
Mirafra javanica;bird;Oceania+Asia+Africa;Oceania 85|Asia 10|Africa 4;54647;Aves/ACCEPTED
Mirafra passerina;bird;Africa;Africa 100;6625;Aves/ACCEPTED
Mirafra rufocinnamomea;bird;Africa;Africa 99;8054;Aves/ACCEPTED
Mirounga angustirostris;mammal;North America;North America 58;17338;Mammalia/ACCEPTED
Mirounga leonina;mammal;Antarctica+Ocean;Antarctica 6|Oceania 2;1100910;Mammalia/ACCEPTED
Mitrephanes olivaceus;bird;South America;South America 100;877;Aves/ACCEPTED
Mitrephanes phaeocercus;bird;North America;North America 99|South America 1;77587;Aves/ACCEPTED
Mitrospingus cassinii;bird;South America+North America;South America 54|North America 46;34194;Aves/ACCEPTED
Mitrospingus oleagineus;bird;South America;South America 100;667;Aves/ACCEPTED
Mitu salvini;bird;South America;South America 99;2259;Aves/ACCEPTED
Mitu tomentosum;bird;South America;South America 100;8199;Aves/ACCEPTED
Mitu tuberosum;bird;South America;South America 99;7673;Aves/ACCEPTED
Mixophyes fasciolatus;amphibian;Oceania;Oceania 100;21522;Amphibia/ACCEPTED
Mixornis bornensis;bird;Asia;Asia 100;8157;Aves/SYNONYM
Mixornis flavicollis;bird;Asia;Asia 91;920;Aves/SYNONYM
Mixornis gularis;bird;Asia;Asia 100;96765;Aves/SYNONYM
Mixornis kelleyi;bird;Asia;Asia 100;2440;Aves/SYNONYM
Mniotilta varia;bird;North America;North America 99|South America 1;3480674;Aves/ACCEPTED
Modulatrix stictigula;bird;Africa;Africa 98;725;Aves/ACCEPTED
Mogannia formosana;insect;Asia;Asia 95|Africa 1;401;Insecta/ACCEPTED
Mogannia hebes;insect;Asia;Asia 95;1088;Insecta/ACCEPTED
Mohoua albicilla;bird;Oceania;Oceania 100;34172;Aves/ACCEPTED
Mohoua novaeseelandiae;bird;Oceania;Oceania 100;21627;Aves/SYNONYM
Mohoua ochrocephala;bird;Oceania;Oceania 100;4907;Aves/ACCEPTED
Molothrus aeneus;bird;North America;North America 100;378965;Aves/ACCEPTED
Molothrus ater;bird;North America;North America 100;8446539;Aves/ACCEPTED
Molothrus bonariensis;bird;South America+North America;South America 89|North America 11;659502;Aves/ACCEPTED
Molothrus oryzivorus;bird;South America+North America;South America 72|North America 28;108624;Aves/ACCEPTED
Molothrus rufoaxillaris;bird;South America;South America 100;64312;Aves/ACCEPTED
Momotus aequatorialis;bird;South America;South America 100;114953;Aves/ACCEPTED
Momotus bahamensis;bird;South America;South America 99|North America 1;9050;Aves/ACCEPTED
Momotus coeruliceps;bird;North America;North America 100;9227;Aves/ACCEPTED
Momotus lessonii;bird;North America;North America 100;271823;Aves/ACCEPTED
Momotus mexicanus;bird;North America;North America 100;36943;Aves/ACCEPTED
Momotus momota;bird;South America;South America 98|North America 1;62138;Aves/ACCEPTED
Momotus subrufescens;bird;South America+North America;South America 56|North America 44;47355;Aves/ACCEPTED
Monachella muelleriana;bird;Oceania;Oceania 95|Asia 2;1127;Aves/ACCEPTED
Monarcha castaneiventris;bird;Oceania;Oceania 88;1087;Aves/ACCEPTED
Monarcha cinerascens;bird;Asia+Oceania;Asia 51|Oceania 36;2489;Aves/ACCEPTED
Monarcha frater;bird;Oceania;Oceania 98|Asia 1;2243;Aves/ACCEPTED
Monarcha melanopsis;bird;Oceania;Oceania 100;90114;Aves/ACCEPTED
Monarcha richardsii;bird;Oceania;Oceania 99;759;Aves/ACCEPTED
Monasa atra;bird;South America;South America 100;9542;Aves/ACCEPTED
Monasa flavirostris;bird;South America;South America 100;6657;Aves/ACCEPTED
Monasa morphoeus;bird;South America+North America;South America 77|North America 23;30709;Aves/ACCEPTED
Monasa nigrifrons;bird;South America;South America 100;89857;Aves/ACCEPTED
Montecincla fairbanki;bird;Asia;Asia 100;9642;Aves/SYNONYM
Monticola angolensis;bird;Africa;Africa 99;2172;Aves/ACCEPTED
Monticola cinclorhyncha;bird;Asia;Asia 100;30185;Aves/ACCEPTED
Monticola explorator;bird;Africa;Africa 100;9263;Aves/ACCEPTED
Monticola gularis;bird;Asia;Asia 99;6068;Aves/ACCEPTED
Monticola imerina;bird;Africa;Africa 100;1170;Aves/ACCEPTED
Monticola rufiventris;bird;Asia;Asia 100;24315;Aves/ACCEPTED
Monticola rufocinereus;bird;Africa+Asia;Africa 76|Asia 24;4451;Aves/ACCEPTED
Monticola rupestris;bird;Africa;Africa 100;35405;Aves/ACCEPTED
Monticola saxatilis;bird;Europe+Asia+Africa;Europe 64|Asia 24|Africa 11;57962;Aves/ACCEPTED
Monticola semirufus;bird;Africa;Africa 99;1164;Aves/ACCEPTED
Monticola sharpei;bird;Africa;Africa 100;2592;Aves/ACCEPTED
Monticola solitarius;bird;Asia+Europe;Asia 55|Europe 43|Africa 2;315716;Aves/ACCEPTED
Montifringilla adamsi;bird;Asia;Asia 100;6018;Aves/ACCEPTED
Montifringilla blanfordi;bird;Asia;Asia 99;1636;Aves/SYNONYM
Montifringilla henrici;bird;Asia;Asia 100;556;Aves/ACCEPTED
Montifringilla nivalis;bird;Europe+Asia;Europe 84|Asia 14;33792;Aves/ACCEPTED
Montifringilla taczanowskii;bird;Asia;Asia 98;2776;Aves/SYNONYM
Morococcyx erythropygus;bird;North America;North America 100;30815;Aves/ACCEPTED
Morphnarchus princeps;bird;South America+North America;South America 64|North America 36;23229;Aves/SYNONYM
Morphnus guianensis;bird;South America+North America;South America 64|North America 34;2614;Aves/ACCEPTED
Morus bassanus;bird;North America+Europe;North America 34|Europe 32;2174144;Aves/ACCEPTED
Morus capensis;bird;Africa;Africa 96;132603;Aves/ACCEPTED
Morus serrator;bird;Oceania;Oceania 85;149646;Aves/ACCEPTED
Motacilla aguimp;bird;Africa;Africa 100;189700;Aves/ACCEPTED
Motacilla alba;bird;Europe+Asia;Europe 87|Asia 12;6986323;Aves/ACCEPTED
Motacilla capensis;bird;Africa;Africa 100;505014;Aves/ACCEPTED
Motacilla cinerea;bird;Europe+Asia;Europe 74|Asia 24|Africa 1;2117631;Aves/ACCEPTED
Motacilla citreola;bird;Asia+Europe;Asia 74|Europe 26;171500;Aves/ACCEPTED
Motacilla clara;bird;Africa;Africa 100;20553;Aves/ACCEPTED
Motacilla flava;bird;Europe+Asia;Europe 86|Asia 12|Africa 3;2113414;Aves/ACCEPTED
Motacilla flaviventris;bird;Africa;Africa 100;8943;Aves/ACCEPTED
Motacilla grandis;bird;Asia;Asia 98;41659;Aves/ACCEPTED
Motacilla maderaspatensis;bird;Asia;Asia 100;292702;Aves/ACCEPTED
Motacilla samveasnae;bird;Asia;Asia 100;844;Aves/ACCEPTED
Motacilla tschutschensis;bird;Asia+North America;Asia 89|North America 6|Oceania 2|Europe 1;209025;Aves/ACCEPTED
Moupinia poecilotis;bird;Asia;Asia 100;354;Aves/ACCEPTED
Mulleripicus fuliginosus;bird;Asia;Asia 98;160;Aves/ACCEPTED
Mulleripicus fulvus;bird;Asia;Asia 96;2387;Aves/ACCEPTED
Mulleripicus funebris;bird;Asia;Asia 99;2027;Aves/ACCEPTED
Mulleripicus pulverulentus;bird;Asia;Asia 99;10758;Aves/ACCEPTED
Muntiacus muntjak;mammal;Asia;Asia 77|Europe 1;9122;Mammalia/ACCEPTED
Muntiacus reevesi;mammal;Asia+Europe;Asia 71|Europe 29;165597;Mammalia/ACCEPTED
Muscardinus avellanarius;mammal;Europe;Europe 100;99555;Mammalia/ACCEPTED
Muscicapa adusta;bird;Africa;Africa 99;101658;Aves/ACCEPTED
Muscicapa aquatica;bird;Africa;Africa 100;13291;Aves/ACCEPTED
Muscicapa cassini;bird;Africa;Africa 100;4002;Aves/ACCEPTED
Muscicapa dauurica;bird;Asia;Asia 99;168702;Aves/SYNONYM
Muscicapa ferruginea;bird;Asia;Asia 100;17787;Aves/ACCEPTED
Muscicapa gambagae;bird;Africa+Asia;Africa 57|Asia 43;1532;Aves/ACCEPTED
Muscicapa griseisticta;bird;Asia;Asia 97|North America 1|Oceania 1;30457;Aves/ACCEPTED
Muscicapa muttui;bird;Asia;Asia 100;30060;Aves/ACCEPTED
Muscicapa segregata;bird;Asia;Asia 100;250;Aves/ACCEPTED
Muscicapa sethsmithi;bird;Africa;Africa 100;672;Aves/ACCEPTED
Muscicapa sibirica;bird;Asia;Asia 96|Europe 2|North America 1;32433;Aves/ACCEPTED
Muscicapa striata;bird;Europe+Africa+Asia;Europe 88|Africa 7|Asia 5;1379580;Aves/ACCEPTED
Muscicapa tyrrhenica;bird;Europe;Europe 99;1253;Aves/ACCEPTED
Muscicapa williamsoni;bird;Asia;Asia 98|Oceania 2;1637;Aves/ACCEPTED
Muscigralla brevicauda;bird;South America;South America 100;5882;Aves/ACCEPTED
Muscipipra vetula;bird;South America;South America 100;5879;Aves/ACCEPTED
Muscisaxicola albifrons;bird;South America;South America 100;5055;Aves/ACCEPTED
Muscisaxicola albilora;bird;South America;South America 100;12421;Aves/ACCEPTED
Muscisaxicola alpinus;bird;South America;South America 100;8985;Aves/ACCEPTED
Muscisaxicola capistratus;bird;South America;South America 100;8511;Aves/ACCEPTED
Muscisaxicola cinereus;bird;South America;South America 100;6170;Aves/ACCEPTED
Muscisaxicola flavinucha;bird;South America;South America 100;9137;Aves/ACCEPTED
Muscisaxicola frontalis;bird;South America;South America 100;4082;Aves/ACCEPTED
Muscisaxicola juninensis;bird;South America;South America 100;6895;Aves/ACCEPTED
Muscisaxicola maclovianus;bird;South America;South America 100;37820;Aves/ACCEPTED
Muscisaxicola maculirostris;bird;South America;South America 100;15889;Aves/ACCEPTED
Muscisaxicola rufivertex;bird;South America;South America 99;14057;Aves/ACCEPTED
Musophaga rossae;bird;Africa;Africa 99;13142;Aves/ACCEPTED
Mustelirallus albicollis;bird;South America;South America 100;20109;Aves/SYNONYM
Mustelirallus erythrops;bird;South America+North America;South America 71|North America 28;3767;Aves/SYNONYM
Myadestes coloratus;bird;North America+South America;North America 97|South America 3;751;Aves/ACCEPTED
Myadestes elisabeth;bird;North America;North America 100;3622;Aves/ACCEPTED
Myadestes genibarbis;bird;North America;North America 99;8740;Aves/ACCEPTED
Myadestes melanops;bird;North America;North America 100;58846;Aves/ACCEPTED
Myadestes obscurus;bird;Oceania;Oceania 98|North America 2;24788;Aves/ACCEPTED
Myadestes occidentalis;bird;North America;North America 100;100329;Aves/ACCEPTED
Myadestes palmeri;bird;Oceania+North America;Oceania 46|North America 33;624;Aves/ACCEPTED
Myadestes ralloides;bird;South America;South America 100;108404;Aves/ACCEPTED
Myadestes townsendi;bird;North America;North America 100;558981;Aves/ACCEPTED
Myadestes unicolor;bird;North America;North America 100;21058;Aves/ACCEPTED
Mycerobas affinis;bird;Asia;Asia 99;2403;Aves/ACCEPTED
Mycerobas carnipes;bird;Asia;Asia 99;7069;Aves/ACCEPTED
Mycerobas icterioides;bird;Asia;Asia 99;2443;Aves/ACCEPTED
Mycerobas melanozanthos;bird;Asia;Asia 100;4458;Aves/ACCEPTED
Mycteria americana;bird;North America+South America;North America 91|South America 9;868227;Aves/ACCEPTED
Mycteria leucocephala;bird;Asia;Asia 100;234835;Aves/ACCEPTED
Myiagra albiventris;bird;Oceania;Oceania 96;463;Aves/ACCEPTED
Myiagra alecto;bird;Oceania+Asia;Oceania 96|Asia 3;41686;Aves/ACCEPTED
Myiagra atra;bird;Oceania+Asia;Oceania 95|Asia 3;531;Aves/ACCEPTED
Myiagra caledonica;bird;Oceania;Oceania 99;2656;Aves/ACCEPTED
Myiagra castaneigularis;bird;Oceania;Oceania 100;798;Aves/ACCEPTED
Myiagra cyanoleuca;bird;Oceania;Oceania 100;32426;Aves/ACCEPTED
Myiagra erythrops;bird;Oceania;Oceania 99;5255;Aves/ACCEPTED
Myiagra ferrocyanea;bird;Oceania;Oceania 92;1029;Aves/ACCEPTED
Myiagra galeata;bird;Asia;Asia 92;1961;Aves/ACCEPTED
Myiagra inquieta;bird;Oceania;Oceania 100;175597;Aves/ACCEPTED
Myiagra nana;bird;Oceania;Oceania 100;35950;Aves/ACCEPTED
Myiagra pluto;bird;Oceania;Oceania 67;139;Aves/ACCEPTED
Myiagra rubecula;bird;Oceania;Oceania 100;194154;Aves/ACCEPTED
Myiagra ruficollis;bird;Oceania+Asia;Oceania 83|Asia 16;13565;Aves/ACCEPTED
Myiagra vanikorensis;bird;Oceania;Oceania 100;5128;Aves/ACCEPTED
Myiarchus antillarum;bird;North America;North America 100;36358;Aves/ACCEPTED
Myiarchus apicalis;bird;South America;South America 100;16455;Aves/ACCEPTED
Myiarchus barbirostris;bird;North America;North America 100;8283;Aves/ACCEPTED
Myiarchus cephalotes;bird;South America;South America 100;45572;Aves/ACCEPTED
Myiarchus cinerascens;bird;North America;North America 100;781551;Aves/ACCEPTED
Myiarchus crinitus;bird;North America;North America 100;3729910;Aves/ACCEPTED
Myiarchus ferox;bird;South America;South America 100;115604;Aves/ACCEPTED
Myiarchus magnirostris;bird;South America;South America 99;15327;Aves/ACCEPTED
Myiarchus nugator;bird;North America;North America 100;5111;Aves/ACCEPTED
Myiarchus nuttingi;bird;North America;North America 100;34334;Aves/ACCEPTED
Myiarchus oberi;bird;North America;North America 99;4190;Aves/ACCEPTED
Myiarchus panamensis;bird;North America+South America;North America 78|South America 22;35229;Aves/ACCEPTED
Myiarchus phaeocephalus;bird;South America;South America 100;5256;Aves/ACCEPTED
Myiarchus sagrae;bird;North America;North America 100;33182;Aves/ACCEPTED
Myiarchus semirufus;bird;South America;South America 100;2129;Aves/ACCEPTED
Myiarchus stolidus;bird;North America;North America 100;12380;Aves/ACCEPTED
Myiarchus swainsoni;bird;South America;South America 100;46060;Aves/ACCEPTED
Myiarchus tuberculifer;bird;North America+South America;North America 85|South America 15;552235;Aves/ACCEPTED
Myiarchus tyrannulus;bird;North America+South America;North America 78|South America 22;408067;Aves/ACCEPTED
Myiarchus validus;bird;North America;North America 100;5048;Aves/ACCEPTED
Myiarchus venezuelensis;bird;South America;South America 93;4523;Aves/ACCEPTED
Myiarchus yucatanensis;bird;North America;North America 100;14782;Aves/ACCEPTED
Myiobius atricaudus;bird;South America+North America;South America 65|North America 35;11555;Aves/ACCEPTED
Myiobius barbatus;bird;North America+South America;North America 67|South America 33;45180;Aves/ACCEPTED
Myiobius sulphureipygius;bird;North America+South America;North America 87|South America 13;34471;Aves/SYNONYM
Myiobius villosus;bird;South America;South America 100;5290;Aves/ACCEPTED
Myioborus albifrons;bird;South America;South America 99;1016;Aves/ACCEPTED
Myioborus brunniceps;bird;South America;South America 100;27414;Aves/ACCEPTED
Myioborus castaneocapilla;bird;South America;South America 99;883;Aves/ACCEPTED
Myioborus flavivertex;bird;South America;South America 100;6597;Aves/ACCEPTED
Myioborus melanocephalus;bird;South America;South America 100;51507;Aves/ACCEPTED
Myioborus miniatus;bird;South America+North America;South America 56|North America 44;396999;Aves/ACCEPTED
Myioborus ornatus;bird;South America;South America 100;54569;Aves/ACCEPTED
Myioborus pictus;bird;North America;North America 100;177276;Aves/ACCEPTED
Myioborus torquatus;bird;North America;North America 100;37537;Aves/ACCEPTED
Myiodynastes bairdii;bird;South America;South America 100;10174;Aves/ACCEPTED
Myiodynastes chrysocephalus;bird;South America;South America 100;10304;Aves/ACCEPTED
Myiodynastes hemichrysus;bird;South America+North America;South America 86|North America 14;85189;Aves/ACCEPTED
Myiodynastes luteiventris;bird;North America+South America;North America 94|South America 6;161577;Aves/ACCEPTED
Myiodynastes maculatus;bird;South America+North America;South America 73|North America 26;306997;Aves/ACCEPTED
Myiomela leucura;bird;Asia;Asia 100;179198;Aves/ACCEPTED
Myiopagis caniceps;bird;South America+North America;South America 92|North America 8;24205;Aves/ACCEPTED
Myiopagis cinerea;bird;South America;South America 100;3069;Aves/SYNONYM
Myiopagis cotta;bird;North America;North America 100;2768;Aves/ACCEPTED
Myiopagis flavivertex;bird;South America;South America 100;4223;Aves/ACCEPTED
Myiopagis gaimardii;bird;South America+North America;South America 76|North America 24;65984;Aves/ACCEPTED
Myiopagis olallai;bird;South America;South America 100;1343;Aves/ACCEPTED
Myiopagis parambae;bird;North America+South America;North America 68|South America 32;2836;Aves/SYNONYM
Myiopagis subplacens;bird;South America;South America 100;5804;Aves/ACCEPTED
Myiopagis viridicata;bird;North America+South America;North America 72|South America 28;94493;Aves/ACCEPTED
Myiophobus crypterythrus;bird;South America;South America 100;9340;Aves/SYNONYM
Myiophobus cryptoxanthus;bird;South America;South America 100;4655;Aves/ACCEPTED
Myiophobus fasciatus;bird;South America+North America;South America 95|North America 5;101056;Aves/ACCEPTED
Myiophobus flavicans;bird;South America;South America 100;13891;Aves/ACCEPTED
Myiophobus phoenicomitra;bird;South America;South America 100;2807;Aves/ACCEPTED
Myiophobus roraimae;bird;South America;South America 98;424;Aves/ACCEPTED
Myiophobus rufescens;bird;South America;South America 99;2011;Aves/SYNONYM
Myiopsitta monachus;bird;Global;South America 48|North America 29|Europe 19|Asia 3;821493;Aves/ACCEPTED
Myiornis albiventris;bird;South America;South America 100;1659;Aves/ACCEPTED
Myiornis atricapillus;bird;North America+South America;North America 62|South America 38;20643;Aves/ACCEPTED
Myiornis auricularis;bird;South America;South America 100;28048;Aves/ACCEPTED
Myiornis ecaudatus;bird;South America;South America 100;15147;Aves/ACCEPTED
Myiotheretes fumigatus;bird;South America;South America 100;12000;Aves/ACCEPTED
Myiotheretes fuscorufus;bird;South America;South America 100;1490;Aves/ACCEPTED
Myiotheretes pernix;bird;South America;South America 100;1999;Aves/ACCEPTED
Myiotheretes striaticollis;bird;South America;South America 100;25843;Aves/ACCEPTED
Myiothlypis basilica;bird;South America;South America 100;3551;Aves/SYNONYM
Myiothlypis bivittata;bird;South America;South America 100;13131;Aves/ACCEPTED
Myiothlypis chlorophrys;bird;South America;South America 100;15467;Aves/ACCEPTED
Myiothlypis chrysogaster;bird;South America;South America 100;2978;Aves/ACCEPTED
Myiothlypis cinereicollis;bird;South America;South America 100;1450;Aves/ACCEPTED
Myiothlypis conspicillata;bird;South America;South America 100;10587;Aves/ACCEPTED
Myiothlypis coronata;bird;South America;South America 100;63283;Aves/ACCEPTED
Myiothlypis flaveola;bird;South America;South America 100;43354;Aves/ACCEPTED
Myiothlypis fraseri;bird;South America;South America 100;11097;Aves/ACCEPTED
Myiothlypis fulvicauda;bird;North America+South America;North America 52|South America 48;160120;Aves/ACCEPTED
Myiothlypis leucoblephara;bird;South America;South America 100;72733;Aves/ACCEPTED
Myiothlypis leucophrys;bird;South America;South America 100;2090;Aves/ACCEPTED
Myiothlypis luteoviridis;bird;South America;South America 100;15193;Aves/ACCEPTED
Myiothlypis nigrocristata;bird;South America;South America 100;54954;Aves/ACCEPTED
Myiothlypis rivularis;bird;South America;South America 100;19671;Aves/ACCEPTED
Myiothlypis roraimae;bird;South America;South America 100;65;Aves/SYNONYM
Myiothlypis signata;bird;South America;South America 100;5494;Aves/ACCEPTED
Myiotriccus ornatus;bird;South America;South America 100;61939;Aves/ACCEPTED
Myiozetetes cayanensis;bird;South America+North America;South America 91|North America 9;328601;Aves/ACCEPTED
Myiozetetes granadensis;bird;North America+South America;North America 77|South America 23;129110;Aves/ACCEPTED
Myiozetetes luteiventris;bird;South America;South America 100;6987;Aves/ACCEPTED
Myiozetetes similis;bird;North America+South America;North America 73|South America 27;1202803;Aves/ACCEPTED
Myocastor coypus;mammal;Europe+North America;Europe 88|North America 6|South America 3|Asia 2;178500;Mammalia/ACCEPTED
Myophonus blighi;bird;Asia;Asia 100;1360;Aves/ACCEPTED
Myophonus borneensis;bird;Asia;Asia 100;5187;Aves/ACCEPTED
Myophonus caeruleus;bird;Asia;Asia 100;177626;Aves/ACCEPTED
Myophonus castaneus;bird;Asia;Asia 99;480;Aves/ACCEPTED
Myophonus glaucinus;bird;Asia;Asia 82|Europe 1;402;Aves/ACCEPTED
Myophonus horsfieldii;bird;Asia;Asia 100;78452;Aves/ACCEPTED
Myophonus insularis;bird;Asia;Asia 100;55763;Aves/ACCEPTED
Myophonus melanurus;bird;Asia;Asia 99;1027;Aves/ACCEPTED
Myopornis boehmi;bird;;;;labels
Myornis senilis;bird;South America;South America 100;9928;Aves/ACCEPTED
Myotis dasycneme;mammal;Europe;Europe 98;10153;Mammalia/ACCEPTED
Myotis nattereri;mammal;Europe;Europe 99;114603;Mammalia/ACCEPTED
Myrmeciza longipes;bird;South America+North America;South America 66|North America 34;34933;Aves/ACCEPTED
Myrmecocichla aethiops;bird;Africa;Africa 100;16141;Aves/ACCEPTED
Myrmecocichla arnotti;bird;Africa;Africa 99;7156;Aves/SYNONYM
Myrmecocichla collaris;bird;Africa;Africa 70;23;Aves/SYNONYM
Myrmecocichla formicivora;bird;Africa;Africa 100;111727;Aves/ACCEPTED
Myrmecocichla melaena;bird;Africa;Africa 100;1139;Aves/ACCEPTED
Myrmecocichla monticola;bird;Africa;Africa 100;66236;Aves/SYNONYM
Myrmecocichla nigra;bird;Africa;Africa 100;16339;Aves/ACCEPTED
Myrmelastes humaythae;bird;South America;South America 100;695;Aves/SYNONYM
Myrmelastes hyperythrus;bird;South America;South America 100;11561;Aves/SYNONYM
Myrmelastes leucostigma;bird;South America;South America 100;10020;Aves/SYNONYM
Myrmelastes rufifacies;bird;South America;South America 99|North America 1;1182;Aves/SYNONYM
Myrmelastes saturatus;bird;South America;South America 100;218;Aves/SYNONYM
Myrmelastes schistaceus;bird;South America;South America 99|North America 1;1013;Aves/SYNONYM
Myrmeleotettix maculatus;insect;Europe;Europe 100;77599;Insecta/ACCEPTED
Myrmia micrura;bird;South America;South America 100;5592;Aves/ACCEPTED
Myrmoborus leucophrys;bird;South America;South America 99;22146;Aves/ACCEPTED
Myrmoborus lophotes;bird;South America;South America 100;5688;Aves/SYNONYM
Myrmoborus lugubris;bird;South America;South America 100;2261;Aves/ACCEPTED
Myrmoborus melanurus;bird;South America;South America 100;1400;Aves/ACCEPTED
Myrmoborus myotherinus;bird;South America;South America 99;30190;Aves/ACCEPTED
Myrmochanes hemileucus;bird;South America;South America 100;2599;Aves/ACCEPTED
Myrmoderus eowilsoni;bird;South America;South America 100;343;Aves/ACCEPTED
Myrmoderus ferrugineus;bird;South America;South America 100;6014;Aves/SYNONYM
Myrmoderus loricatus;bird;South America;South America 99;4852;Aves/SYNONYM
Myrmoderus ruficauda;bird;South America;South America 99;1568;Aves/SYNONYM
Myrmoderus squamosus;bird;South America;South America 100;15083;Aves/SYNONYM
Myrmophylax atrothorax;bird;South America;South America 100;19107;Aves/SYNONYM
Myrmorchilus strigilatus;bird;South America;South America 100;13375;Aves/ACCEPTED
Myrmornis torquata;bird;South America+North America;South America 69|North America 30;1864;Aves/ACCEPTED
Myrmothera berlepschi;bird;South America;South America 99;4720;Aves/SYNONYM
Myrmothera campanisona;bird;South America;South America 100;15161;Aves/ACCEPTED
Myrmothera dives;bird;North America+South America;North America 85|South America 15;19795;Aves/SYNONYM
Myrmothera fulviventris;bird;South America;South America 98|North America 1;1845;Aves/SYNONYM
Myrmothera simplex;bird;South America;South America 97;732;Aves/ACCEPTED
Myrmothera subcanescens;bird;South America;South America 100;1104;Aves/ACCEPTED
Myrmotherula ambigua;bird;South America;South America 100;832;Aves/ACCEPTED
Myrmotherula assimilis;bird;South America;South America 100;2189;Aves/ACCEPTED
Myrmotherula axillaris;bird;South America+North America;South America 73|North America 27;67984;Aves/ACCEPTED
Myrmotherula brachyura;bird;South America;South America 100;22580;Aves/ACCEPTED
Myrmotherula cherriei;bird;South America;South America 99;3422;Aves/ACCEPTED
Myrmotherula ignota;bird;South America+North America;South America 53|North America 47;10257;Aves/ACCEPTED
Myrmotherula iheringi;bird;South America;South America 98|North America 1;1399;Aves/ACCEPTED
Myrmotherula klagesi;bird;South America;South America 100;857;Aves/ACCEPTED
Myrmotherula longicauda;bird;South America;South America 100;5622;Aves/ACCEPTED
Myrmotherula longipennis;bird;South America;South America 99;12999;Aves/ACCEPTED
Myrmotherula luctuosa;bird;South America;South America 100;88;Aves/ACCEPTED
Myrmotherula menetriesii;bird;South America;South America 99;17296;Aves/ACCEPTED
Myrmotherula minor;bird;South America;South America 100;1621;Aves/ACCEPTED
Myrmotherula multostriata;bird;South America;South America 100;10798;Aves/ACCEPTED
Myrmotherula pacifica;bird;South America+North America;South America 87|North America 13;18517;Aves/ACCEPTED
Myrmotherula schisticolor;bird;North America+South America;North America 55|South America 45;40665;Aves/ACCEPTED
Myrmotherula sclateri;bird;South America;South America 100;5049;Aves/ACCEPTED
Myrmotherula snowi;bird;South America;South America 99;181;Aves/ACCEPTED
Myrmotherula sunensis;bird;South America;South America 99;249;Aves/ACCEPTED
Myrmotherula surinamensis;bird;South America+North America;South America 96|North America 3;3387;Aves/ACCEPTED
Myrmotherula unicolor;bird;South America;South America 100;8103;Aves/ACCEPTED
Myrmotherula urosticta;bird;South America;South America 99;1143;Aves/ACCEPTED
Myrtis fanny;bird;South America;South America 99;11391;Aves/ACCEPTED
Mystacornis crossleyi;bird;Africa;Africa 99;1732;Aves/ACCEPTED
Myza celebensis;bird;Asia;Asia 91;1041;Aves/ACCEPTED
Myza sarasinorum;bird;Asia;Asia 94;459;Aves/ACCEPTED
Myzomela adolphinae;bird;Oceania;Oceania 99;1580;Aves/ACCEPTED
Myzomela caledonica;bird;Oceania;Oceania 100;1353;Aves/ACCEPTED
Myzomela cardinalis;bird;Oceania;Oceania 93;5410;Aves/ACCEPTED
Myzomela chloroptera;bird;Asia;Asia 97;1777;Aves/ACCEPTED
Myzomela cruentata;bird;Oceania+Asia;Oceania 88|Asia 9;691;Aves/ACCEPTED
Myzomela erythrocephala;bird;Oceania;Oceania 99;16800;Aves/ACCEPTED
Myzomela jugularis;bird;Oceania;Oceania 100;4687;Aves/ACCEPTED
Myzomela lafargei;bird;Oceania;Oceania 81;431;Aves/ACCEPTED
Myzomela nigriventris;bird;Oceania;Oceania 98;1577;Aves/SYNONYM
Myzomela obscura;bird;Oceania;Oceania 100;84106;Aves/ACCEPTED
Myzomela rosenbergii;bird;Oceania+Asia;Oceania 95|Asia 3;5181;Aves/ACCEPTED
Myzomela rubratra;bird;Oceania;Oceania 98;10972;Aves/ACCEPTED
Myzomela sanguinolenta;bird;Oceania;Oceania 100;204846;Aves/ACCEPTED
Myzomela sclateri;bird;Oceania;Oceania 92;351;Aves/ACCEPTED
Myzornis pyrrhoura;bird;Asia;Asia 100;3647;Aves/ACCEPTED
Namibornis herero;bird;Africa;Africa 99;975;Aves/ACCEPTED
Nannopsittaca dachilleae;bird;South America;South America 100;998;Aves/ACCEPTED
Nannopsittaca panychlora;bird;South America;South America 99;811;Aves/ACCEPTED
Nannopsittacus melanogenia;bird;;;;labels
Nannopterum auritum;bird;North America;North America 100;10562064;Aves/SYNONYM
Nannopterum brasilianum;bird;North America+South America;North America 62|South America 38;1541271;Aves/SYNONYM
Napothera albostriata;bird;Asia;Asia 99;288;Aves/SYNONYM
Napothera danjoui;bird;Asia;Asia 99;663;Aves/SYNONYM
Napothera epilepidota;bird;Asia;Asia 97;4171;Aves/ACCEPTED
Napothera malacoptila;bird;Asia;Asia 100;2072;Aves/SYNONYM
Nasalis larvatus;mammal;Asia;Asia 90;2973;Mammalia/ACCEPTED
Nasica longirostris;bird;South America;South America 100;17639;Aves/ACCEPTED
Nasua narica;mammal;North America;North America 97;26617;Mammalia/ACCEPTED
Nasua nasua;mammal;South America;South America 93|North America 1;14340;Mammalia/ACCEPTED
Nectarinia famosa;bird;Africa;Africa 100;108215;Aves/ACCEPTED
Nectarinia johnstoni;bird;Africa;Africa 94;1092;Aves/ACCEPTED
Nectarinia kilimensis;bird;Africa;Africa 100;41663;Aves/ACCEPTED
Nectarinia tacazze;bird;Africa;Africa 99;9940;Aves/ACCEPTED
Neduba steindachneri;insect;North America;North America 100;438;Insecta/ACCEPTED
Nemobius sylvestris;insect;Europe;Europe 100;141353;Insecta/ACCEPTED
Nemosia pileata;bird;South America;South America 99;38517;Aves/ACCEPTED
Nengetus cinereus;bird;South America;South America 100;32574;Aves/SYNONYM
Neochmia phaeton;bird;Oceania;Oceania 99;47814;Aves/ACCEPTED
Neochmia temporalis;bird;Oceania;Oceania 100;561951;Aves/ACCEPTED
Neocicada hieroglyphica;insect;North America;North America 92;3448;Insecta/ACCEPTED
Neoconocephalus bivocatus;insect;North America;North America 89;63;Insecta/ACCEPTED
Neoconocephalus ensiger;insect;North America;North America 93;1434;Insecta/ACCEPTED
Neoconocephalus retusus;insect;North America;North America 92;1296;Insecta/ACCEPTED
Neoconocephalus robustus;insect;North America;North America 88;380;Insecta/ACCEPTED
Neoconocephalus triops;insect;North America;North America 94|South America 2;7563;Insecta/ACCEPTED
Neocossyphus finschi;bird;Africa;Africa 100;2795;Aves/SYNONYM
Neocossyphus fraseri;bird;Africa;Africa 99;6646;Aves/SYNONYM
Neocossyphus poensis;bird;Africa;Africa 99;5109;Aves/ACCEPTED
Neocossyphus rufus;bird;Africa;Africa 99;3604;Aves/ACCEPTED
Neoctantes niger;bird;South America;South America 99;1393;Aves/ACCEPTED
Neocurtilla hexadactyla;insect;North America+South America;North America 77|South America 12;1986;Insecta/ACCEPTED
Neodrepanis coruscans;bird;Africa;Africa 100;2119;Aves/ACCEPTED
Neogale vison;mammal;;;;labels
Neohierax insignis;bird;Asia;Asia 99;1531;Aves/SYNONYM
Neolalage banksiana;bird;Oceania;Oceania 99;342;Aves/ACCEPTED
Neolestes torquatus;bird;Africa;Africa 98;610;Aves/ACCEPTED
Neomixis striatigula;bird;Africa;Africa 100;5262;Aves/ACCEPTED
Neomixis tenella;bird;Africa;Africa 100;10513;Aves/ACCEPTED
Neomixis viridis;bird;Africa;Africa 100;2782;Aves/ACCEPTED
Neomorphus geoffroyi;bird;North America+South America;North America 79|South America 21;2484;Aves/ACCEPTED
Neomorphus radiolosus;bird;South America;South America 100;483;Aves/ACCEPTED
Neomorphus rufipennis;bird;South America;South America 99;606;Aves/ACCEPTED
Neonemobius cubensis;insect;North America;North America 98;144;Insecta/ACCEPTED
Neonemobius mormonius;insect;North America;North America 94;524;Insecta/ACCEPTED
Neopelma aurifrons;bird;South America;South America 99;777;Aves/ACCEPTED
Neopelma chrysocephalum;bird;South America;South America 99;3838;Aves/ACCEPTED
Neopelma chrysolophum;bird;South America;South America 100;4695;Aves/ACCEPTED
Neopelma pallescens;bird;South America;South America 100;7362;Aves/ACCEPTED
Neopelma sulphureiventer;bird;South America;South America 98;1413;Aves/ACCEPTED
Neophedina cincta;bird;Africa;Africa 100;43913;Aves/SYNONYM
Neophema chrysostoma;bird;Oceania;Oceania 99;32964;Aves/ACCEPTED
Neophema elegans;bird;Oceania;Oceania 99;29932;Aves/ACCEPTED
Neophema petrophila;bird;Oceania;Oceania 99;6694;Aves/ACCEPTED
Neophema pulchella;bird;Oceania;Oceania 98;22813;Aves/ACCEPTED
Neophema splendida;bird;Oceania;Oceania 80|North America 1|Europe 1;2113;Aves/ACCEPTED
Neophilydor erythrocercum;bird;South America;South America 95|North America 2;1245;Aves/ACCEPTED/via Philydor erythrocercum
Neophilydor fuscipenne;bird;South America+North America;South America 79|North America 20;199;Aves/ACCEPTED/via Philydor fuscipenne
Neophron percnopterus;bird;Europe+Asia+Africa;Europe 56|Asia 38|Africa 5;197826;Aves/ACCEPTED
Neopipo cinnamomea;bird;South America;South America 99;1267;Aves/ACCEPTED
Neopsephotus bourkii;bird;Oceania;Oceania 97;12673;Aves/ACCEPTED
Neopsittacus musschenbroekii;bird;Oceania;Oceania 91|Asia 3;2703;Aves/ACCEPTED
Neopsittacus pullicauda;bird;Oceania+Asia;Oceania 90|Asia 4;1656;Aves/ACCEPTED
Neoscapteriscus vicinus;insect;North America;North America 93|South America 2;1324;Insecta/ACCEPTED
Neosericornis citreogularis;bird;Oceania;Oceania 100;60569;Aves/SYNONYM
Neotamias merriami;mammal;North America;North America 96;4892;Mammalia/SYNONYM
Neotamias sonomae;mammal;North America;North America 99;1981;Mammalia/SYNONYM
Neothraupis fasciata;bird;South America;South America 100;5897;Aves/ACCEPTED
Neotibicen auriferus;insect;North America;North America 90;717;Insecta/SYNONYM
Neotibicen canicularis;insect;North America;North America 94;6445;Insecta/ACCEPTED
Neotibicen davisi;insect;North America;North America 91;1078;Insecta/ACCEPTED
Neotibicen linnei;insect;North America;North America 87;1965;Insecta/ACCEPTED
Neotibicen lyricen;insect;North America;North America 94;5279;Insecta/ACCEPTED
Neotibicen pruinosus;insect;North America;North America 96;6969;Insecta/ACCEPTED
Neotibicen robinsonianus;insect;North America;North America 96;1582;Insecta/ACCEPTED
Neotibicen superbus;insect;North America;North America 98;6895;Insecta/ACCEPTED
Neotibicen tibicen;insect;North America;North America 96;12814;Insecta/ACCEPTED
Neotibicen winnemanna;insect;North America;North America 97;996;Insecta/ACCEPTED
Neoxabea bipunctata;insect;North America;North America 96;7571;Insecta/ACCEPTED
Neoxolmis coronatus;bird;South America;South America 100;7166;Aves/SYNONYM
Neoxolmis rufiventris;bird;South America;South America 100;4838;Aves/ACCEPTED
Nephelomyias lintoni;bird;South America;South America 100;1180;Aves/SYNONYM
Nephelomyias ochraceiventris;bird;South America;South America 99|North America 1;1365;Aves/SYNONYM
Nephelomyias pulcher;bird;South America;South America 100;11083;Aves/SYNONYM
Nephelornis oneilli;bird;South America;South America 100;726;Aves/ACCEPTED
Nesillas lantzii;bird;Africa;Africa 100;2947;Aves/ACCEPTED
Nesillas typica;bird;Africa;Africa 100;8056;Aves/ACCEPTED
Nesocharis shelleyi;bird;Africa;Africa 93;383;Aves/ACCEPTED
Nesoctites micromegas;bird;North America;North America 100;4952;Aves/ACCEPTED
Nesoenas mayeri;bird;Africa;Africa 94;1610;Aves/ACCEPTED
Nesoenas picturatus;bird;Africa;Africa 99|Asia 1;17225;Aves/ACCEPTED
Nesophlox evelynae;bird;North America;North America 100;12381;Aves/ACCEPTED
Nesoptilotis flavicollis;bird;Oceania;Oceania 100;72982;Aves/ACCEPTED
Nesoptilotis leucotis;bird;Oceania;Oceania 100;260728;Aves/ACCEPTED
Nesospingus speculiferus;bird;North America;North America 100;7191;Aves/ACCEPTED
Nesotriccus maranonicus;bird;South America;South America 100;1879;Aves/SYNONYM
Nesotriccus murinus;bird;South America+North America;South America 95|North America 4;60126;Aves/SYNONYM
Nesotriccus tumbezanus;bird;South America;South America 100;3482;Aves/SYNONYM
Nestor meridionalis;bird;Oceania;Oceania 100;51228;Aves/ACCEPTED
Nestor notabilis;bird;Oceania;Oceania 99;15684;Aves/ACCEPTED
Netta erythrophthalma;bird;Africa+South America;Africa 96|South America 3;49572;Aves/ACCEPTED
Netta peposaca;bird;South America;South America 98|Europe 1;42685;Aves/ACCEPTED
Netta rufina;bird;Europe+Asia;Europe 89|Asia 10;434274;Aves/ACCEPTED
Nettapus auritus;bird;Africa;Africa 98;15978;Aves/ACCEPTED
Nettapus coromandelianus;bird;Asia+Oceania;Asia 86|Oceania 14;93775;Aves/ACCEPTED
Nettapus pulchellus;bird;Oceania;Oceania 100;37176;Aves/ACCEPTED
Newtonia amphichroa;bird;Africa;Africa 99;1781;Aves/ACCEPTED
Newtonia archboldi;bird;Africa;Africa 99;1314;Aves/ACCEPTED
Newtonia brunneicauda;bird;Africa;Africa 100;10173;Aves/ACCEPTED
Nicator chloris;bird;Africa;Africa 99;11932;Aves/ACCEPTED
Nicator gularis;bird;Africa;Africa 100;21178;Aves/ACCEPTED
Nicator vireo;bird;Africa;Africa 99;1233;Aves/ACCEPTED
Nidirana adenopleura;amphibian;Asia;Asia 100;15331;Amphibia/ACCEPTED
Nigrita bicolor;bird;Africa;Africa 99;4971;Aves/ACCEPTED
Nigrita canicapillus;bird;Africa;Africa 100;20884;Aves/ACCEPTED
Nigrita fusconotus;bird;Africa;Africa 100;8415;Aves/ACCEPTED
Nilaus afer;bird;Africa;Africa 100;101036;Aves/ACCEPTED
Niltava davidi;bird;Asia;Asia 99;1913;Aves/ACCEPTED
Niltava grandis;bird;Asia;Asia 100;22662;Aves/ACCEPTED
Niltava macgrigoriae;bird;Asia;Asia 100;26966;Aves/ACCEPTED
Niltava sundara;bird;Asia;Asia 100;26102;Aves/ACCEPTED
Niltava vivida;bird;Asia;Asia 100;34316;Aves/ACCEPTED
Ninox affinis;bird;Asia;Asia 100;1746;Aves/ACCEPTED
Ninox boobook;bird;Oceania;Oceania 99|Asia 1;111700;Aves/ACCEPTED
Ninox connivens;bird;Oceania;Oceania 99|Asia 1;24596;Aves/ACCEPTED
Ninox fusca;bird;Asia;Asia 100;414;Aves/SYNONYM
Ninox hypogramma;bird;Asia;Asia 95;446;Aves/ACCEPTED
Ninox ios;bird;Asia;Asia 100;488;Aves/ACCEPTED
Ninox jacquinoti;bird;Oceania;Oceania 98|Asia 1;252;Aves/ACCEPTED
Ninox japonica;bird;Asia;Asia 100;74813;Aves/ACCEPTED
Ninox leucopsis;bird;Oceania;Oceania 100;5259;Aves/SYNONYM
Ninox novaeseelandiae;bird;Oceania;Oceania 100;88014;Aves/ACCEPTED
Ninox obscura;bird;Asia;Asia 100;2485;Aves/ACCEPTED
Ninox ochracea;bird;Asia;Asia 99;939;Aves/ACCEPTED
Ninox philippensis;bird;Asia;Asia 100;2441;Aves/ACCEPTED
Ninox plesseni;bird;Asia;Asia 99;114;Aves/ACCEPTED
Ninox punctulata;bird;Asia;Asia 93;672;Aves/ACCEPTED
Ninox randi;bird;Asia;Asia 100;808;Aves/ACCEPTED
Ninox rufa;bird;Oceania;Oceania 99;4992;Aves/ACCEPTED
Ninox rumseyi;bird;Asia;Asia 100;212;Aves/ACCEPTED
Ninox scutulata;bird;Asia;Asia 99;36620;Aves/ACCEPTED
Ninox spilocephala;bird;Asia;Asia 100;636;Aves/ACCEPTED
Ninox strenua;bird;Oceania;Oceania 100;48006;Aves/ACCEPTED
Ninox sumbaensis;bird;Asia;Asia 100;218;Aves/ACCEPTED
Ninox theomacha;bird;Oceania;Oceania 99;1876;Aves/ACCEPTED
Nipponia nippon;bird;Asia;Asia 97;1555;Aves/ACCEPTED
Nisaetus alboniger;bird;Asia;Asia 100;5581;Aves/ACCEPTED
Nisaetus bartelsi;bird;Asia;Asia 97;1113;Aves/ACCEPTED
Nisaetus cirrhatus;bird;Asia;Asia 100;86272;Aves/ACCEPTED
Nisaetus floris;bird;Asia;Asia 98;382;Aves/ACCEPTED
Nisaetus kelaarti;bird;Asia;Asia 100;2538;Aves/ACCEPTED
Nisaetus lanceolatus;bird;Asia;Asia 97;1487;Aves/ACCEPTED
Nisaetus nanus;bird;Asia;Asia 100;8163;Aves/ACCEPTED
Nisaetus nipalensis;bird;Asia;Asia 99;23593;Aves/ACCEPTED
Nisaetus philippensis;bird;Asia;Asia 100;1073;Aves/ACCEPTED
Noise;noise;;;;
Nomascus gabriellae;mammal;Asia;Asia 99;620;Mammalia/ACCEPTED
Nomonyx dominicus;bird;South America+North America;South America 64|North America 36;14593;Aves/ACCEPTED
Non-Bird;bird;North America;North America 99;7443;Aves/ACCEPTED/via Abeillia abeillei
Nonnula brunnea;bird;South America;South America 99;1560;Aves/ACCEPTED
Nonnula frontalis;bird;North America+South America;North America 73|South America 27;4122;Aves/ACCEPTED
Nonnula rubecula;bird;South America;South America 100;4059;Aves/ACCEPTED
Nonnula ruficapilla;bird;South America;South America 99|North America 1;3090;Aves/ACCEPTED
Nonnula sclateri;bird;South America;South America 100;474;Aves/ACCEPTED
Northiella haematogaster;bird;Oceania;Oceania 100;66970;Aves/ACCEPTED
Notharchus hyperrhynchus;bird;North America+South America;North America 74|South America 26;44932;Aves/ACCEPTED
Notharchus macrorhynchos;bird;South America+North America;South America 94|North America 5;3304;Aves/ACCEPTED
Notharchus ordii;bird;South America;South America 100;2943;Aves/ACCEPTED
Notharchus pectoralis;bird;North America+South America;North America 76|South America 24;16141;Aves/ACCEPTED
Notharchus swainsoni;bird;South America;South America 100;3642;Aves/ACCEPTED
Notharchus tectus;bird;South America+North America;South America 51|North America 49;27079;Aves/ACCEPTED
Nothocercus bonapartei;bird;South America+North America;South America 50|North America 49;8174;Aves/ACCEPTED
Nothocercus julius;bird;South America;South America 100;6076;Aves/ACCEPTED
Nothocercus nigrocapillus;bird;South America;South America 100;2197;Aves/ACCEPTED
Nothocrax urumutum;bird;South America;South America 97;2383;Aves/ACCEPTED
Nothoprocta cinerascens;bird;South America;South America 100;13348;Aves/ACCEPTED
Nothoprocta curvirostris;bird;South America;South America 99;1084;Aves/ACCEPTED
Nothoprocta ornata;bird;South America;South America 100;7211;Aves/ACCEPTED
Nothoprocta pentlandii;bird;South America;South America 100;10891;Aves/ACCEPTED
Nothoprocta perdicaria;bird;South America+Oceania;South America 96|Oceania 3;13646;Aves/ACCEPTED
Nothoprocta taczanowskii;bird;South America;South America 100;503;Aves/ACCEPTED
Nothura boraquira;bird;South America;South America 100;3799;Aves/ACCEPTED
Nothura darwinii;bird;South America;South America 99;2573;Aves/ACCEPTED
Nothura maculosa;bird;South America;South America 100;59162;Aves/ACCEPTED
Nothura minor;bird;South America;South America 97;293;Aves/ACCEPTED
Notiomystis cincta;bird;Oceania;Oceania 100;9377;Aves/ACCEPTED
Notopholia corusca;bird;Africa;Africa 99;52331;Aves/ACCEPTED
Notopsalta sericea;insect;Oceania;Oceania 95;921;Insecta/ACCEPTED
Nucifraga caryocatactes;bird;Europe;Europe 97|Asia 3;365865;Aves/ACCEPTED
Nucifraga columbiana;bird;North America;North America 100;334685;Aves/ACCEPTED
Nucifraga hemispila;bird;Asia;Asia 100;26179;Aves/ACCEPTED
Nucifraga multipunctata;bird;Asia;Asia 99;857;Aves/ACCEPTED
Numenius americanus;bird;North America;North America 100;589649;Aves/ACCEPTED
Numenius arquata;bird;Europe+Asia;Europe 95|Asia 4|Africa 1;2559295;Aves/ACCEPTED
Numenius hudsonicus;bird;North America+South America;North America 82|South America 16|Europe 1;30136;Aves/ACCEPTED
Numenius madagascariensis;bird;Oceania+Asia;Oceania 82|Asia 16;139491;Aves/ACCEPTED
Numenius minutus;bird;Oceania+Asia+Europe;Oceania 58|Asia 25|Europe 16|North America 1;17909;Aves/ACCEPTED
Numenius phaeopus;bird;Global;North America 38|Europe 36|Asia 7|South America 7|Oceania 6|Africa 4;1746601;Aves/ACCEPTED
Numenius tahitiensis;bird;Oceania+North America;Oceania 67|North America 29;13138;Aves/ACCEPTED
Numida meleagris;bird;Africa;Africa 94|North America 3|Oceania 2;507458;Aves/ACCEPTED
Nyctanassa violacea;bird;North America+South America;North America 94|South America 6;885691;Aves/ACCEPTED
Nyctibius aethereus;bird;South America;South America 99;3397;Aves/ACCEPTED
Nyctibius bracteatus;bird;South America;South America 99;1481;Aves/SYNONYM
Nyctibius grandis;bird;South America+North America;South America 61|North America 39;48729;Aves/ACCEPTED
Nyctibius griseus;bird;South America+North America;South America 84|North America 16;81779;Aves/ACCEPTED
Nyctibius jamaicensis;bird;North America;North America 100;21349;Aves/ACCEPTED
Nyctibius leucopterus;bird;South America;South America 100;1289;Aves/ACCEPTED
Nyctibius maculosus;bird;South America;South America 100;2551;Aves/ACCEPTED
Nycticorax caledonicus;bird;Oceania+Asia;Oceania 95|Asia 5;138878;Aves/ACCEPTED
Nycticorax nycticorax;bird;Global;North America 62|Asia 20|South America 7|Europe 7|Africa 2|Oceania 2;3165901;Aves/ACCEPTED
Nycticryphes semicollaris;bird;South America;South America 99;3526;Aves/ACCEPTED
Nyctidromus albicollis;bird;North America+South America;North America 60|South America 40;302441;Aves/ACCEPTED
Nyctidromus anthonyi;bird;South America;South America 100;1198;Aves/ACCEPTED
Nyctiphrynus mcleodii;bird;North America;North America 99;820;Aves/ACCEPTED
Nyctiphrynus ocellatus;bird;South America;South America 98|North America 2;6771;Aves/ACCEPTED
Nyctiphrynus rosenbergi;bird;South America;South America 100;1166;Aves/ACCEPTED
Nyctiphrynus yucatanicus;bird;North America;North America 100;3494;Aves/ACCEPTED
Nyctipolus hirundinaceus;bird;South America;South America 100;1632;Aves/ACCEPTED
Nyctipolus nigrescens;bird;South America;South America 100;9239;Aves/ACCEPTED
Nyctiprogne leucopyga;bird;South America;South America 100;8595;Aves/ACCEPTED
Nyctiprogne vielliardi;bird;South America;South America 100;252;Aves/ACCEPTED
Nyctyornis amictus;bird;Asia;Asia 99;11075;Aves/ACCEPTED
Nyctyornis athertoni;bird;Asia;Asia 100;36013;Aves/ACCEPTED
Nymphicus hollandicus;bird;Oceania;Oceania 95|Europe 3|North America 1;120177;Aves/ACCEPTED
Nystalus chacuru;bird;South America;South America 100;18013;Aves/ACCEPTED
Nystalus maculatus;bird;South America;South America 100;26142;Aves/ACCEPTED
Nystalus obamai;bird;South America;South America 100;5139;Aves/ACCEPTED
Nystalus radiatus;bird;South America+North America;South America 75|North America 25;13315;Aves/ACCEPTED
Nystalus striatipectus;bird;South America;South America 99;387;Aves/ACCEPTED
Nystalus striolatus;bird;South America;South America 100;2190;Aves/ACCEPTED
Occidozyga lima;amphibian;Asia;Asia 97;2866;Amphibia/ACCEPTED
Occidozyga martensii;amphibian;Asia;Asia 98;2656;Amphibia/ACCEPTED
Oceanites gracilis;bird;South America;South America 70;27817;Aves/ACCEPTED
Oceanites oceanicus;bird;North America+Antarctica+Ocean;North America 13|Antarctica 6|South America 2|Oceania 1|Europe 1|Asia 1;220289;Aves/ACCEPTED
Oceanites pincoyae;bird;South America+Ocean;South America 36;872;Aves/ACCEPTED
Oceanodroma castro;bird;Europe+South America+Ocean;Europe 27|South America 7|North America 2|Africa 2|Oceania 1;37273;Aves/ACCEPTED
Oceanodroma leucorhoa;bird;North America+Europe+Ocean;North America 21|Europe 15;125599;Aves/ACCEPTED
Ochetorhynchus andaecola;bird;South America;South America 100;2281;Aves/SYNONYM
Ochetorhynchus melanurus;bird;South America;South America 100;4693;Aves/SYNONYM
Ochetorhynchus phoenicurus;bird;South America;South America 100;5283;Aves/SYNONYM
Ochetorhynchus ruficaudus;bird;South America;South America 100;4403;Aves/SYNONYM
Ochotona collaris;mammal;North America;North America 91;1659;Mammalia/ACCEPTED
Ochotona princeps;mammal;North America;North America 97;20511;Mammalia/ACCEPTED
Ochotona pusilla;mammal;Europe+Asia;Europe 58|Asia 30;137;Mammalia/ACCEPTED
Ochthoeca cinnamomeiventris;bird;South America;South America 100;24665;Aves/ACCEPTED
Ochthoeca diadema;bird;South America;South America 100;16557;Aves/ACCEPTED
Ochthoeca frontalis;bird;South America;South America 100;6499;Aves/ACCEPTED
Ochthoeca fumicolor;bird;South America;South America 100;37190;Aves/ACCEPTED
Ochthoeca jelskii;bird;South America;South America 100;1064;Aves/ACCEPTED
Ochthoeca leucophrys;bird;South America;South America 100;16462;Aves/ACCEPTED
Ochthoeca oenanthoides;bird;South America;South America 100;7979;Aves/ACCEPTED
Ochthoeca piurae;bird;South America;South America 100;735;Aves/ACCEPTED
Ochthoeca pulchella;bird;South America;South America 100;903;Aves/ACCEPTED
Ochthoeca rufipectoralis;bird;South America;South America 100;27192;Aves/ACCEPTED
Ochthoeca salvini;bird;South America;South America 100;1696;Aves/SYNONYM
Ochthoeca superciliosa;bird;South America;South America 99;902;Aves/ACCEPTED
Ochthoeca thoracica;bird;South America;South America 100;3395;Aves/ACCEPTED
Ochthornis littoralis;bird;South America;South America 100;22347;Aves/ACCEPTED
Ocreatus addae;bird;South America;South America 100;6916;Aves/ACCEPTED
Ocreatus peruanus;bird;South America;South America 100;16286;Aves/ACCEPTED
Ocreatus underwoodii;bird;South America;South America 99;84820;Aves/ACCEPTED
Ocyceros birostris;bird;Asia;Asia 100;217522;Aves/ACCEPTED
Ocyceros gingalensis;bird;Asia;Asia 100;10448;Aves/ACCEPTED
Ocyceros griseus;bird;Asia;Asia 100;69851;Aves/ACCEPTED
Ocyphaps lophotes;bird;Oceania;Oceania 100;1236114;Aves/ACCEPTED
Odocoileus hemionus;mammal;North America;North America 99;154009;Mammalia/ACCEPTED
Odocoileus virginianus;mammal;North America+Europe+South America;North America 91|Europe 4|South America 4;370366;Mammalia/ACCEPTED
Odontophorus atrifrons;bird;South America;South America 100;4488;Aves/ACCEPTED
Odontophorus balliviani;bird;South America;South America 100;1178;Aves/ACCEPTED
Odontophorus capueira;bird;South America;South America 100;10148;Aves/ACCEPTED
Odontophorus columbianus;bird;South America;South America 98;505;Aves/ACCEPTED
Odontophorus erythrops;bird;South America;South America 99|North America 1;4940;Aves/ACCEPTED
Odontophorus gujanensis;bird;South America+North America;South America 61|North America 39;12934;Aves/ACCEPTED
Odontophorus guttatus;bird;North America;North America 100;21703;Aves/ACCEPTED
Odontophorus hyperythrus;bird;South America;South America 100;19911;Aves/ACCEPTED
Odontophorus leucolaemus;bird;North America;North America 100;9098;Aves/ACCEPTED
Odontophorus melanonotus;bird;South America;South America 100;9149;Aves/ACCEPTED
Odontophorus melanotis;bird;North America;North America 100;1342;Aves/ACCEPTED
Odontophorus speciosus;bird;South America;South America 100;3808;Aves/ACCEPTED
Odontophorus stellatus;bird;South America;South America 100;3533;Aves/ACCEPTED
Odontophorus strophium;bird;South America;South America 99;729;Aves/ACCEPTED
Odontophrynus asper;amphibian;;;;labels
Odontorchilus branickii;bird;South America;South America 100;3593;Aves/ACCEPTED
Odontorchilus cinereus;bird;South America;South America 100;2165;Aves/ACCEPTED
Odontotaenius disjunctus;insect;North America;North America 97;22321;Insecta/ACCEPTED
Odorrana swinhoana;amphibian;Asia;Asia 100;22906;Amphibia/ACCEPTED
Oecanthus argentinus;insect;North America;North America 94;1434;Insecta/ACCEPTED
Oecanthus californicus;insect;North America;North America 96;2457;Insecta/ACCEPTED
Oecanthus celerinictus;insect;North America;North America 94;512;Insecta/ACCEPTED
Oecanthus dulcisonans;insect;Europe+Africa;Europe 92|Africa 5|Asia 2;914;Insecta/ACCEPTED
Oecanthus euryelytra;insect;Asia;Asia 83;390;Insecta/ACCEPTED
Oecanthus exclamationis;insect;North America;North America 89;367;Insecta/ACCEPTED
Oecanthus forbesi;insect;North America;North America 100;930;Insecta/ACCEPTED
Oecanthus fultoni;insect;North America;North America 93;1498;Insecta/ACCEPTED
Oecanthus latipennis;insect;North America;North America 95;1493;Insecta/ACCEPTED
Oecanthus longicauda;insect;Asia;Asia 90;2178;Insecta/ACCEPTED
Oecanthus nigricornis;insect;North America;North America 96;2613;Insecta/ACCEPTED
Oecanthus niveus;insect;North America;North America 93;4746;Insecta/ACCEPTED
Oecanthus pellucens;insect;Europe;Europe 99;42433;Insecta/ACCEPTED
Oecanthus pini;insect;North America;North America 93;1545;Insecta/ACCEPTED
Oecanthus quadripunctatus;insect;North America;North America 92;2267;Insecta/ACCEPTED
Oecanthus rileyi;insect;North America;North America 98;349;Insecta/ACCEPTED
Oedistoma iliolophus;bird;Oceania;Oceania 94|Asia 2;1985;Aves/ACCEPTED
Oedistoma pygmaeum;bird;Oceania;Oceania 98|Asia 1;1086;Aves/ACCEPTED
Oena capensis;bird;Africa+Asia;Africa 89|Asia 11;205467;Aves/ACCEPTED
Oenanthe albifrons;bird;;;;labels
Oenanthe albonigra;bird;Asia;Asia 100;10247;Aves/ACCEPTED
Oenanthe bottae;bird;Africa+Asia;Africa 73|Asia 26;1961;Aves/ACCEPTED
Oenanthe chrysopygia;bird;Asia;Asia 100;11742;Aves/ACCEPTED
Oenanthe cypriaca;bird;Asia+Europe;Asia 75|Europe 25;9431;Aves/ACCEPTED
Oenanthe deserti;bird;Asia+Europe+Africa;Asia 70|Europe 16|Africa 14;85907;Aves/ACCEPTED
Oenanthe dubia;bird;;;;labels
Oenanthe familiaris;bird;Africa;Africa 100;154102;Aves/ACCEPTED
Oenanthe finschii;bird;Asia+Europe;Asia 83|Europe 15;16842;Aves/ACCEPTED
Oenanthe frenata;bird;Africa;Africa 100;1401;Aves/SYNONYM
Oenanthe fusca;bird;Asia;Asia 100;84099;Aves/ACCEPTED
Oenanthe hispanica;bird;Europe+Asia+Africa;Europe 61|Asia 33|Africa 5;116846;Aves/ACCEPTED
Oenanthe isabellina;bird;Asia+Europe+Africa;Asia 73|Europe 16|Africa 11;127472;Aves/ACCEPTED
Oenanthe leucopyga;bird;Africa+Asia+Europe;Africa 52|Asia 45|Europe 3;34601;Aves/ACCEPTED
Oenanthe leucura;bird;Europe+Africa;Europe 78|Africa 21;48251;Aves/ACCEPTED
Oenanthe lugens;bird;Asia+Africa;Asia 84|Africa 16;19017;Aves/ACCEPTED
Oenanthe lugentoides;bird;Asia;Asia 100;3393;Aves/ACCEPTED
Oenanthe lugubris;bird;Africa;Africa 99;5187;Aves/ACCEPTED
Oenanthe melanoleuca;bird;Asia+Europe;Asia 65|Europe 33|Africa 2;56630;Aves/SYNONYM
Oenanthe melanura;bird;Asia;Asia 97|Africa 3;40767;Aves/ACCEPTED
Oenanthe moesta;bird;Africa;Africa 97|Asia 3;5994;Aves/ACCEPTED
Oenanthe monacha;bird;Asia+Africa;Asia 96|Africa 3;7627;Aves/ACCEPTED
Oenanthe oenanthe;bird;Europe+Asia;Europe 93|Asia 4|Africa 2|North America 1;1809617;Aves/ACCEPTED
Oenanthe picata;bird;Asia;Asia 100;21118;Aves/ACCEPTED
Oenanthe pileata;bird;Africa;Africa 100;71179;Aves/ACCEPTED
Oenanthe pleschanka;bird;Asia+Europe+Africa;Asia 50|Europe 31|Africa 18;45996;Aves/ACCEPTED
Oenanthe scotocerca;bird;Africa;Africa 100;1681;Aves/ACCEPTED
Oenanthe seebohmi;bird;Africa+Europe;Africa 95|Europe 5;3505;Aves/SYNONYM
Ognorhynchus icterotis;bird;South America;South America 100;8643;Aves/ACCEPTED
Okanagana noveboracensis;insect;North America;North America 87;342;Insecta/ACCEPTED
Okanagana occidentalis;insect;North America;North America 89|South America 1;358;Insecta/ACCEPTED
Omocestus raymondi;insect;Europe;Europe 99;6230;Insecta/ACCEPTED
Omocestus rufipes;insect;Europe;Europe 100;72764;Insecta/ACCEPTED
Omocestus viridulus;insect;Europe;Europe 100;141308;Insecta/ACCEPTED
Oncostoma cinereigulare;bird;North America;North America 100;75508;Aves/ACCEPTED
Oncostoma olivaceum;bird;North America+South America;North America 77|South America 23;25888;Aves/ACCEPTED
Ondatra zibethicus;mammal;Europe+North America;Europe 96|North America 3;1537789;Mammalia/ACCEPTED
Oneillornis lunulatus;bird;South America;South America 100;852;Aves/SYNONYM
Oneillornis salvini;bird;South America;South America 99;4544;Aves/SYNONYM
Onychognathus albirostris;bird;Africa;Africa 99;1165;Aves/ACCEPTED
Onychognathus blythii;bird;Africa;Africa 96;764;Aves/ACCEPTED
Onychognathus fulgidus;bird;Africa;Africa 99;3203;Aves/ACCEPTED
Onychognathus morio;bird;Africa;Africa 100;266966;Aves/ACCEPTED
Onychognathus nabouroup;bird;Africa;Africa 100;28877;Aves/ACCEPTED
Onychognathus neumanni;bird;Africa;Africa 100;1170;Aves/ACCEPTED
Onychognathus salvadorii;bird;Africa;Africa 99;2882;Aves/ACCEPTED
Onychognathus tenuirostris;bird;Africa;Africa 99;3289;Aves/ACCEPTED
Onychognathus tristramii;bird;Asia;Asia 100;34036;Aves/ACCEPTED
Onychognathus walleri;bird;Africa;Africa 99;5955;Aves/ACCEPTED
Onychoprion aleuticus;bird;North America+Asia;North America 72|Asia 12|Oceania 3;17207;Aves/ACCEPTED
Onychoprion anaethetus;bird;Oceania+Asia+North America;Oceania 23|Asia 22|North America 13|Africa 2|South America 1|Europe 1;76926;Aves/ACCEPTED
Onychoprion fuscatus;bird;Oceania+North America+Europe;Oceania 33|North America 19|Europe 4|Africa 3|Asia 2|South America 1;84555;Aves/ACCEPTED
Onychoprion lunatus;bird;Oceania+North America;Oceania 64|North America 7;2680;Aves/ACCEPTED
Onychorhynchus coronatus;bird;North America+South America;North America 77|South America 22;36118;Aves/ACCEPTED
Onychorhynchus swainsoni;bird;South America;South America 100;1430;Aves/SYNONYM
Onychostruthus taczanowskii;bird;Asia;Asia 98;2776;Aves/ACCEPTED
Oophaga pumilio;amphibian;North America;North America 99;13682;Amphibia/ACCEPTED
Oophaga sylvatica;amphibian;South America;South America 98;2031;Amphibia/ACCEPTED
Opisthocomus hoazin;bird;South America;South America 100;63518;Aves/ACCEPTED
Opisthoprora euryptera;bird;South America;South America 98;1492;Aves/ACCEPTED
Oporornis agilis;bird;North America;North America 99|South America 1;49330;Aves/ACCEPTED
Orchelimum agile;insect;North America;North America 91;522;Insecta/ACCEPTED
Orchelimum concinnum;insect;North America;North America 87;158;Insecta/ACCEPTED
Orchelimum erythrocephalum;insect;North America;North America 92;416;Insecta/ACCEPTED
Orchelimum minor;insect;North America;North America 94;1125;Insecta/ACCEPTED
Orchelimum nigripes;insect;North America;North America 96;2898;Insecta/ACCEPTED
Orchelimum pulchellum;insect;North America;North America 96;1952;Insecta/ACCEPTED
Orchelimum silvaticum;insect;North America;North America 97;556;Insecta/ACCEPTED
Orchelimum vulgare;insect;North America;North America 89;883;Insecta/ACCEPTED
Orchesticus abeillei;bird;South America;South America 100;3883;Aves/ACCEPTED
Orcinus orca;mammal;North America+Europe+Antarctica;North America 40|Europe 12|Antarctica 4|Oceania 3|South America 1|Asia 1;42349;Mammalia/ACCEPTED
Oreocharis arfaki;bird;Oceania;Oceania 95|Asia 3;2064;Aves/ACCEPTED
Oreoica gutturalis;bird;Oceania;Oceania 100;110845;Aves/ACCEPTED
Oreolais pulcher;bird;Africa;Africa 100;4362;Aves/ACCEPTED
Oreolais ruwenzorii;bird;Africa;Africa 99;3713;Aves/ACCEPTED
Oreomystis bairdi;bird;Oceania+North America;Oceania 81|North America 12;536;Aves/ACCEPTED
Oreonympha nobilis;bird;South America;South America 100;5000;Aves/ACCEPTED
Oreophasis derbianus;bird;North America;North America 98;3003;Aves/ACCEPTED
Oreophilais robertsi;bird;Africa;Africa 100;1196;Aves/ACCEPTED
Oreopholus ruficollis;bird;South America;South America 100;10857;Aves/ACCEPTED
Oreopsar bolivianus;bird;South America;South America 100;1848;Aves/SYNONYM
Oreopsittacus arfaki;bird;Oceania+Asia;Oceania 91|Asia 4;1954;Aves/ACCEPTED
Oreortyx pictus;bird;North America;North America 100;90567;Aves/ACCEPTED
Oreoscoptes montanus;bird;North America;North America 100;166435;Aves/ACCEPTED
Oreoscopus gutturalis;bird;Oceania;Oceania 100;4296;Aves/ACCEPTED
Oreostruthus fuliginosus;bird;Oceania;Oceania 95|Asia 2;645;Aves/ACCEPTED
Oreothlypis gutturalis;bird;North America;North America 100;28373;Aves/ACCEPTED
Oreothlypis superciliosa;bird;North America;North America 100;43489;Aves/ACCEPTED
Oreothraupis arremonops;bird;South America;South America 100;3734;Aves/ACCEPTED
Oreotrochilus adela;bird;South America;South America 99;928;Aves/ACCEPTED
Oreotrochilus chimborazo;bird;South America;South America 99;10253;Aves/ACCEPTED
Oreotrochilus estella;bird;South America;South America 99;7815;Aves/ACCEPTED
Oreotrochilus leucopleurus;bird;South America;South America 99;6687;Aves/ACCEPTED
Oreotrochilus stolzmanni;bird;South America;South America 99;920;Aves/ACCEPTED
Oressochen jubatus;bird;South America;South America 99|North America 1;11362;Aves/ACCEPTED
Oressochen melanopterus;bird;South America;South America 99|Europe 1;37626;Aves/SYNONYM
Origma murina;bird;Oceania;Oceania 96|Asia 2;4097;Aves/SYNONYM
Origma robusta;bird;Oceania;Oceania 96|Asia 1;3294;Aves/SYNONYM
Origma solitaria;bird;Oceania;Oceania 100;14367;Aves/ACCEPTED
Oriolia bernieri;bird;Africa;Africa 97;374;Aves/ACCEPTED
Oriolus albiloris;bird;Asia;Asia 99;334;Aves/ACCEPTED
Oriolus auratus;bird;Africa;Africa 99;20578;Aves/ACCEPTED
Oriolus brachyrynchus;bird;Africa;Africa 100;9916;Aves/ACCEPTED
Oriolus chinensis;bird;Asia;Asia 99;211182;Aves/ACCEPTED
Oriolus chlorocephalus;bird;Africa;Africa 99;1456;Aves/ACCEPTED
Oriolus consanguineus;bird;Asia;Asia 99;6205;Aves/SYNONYM
Oriolus consobrinus;bird;Asia;Asia 100;4077;Aves/ACCEPTED
Oriolus crassirostris;bird;Africa;Africa 99;618;Aves/ACCEPTED
Oriolus cruentus;bird;Asia;Asia 97;6410;Aves/ACCEPTED
Oriolus decipiens;bird;Asia;Asia 98;382;Aves/ACCEPTED
Oriolus flavocinctus;bird;Oceania;Oceania 100;85239;Aves/ACCEPTED
Oriolus kundoo;bird;Asia;Asia 100;275387;Aves/ACCEPTED
Oriolus larvatus;bird;Africa;Africa 100;211531;Aves/ACCEPTED
Oriolus melanotis;bird;Asia;Asia 99;1886;Aves/ACCEPTED
Oriolus monacha;bird;Africa;Africa 99;2029;Aves/ACCEPTED
Oriolus nigripennis;bird;Africa;Africa 99;5027;Aves/ACCEPTED
Oriolus oriolus;bird;Europe+Asia;Europe 94|Asia 4|Africa 2;664486;Aves/ACCEPTED
Oriolus percivali;bird;Africa;Africa 100;6912;Aves/ACCEPTED
Oriolus phaeochromus;bird;Asia;Asia 97;793;Aves/ACCEPTED
Oriolus sagittatus;bird;Oceania;Oceania 100;339267;Aves/ACCEPTED
Oriolus steerii;bird;Asia;Asia 99;1393;Aves/ACCEPTED
Oriolus szalayi;bird;Oceania;Oceania 96|Asia 2;4496;Aves/ACCEPTED
Oriolus tenuirostris;bird;Asia;Asia 100;4616;Aves/ACCEPTED
Oriolus traillii;bird;Asia;Asia 100;63757;Aves/ACCEPTED
Oriolus xanthonotus;bird;Asia;Asia 96;7144;Aves/ACCEPTED
Oriolus xanthornus;bird;Asia;Asia 100;364280;Aves/ACCEPTED
Oriturus superciliosus;bird;North America;North America 100;13622;Aves/ACCEPTED
Ornebius kanetataki;insect;Asia;Asia 79;813;Insecta/ACCEPTED
Ornithion brunneicapillus;bird;North America+South America;North America 73|South America 27;27123;Aves/ACCEPTED
Ornithion inerme;bird;South America;South America 100;13139;Aves/ACCEPTED
Ornithion semiflavum;bird;North America;North America 100;20703;Aves/ACCEPTED
Ornorectes cristatus;bird;Oceania;Oceania 96|Asia 1;680;Aves/ACCEPTED
Orocharis saltator;insect;North America;North America 52|Asia 1;430;Insecta/ACCEPTED
Orochelidon andecola;bird;South America;South America 100;10344;Aves/SYNONYM
Orochelidon flavipes;bird;South America;South America 100;4040;Aves/SYNONYM
Orochelidon murina;bird;South America;South America 100;108031;Aves/SYNONYM
Ortalis araucuan;bird;South America;South America 99;3426;Aves/ACCEPTED
Ortalis canicollis;bird;South America;South America 100;57403;Aves/ACCEPTED
Ortalis cinereiceps;bird;North America;North America 100;156115;Aves/ACCEPTED
Ortalis columbiana;bird;South America;South America 100;108366;Aves/ACCEPTED
Ortalis erythroptera;bird;South America;South America 100;9409;Aves/ACCEPTED
Ortalis garrula;bird;South America;South America 99;13432;Aves/ACCEPTED
Ortalis guttata;bird;;;;labels
Ortalis leucogastra;bird;North America;North America 100;15902;Aves/ACCEPTED
Ortalis motmot;bird;South America;South America 99;7815;Aves/ACCEPTED
Ortalis poliocephala;bird;North America;North America 100;29201;Aves/ACCEPTED
Ortalis ruficauda;bird;South America;South America 100;47704;Aves/ACCEPTED
Ortalis ruficeps;bird;South America;South America 100;421;Aves/ACCEPTED
Ortalis squamata;bird;South America;South America 100;9599;Aves/ACCEPTED
Ortalis superciliaris;bird;South America;South America 97|North America 1;603;Aves/ACCEPTED
Ortalis vetula;bird;North America;North America 100;304627;Aves/ACCEPTED
Ortalis wagleri;bird;North America;North America 100;25490;Aves/ACCEPTED
Orthogonys chloricterus;bird;South America;South America 100;12505;Aves/ACCEPTED
Orthonyx novaeguineae;bird;Oceania;Oceania 98|Asia 1;284;Aves/ACCEPTED
Orthonyx spaldingii;bird;Oceania;Oceania 100;9634;Aves/ACCEPTED
Orthonyx temminckii;bird;Oceania;Oceania 100;34228;Aves/ACCEPTED
Orthopsittaca manilatus;bird;South America;South America 100;53630;Aves/ACCEPTED
Orthorhyncus cristatus;bird;North America;North America 98|South America 1;45656;Aves/ACCEPTED
Orthotomus atrogularis;bird;Asia;Asia 100;70153;Aves/ACCEPTED
Orthotomus castaneiceps;bird;Asia;Asia 100;2632;Aves/ACCEPTED
Orthotomus chaktomuk;bird;Asia;Asia 100;2363;Aves/ACCEPTED
Orthotomus chloronotus;bird;Asia;Asia 100;1578;Aves/ACCEPTED
Orthotomus cinereiceps;bird;Asia;Asia 99;588;Aves/ACCEPTED
Orthotomus derbianus;bird;Asia;Asia 100;5676;Aves/ACCEPTED
Orthotomus frontalis;bird;Asia;Asia 100;2138;Aves/ACCEPTED
Orthotomus nigriceps;bird;Asia;Asia 99;1128;Aves/ACCEPTED
Orthotomus ruficeps;bird;Asia;Asia 100;42302;Aves/ACCEPTED
Orthotomus samarensis;bird;Asia;Asia 100;729;Aves/ACCEPTED
Orthotomus sepium;bird;Asia;Asia 97;9739;Aves/ACCEPTED
Orthotomus sericeus;bird;Asia;Asia 100;21779;Aves/ACCEPTED
Orthotomus sutorius;bird;Asia;Asia 100;1169542;Aves/ACCEPTED
Ortygornis gularis;bird;Asia;Asia 100;6549;Aves/ACCEPTED
Ortygornis pondicerianus;bird;Asia+Oceania;Asia 92|Oceania 7;411489;Aves/ACCEPTED
Ortygornis sephaena;bird;Africa;Africa 100;129587;Aves/ACCEPTED
Ortygospiza atricollis;bird;Africa;Africa 100;56564;Aves/ACCEPTED
Osteocephalus oophagus;amphibian;South America;South America 99;695;Amphibia/ACCEPTED
Osteopilus dominicensis;amphibian;North America;North America 98;2665;Amphibia/ACCEPTED
Osteopilus septentrionalis;amphibian;North America;North America 98|South America 1;31262;Amphibia/ACCEPTED
Otidiphaps nobilis;bird;Oceania+Asia;Oceania 76|Asia 4|Europe 2;1106;Aves/ACCEPTED
Otis tarda;bird;Europe;Europe 97|Asia 2;70492;Aves/ACCEPTED
Otocichla mupinensis;bird;Asia;Asia 99;2224;Aves/SYNONYM
Otolemur crassicaudatus;mammal;Africa;Africa 76|Asia 2|North America 2;1780;Mammalia/ACCEPTED
Otospermophilus beecheyi;mammal;North America;North America 98;55749;Mammalia/ACCEPTED
Otospermophilus douglasii;mammal;;;;labels
Otospermophilus variegatus;mammal;North America;North America 96;26960;Mammalia/ACCEPTED
Otus alfredi;bird;Asia;Asia 90;40;Aves/ACCEPTED
Otus bakkamoena;bird;Asia;Asia 99;35126;Aves/ACCEPTED
Otus balli;bird;Asia;Asia 100;1462;Aves/ACCEPTED
Otus brucei;bird;Asia;Asia 99;3688;Aves/ACCEPTED
Otus cyprius;bird;Asia+Europe;Asia 69|Europe 31;1708;Aves/ACCEPTED
Otus elegans;bird;Asia;Asia 94;3698;Aves/ACCEPTED
Otus everetti;bird;Asia;Asia 99;1244;Aves/ACCEPTED
Otus fuliginosus;bird;Asia;Asia 100;590;Aves/ACCEPTED
Otus gurneyi;bird;Asia;Asia 100;1082;Aves/ACCEPTED
Otus hartlaubi;bird;Africa;Africa 100;255;Aves/ACCEPTED
Otus insularis;bird;Africa;Africa 98;180;Aves/ACCEPTED
Otus lempiji;bird;Asia;Asia 70;1660;Aves/ACCEPTED
Otus lettia;bird;Asia;Asia 100;63754;Aves/ACCEPTED
Otus longicornis;bird;Asia;Asia 99;547;Aves/ACCEPTED
Otus madagascariensis;bird;Africa;Africa 100;20;Aves/ACCEPTED
Otus magicus;bird;Asia;Asia 98;1978;Aves/ACCEPTED
Otus manadensis;bird;Asia;Asia 92;1974;Aves/ACCEPTED
Otus mantananensis;bird;Asia;Asia 100;806;Aves/ACCEPTED
Otus megalotis;bird;Asia;Asia 100;1639;Aves/ACCEPTED
Otus mirus;bird;Asia;Asia 99;411;Aves/ACCEPTED
Otus nigrorum;bird;Asia;Asia 100;269;Aves/ACCEPTED
Otus pamelae;bird;Asia;Asia 99;1434;Aves/ACCEPTED
Otus podarginus;bird;Oceania;Oceania 97;450;Aves/SYNONYM
Otus rufescens;bird;Asia;Asia 99;1369;Aves/ACCEPTED
Otus rutilus;bird;Africa;Africa 99;5096;Aves/ACCEPTED
Otus sagittatus;bird;Asia;Asia 100;1234;Aves/ACCEPTED
Otus scops;bird;Europe+Asia;Europe 89|Asia 10|Africa 1;145633;Aves/ACCEPTED
Otus semitorques;bird;Asia;Asia 94;875;Aves/ACCEPTED
Otus senegalensis;bird;Africa;Africa 100;27622;Aves/ACCEPTED
Otus spilocephalus;bird;Asia;Asia 100;577331;Aves/ACCEPTED
Otus sunia;bird;Asia;Asia 99;21111;Aves/ACCEPTED
Otus umbra;bird;Asia;Asia 99;96;Aves/ACCEPTED
Ovis aries;domestic;Europe+South America;Europe 90|South America 4|Oceania 2|Asia 1|North America 1;167662;Mammalia/ACCEPTED
Oxylabes madagascariensis;bird;Africa;Africa 100;2040;Aves/ACCEPTED
Oxypogon guerinii;bird;South America;South America 95;3275;Aves/ACCEPTED
Oxyruncus cristatus;bird;South America+North America;South America 83|North America 17;9784;Aves/ACCEPTED
Oxyura ferruginea;bird;South America;South America 100;51607;Aves/ACCEPTED
Oxyura jamaicensis;bird;North America;North America 98|Europe 2;3022049;Aves/ACCEPTED
Oxyura leucocephala;bird;Europe+Asia+Africa;Europe 81|Asia 14|Africa 3;60360;Aves/ACCEPTED
Oxyura vittata;bird;South America;South America 100;43980;Aves/ACCEPTED
Pacarina puella;insect;North America;North America 82;2450;Insecta/ACCEPTED
Pachycare flavogriseum;bird;Oceania+Asia;Oceania 93|Asia 4;1462;Aves/ACCEPTED
Pachycephala albiventris;bird;Asia;Asia 99;1136;Aves/ACCEPTED
Pachycephala arctitorquis;bird;Asia;Asia 87;662;Aves/ACCEPTED
Pachycephala balim;bird;Oceania;Oceania 100;192;Aves/ACCEPTED
Pachycephala caledonica;bird;Oceania;Oceania 97;1566;Aves/ACCEPTED
Pachycephala chlorura;bird;Oceania;Oceania 98;965;Aves/ACCEPTED
Pachycephala cinerea;bird;Asia;Asia 97;9215;Aves/ACCEPTED
Pachycephala citreogaster;bird;Oceania;Oceania 83|Asia 1;324;Aves/ACCEPTED
Pachycephala feminina;bird;Oceania;Oceania 80;157;Aves/ACCEPTED
Pachycephala flavifrons;bird;Oceania;Oceania 98;789;Aves/ACCEPTED
Pachycephala fuliginosa;bird;Oceania;Oceania 100;31;Aves/ACCEPTED
Pachycephala fulvotincta;bird;Asia+Oceania+Ocean;Asia 41|Oceania 8;75;Aves/ACCEPTED
Pachycephala graeffii;bird;Oceania;Oceania 98;1526;Aves/ACCEPTED
Pachycephala griseonota;bird;Asia;Asia 96;1604;Aves/ACCEPTED
Pachycephala homeyeri;bird;Asia;Asia 100;1176;Aves/ACCEPTED
Pachycephala hyperythra;bird;Oceania+Asia;Oceania 91|Asia 4;667;Aves/ACCEPTED
Pachycephala hypoxantha;bird;Asia;Asia 100;6627;Aves/ACCEPTED
Pachycephala inornata;bird;Oceania;Oceania 100;20452;Aves/ACCEPTED
Pachycephala jacquinoti;bird;Oceania;Oceania 97;177;Aves/ACCEPTED
Pachycephala lanioides;bird;Oceania;Oceania 99;5203;Aves/ACCEPTED
Pachycephala leucogastra;bird;Oceania;Oceania 98;388;Aves/ACCEPTED
Pachycephala lorentzi;bird;Oceania;Oceania 80|Asia 2;406;Aves/ACCEPTED
Pachycephala macrorhyncha;bird;Asia;Asia 92;1042;Aves/ACCEPTED
Pachycephala melanura;bird;Oceania;Oceania 97|Asia 1;6136;Aves/ACCEPTED
Pachycephala mentalis;bird;Asia;Asia 94;1070;Aves/ACCEPTED
Pachycephala modesta;bird;Oceania;Oceania 99;1229;Aves/ACCEPTED
Pachycephala monacha;bird;Oceania;Oceania 99;805;Aves/ACCEPTED
Pachycephala nudigula;bird;Asia;Asia 95;647;Aves/ACCEPTED
Pachycephala occidentalis;bird;Oceania;Oceania 100;656;Aves/ACCEPTED
Pachycephala olivacea;bird;Oceania;Oceania 100;30133;Aves/ACCEPTED
Pachycephala orioloides;bird;Oceania;Oceania 82;965;Aves/ACCEPTED
Pachycephala pectoralis;bird;Oceania;Oceania 100;653503;Aves/ACCEPTED
Pachycephala philippinensis;bird;Asia;Asia 99;5276;Aves/ACCEPTED
Pachycephala rufiventris;bird;Oceania;Oceania 100;734622;Aves/ACCEPTED
Pachycephala rufogularis;bird;Oceania;Oceania 100;3278;Aves/ACCEPTED
Pachycephala schlegelii;bird;Oceania;Oceania 93|Asia 3;4522;Aves/ACCEPTED
Pachycephala simplex;bird;Oceania;Oceania 99|Asia 1;29422;Aves/ACCEPTED
Pachycephala soror;bird;Oceania;Oceania 95|Asia 2;2522;Aves/ACCEPTED
Pachycephala sulfuriventer;bird;Asia;Asia 95;2155;Aves/ACCEPTED
Pachycephala tenebrosa;bird;Oceania;Oceania 99;3716;Aves/ACCEPTED
Pachycephala vitiensis;bird;Oceania;Oceania 96;454;Aves/ACCEPTED
Pachycephalopsis hattamensis;bird;Oceania+Asia;Oceania 93|Asia 5;747;Aves/ACCEPTED
Pachycephalopsis poliosoma;bird;Oceania+Asia;Oceania 89|Asia 4;618;Aves/ACCEPTED
Pachycoccyx audeberti;bird;Africa;Africa 99;1752;Aves/ACCEPTED
Pachyglossa agilis;bird;Asia;Asia 84|Oceania 1;428;Aves/ACCEPTED/via Dicaeum agile
Pachyglossa chrysorrhea;bird;Asia;Asia 74;257;Aves/ACCEPTED/via Dicaeum chrysorrheum
Pachyglossa melanozantha;bird;;;;labels
Pachyglossa olivacea;bird;;;;labels
Pachyglossa propria;bird;;;;labels
Pachyglossa vincens;bird;;;;labels
Pachyphantes superciliosus;bird;Africa;Africa 99;3369;Aves/SYNONYM
Pachyptila belcheri;bird;Oceania+South America+Ocean;Oceania 11|South America 9|Antarctica 2;10643;Aves/ACCEPTED
Pachyptila desolata;bird;Antarctica+Oceania+Ocean;Antarctica 11|Oceania 10|South America 1;22338;Aves/ACCEPTED
Pachyptila turtur;bird;Oceania+Ocean;Oceania 13;80164;Aves/ACCEPTED
Pachyptila vittata;bird;Oceania+Africa+Ocean;Oceania 32|Africa 8;3980;Aves/ACCEPTED
Pachyramphus aglaiae;bird;North America;North America 100;168533;Aves/ACCEPTED
Pachyramphus albogriseus;bird;South America+North America;South America 63|North America 37;2792;Aves/ACCEPTED
Pachyramphus castaneus;bird;South America;South America 100;38137;Aves/ACCEPTED
Pachyramphus cinnamomeus;bird;North America+South America;North America 60|South America 40;106463;Aves/ACCEPTED
Pachyramphus homochrous;bird;South America+North America;South America 91|North America 8;16105;Aves/ACCEPTED
Pachyramphus major;bird;North America;North America 100;11180;Aves/ACCEPTED
Pachyramphus marginatus;bird;South America;South America 100;11124;Aves/ACCEPTED
Pachyramphus minor;bird;South America;South America 100;7937;Aves/ACCEPTED
Pachyramphus niger;bird;North America;North America 99|South America 1;3568;Aves/ACCEPTED
Pachyramphus polychopterus;bird;South America+North America;South America 79|North America 21;147458;Aves/ACCEPTED
Pachyramphus rufus;bird;South America;South America 98|North America 2;20524;Aves/ACCEPTED
Pachyramphus salvini;bird;South America;South America 100;5662;Aves/ACCEPTED
Pachyramphus spodiurus;bird;South America;South America 100;1341;Aves/ACCEPTED
Pachyramphus surinamus;bird;South America;South America 99;1246;Aves/ACCEPTED
Pachyramphus validus;bird;South America;South America 100;28286;Aves/ACCEPTED
Pachyramphus versicolor;bird;South America+North America;South America 76|North America 24;41735;Aves/ACCEPTED
Pachyramphus viridis;bird;South America;South America 100;18269;Aves/ACCEPTED
Pachyramphus xanthogenys;bird;South America;South America 98;41;Aves/ACCEPTED
Pachysylvia aurantiifrons;bird;South America+North America;South America 70|North America 30;34623;Aves/SYNONYM
Pachysylvia decurtata;bird;North America+South America;North America 95|South America 5;269325;Aves/SYNONYM
Pachysylvia hypoxantha;bird;South America;South America 100;12154;Aves/SYNONYM
Pachysylvia muscicapina;bird;South America;South America 100;6460;Aves/SYNONYM
Pachysylvia semibrunnea;bird;South America;South America 100;25808;Aves/SYNONYM
Padda oryzivora;bird;Oceania+Asia;Oceania 82|Asia 13|North America 1|Africa 1;52129;Aves/SYNONYM
Pagodroma nivea;bird;Antarctica;Antarctica 59;39990;Aves/ACCEPTED
Pagophila eburnea;bird;Europe+North America;Europe 51|North America 30|Asia 1;18610;Aves/ACCEPTED
Pagophilus groenlandicus;mammal;North America+Europe;North America 39|Europe 28;7791;Mammalia/ACCEPTED
Palmeria dolei;bird;North America+Oceania;North America 44|Oceania 18;404;Aves/ACCEPTED
Paludipasser locustella;bird;Africa;Africa 98;507;Aves/ACCEPTED
Pampa curvipennis;bird;North America;North America 100;42946;Aves/ACCEPTED
Pampa rufa;bird;North America;North America 100;12642;Aves/ACCEPTED
Pampusana beccarii;bird;Oceania;Oceania 92|Asia 1;851;Aves/ACCEPTED
Pampusana stairi;bird;Oceania;Oceania 93|North America 3;509;Aves/ACCEPTED
Pampusana xanthonura;bird;Oceania;Oceania 94|Africa 1;2421;Aves/ACCEPTED
Pandion haliaetus;bird;North America+Europe;North America 80|Europe 13|Asia 3|Oceania 1|South America 1|Africa 1;7925636;Aves/ACCEPTED
Panterpe insignis;bird;North America;North America 100;28703;Aves/ACCEPTED
Panthera leo;mammal;Africa+Europe;Africa 85|Europe 4|Asia 1|North America 1;20020;Mammalia/ACCEPTED
Panthera onca;mammal;South America+North America;South America 90|North America 9;146574;Mammalia/ACCEPTED
Panurus biarmicus;bird;Europe;Europe 98|Asia 2;571304;Aves/ACCEPTED
Panyptila cayennensis;bird;North America+South America;North America 68|South America 32;50348;Aves/ACCEPTED
Panyptila sanctihieronymi;bird;North America;North America 100;2179;Aves/ACCEPTED
Papio anubis;mammal;Africa;Africa 96;9318;Mammalia/ACCEPTED
Papio ursinus;mammal;Africa;Africa 97;12607;Mammalia/ACCEPTED
Papurana daemeli;amphibian;Oceania;Oceania 98;4176;Amphibia/ACCEPTED
Parabuteo leucorrhous;bird;South America;South America 100;10223;Aves/SYNONYM
Parabuteo unicinctus;bird;North America+South America;North America 60|South America 39;358410;Aves/ACCEPTED
Paraclaravis mondetoura;bird;North America+South America;North America 77|South America 22;2021;Aves/SYNONYM
Paracrinia haswelli;amphibian;Oceania;Oceania 100;3789;Amphibia/ACCEPTED
Paracyrtophyllus robustus;insect;North America;North America 89;1438;Insecta/ACCEPTED
Paradisaea apoda;bird;Oceania+Asia;Oceania 66|Asia 9;2405;Aves/ACCEPTED
Paradisaea minor;bird;Oceania+Asia;Oceania 80|Asia 7;5161;Aves/ACCEPTED
Paradisaea raggiana;bird;Oceania;Oceania 92|Asia 3;3532;Aves/ACCEPTED
Paradisaea rubra;bird;Oceania+Asia;Oceania 75|Asia 12;2323;Aves/ACCEPTED
Paradisornis rudolphi;bird;Oceania;Oceania 94|Asia 1;1195;Aves/SYNONYM
Paradoxornis aemodius;bird;Asia;Asia 99;2085;Aves/SYNONYM
Paradoxornis bakeri;bird;Asia;Asia 100;961;Aves/SYNONYM
Paradoxornis flavirostris;bird;Asia;Asia 100;1785;Aves/ACCEPTED
Paradoxornis gularis;bird;Asia;Asia 99;5149;Aves/SYNONYM
Paradoxornis guttaticollis;bird;Asia;Asia 100;3961;Aves/ACCEPTED
Paradoxornis heudei;bird;Asia;Asia 98;6026;Aves/ACCEPTED
Paradoxornis margaritae;bird;Asia;Asia 100;878;Aves/SYNONYM
Paradoxornis paradoxus;bird;Asia;Asia 100;628;Aves/SYNONYM
Paradoxornis ruficeps;bird;Asia;Asia 100;3498;Aves/SYNONYM
Paradoxornis unicolor;bird;Asia;Asia 100;3649;Aves/SYNONYM
Paragallinula angulata;bird;Africa;Africa 99;7313;Aves/SYNONYM
Paramythia montium;bird;Oceania;Oceania 91|Asia 3;1549;Aves/ACCEPTED
Paraxerus cepapi;mammal;Africa;Africa 95;6082;Mammalia/ACCEPTED
Parayuhina diademata;bird;Asia;Asia 99;4907;Aves/SYNONYM
Pardalotus punctatus;bird;Oceania;Oceania 100;721085;Aves/ACCEPTED
Pardalotus quadragintus;bird;Oceania;Oceania 100;5143;Aves/ACCEPTED
Pardalotus rubricatus;bird;Oceania;Oceania 100;22817;Aves/ACCEPTED
Pardalotus striatus;bird;Oceania;Oceania 100;909910;Aves/ACCEPTED
Pardipicus caroli;bird;Africa;Africa 99;3994;Aves/ACCEPTED
Pardipicus nivosus;bird;Africa;Africa 98|South America 1;5790;Aves/ACCEPTED
Pardirallus maculatus;bird;South America+North America;South America 52|North America 48;9874;Aves/ACCEPTED
Pardirallus nigricans;bird;South America;South America 100;35444;Aves/ACCEPTED
Pardirallus sanguinolentus;bird;South America;South America 100;79578;Aves/ACCEPTED
Parkerthraustes humeralis;bird;South America;South America 100;1660;Aves/ACCEPTED
Parkesia motacilla;bird;North America;North America 100;630710;Aves/ACCEPTED
Parkesia noveboracensis;bird;North America+South America;North America 96|South America 3;1444777;Aves/ACCEPTED
Parmoptila rubrifrons;bird;Africa;Africa 100;477;Aves/ACCEPTED
Paroaria baeri;bird;South America;South America 99;409;Aves/ACCEPTED
Paroaria capitata;bird;South America+Oceania;South America 63|Oceania 37;94541;Aves/ACCEPTED
Paroaria coronata;bird;South America+Oceania;South America 65|Oceania 34;247078;Aves/ACCEPTED
Paroaria dominicana;bird;South America;South America 99;24430;Aves/ACCEPTED
Paroaria gularis;bird;South America;South America 100;48725;Aves/ACCEPTED
Paroaria nigrogenis;bird;South America;South America 100;11662;Aves/ACCEPTED
Parophasma galinieri;bird;Africa;Africa 100;1271;Aves/ACCEPTED
Paroreomyza montana;bird;Oceania;Oceania 97;3671;Aves/ACCEPTED
Parotia carolae;bird;Oceania+Asia;Oceania 88|Asia 6;1167;Aves/ACCEPTED
Parotia lawesii;bird;Oceania+Asia;Oceania 88|Asia 7;987;Aves/ACCEPTED
Parotia sefilata;bird;Oceania+Asia;Oceania 82|Asia 15;1632;Aves/ACCEPTED
Parus cinereus;bird;Asia;Asia 100;502367;Aves/ACCEPTED
Parus major;bird;Europe;Europe 98|Asia 2;14125400;Aves/ACCEPTED
Parus minor;bird;Asia;Asia 97;10696;Aves/ACCEPTED
Parus monticolus;bird;Asia;Asia 100;142434;Aves/ACCEPTED
Parvipsitta porphyrocephala;bird;Oceania;Oceania 100;38067;Aves/ACCEPTED
Parvipsitta pusilla;bird;Oceania;Oceania 99;42140;Aves/ACCEPTED
Passer ammodendri;bird;Asia;Asia 97;1740;Aves/ACCEPTED
Passer cinnamomeus;bird;Asia;Asia 100;58371;Aves/ACCEPTED
Passer diffusus;bird;Africa;Africa 100;306519;Aves/ACCEPTED
Passer domesticus;bird;Global;North America 61|Europe 27|Oceania 4|Asia 4|South America 2|Africa 1;25940573;Aves/ACCEPTED
Passer eminibey;bird;Africa;Africa 100;8296;Aves/ACCEPTED
Passer euchlorus;bird;Asia+Africa;Asia 79|Africa 16|Europe 2;243;Aves/ACCEPTED
Passer flaveolus;bird;Asia;Asia 100;34211;Aves/ACCEPTED
Passer gongonensis;bird;Africa;Africa 100;13169;Aves/ACCEPTED
Passer griseus;bird;Africa;Africa 100;82377;Aves/ACCEPTED
Passer hispaniolensis;bird;Europe+Asia+Africa;Europe 68|Asia 21|Africa 11;325908;Aves/ACCEPTED
Passer iagoensis;bird;Africa;Africa 96;5470;Aves/ACCEPTED
Passer italiae;bird;Europe;Europe 100;132104;Aves/ACCEPTED
Passer luteus;bird;Africa;Africa 95|Europe 2;6478;Aves/ACCEPTED
Passer melanurus;bird;Africa;Africa 100;399624;Aves/ACCEPTED
Passer moabiticus;bird;Asia;Asia 100;9983;Aves/ACCEPTED
Passer montanus;bird;Europe+Asia;Europe 66|Asia 30|North America 2|Oceania 1;4336941;Aves/ACCEPTED
Passer motitensis;bird;Africa;Africa 99;17093;Aves/ACCEPTED
Passer pyrrhonotus;bird;Asia;Asia 100;4510;Aves/ACCEPTED
Passer rufocinctus;bird;Africa;Africa 100;26131;Aves/ACCEPTED
Passer shelleyi;bird;Africa;Africa 100;2398;Aves/ACCEPTED
Passer simplex;bird;Africa;Africa 99;4063;Aves/ACCEPTED
Passer suahelicus;bird;Africa;Africa 100;6128;Aves/ACCEPTED
Passer swainsonii;bird;Africa;Africa 100;8842;Aves/ACCEPTED
Passerculus sandwichensis;bird;North America;North America 100;4175872;Aves/ACCEPTED
Passerella iliaca;bird;North America;North America 100;1934537;Aves/ACCEPTED
Passerella megarhyncha;bird;North America;North America 98;3764;Aves/ACCEPTED
Passerella schistacea;bird;North America;North America 94;1587;Aves/ACCEPTED
Passerella unalaschcensis;bird;North America;North America 97;4226;Aves/ACCEPTED
Passerina amoena;bird;North America;North America 100;661332;Aves/ACCEPTED
Passerina caerulea;bird;North America;North America 100;1280550;Aves/ACCEPTED
Passerina ciris;bird;North America;North America 100;599101;Aves/ACCEPTED
Passerina cyanea;bird;North America;North America 100;3998403;Aves/ACCEPTED
Passerina leclancherii;bird;North America;North America 98;19706;Aves/ACCEPTED
Passerina rositae;bird;North America;North America 86;1745;Aves/ACCEPTED
Passerina versicolor;bird;North America;North America 99;83663;Aves/ACCEPTED
Pastor roseus;bird;Asia+Europe;Asia 81|Europe 19;161189;Aves/ACCEPTED
Patagioenas araucana;bird;South America;South America 99;39220;Aves/ACCEPTED
Patagioenas caribaea;bird;North America;North America 100;5158;Aves/ACCEPTED
Patagioenas cayennensis;bird;South America+North America;South America 57|North America 43;417020;Aves/ACCEPTED
Patagioenas corensis;bird;South America;South America 99|North America 1;51515;Aves/ACCEPTED
Patagioenas fasciata;bird;North America+South America;North America 88|South America 12;1100489;Aves/ACCEPTED
Patagioenas flavirostris;bird;North America;North America 100;354622;Aves/ACCEPTED
Patagioenas goodsoni;bird;South America;South America 100;9217;Aves/ACCEPTED
Patagioenas inornata;bird;North America;North America 100;6747;Aves/ACCEPTED
Patagioenas leucocephala;bird;North America;North America 100;139429;Aves/ACCEPTED
Patagioenas maculosa;bird;South America;South America 100;185424;Aves/ACCEPTED
Patagioenas nigrirostris;bird;North America;North America 100;141866;Aves/ACCEPTED
Patagioenas oenops;bird;South America;South America 99;1616;Aves/ACCEPTED
Patagioenas picazuro;bird;South America;South America 100;575666;Aves/ACCEPTED
Patagioenas plumbea;bird;South America;South America 99|North America 1;114017;Aves/ACCEPTED
Patagioenas speciosa;bird;North America+South America;North America 55|South America 45;80702;Aves/ACCEPTED
Patagioenas squamosa;bird;North America+South America;North America 91|South America 9;103244;Aves/ACCEPTED
Patagioenas subvinacea;bird;South America+North America;South America 77|North America 23;125774;Aves/ACCEPTED
Patagona gigas;bird;South America;South America 100;53587;Aves/ACCEPTED
Pauropsalta mneme;insect;Oceania;Oceania 99;750;Insecta/ACCEPTED
Pauxi pauxi;bird;South America+North America;South America 84|North America 4|Europe 1;560;Aves/ACCEPTED
Pavo cristatus;bird;Asia+North America;Asia 84|North America 10|Oceania 3|Europe 2|Africa 1;670412;Aves/ACCEPTED
Pavo muticus;bird;Asia;Asia 95|North America 1;7600;Aves/ACCEPTED
Pecari tajacu;mammal;South America+North America;South America 62|North America 34;49775;Mammalia/ACCEPTED
Pedionomus torquatus;bird;Oceania;Oceania 99;5979;Aves/ACCEPTED
Pelargopsis amauroptera;bird;Asia;Asia 100;4853;Aves/ACCEPTED
Pelargopsis capensis;bird;Asia;Asia 100;144746;Aves/ACCEPTED
Pelargopsis melanorhyncha;bird;Asia;Asia 92;1022;Aves/ACCEPTED
Pelecanoides urinatrix;bird;Oceania+Antarctica+Ocean;Oceania 27|Antarctica 4|South America 2;28736;Aves/ACCEPTED
Pelecanus conspicillatus;bird;Oceania;Oceania 99;691920;Aves/ACCEPTED
Pelecanus erythrorhynchos;bird;North America;North America 100;2176649;Aves/ACCEPTED
Pelecanus occidentalis;bird;North America+South America;North America 94|South America 4;2922726;Aves/ACCEPTED
Pelecanus onocrotalus;bird;Africa+Asia+Europe;Africa 43|Asia 36|Europe 20;139155;Aves/ACCEPTED
Peliperdix coqui;bird;Africa;Africa 100;24821;Aves/SYNONYM
Peliperdix lathami;bird;Africa;Africa 97;1240;Aves/ACCEPTED
Pellorneum albiventre;bird;Asia;Asia 100;1887;Aves/ACCEPTED
Pellorneum bicolor;bird;Asia;Asia 99;5258;Aves/SYNONYM
Pellorneum buettikoferi;bird;Asia;Asia 97;338;Aves/ACCEPTED
Pellorneum capistratoides;bird;Asia;Asia 100;4728;Aves/SYNONYM
Pellorneum capistratum;bird;Asia;Asia 98;11230;Aves/ACCEPTED
Pellorneum celebense;bird;Asia;Asia 98;3138;Aves/SYNONYM
Pellorneum cinereiceps;bird;Asia;Asia 99;1415;Aves/SYNONYM
Pellorneum fuscocapillus;bird;Asia;Asia 100;6040;Aves/ACCEPTED
Pellorneum malaccense;bird;Asia;Asia 99;7861;Aves/ACCEPTED
Pellorneum nigrocapitatum;bird;Asia;Asia 100;5105;Aves/SYNONYM
Pellorneum palustre;bird;Asia;Asia 100;1030;Aves/ACCEPTED
Pellorneum pyrrogenys;bird;Asia;Asia 99;3295;Aves/ACCEPTED
Pellorneum rostratum;bird;Asia;Asia 100;8036;Aves/SYNONYM
Pellorneum ruficeps;bird;Asia;Asia 100;136857;Aves/ACCEPTED
Pellorneum tickelli;bird;Asia;Asia 100;11175;Aves/ACCEPTED
Pelobates fuscus;amphibian;Europe;Europe 98;27573;Amphibia/ACCEPTED
Pelodryas caerulea;amphibian;Oceania;Oceania 100;63502;Amphibia/SYNONYM
Pelodytes atlanticus;amphibian;Europe;Europe 99;380;Amphibia/ACCEPTED
Pelodytes ibericus;amphibian;Europe;Europe 98;2381;Amphibia/ACCEPTED
Pelodytes punctatus;amphibian;Europe;Europe 98;34342;Amphibia/ACCEPTED
Pelophylax chosenicus;amphibian;Asia;Asia 100;497;Amphibia/ACCEPTED
Pelophylax esculentus;amphibian;Europe;Europe 99;132372;Amphibia/SYNONYM
Pelophylax lessonae;amphibian;Europe;Europe 99;132372;Amphibia/ACCEPTED
Pelophylax nigromaculatus;amphibian;Asia;Asia 95;17596;Amphibia/ACCEPTED
Pelophylax perezi;amphibian;Europe;Europe 97|Africa 1;69880;Amphibia/ACCEPTED
Pelophylax plancyi;amphibian;Asia;Asia 95;1759;Amphibia/ACCEPTED
Pelophylax ridibundus;amphibian;Europe+Asia;Europe 86|Asia 12;106713;Amphibia/ACCEPTED
Peltops blainvillii;bird;Oceania+Asia;Oceania 93|Asia 3;2060;Aves/ACCEPTED
Peltops montanus;bird;Oceania;Oceania 95|Asia 2;1695;Aves/ACCEPTED
Penelope albipennis;bird;South America;South America 100;1718;Aves/ACCEPTED
Penelope argyrotis;bird;South America;South America 100;16199;Aves/ACCEPTED
Penelope barbata;bird;South America;South America 100;2758;Aves/ACCEPTED
Penelope bridgesi;bird;South America;South America 100;10876;Aves/ACCEPTED
Penelope dabbenei;bird;South America;South America 99;1291;Aves/ACCEPTED
Penelope jacquacu;bird;South America;South America 100;29342;Aves/ACCEPTED
Penelope jacucaca;bird;South America;South America 99;1607;Aves/ACCEPTED
Penelope marail;bird;South America;South America 99;4492;Aves/ACCEPTED
Penelope montagnii;bird;South America;South America 100;48786;Aves/ACCEPTED
Penelope obscura;bird;South America;South America 100;55209;Aves/ACCEPTED
Penelope ochrogaster;bird;South America;South America 100;8845;Aves/ACCEPTED
Penelope ortoni;bird;South America;South America 100;2535;Aves/ACCEPTED
Penelope perspicax;bird;South America;South America 100;8300;Aves/ACCEPTED
Penelope pileata;bird;South America;South America 99;1696;Aves/ACCEPTED
Penelope purpurascens;bird;North America+South America;North America 90|South America 10;155132;Aves/ACCEPTED
Penelope superciliaris;bird;South America;South America 100;14198;Aves/ACCEPTED
Penelopides affinis;bird;Asia;Asia 100;2988;Aves/ACCEPTED
Penelopides manillae;bird;Asia;Asia 98;5209;Aves/ACCEPTED
Penelopides panini;bird;Asia;Asia 88|Europe 2;1157;Aves/ACCEPTED
Penelopides samarensis;bird;Asia;Asia 99;999;Aves/ACCEPTED
Penelopina nigra;bird;North America;North America 99;15904;Aves/ACCEPTED
Peneothello cyanus;bird;Oceania+Asia;Oceania 69|Asia 7;701;Aves/ACCEPTED
Peneothello sigillata;bird;Oceania;Oceania 76|Asia 2;223;Aves/ACCEPTED
Pengilleyia peronii;amphibian;Oceania;Oceania 100;120931;Amphibia/SYNONYM
Pengilleyia rothii;amphibian;Oceania;Oceania 100;6267;Amphibia/SYNONYM
Pengilleyia tyleri;amphibian;Oceania;Oceania 100;22623;Amphibia/SYNONYM
Percnostola arenarum;bird;South America;South America 100;387;Aves/ACCEPTED
Percnostola rufifrons;bird;South America;South America 100;6949;Aves/ACCEPTED
Perdicula argoondah;bird;Asia;Asia 99;7793;Aves/ACCEPTED
Perdicula asiatica;bird;Asia;Asia 99;23748;Aves/ACCEPTED
Perdicula erythrorhyncha;bird;Asia;Asia 99;3075;Aves/ACCEPTED
Perdix dauurica;bird;Asia;Asia 92|Europe 1;2692;Aves/ACCEPTED
Perdix hodgsoniae;bird;Asia;Asia 98;2464;Aves/ACCEPTED
Perdix perdix;bird;Europe+North America;Europe 85|North America 14;688286;Aves/ACCEPTED
Pericrocotus brevirostris;bird;Asia;Asia 100;12921;Aves/ACCEPTED
Pericrocotus cantonensis;bird;Asia;Asia 100;13093;Aves/ACCEPTED
Pericrocotus cinnamomeus;bird;Asia;Asia 100;176726;Aves/ACCEPTED
Pericrocotus divaricatus;bird;Asia;Asia 99;43215;Aves/ACCEPTED
Pericrocotus erythropygius;bird;Asia;Asia 100;5163;Aves/ACCEPTED
Pericrocotus ethologus;bird;Asia;Asia 100;46440;Aves/ACCEPTED
Pericrocotus flammeus;bird;Asia;Asia 100;97789;Aves/ACCEPTED
Pericrocotus igneus;bird;Asia;Asia 100;5367;Aves/ACCEPTED
Pericrocotus lansbergei;bird;Asia;Asia 97;1145;Aves/ACCEPTED
Pericrocotus miniatus;bird;Asia;Asia 91;2259;Aves/ACCEPTED
Pericrocotus roseus;bird;Asia;Asia 100;10822;Aves/ACCEPTED
Pericrocotus solaris;bird;Asia;Asia 100;143025;Aves/ACCEPTED
Pericrocotus speciosus;bird;Asia;Asia 100;110701;Aves/ACCEPTED
Pericrocotus tegimae;bird;Asia;Asia 99;4873;Aves/ACCEPTED
Periparus amabilis;bird;Asia;Asia 100;1238;Aves/ACCEPTED
Periparus ater;bird;Europe+Asia;Europe 96|Asia 4;2562967;Aves/ACCEPTED
Periparus elegans;bird;Asia;Asia 100;11617;Aves/ACCEPTED
Periparus rubidiventris;bird;Asia;Asia 100;11418;Aves/ACCEPTED
Periparus rufonuchalis;bird;Asia;Asia 100;4639;Aves/ACCEPTED
Periparus venustulus;bird;Asia;Asia 100;14713;Aves/ACCEPTED
Periporphyrus celaeno;bird;North America;North America 100;9929;Aves/SYNONYM
Periporphyrus erythromelas;bird;South America;South America 99;910;Aves/ACCEPTED
Perisoreus canadensis;bird;North America;North America 100;458346;Aves/ACCEPTED
Perisoreus infaustus;bird;Europe;Europe 99|Asia 1;135889;Aves/ACCEPTED
Perisoreus internigrans;bird;Asia;Asia 100;369;Aves/ACCEPTED
Perissocephalus tricolor;bird;South America;South America 99;4311;Aves/ACCEPTED
Pernis apivorus;bird;Europe+Asia;Europe 94|Asia 5|Africa 1;764799;Aves/ACCEPTED
Pernis ptilorhynchus;bird;Asia;Asia 100;246297;Aves/ACCEPTED
Petaurista grandis;mammal;;;;labels
Petaurista lena;mammal;Asia;Asia 100;408;Mammalia/ACCEPTED
Petaurus australis;mammal;Oceania;Oceania 100;35139;Mammalia/ACCEPTED
Petaurus breviceps;mammal;Oceania;Oceania 97|Asia 1;34909;Mammalia/ACCEPTED
Petrochelidon ariel;bird;Oceania;Oceania 100;239010;Aves/ACCEPTED
Petrochelidon fluvicola;bird;Asia;Asia 100;40841;Aves/ACCEPTED
Petrochelidon fulva;bird;North America;North America 100;186794;Aves/ACCEPTED
Petrochelidon nigricans;bird;Oceania;Oceania 100;373423;Aves/ACCEPTED
Petrochelidon preussi;bird;Africa;Africa 100;2474;Aves/ACCEPTED
Petrochelidon pyrrhonota;bird;North America;North America 99|South America 1;2348202;Aves/ACCEPTED
Petrochelidon rufigula;bird;Africa;Africa 99;542;Aves/ACCEPTED
Petrochelidon rufocollaris;bird;South America;South America 100;3923;Aves/ACCEPTED
Petrochelidon spilodera;bird;Africa;Africa 100;57825;Aves/ACCEPTED
Petroica australis;bird;Oceania;Oceania 100;50459;Aves/ACCEPTED
Petroica boodang;bird;Oceania;Oceania 100;172761;Aves/ACCEPTED
Petroica goodenovii;bird;Oceania;Oceania 100;153243;Aves/ACCEPTED
Petroica longipes;bird;Oceania;Oceania 100;26507;Aves/SYNONYM
Petroica macrocephala;bird;Oceania;Oceania 100;74080;Aves/ACCEPTED
Petroica phoenicea;bird;Oceania;Oceania 100;102364;Aves/ACCEPTED
Petroica pusilla;bird;Oceania;Oceania 99;1533;Aves/ACCEPTED
Petroica rodinogaster;bird;Oceania;Oceania 100;21569;Aves/ACCEPTED
Petroica rosea;bird;Oceania;Oceania 100;77049;Aves/ACCEPTED
Petroica traversi;bird;Oceania;Oceania 96;588;Aves/ACCEPTED
Petronia petronia;bird;Europe+Asia;Europe 87|Asia 11|Africa 2;189575;Aves/ACCEPTED
Petrophassa albipennis;bird;Oceania;Oceania 100;6884;Aves/ACCEPTED
Peucaea aestivalis;bird;North America;North America 100;60460;Aves/ACCEPTED
Peucaea botterii;bird;North America;North America 100;37266;Aves/ACCEPTED
Peucaea carpalis;bird;North America;North America 100;125524;Aves/ACCEPTED
Peucaea cassinii;bird;North America;North America 100;93752;Aves/ACCEPTED
Peucaea humeralis;bird;North America;North America 99;5066;Aves/ACCEPTED
Peucaea mystacalis;bird;North America;North America 100;6180;Aves/ACCEPTED
Peucaea ruficauda;bird;North America;North America 100;76033;Aves/ACCEPTED
Peucaea sumichrasti;bird;North America;North America 100;2363;Aves/ACCEPTED
Peucedramus taeniatus;bird;North America;North America 100;60141;Aves/ACCEPTED
Pezopetes capitalis;bird;North America;North America 100;25135;Aves/ACCEPTED
Pezoporus wallicus;bird;Oceania;Oceania 99;9290;Aves/ACCEPTED
Phacellodomus dorsalis;bird;South America;South America 100;954;Aves/ACCEPTED
Phacellodomus erythrophthalmus;bird;South America;South America 100;18538;Aves/ACCEPTED
Phacellodomus ferrugineigula;bird;South America;South America 100;8499;Aves/SYNONYM
Phacellodomus inornatus;bird;South America;South America 100;18918;Aves/ACCEPTED
Phacellodomus maculipectus;bird;South America;South America 100;2090;Aves/ACCEPTED
Phacellodomus ruber;bird;South America;South America 100;44729;Aves/ACCEPTED
Phacellodomus rufifrons;bird;South America;South America 100;34955;Aves/ACCEPTED
Phacellodomus sibilatrix;bird;South America;South America 100;10800;Aves/ACCEPTED
Phacellodomus striaticeps;bird;South America;South America 100;5953;Aves/ACCEPTED
Phacellodomus striaticollis;bird;South America;South America 100;38991;Aves/ACCEPTED
Phaenicophaeus curvirostris;bird;Asia;Asia 99;17004;Aves/SYNONYM
Phaenicophaeus diardi;bird;Asia;Asia 98;6265;Aves/SYNONYM
Phaenicophaeus sumatranus;bird;Asia;Asia 98;5300;Aves/SYNONYM
Phaenicophaeus tristis;bird;Asia;Asia 100;62679;Aves/SYNONYM
Phaenicophaeus viridirostris;bird;Asia;Asia 100;57533;Aves/SYNONYM
Phaenicophilus palmarum;bird;North America;North America 100;15456;Aves/ACCEPTED
Phaenostictus mcleannani;bird;North America+South America;North America 87|South America 13;13487;Aves/ACCEPTED
Phaeochroa cuvierii;bird;North America;North America 100;82487;Aves/ACCEPTED
Phaeomyias murina;bird;South America+North America;South America 95|North America 4;60126;Aves/ACCEPTED
Phaeomyias tumbezana;bird;South America;South America 100;3482;Aves/SYNONYM
Phaeoptila sordida;bird;North America;North America 100;17604;Aves/ACCEPTED
Phaethon aethereus;bird;Global;North America 33|South America 25|Europe 4|Africa 3|Oceania 1|Asia 1;60123;Aves/ACCEPTED
Phaethon lepturus;bird;Global;Oceania 47|North America 20|Africa 12|Asia 4|South America 1;70076;Aves/ACCEPTED
Phaethon rubricauda;bird;Oceania+Africa+Asia;Oceania 80|Africa 5|Asia 3;31464;Aves/ACCEPTED
Phaethornis aethopygus;bird;South America;South America 99;876;Aves/ACCEPTED
Phaethornis anthophilus;bird;South America+North America;South America 79|North America 20;22649;Aves/ACCEPTED
Phaethornis atrimentalis;bird;South America;South America 100;4281;Aves/ACCEPTED
Phaethornis augusti;bird;South America;South America 99;10582;Aves/ACCEPTED
Phaethornis bourcieri;bird;South America;South America 99;8259;Aves/ACCEPTED
Phaethornis eurynome;bird;South America;South America 100;31464;Aves/ACCEPTED
Phaethornis griseogularis;bird;South America;South America 99;13316;Aves/ACCEPTED
Phaethornis guy;bird;North America+South America;North America 58|South America 42;152072;Aves/ACCEPTED
Phaethornis hispidus;bird;South America;South America 99;17946;Aves/ACCEPTED
Phaethornis idaliae;bird;South America;South America 100;1699;Aves/ACCEPTED
Phaethornis koepckeae;bird;South America;South America 99;2883;Aves/ACCEPTED
Phaethornis longirostris;bird;North America+South America;North America 92|South America 8;145665;Aves/ACCEPTED
Phaethornis longuemareus;bird;South America+North America;South America 91|North America 7;6205;Aves/ACCEPTED
Phaethornis malaris;bird;South America;South America 100;14889;Aves/ACCEPTED
Phaethornis mexicanus;bird;North America;North America 100;2726;Aves/ACCEPTED
Phaethornis nattereri;bird;South America;South America 100;875;Aves/ACCEPTED
Phaethornis philippii;bird;South America;South America 99;2819;Aves/ACCEPTED
Phaethornis pretrei;bird;South America;South America 100;54479;Aves/ACCEPTED
Phaethornis ruber;bird;South America;South America 100;39488;Aves/ACCEPTED
Phaethornis rupurumii;bird;South America;South America 100;1203;Aves/ACCEPTED
Phaethornis squalidus;bird;South America;South America 99;4993;Aves/ACCEPTED
Phaethornis striigularis;bird;North America+South America;North America 88|South America 12;175019;Aves/ACCEPTED
Phaethornis stuarti;bird;South America;South America 100;1758;Aves/ACCEPTED
Phaethornis subochraceus;bird;South America;South America 100;1515;Aves/ACCEPTED
Phaethornis superciliosus;bird;South America+North America;South America 90|North America 9;11364;Aves/ACCEPTED
Phaethornis syrmatophorus;bird;South America;South America 100;40955;Aves/ACCEPTED
Phaethornis yaruqui;bird;South America;South America 100;51642;Aves/ACCEPTED
Phaetusa simplex;bird;South America;South America 99|North America 1;98090;Aves/ACCEPTED
Phainopepla nitens;bird;North America;North America 100;633914;Aves/ACCEPTED
Phainoptila melanoxantha;bird;North America;North America 100;15739;Aves/ACCEPTED
Phalacrocorax auritus;bird;North America;North America 100;10562064;Aves/ACCEPTED
Phalacrocorax brasilianus;bird;North America+South America;North America 62|South America 38;1541271;Aves/ACCEPTED
Phalacrocorax carbo;bird;Europe+Asia+Oceania;Europe 81|Asia 8|Oceania 6|North America 3|Africa 1;6824610;Aves/ACCEPTED
Phalacrocorax fuscicollis;bird;Asia;Asia 100;220433;Aves/ACCEPTED
Phalacrocorax punctatus;bird;Oceania;Oceania 89;34457;Aves/ACCEPTED
Phalacrocorax sulcirostris;bird;Oceania;Oceania 99|Asia 1;691961;Aves/ACCEPTED
Phalacrocorax varius;bird;Oceania;Oceania 98;376914;Aves/ACCEPTED
Phalaenoptilus nuttallii;bird;North America;North America 100;104124;Aves/ACCEPTED
Phalaropus fulicarius;bird;North America+Europe;North America 30|Europe 22|Asia 1|South America 1;236051;Aves/ACCEPTED
Phalaropus lobatus;bird;North America+Europe+Asia;North America 55|Europe 22|Asia 5;610141;Aves/ACCEPTED
Phalaropus tricolor;bird;North America+South America;North America 93|South America 6|Europe 1;513180;Aves/ACCEPTED
Phapitreron amethystinus;bird;Asia;Asia 99;4195;Aves/ACCEPTED
Phapitreron leucotis;bird;Asia;Asia 99;16115;Aves/ACCEPTED
Phaps chalcoptera;bird;Oceania;Oceania 100;379871;Aves/ACCEPTED
Phaps elegans;bird;Oceania;Oceania 99;46571;Aves/ACCEPTED
Pharomachrus antisianus;bird;South America;South America 100;11954;Aves/ACCEPTED
Pharomachrus auriceps;bird;South America;South America 100;57600;Aves/ACCEPTED
Pharomachrus fulgidus;bird;South America;South America 100;9309;Aves/ACCEPTED
Pharomachrus mocinno;bird;North America;North America 99;54646;Aves/ACCEPTED
Pharomachrus pavoninus;bird;South America;South America 98;4534;Aves/ACCEPTED
Phascolarctos cinereus;mammal;Oceania;Oceania 100;454125;Mammalia/ACCEPTED
Phasianus colchicus;bird;Europe+North America+Asia;Europe 67|North America 28|Asia 3|Oceania 1;3469154;Aves/ACCEPTED
Phasianus versicolor;bird;Asia;Asia 92|Europe 2|North America 1;12551;Aves/ACCEPTED
Phedina borbonica;bird;Africa;Africa 100;10016;Aves/ACCEPTED
Phegornis mitchellii;bird;South America;South America 100;3657;Aves/ACCEPTED
Phelpsia inornata;bird;South America;South America 100;4907;Aves/ACCEPTED
Pheucticus aureoventris;bird;South America;South America 100;30063;Aves/ACCEPTED
Pheucticus chrysogaster;bird;South America;South America 100;47403;Aves/ACCEPTED
Pheucticus chrysopeplus;bird;North America;North America 98|South America 2;16105;Aves/ACCEPTED
Pheucticus ludovicianus;bird;North America;North America 99|South America 1;2810402;Aves/ACCEPTED
Pheucticus melanocephalus;bird;North America;North America 100;1547688;Aves/ACCEPTED
Pheucticus tibialis;bird;North America;North America 100;10476;Aves/ACCEPTED
Pheugopedius atrogularis;bird;North America;North America 100;26752;Aves/ACCEPTED
Pheugopedius coraya;bird;South America;South America 100;28913;Aves/ACCEPTED
Pheugopedius eisenmanni;bird;South America;South America 100;4435;Aves/ACCEPTED
Pheugopedius euophrys;bird;South America;South America 100;17317;Aves/ACCEPTED
Pheugopedius fasciatoventris;bird;North America+South America;North America 55|South America 45;48759;Aves/ACCEPTED
Pheugopedius felix;bird;North America;North America 100;42061;Aves/ACCEPTED
Pheugopedius genibarbis;bird;South America;South America 100;41112;Aves/ACCEPTED
Pheugopedius maculipectus;bird;North America;North America 100;196728;Aves/ACCEPTED
Pheugopedius mystacalis;bird;South America;South America 100;62220;Aves/ACCEPTED
Pheugopedius rutilus;bird;North America+South America;North America 66|South America 34;98306;Aves/ACCEPTED
Pheugopedius sclateri;bird;South America;South America 100;16052;Aves/ACCEPTED
Pheugopedius spadix;bird;South America;South America 97|North America 3;10467;Aves/ACCEPTED
Phibalura flavirostris;bird;South America;South America 99;3378;Aves/ACCEPTED
Philemon argenticeps;bird;Oceania;Oceania 100;32221;Aves/ACCEPTED
Philemon buceroides;bird;Oceania+Asia;Oceania 95|Asia 5;86933;Aves/ACCEPTED
Philemon citreogularis;bird;Oceania;Oceania 100;252295;Aves/ACCEPTED
Philemon cockerelli;bird;Oceania;Oceania 99;906;Aves/ACCEPTED
Philemon corniculatus;bird;Oceania;Oceania 100;442172;Aves/ACCEPTED
Philemon diemenensis;bird;Oceania;Oceania 100;2493;Aves/ACCEPTED
Philemon fuscicapillus;bird;Asia;Asia 70|North America 1;138;Aves/ACCEPTED
Philemon inornatus;bird;Asia;Asia 96;1784;Aves/ACCEPTED
Philemon meyeri;bird;Oceania;Oceania 97|Asia 2;2325;Aves/ACCEPTED
Philemon novaeguineae;bird;Oceania+Asia;Oceania 57|Asia 13;676;Aves/ACCEPTED
Philemon plumigenis;bird;Asia;Asia 96;796;Aves/ACCEPTED
Philemon subcorniculatus;bird;Asia;Asia 97;1095;Aves/ACCEPTED
Philemon yorki;bird;Oceania;Oceania 100;14498;Aves/ACCEPTED
Philentoma pyrhoptera;bird;Asia;Asia 99;7428;Aves/ACCEPTED
Philentoma velata;bird;Asia;Asia 96;2647;Aves/ACCEPTED
Philepitta castanea;bird;Africa;Africa 99;3257;Aves/ACCEPTED
Philepitta schlegeli;bird;Africa;Africa 100;912;Aves/ACCEPTED
Philesturnus carunculatus;bird;Oceania;Oceania 100;26019;Aves/ACCEPTED
Philesturnus rufusater;bird;Oceania;Oceania 100;22124;Aves/SYNONYM
Philetairus socius;bird;Africa;Africa 100;39887;Aves/ACCEPTED
Philodice bryantae;bird;North America;North America 100;17605;Aves/SYNONYM
Philodice mitchellii;bird;South America;South America 100;47285;Aves/SYNONYM
Philohydor lictor;bird;South America+North America;South America 79|North America 21;78444;Aves/SYNONYM
Philortyx fasciatus;bird;North America;North America 98;2886;Aves/ACCEPTED
Philydor atricapillus;bird;South America;South America 100;15145;Aves/ACCEPTED
Philydor erythrocercum;bird;South America;South America 95|North America 2;1245;Aves/ACCEPTED
Philydor erythropterum;bird;South America;South America 100;3522;Aves/ACCEPTED
Philydor fuscipenne;bird;South America+North America;South America 79|North America 20;199;Aves/ACCEPTED
Philydor novaesi;bird;South America;South America 100;53;Aves/ACCEPTED
Philydor pyrrhodes;bird;South America;South America 99;3819;Aves/ACCEPTED
Philydor rufum;bird;South America;South America 97|North America 3;54613;Aves/ACCEPTED
Phimosus infuscatus;bird;South America;South America 100;315064;Aves/ACCEPTED
Phlegopsis borbae;bird;South America;South America 96|North America 1;251;Aves/ACCEPTED
Phlegopsis erythroptera;bird;South America;South America 97;1167;Aves/ACCEPTED
Phlegopsis nigromaculata;bird;South America;South America 99;11624;Aves/ACCEPTED
Phleocryptes melanops;bird;South America;South America 100;86589;Aves/ACCEPTED
Phlogophilus hemileucurus;bird;South America;South America 100;5702;Aves/ACCEPTED
Phoca vitulina;mammal;Europe+North America;Europe 72|North America 25;353838;Mammalia/ACCEPTED
Phodilus assimilis;bird;Asia;Asia 100;1384;Aves/ACCEPTED
Phodilus badius;bird;Asia;Asia 97;3119;Aves/ACCEPTED
Phoebastria immutabilis;bird;Oceania+North America+Ocean;Oceania 25|North America 6|Asia 1;68630;Aves/ACCEPTED
Phoebastria irrorata;bird;South America;South America 65;7972;Aves/ACCEPTED
Phoebastria nigripes;bird;North America+Oceania+Ocean;North America 5|Oceania 3|Asia 1;127729;Aves/ACCEPTED
Phoebetria palpebrata;bird;Antarctica+Oceania+Ocean;Antarctica 9|Oceania 7;49536;Aves/ACCEPTED
Phoenicircus carnifex;bird;South America;South America 97;2939;Aves/ACCEPTED
Phoenicircus nigricollis;bird;South America;South America 98;2003;Aves/ACCEPTED
Phoeniconaias minor;bird;Africa+Asia+Europe;Africa 74|Asia 20|Europe 4;67100;Aves/ACCEPTED
Phoenicoparrus andinus;bird;South America;South America 99;9037;Aves/ACCEPTED
Phoenicoparrus jamesi;bird;South America;South America 98;7889;Aves/ACCEPTED
Phoenicopterus chilensis;bird;South America+Europe;South America 90|Europe 8|North America 1;94583;Aves/ACCEPTED
Phoenicopterus roseus;bird;Europe+Asia+Africa;Europe 71|Asia 19|Africa 10;558464;Aves/ACCEPTED
Phoenicopterus ruber;bird;Global;North America 35|Africa 25|South America 24|Europe 15;152431;Aves/ACCEPTED
Phoeniculus bollei;bird;Africa;Africa 99;5231;Aves/ACCEPTED
Phoeniculus damarensis;bird;Africa;Africa 100;3098;Aves/ACCEPTED
Phoeniculus purpureus;bird;Africa;Africa 100;203895;Aves/ACCEPTED
Phoeniculus somaliensis;bird;Africa;Africa 100;1709;Aves/ACCEPTED
Phoenicurus alaschanicus;bird;Asia;Asia 99;345;Aves/ACCEPTED
Phoenicurus auroreus;bird;Asia;Asia 99;252604;Aves/ACCEPTED
Phoenicurus coeruleocephala;bird;Asia;Asia 100;10314;Aves/ACCEPTED
Phoenicurus erythrogastrus;bird;Asia+Europe;Asia 92|Europe 8;13139;Aves/ACCEPTED
Phoenicurus erythronotus;bird;Asia;Asia 98;4599;Aves/ACCEPTED
Phoenicurus frontalis;bird;Asia;Asia 100;36469;Aves/ACCEPTED
Phoenicurus fuliginosus;bird;Asia;Asia 100;103294;Aves/ACCEPTED
Phoenicurus hodgsoni;bird;Asia;Asia 100;12920;Aves/ACCEPTED
Phoenicurus leucocephalus;bird;Asia;Asia 100;59531;Aves/SYNONYM
Phoenicurus moussieri;bird;Africa+Europe;Africa 97|Europe 3;12824;Aves/ACCEPTED
Phoenicurus ochruros;bird;Europe+Asia;Europe 93|Asia 6;2506407;Aves/ACCEPTED
Phoenicurus phoenicurus;bird;Europe+Asia;Europe 93|Asia 4|Africa 1;1758809;Aves/ACCEPTED
Phoenicurus schisticeps;bird;Asia;Asia 100;5071;Aves/ACCEPTED
Pholia sharpii;bird;Africa;Africa 100;2402;Aves/SYNONYM
Pholidoptera aptera;insect;Europe;Europe 100;15998;Insecta/ACCEPTED
Phonipara canora;bird;North America;North America 98;7774;Aves/ACCEPTED
Phonygammus keraudrenii;bird;Oceania;Oceania 96|Asia 2;5268;Aves/ACCEPTED
Phragmacia substriata;bird;Africa;Africa 100;11681;Aves/ACCEPTED
Phrygilus atriceps;bird;South America;South America 100;13502;Aves/ACCEPTED
Phrygilus gayi;bird;South America;South America 100;61743;Aves/ACCEPTED
Phrygilus patagonicus;bird;South America;South America 100;56856;Aves/ACCEPTED
Phrygilus punensis;bird;South America;South America 100;21791;Aves/ACCEPTED
Phrynobatrachus mababiensis;amphibian;Africa;Africa 97;2002;Amphibia/ACCEPTED
Phrynobatrachus natalensis;amphibian;Africa;Africa 96;8547;Amphibia/ACCEPTED
Phrynomantis bifasciatus;amphibian;Africa;Africa 95;2001;Amphibia/ACCEPTED
Phylidonyris niger;bird;Oceania;Oceania 99;140890;Aves/ACCEPTED
Phylidonyris novaehollandiae;bird;Oceania;Oceania 100;720955;Aves/ACCEPTED
Phylidonyris pyrrhopterus;bird;Oceania;Oceania 100;116325;Aves/ACCEPTED
Phyllaemulor bracteatus;bird;South America;South America 99;1481;Aves/ACCEPTED
Phyllastrephus albigularis;bird;Africa;Africa 100;3287;Aves/ACCEPTED
Phyllastrephus cabanisi;bird;Africa;Africa 100;9102;Aves/ACCEPTED
Phyllastrephus cerviniventris;bird;Africa;Africa 99;2743;Aves/ACCEPTED
Phyllastrephus debilis;bird;Africa;Africa 99;2625;Aves/ACCEPTED
Phyllastrephus fischeri;bird;Africa;Africa 99;3310;Aves/ACCEPTED
Phyllastrephus flavostriatus;bird;Africa;Africa 99;9054;Aves/ACCEPTED
Phyllastrephus hypochloris;bird;Africa;Africa 100;3320;Aves/ACCEPTED
Phyllastrephus icterinus;bird;Africa;Africa 99;4498;Aves/ACCEPTED
Phyllastrephus placidus;bird;Africa;Africa 100;4572;Aves/ACCEPTED
Phyllastrephus poensis;bird;Africa;Africa 90;541;Aves/ACCEPTED
Phyllastrephus poliocephalus;bird;Africa;Africa 82;325;Aves/ACCEPTED
Phyllastrephus scandens;bird;Africa;Africa 100;3185;Aves/ACCEPTED
Phyllastrephus strepitans;bird;Africa;Africa 100;8247;Aves/ACCEPTED
Phyllastrephus terrestris;bird;Africa;Africa 99;69404;Aves/ACCEPTED
Phyllastrephus xavieri;bird;Africa;Africa 98;1826;Aves/ACCEPTED
Phyllergates cucullatus;bird;Asia;Asia 99;33277;Aves/ACCEPTED
Phyllergates heterolaemus;bird;Asia;Asia 100;1607;Aves/ACCEPTED
Phyllolais pulchella;bird;Africa;Africa 100;11180;Aves/ACCEPTED
Phyllomedusa distincta;amphibian;South America;South America 94;506;Amphibia/ACCEPTED
Phyllomyias burmeisteri;bird;South America+North America;South America 89|North America 7;290;Aves/ACCEPTED
Phyllomyias cinereiceps;bird;South America;South America 100;215;Aves/ACCEPTED
Phyllomyias fasciatus;bird;South America;South America 100;33956;Aves/ACCEPTED
Phyllomyias griseiceps;bird;South America+North America;South America 97|North America 3;40231;Aves/ACCEPTED
Phyllomyias griseocapilla;bird;South America;South America 100;11108;Aves/ACCEPTED
Phyllomyias nigrocapillus;bird;South America;South America 99;873;Aves/ACCEPTED
Phyllomyias plumbeiceps;bird;South America;South America 100;3538;Aves/ACCEPTED
Phyllomyias reiseri;bird;South America;South America 100;467;Aves/ACCEPTED
Phyllomyias sclateri;bird;South America;South America 100;6703;Aves/ACCEPTED
Phyllomyias uropygialis;bird;South America;South America 98|North America 1;297;Aves/ACCEPTED
Phyllomyias virescens;bird;South America;South America 100;5909;Aves/ACCEPTED
Phyllomyias weedeni;bird;South America;South America 100;276;Aves/ACCEPTED
Phyllomyias zeledoni;bird;South America+North America;South America 64|North America 25;72;Aves/SYNONYM
Phyllopalpus pulchellus;insect;North America;North America 98;13748;Insecta/ACCEPTED
Phylloscartes beckeri;bird;South America;South America 100;640;Aves/ACCEPTED
Phylloscartes ceciliae;bird;South America;South America 100;857;Aves/ACCEPTED
Phylloscartes difficilis;bird;South America;South America 97;134;Aves/ACCEPTED
Phylloscartes eximius;bird;South America;South America 100;3386;Aves/ACCEPTED
Phylloscartes flavovirens;bird;North America;North America 100;1939;Aves/ACCEPTED
Phylloscartes gualaquizae;bird;South America;South America 100;6355;Aves/ACCEPTED
Phylloscartes kronei;bird;South America;South America 100;3065;Aves/ACCEPTED
Phylloscartes lanyoni;bird;South America;South America 100;1189;Aves/ACCEPTED
Phylloscartes ophthalmicus;bird;South America;South America 100;23359;Aves/ACCEPTED
Phylloscartes oustaleti;bird;South America;South America 100;4233;Aves/ACCEPTED
Phylloscartes parkeri;bird;South America;South America 100;1233;Aves/ACCEPTED
Phylloscartes paulista;bird;South America;South America 100;116;Aves/ACCEPTED
Phylloscartes poecilotis;bird;South America;South America 100;9034;Aves/ACCEPTED
Phylloscartes roquettei;bird;South America;South America 100;635;Aves/ACCEPTED
Phylloscartes superciliaris;bird;North America+South America;North America 58|South America 42;5335;Aves/ACCEPTED
Phylloscartes sylviolus;bird;South America;South America 100;2560;Aves/ACCEPTED
Phylloscartes ventralis;bird;South America;South America 100;37523;Aves/ACCEPTED
Phylloscartes virescens;bird;South America;South America 100;723;Aves/ACCEPTED
Phylloscopus affinis;bird;Asia;Asia 100;26725;Aves/ACCEPTED
Phylloscopus armandii;bird;Asia;Asia 100;4737;Aves/ACCEPTED
Phylloscopus bonelli;bird;Europe;Europe 97|Africa 2;248843;Aves/ACCEPTED
Phylloscopus borealis;bird;Asia+North America+Europe;Asia 77|North America 12|Europe 9;116893;Aves/ACCEPTED
Phylloscopus borealoides;bird;Asia;Asia 99;7742;Aves/ACCEPTED
Phylloscopus budongoensis;bird;Africa;Africa 100;2623;Aves/ACCEPTED
Phylloscopus burkii;bird;Asia;Asia 99;4271;Aves/SYNONYM
Phylloscopus calciatilis;bird;Asia;Asia 100;672;Aves/ACCEPTED
Phylloscopus canariensis;bird;Africa+Europe;Africa 76|Europe 23;36637;Aves/ACCEPTED
Phylloscopus cantator;bird;Asia;Asia 100;5172;Aves/ACCEPTED
Phylloscopus castaniceps;bird;Asia;Asia 100;22251;Aves/SYNONYM
Phylloscopus cebuensis;bird;Asia;Asia 100;1708;Aves/ACCEPTED
Phylloscopus chloronotus;bird;Asia;Asia 100;29989;Aves/ACCEPTED
Phylloscopus claudiae;bird;Asia;Asia 100;10722;Aves/ACCEPTED
Phylloscopus collybita;bird;Europe;Europe 97|Asia 3;7199191;Aves/ACCEPTED
Phylloscopus coronatus;bird;Asia;Asia 95|Europe 2;34883;Aves/ACCEPTED
Phylloscopus emeiensis;bird;Asia;Asia 100;720;Aves/ACCEPTED
Phylloscopus examinandus;bird;Asia;Asia 94|North America 2|Oceania 1;4294;Aves/ACCEPTED
Phylloscopus forresti;bird;Asia;Asia 100;4403;Aves/ACCEPTED
Phylloscopus fuligiventer;bird;Asia;Asia 100;2407;Aves/ACCEPTED
Phylloscopus fuscatus;bird;Asia+Europe;Asia 86|Europe 13|North America 1;135515;Aves/ACCEPTED
Phylloscopus goodsoni;bird;Asia;Asia 100;3160;Aves/ACCEPTED
Phylloscopus grammiceps;bird;Asia;Asia 96;3224;Aves/SYNONYM
Phylloscopus griseolus;bird;Asia;Asia 100;18350;Aves/ACCEPTED
Phylloscopus herberti;bird;Africa;Africa 100;316;Aves/ACCEPTED
Phylloscopus humei;bird;Asia+Europe;Asia 83|Europe 17;129324;Aves/ACCEPTED
Phylloscopus ibericus;bird;Europe;Europe 98|Africa 2;92903;Aves/ACCEPTED
Phylloscopus ijimae;bird;Asia;Asia 89;1337;Aves/ACCEPTED
Phylloscopus inornatus;bird;Asia+Europe;Asia 59|Europe 41;303107;Aves/ACCEPTED
Phylloscopus intensior;bird;Asia;Asia 100;11565;Aves/ACCEPTED
Phylloscopus intermedius;bird;Asia;Asia 100;5284;Aves/SYNONYM
Phylloscopus kansuensis;bird;Asia;Asia 100;1019;Aves/ACCEPTED
Phylloscopus laetus;bird;Africa;Africa 100;4679;Aves/ACCEPTED
Phylloscopus laurae;bird;Africa;Africa 99;433;Aves/ACCEPTED
Phylloscopus maculipennis;bird;Asia;Asia 100;27604;Aves/ACCEPTED
Phylloscopus maforensis;bird;Oceania+Asia;Oceania 67|Asia 31;4126;Aves/ACCEPTED
Phylloscopus magnirostris;bird;Asia;Asia 100;36411;Aves/ACCEPTED
Phylloscopus makirensis;bird;Oceania;Oceania 99;84;Aves/ACCEPTED
Phylloscopus montis;bird;Asia;Asia 100;7610;Aves/SYNONYM
Phylloscopus neglectus;bird;Asia;Asia 100;5106;Aves/ACCEPTED
Phylloscopus nesophilus;bird;Asia;Asia 99;1216;Aves/SYNONYM
Phylloscopus nigrorum;bird;Asia;Asia 100;2649;Aves/ACCEPTED
Phylloscopus nitidus;bird;Asia+Europe;Asia 97|Europe 3;97985;Aves/ACCEPTED
Phylloscopus occipitalis;bird;Asia;Asia 99;14595;Aves/ACCEPTED
Phylloscopus occisinensis;bird;Asia;Asia 94;33;Aves/ACCEPTED
Phylloscopus ogilviegranti;bird;Asia;Asia 100;4216;Aves/ACCEPTED
Phylloscopus olivaceus;bird;Asia;Asia 99;2133;Aves/ACCEPTED
Phylloscopus omeiensis;bird;Asia;Asia 100;4650;Aves/SYNONYM
Phylloscopus orientalis;bird;Asia+Europe;Asia 83|Europe 14|Africa 3;20224;Aves/ACCEPTED
Phylloscopus plumbeitarsus;bird;Asia+Europe;Asia 93|Europe 7;24390;Aves/ACCEPTED
Phylloscopus poliocephalus;bird;Oceania+Asia;Oceania 67|Asia 31;4126;Aves/SYNONYM
Phylloscopus poliogenys;bird;Asia;Asia 100;11992;Aves/SYNONYM
Phylloscopus presbytes;bird;Asia;Asia 99;1646;Aves/ACCEPTED
Phylloscopus proregulus;bird;Asia+Europe;Asia 62|Europe 38;77192;Aves/ACCEPTED
Phylloscopus pulcher;bird;Asia;Asia 100;28291;Aves/ACCEPTED
Phylloscopus reguloides;bird;Asia;Asia 100;30586;Aves/ACCEPTED
Phylloscopus ricketti;bird;Asia;Asia 100;6368;Aves/ACCEPTED
Phylloscopus ruficapilla;bird;Africa;Africa 100;15157;Aves/ACCEPTED
Phylloscopus sarasinorum;bird;Asia;Asia 98;1489;Aves/ACCEPTED
Phylloscopus schwarzi;bird;Asia+Europe;Asia 73|Europe 27;20288;Aves/ACCEPTED
Phylloscopus sibilatrix;bird;Europe;Europe 98|Asia 1|Africa 1;525921;Aves/ACCEPTED
Phylloscopus sindianus;bird;Asia+Europe;Asia 76|Europe 22;15802;Aves/ACCEPTED
Phylloscopus soror;bird;Asia;Asia 100;4015;Aves/SYNONYM
Phylloscopus subaffinis;bird;Asia;Asia 100;3883;Aves/ACCEPTED
Phylloscopus subviridis;bird;Asia;Asia 100;1188;Aves/ACCEPTED
Phylloscopus tenellipes;bird;Asia;Asia 98|Europe 1;19973;Aves/ACCEPTED
Phylloscopus tephrocephalus;bird;Asia;Asia 100;4732;Aves/SYNONYM
Phylloscopus trivirgatus;bird;Asia;Asia 97|Oceania 1;11457;Aves/ACCEPTED
Phylloscopus trochiloides;bird;Asia+Europe;Asia 81|Europe 19;255512;Aves/ACCEPTED
Phylloscopus trochilus;bird;Europe;Europe 97|Africa 2|Asia 1;5211095;Aves/ACCEPTED
Phylloscopus tytleri;bird;Asia;Asia 100;2782;Aves/ACCEPTED
Phylloscopus umbrovirens;bird;Africa+Asia;Africa 84|Asia 16;5453;Aves/ACCEPTED
Phylloscopus valentini;bird;Asia;Asia 100;3921;Aves/SYNONYM
Phylloscopus whistleri;bird;Asia;Asia 100;25465;Aves/SYNONYM
Phylloscopus xanthodryas;bird;Asia;Asia 94;2135;Aves/ACCEPTED
Phylloscopus xanthoschistos;bird;Asia;Asia 100;86674;Aves/ACCEPTED
Phylloscopus yunnanensis;bird;Asia;Asia 100;4376;Aves/ACCEPTED
Physalaemus biligonigerus;amphibian;South America;South America 99;3483;Amphibia/ACCEPTED
Physalaemus cuvieri;amphibian;South America;South America 99;11253;Amphibia/ACCEPTED
Physalaemus gracilis;amphibian;South America;South America 100;1993;Amphibia/ACCEPTED
Physeter macrocephalus;mammal;Europe+North America+Ocean;Europe 7|North America 4|Oceania 1;132260;Mammalia/ACCEPTED
Phytotoma raimondii;bird;South America;South America 100;1748;Aves/ACCEPTED
Phytotoma rara;bird;South America;South America 100;60273;Aves/ACCEPTED
Phytotoma rutila;bird;South America;South America 100;51088;Aves/ACCEPTED
Piaya cayana;bird;North America+South America;North America 51|South America 49;752003;Aves/ACCEPTED
Piaya melanogaster;bird;South America;South America 100;8963;Aves/ACCEPTED
Pica bottanensis;bird;Asia;Asia 100;3894;Aves/ACCEPTED
Pica hudsonia;bird;North America;North America 100;2688818;Aves/ACCEPTED
Pica mauritanica;bird;Africa;Africa 100;9464;Aves/ACCEPTED
Pica nuttalli;bird;North America;North America 100;134966;Aves/ACCEPTED
Pica pica;bird;Europe;Europe 97|Asia 2;8278801;Aves/ACCEPTED
Pica serica;bird;Asia;Asia 100;320505;Aves/ACCEPTED
Picathartes gymnocephalus;bird;Africa;Africa 95;1212;Aves/ACCEPTED
Picoides arcticus;bird;North America;North America 100;88309;Aves/ACCEPTED
Picoides dorsalis;bird;North America;North America 100;79577;Aves/ACCEPTED
Picoides tridactylus;bird;Europe;Europe 98|Asia 2;145566;Aves/ACCEPTED
Piculus aurulentus;bird;South America;South America 100;10287;Aves/ACCEPTED
Piculus callopterus;bird;North America;North America 100;2090;Aves/ACCEPTED
Piculus chrysochloros;bird;South America+North America;South America 89|North America 11;16381;Aves/ACCEPTED
Piculus flavigula;bird;South America;South America 100;19430;Aves/ACCEPTED
Piculus leucolaemus;bird;South America;South America 99|North America 1;4029;Aves/ACCEPTED
Piculus litae;bird;South America;South America 100;1808;Aves/ACCEPTED
Piculus simplex;bird;North America;North America 100;22441;Aves/ACCEPTED
Picumnus albosquamatus;bird;South America;South America 100;26924;Aves/ACCEPTED
Picumnus aurifrons;bird;South America;South America 99;4744;Aves/ACCEPTED
Picumnus castelnau;bird;South America;South America 100;2126;Aves/ACCEPTED
Picumnus cinnamomeus;bird;South America;South America 100;7641;Aves/ACCEPTED
Picumnus cirratus;bird;South America;South America 100;70599;Aves/ACCEPTED
Picumnus dorbignyanus;bird;South America;South America 100;4000;Aves/ACCEPTED
Picumnus exilis;bird;South America;South America 99;8142;Aves/ACCEPTED
Picumnus fulvescens;bird;South America;South America 100;4854;Aves/SYNONYM
Picumnus granadensis;bird;South America;South America 100;22463;Aves/ACCEPTED
Picumnus innominatus;bird;Asia;Asia 100;27786;Aves/ACCEPTED
Picumnus lafresnayi;bird;South America;South America 100;11984;Aves/ACCEPTED
Picumnus limae;bird;South America;South America 100;4854;Aves/ACCEPTED
Picumnus nebulosus;bird;South America;South America 100;3572;Aves/ACCEPTED
Picumnus olivaceus;bird;South America+North America;South America 55|North America 45;56083;Aves/ACCEPTED
Picumnus pumilus;bird;South America;South America 100;1209;Aves/ACCEPTED
Picumnus pygmaeus;bird;South America;South America 100;4289;Aves/ACCEPTED
Picumnus rufiventris;bird;South America;South America 99;2188;Aves/ACCEPTED
Picumnus sclateri;bird;South America;South America 100;4278;Aves/ACCEPTED
Picumnus spilogaster;bird;South America;South America 99;1832;Aves/ACCEPTED
Picumnus squamulatus;bird;South America;South America 100;26080;Aves/ACCEPTED
Picumnus steindachneri;bird;South America;South America 100;1746;Aves/ACCEPTED
Picumnus subtilis;bird;South America;South America 100;2382;Aves/ACCEPTED
Picumnus temminckii;bird;South America;South America 100;39474;Aves/ACCEPTED
Picumnus varzeae;bird;South America;South America 100;367;Aves/ACCEPTED
Picus awokera;bird;Asia;Asia 96;11800;Aves/ACCEPTED
Picus canus;bird;Europe+Asia;Europe 73|Asia 26;368571;Aves/ACCEPTED
Picus chlorolophus;bird;Asia;Asia 100;48565;Aves/ACCEPTED
Picus erythropygius;bird;Asia;Asia 99;5889;Aves/ACCEPTED
Picus puniceus;bird;Asia;Asia 97;7893;Aves/ACCEPTED
Picus rabieri;bird;Asia;Asia 98;260;Aves/ACCEPTED
Picus sharpei;bird;Europe;Europe 100;276527;Aves/ACCEPTED
Picus squamatus;bird;Asia;Asia 100;8726;Aves/ACCEPTED
Picus vaillantii;bird;Africa;Africa 100;4856;Aves/ACCEPTED
Picus viridanus;bird;Asia;Asia 100;2486;Aves/ACCEPTED
Picus viridis;bird;Europe;Europe 100;2492213;Aves/ACCEPTED
Picus vittatus;bird;Asia;Asia 99;14912;Aves/ACCEPTED
Picus xanthopygaeus;bird;Asia;Asia 100;24699;Aves/ACCEPTED
Piezorina cinerea;bird;South America;South America 100;3556;Aves/ACCEPTED
Pilherodius pileatus;bird;South America+North America;South America 95|North America 4;51776;Aves/ACCEPTED
Pinarochroa sordida;bird;Africa;Africa 100;5348;Aves/ACCEPTED
Pinarornis plumosus;bird;Africa;Africa 99;1003;Aves/ACCEPTED
Pinicola enucleator;bird;North America+Europe;North America 76|Europe 23|Asia 1;547536;Aves/ACCEPTED
Pionites leucogaster;bird;South America;South America 99;9903;Aves/ACCEPTED
Pionites melanocephalus;bird;South America;South America 99;19401;Aves/ACCEPTED
Pionopsitta pileata;bird;South America;South America 100;14704;Aves/ACCEPTED
Pionus chalcopterus;bird;South America;South America 100;81848;Aves/ACCEPTED
Pionus fuscus;bird;South America;South America 99;7243;Aves/ACCEPTED
Pionus maximiliani;bird;South America;South America 100;102605;Aves/ACCEPTED
Pionus menstruus;bird;South America+North America;South America 77|North America 23;266339;Aves/ACCEPTED
Pionus senilis;bird;North America;North America 100;169649;Aves/ACCEPTED
Pionus seniloides;bird;South America;South America 92|North America 1;347;Aves/SYNONYM
Pionus sordidus;bird;South America;South America 100;37849;Aves/ACCEPTED
Pionus tumultuosus;bird;South America;South America 100;19114;Aves/ACCEPTED
Pipile cujubi;bird;South America;South America 100;8835;Aves/ACCEPTED
Pipile cumanensis;bird;South America;South America 100;31367;Aves/ACCEPTED
Pipile grayi;bird;South America;South America 100;15102;Aves/SYNONYM
Pipile jacutinga;bird;South America;South America 99;4863;Aves/ACCEPTED
Pipile pipile;bird;South America;South America 95|North America 1;1231;Aves/ACCEPTED
Pipilo chlorurus;bird;North America;North America 100;415076;Aves/ACCEPTED
Pipilo erythrophthalmus;bird;North America;North America 100;5408210;Aves/ACCEPTED
Pipilo maculatus;bird;North America;North America 100;4826766;Aves/ACCEPTED
Pipilo ocai;bird;North America;North America 100;7464;Aves/ACCEPTED
Pipra aureola;bird;South America;South America 96|North America 1;2853;Aves/ACCEPTED
Pipra fasciicauda;bird;South America;South America 100;20414;Aves/ACCEPTED
Pipra filicauda;bird;South America;South America 100;11495;Aves/ACCEPTED
Pipraeidea bonariensis;bird;South America;South America 100;115428;Aves/SYNONYM
Pipraeidea melanonota;bird;South America;South America 100;56774;Aves/ACCEPTED
Pipreola arcuata;bird;South America;South America 100;17042;Aves/ACCEPTED
Pipreola aureopectus;bird;South America;South America 100;12586;Aves/ACCEPTED
Pipreola chlorolepidota;bird;South America;South America 99;2052;Aves/ACCEPTED
Pipreola formosa;bird;South America;South America 98;1097;Aves/ACCEPTED
Pipreola frontalis;bird;South America;South America 99;1233;Aves/ACCEPTED
Pipreola intermedia;bird;South America;South America 99;2128;Aves/ACCEPTED
Pipreola jucunda;bird;South America;South America 100;12889;Aves/ACCEPTED
Pipreola lubomirskii;bird;South America;South America 100;1591;Aves/ACCEPTED
Pipreola pulchra;bird;South America;South America 100;1559;Aves/ACCEPTED
Pipreola riefferii;bird;South America;South America 100;50044;Aves/ACCEPTED
Pipreola whitelyi;bird;South America;South America 99;479;Aves/ACCEPTED
Piprites chloris;bird;South America;South America 100;21647;Aves/ACCEPTED
Piprites griseiceps;bird;North America;North America 100;439;Aves/ACCEPTED
Piprites pileata;bird;South America;South America 100;2078;Aves/ACCEPTED
Piranga bidentata;bird;North America;North America 100;84317;Aves/ACCEPTED
Piranga erythrocephala;bird;North America;North America 100;6911;Aves/ACCEPTED
Piranga flava;bird;North America+South America;North America 74|South America 26;258704;Aves/ACCEPTED
Piranga hepatica;bird;North America;North America 97|South America 1;2663;Aves/ACCEPTED
Piranga leucoptera;bird;North America+South America;North America 63|South America 37;41072;Aves/ACCEPTED
Piranga ludoviciana;bird;North America;North America 100;1450728;Aves/ACCEPTED
Piranga lutea;bird;South America+North America;South America 77|North America 20;856;Aves/ACCEPTED
Piranga olivacea;bird;North America;North America 99|South America 1;1864496;Aves/ACCEPTED
Piranga roseogularis;bird;North America;North America 100;10376;Aves/ACCEPTED
Piranga rubra;bird;North America+South America;North America 93|South America 7;1942698;Aves/ACCEPTED
Piranga rubriceps;bird;South America;South America 99;3712;Aves/ACCEPTED
Pitangus lictor;bird;South America+North America;South America 79|North America 21;78444;Aves/ACCEPTED
Pitangus sulphuratus;bird;North America+South America;North America 50|South America 50;2749294;Aves/ACCEPTED
Pithecia monachus;mammal;South America;South America 84;730;Mammalia/ACCEPTED
Pithecophaga jefferyi;bird;Asia;Asia 96|North America 1;825;Aves/ACCEPTED
Pithys albifrons;bird;South America;South America 99;7878;Aves/ACCEPTED
Pithys castaneus;bird;South America;South America 99;146;Aves/ACCEPTED
Pitohui dichrous;bird;Oceania;Oceania 96|Asia 1;3533;Aves/ACCEPTED
Pitohui kirhocephalus;bird;Oceania+Asia;Oceania 82|Asia 6;2695;Aves/ACCEPTED
Pitohui uropygialis;bird;Oceania;Oceania 98;501;Aves/ACCEPTED
Pitta anerythra;bird;Oceania;Oceania 95;110;Aves/ACCEPTED
Pitta angolensis;bird;Africa;Africa 97;1127;Aves/ACCEPTED
Pitta brachyura;bird;Asia;Asia 100;56479;Aves/ACCEPTED
Pitta concinna;bird;Asia;Asia 100;1577;Aves/ACCEPTED
Pitta elegans;bird;Asia;Asia 98;1019;Aves/ACCEPTED
Pitta iris;bird;Oceania;Oceania 100;8107;Aves/ACCEPTED
Pitta maxima;bird;Asia;Asia 92;1633;Aves/ACCEPTED
Pitta megarhyncha;bird;Asia;Asia 100;3871;Aves/ACCEPTED
Pitta moluccensis;bird;Asia;Asia 98;11396;Aves/ACCEPTED
Pitta novaeguineae;bird;Oceania+Asia;Oceania 92|Asia 6;1911;Aves/ACCEPTED
Pitta nympha;bird;Asia;Asia 97|Oceania 1;2676;Aves/ACCEPTED
Pitta reichenowi;bird;Africa;Africa 98;826;Aves/ACCEPTED
Pitta sordida;bird;Asia;Asia 96|Oceania 1;13600;Aves/ACCEPTED
Pitta steerii;bird;Asia;Asia 99;1266;Aves/ACCEPTED
Pitta versicolor;bird;Oceania;Oceania 100;39805;Aves/ACCEPTED
Pitta vigorsii;bird;Asia;Asia 89;381;Aves/ACCEPTED
Pittasoma michleri;bird;North America;North America 100;2513;Aves/ACCEPTED
Pittasoma rufopileatum;bird;South America;South America 99;572;Aves/ACCEPTED
Pityriasis gymnocephala;bird;Asia;Asia 98;2480;Aves/ACCEPTED
Planopleura kaempferi;insect;;;;labels
Platalea ajaja;bird;North America+South America;North America 88|South America 12;800119;Aves/ACCEPTED
Platalea alba;bird;Africa;Africa 99;139781;Aves/ACCEPTED
Platalea leucorodia;bird;Europe+Asia;Europe 88|Asia 10|Africa 1;1350090;Aves/ACCEPTED
Platalea minor;bird;Asia;Asia 99;94407;Aves/ACCEPTED
Platalea regia;bird;Oceania;Oceania 100;347558;Aves/ACCEPTED
Platycercus adscitus;bird;Oceania;Oceania 100;172225;Aves/ACCEPTED
Platycercus caledonicus;bird;Oceania;Oceania 100;79252;Aves/ACCEPTED
Platycercus elegans;bird;Oceania;Oceania 100;931314;Aves/ACCEPTED
Platycercus eximius;bird;Oceania;Oceania 100;836890;Aves/ACCEPTED
Platycercus icterotis;bird;Oceania;Oceania 99;27344;Aves/ACCEPTED
Platycercus venustus;bird;Oceania;Oceania 99;12028;Aves/ACCEPTED
Platycleis affinis;insect;Europe;Europe 98|Asia 1;7760;Insecta/ACCEPTED
Platycleis albopunctata;insect;Europe;Europe 100;91622;Insecta/ACCEPTED
Platycleis grisea;insect;Europe;Europe 100;2842;Insecta/ACCEPTED
Platycleis intermedia;insect;Europe+Asia;Europe 94|Asia 3;3279;Insecta/ACCEPTED
Platycleis sabulosa;insect;Europe+Africa;Europe 93|Africa 4;1696;Insecta/ACCEPTED
Platylophus galericulatus;bird;Asia;Asia 92;4127;Aves/ACCEPTED
Platypedia minor;insect;North America;North America 89;277;Insecta/ACCEPTED
Platypedia putnami;insect;North America;North America 88;1715;Insecta/ACCEPTED
Platyplectrum ornatum;amphibian;Oceania;Oceania 100;26184;Amphibia/ACCEPTED
Platyrinchus cancrominus;bird;North America;North America 100;25764;Aves/ACCEPTED
Platyrinchus coronatus;bird;North America+South America;North America 67|South America 33;19526;Aves/ACCEPTED
Platyrinchus flavigularis;bird;South America;South America 100;827;Aves/ACCEPTED
Platyrinchus leucoryphus;bird;South America;South America 100;944;Aves/ACCEPTED
Platyrinchus mystaceus;bird;South America+North America;South America 74|North America 26;47747;Aves/ACCEPTED
Platyrinchus platyrhynchos;bird;South America;South America 100;4766;Aves/ACCEPTED
Platyrinchus saturatus;bird;South America;South America 99;1302;Aves/ACCEPTED
Platysmurus aterrimus;bird;Asia;Asia 100;3913;Aves/ACCEPTED
Platysmurus leucopterus;bird;Asia;Asia 95;3723;Aves/ACCEPTED
Platyspiza crassirostris;bird;South America;South America 99;3677;Aves/ACCEPTED
Platysteira blissetti;bird;Africa;Africa 98;1530;Aves/ACCEPTED
Platysteira castanea;bird;Africa;Africa 94;755;Aves/ACCEPTED
Platysteira chalybea;bird;Africa;Africa 97;314;Aves/ACCEPTED
Platysteira concreta;bird;Africa;Africa 99;1297;Aves/ACCEPTED
Platysteira cyanea;bird;Africa;Africa 100;29849;Aves/ACCEPTED
Platysteira hormophora;bird;Africa;Africa 100;2907;Aves/ACCEPTED
Platysteira jamesoni;bird;Africa;Africa 99;2207;Aves/ACCEPTED
Platysteira peltata;bird;Africa;Africa 99;12995;Aves/ACCEPTED
Plectorhyncha lanceolata;bird;Oceania;Oceania 100;129432;Aves/ACCEPTED
Plectrophenax hyperboreus;bird;North America;North America 96;2004;Aves/ACCEPTED
Plectrophenax nivalis;bird;North America+Europe;North America 61|Europe 38;939462;Aves/ACCEPTED
Plectropterus gambensis;bird;Africa;Africa 100;204365;Aves/ACCEPTED
Plecturocebus discolor;mammal;South America;South America 100;248;Mammalia/ACCEPTED
Plegadis chihi;bird;North America+South America;North America 88|South America 11;890259;Aves/ACCEPTED
Plegadis falcinellus;bird;Global;North America 49|Europe 20|Asia 17|Africa 8|Oceania 6|South America 1;1482675;Aves/ACCEPTED
Plegadis ridgwayi;bird;South America;South America 99|Europe 1;41682;Aves/ACCEPTED
Plesiodryas albonotata;bird;Oceania+Asia;Oceania 94|Asia 3;1222;Aves/SYNONYM
Pleurodema thaul;amphibian;South America;South America 94;4498;Amphibia/ACCEPTED
Plocealauda affinis;bird;;;;labels
Plocealauda assamica;bird;;;;labels
Plocealauda erythrocephala;bird;;;;labels
Plocealauda erythroptera;bird;;;;labels
Plocealauda microptera;bird;;;;labels
Plocepasser donaldsoni;bird;Africa;Africa 100;2785;Aves/ACCEPTED
Plocepasser mahali;bird;Africa;Africa 100;201160;Aves/ACCEPTED
Plocepasser rufoscapulatus;bird;Africa;Africa 100;291;Aves/ACCEPTED
Plocepasser superciliosus;bird;Africa;Africa 100;5665;Aves/ACCEPTED
Ploceus albinucha;bird;Africa;Africa 100;2144;Aves/ACCEPTED
Ploceus alienus;bird;Africa;Africa 99;2855;Aves/ACCEPTED
Ploceus aurantius;bird;Africa;Africa 98;3462;Aves/ACCEPTED
Ploceus baglafecht;bird;Africa;Africa 100;63498;Aves/ACCEPTED
Ploceus benghalensis;bird;Asia;Asia 100;16943;Aves/ACCEPTED
Ploceus bertrandi;bird;Africa;Africa 99;509;Aves/ACCEPTED
Ploceus bicolor;bird;Africa;Africa 99;37079;Aves/ACCEPTED
Ploceus bojeri;bird;Africa;Africa 100;5870;Aves/ACCEPTED
Ploceus brachypterus;bird;Africa;Africa 100;9537;Aves/ACCEPTED
Ploceus capensis;bird;Africa;Africa 100;258478;Aves/ACCEPTED
Ploceus castaneiceps;bird;Africa;Africa 99;3477;Aves/ACCEPTED
Ploceus castaneofuscus;bird;Africa;Africa 100;5550;Aves/ACCEPTED
Ploceus castanops;bird;Africa;Africa 100;5749;Aves/ACCEPTED
Ploceus cucullatus;bird;Africa;Africa 96|North America 3|South America 1;239173;Aves/ACCEPTED
Ploceus galbula;bird;Asia+Africa;Asia 68|Africa 31;11498;Aves/ACCEPTED
Ploceus hypoxanthus;bird;Asia;Asia 99;17783;Aves/ACCEPTED
Ploceus insignis;bird;Africa;Africa 100;7406;Aves/ACCEPTED
Ploceus intermedius;bird;Africa;Africa 100;58927;Aves/ACCEPTED
Ploceus jacksoni;bird;Africa+Asia;Africa 81|Asia 19;10812;Aves/ACCEPTED
Ploceus luteolus;bird;Africa;Africa 100;17448;Aves/ACCEPTED
Ploceus manyar;bird;Asia;Asia 99;24774;Aves/ACCEPTED
Ploceus melanocephalus;bird;Africa+Europe;Africa 52|Europe 48;44102;Aves/ACCEPTED
Ploceus melanogaster;bird;Africa;Africa 99;4591;Aves/ACCEPTED
Ploceus nelicourvi;bird;Africa;Africa 100;4962;Aves/ACCEPTED
Ploceus nigerrimus;bird;Africa;Africa 100;16337;Aves/ACCEPTED
Ploceus nigricollis;bird;Africa;Africa 99;18125;Aves/ACCEPTED
Ploceus ocularis;bird;Africa;Africa 99;135521;Aves/ACCEPTED
Ploceus pelzelni;bird;Africa;Africa 100;9910;Aves/ACCEPTED
Ploceus philippinus;bird;Asia;Asia 100;211792;Aves/ACCEPTED
Ploceus rubiginosus;bird;Africa;Africa 99;17403;Aves/ACCEPTED
Ploceus sakalava;bird;Africa;Africa 100;5580;Aves/ACCEPTED
Ploceus sanctithomae;bird;Africa;Africa 99;1616;Aves/ACCEPTED
Ploceus spekei;bird;Africa;Africa 100;16844;Aves/ACCEPTED
Ploceus spekeoides;bird;Africa;Africa 100;300;Aves/ACCEPTED
Ploceus subaureus;bird;Africa;Africa 98;35102;Aves/ACCEPTED
Ploceus taeniopterus;bird;Africa;Africa 98;2472;Aves/ACCEPTED
Ploceus tricolor;bird;Africa;Africa 99;4131;Aves/ACCEPTED
Ploceus velatus;bird;Africa;Africa 100;504509;Aves/ACCEPTED
Ploceus vitellinus;bird;Africa;Africa 99;15048;Aves/ACCEPTED
Ploceus xanthops;bird;Africa;Africa 100;41534;Aves/ACCEPTED
Ploceus xanthopterus;bird;Africa;Africa 98;10485;Aves/ACCEPTED
Pluvialis apricaria;bird;Europe;Europe 99|Asia 1;1100770;Aves/ACCEPTED
Pluvialis dominica;bird;North America+South America+Europe;North America 86|South America 10|Europe 3|Asia 1;281735;Aves/ACCEPTED
Pluvialis fulva;bird;Oceania+Asia+North America;Oceania 44|Asia 43|North America 9|Europe 2;434538;Aves/ACCEPTED
Pluvialis squatarola;bird;North America+Europe+Asia;North America 64|Europe 26|Asia 5|Africa 2|South America 2|Oceania 1;2536685;Aves/ACCEPTED
Pluvianellus socialis;bird;South America;South America 100;4842;Aves/ACCEPTED
Pluvianus aegyptius;bird;Africa;Africa 94|Europe 1;4412;Aves/ACCEPTED
Pnoepyga albiventer;bird;Asia;Asia 100;10284;Aves/ACCEPTED
Pnoepyga formosana;bird;Asia;Asia 100;19421;Aves/ACCEPTED
Pnoepyga immaculata;bird;Asia;Asia 100;1343;Aves/ACCEPTED
Pnoepyga pusilla;bird;Asia;Asia 99;27060;Aves/ACCEPTED
Podargus ocellatus;bird;Oceania;Oceania 97|Asia 1;5475;Aves/ACCEPTED
Podargus papuensis;bird;Oceania;Oceania 98|Asia 1;14858;Aves/ACCEPTED
Podargus strigoides;bird;Oceania;Oceania 100;227830;Aves/ACCEPTED
Podica senegalensis;bird;Africa;Africa 99;10343;Aves/ACCEPTED
Podiceps auritus;bird;North America+Europe;North America 75|Europe 24;1896564;Aves/ACCEPTED
Podiceps cristatus;bird;Europe+Asia;Europe 93|Asia 3|Oceania 3|Africa 1;3712112;Aves/ACCEPTED
Podiceps gallardoi;bird;South America;South America 100;3737;Aves/ACCEPTED
Podiceps grisegena;bird;North America+Europe;North America 58|Europe 42;1181129;Aves/ACCEPTED
Podiceps major;bird;South America;South America 100;109680;Aves/ACCEPTED
Podiceps nigricollis;bird;North America+Europe;North America 64|Europe 31|Asia 3|Africa 1;1464258;Aves/ACCEPTED
Podiceps occipitalis;bird;South America;South America 100;50134;Aves/ACCEPTED
Podiceps taczanowskii;bird;South America;South America 100;527;Aves/ACCEPTED
Podilymbus podiceps;bird;North America;North America 98|South America 2;5152347;Aves/ACCEPTED
Podoces hendersoni;bird;Asia;Asia 99;1236;Aves/ACCEPTED
Podoces panderi;bird;Asia;Asia 93|Europe 1;613;Aves/ACCEPTED
Podoces pleskei;bird;Asia;Asia 99;265;Aves/ACCEPTED
Poecile atricapillus;bird;North America;North America 100;18793732;Aves/ACCEPTED
Poecile carolinensis;bird;North America;North America 100;8648245;Aves/ACCEPTED
Poecile cinctus;bird;Europe;Europe 98|Asia 1;70273;Aves/ACCEPTED
Poecile davidi;bird;Asia;Asia 99;469;Aves/ACCEPTED
Poecile gambeli;bird;North America;North America 100;1433324;Aves/ACCEPTED
Poecile hudsonicus;bird;North America;North America 100;295710;Aves/ACCEPTED
Poecile hypermelaenus;bird;Asia;Asia 100;870;Aves/ACCEPTED
Poecile hyrcanus;bird;Asia;Asia 99;427;Aves/ACCEPTED
Poecile lugubris;bird;Europe+Asia;Europe 57|Asia 41;17473;Aves/ACCEPTED
Poecile montanus;bird;Europe;Europe 98|Asia 2;1347578;Aves/ACCEPTED
Poecile palustris;bird;Europe+Asia;Europe 96|Asia 4;1534509;Aves/ACCEPTED
Poecile rufescens;bird;North America;North America 100;2116974;Aves/ACCEPTED
Poecile sclateri;bird;North America;North America 100;36202;Aves/ACCEPTED
Poecile superciliosus;bird;Asia;Asia 100;816;Aves/ACCEPTED
Poecile weigoldicus;bird;Asia;Asia 100;1424;Aves/ACCEPTED
Poecilodryas cerviniventris;bird;Oceania;Oceania 100;4889;Aves/ACCEPTED
Poecilodryas hypoleuca;bird;Oceania;Oceania 96|Asia 2;3212;Aves/ACCEPTED
Poecilodryas superciliosa;bird;Oceania;Oceania 100;9612;Aves/ACCEPTED
Poecilostreptus cabanisi;bird;North America;North America 99;3999;Aves/ACCEPTED
Poecilostreptus palmeri;bird;South America+North America;South America 96|North America 4;8322;Aves/ACCEPTED
Poecilotriccus albifacies;bird;South America;South America 100;1180;Aves/ACCEPTED
Poecilotriccus calopterus;bird;South America;South America 100;3305;Aves/ACCEPTED
Poecilotriccus capitalis;bird;South America;South America 100;3127;Aves/ACCEPTED
Poecilotriccus fumifrons;bird;South America;South America 100;2181;Aves/ACCEPTED
Poecilotriccus latirostris;bird;South America;South America 100;15712;Aves/ACCEPTED
Poecilotriccus luluae;bird;South America;South America 100;1889;Aves/ACCEPTED
Poecilotriccus plumbeiceps;bird;South America;South America 100;36692;Aves/ACCEPTED
Poecilotriccus ruficeps;bird;South America;South America 100;20010;Aves/ACCEPTED
Poecilotriccus russatus;bird;South America;South America 100;343;Aves/ACCEPTED
Poecilotriccus senex;bird;South America;South America 100;569;Aves/ACCEPTED
Poecilotriccus sylvia;bird;South America+North America;South America 52|North America 48;54355;Aves/ACCEPTED
Poeoptera kenricki;bird;Africa;Africa 100;1599;Aves/ACCEPTED
Poeoptera lugubris;bird;Africa;Africa 99;2575;Aves/ACCEPTED
Poeoptera stuhlmanni;bird;Africa;Africa 100;3528;Aves/ACCEPTED
Poephila acuticauda;bird;Oceania;Oceania 99;28567;Aves/ACCEPTED
Poephila cincta;bird;Oceania;Oceania 97;6692;Aves/ACCEPTED
Poephila personata;bird;Oceania;Oceania 99;17029;Aves/ACCEPTED
Pogoniulus atroflavus;bird;Africa;Africa 100;5779;Aves/ACCEPTED
Pogoniulus bilineatus;bird;Africa;Africa 99;80998;Aves/ACCEPTED
Pogoniulus chrysoconus;bird;Africa;Africa 100;79608;Aves/ACCEPTED
Pogoniulus coryphaea;bird;Africa;Africa 100;1847;Aves/ACCEPTED
Pogoniulus leucomystax;bird;Africa;Africa 100;2873;Aves/ACCEPTED
Pogoniulus pusillus;bird;Africa;Africa 99;33609;Aves/ACCEPTED
Pogoniulus scolopaceus;bird;Africa;Africa 100;14476;Aves/ACCEPTED
Pogoniulus simplex;bird;Africa;Africa 99;1200;Aves/ACCEPTED
Pogoniulus subsulphureus;bird;Africa;Africa 99;12535;Aves/ACCEPTED
Pogonocichla stellata;bird;Africa;Africa 99;24683;Aves/ACCEPTED
Pogonornis bidentatus;bird;Africa;Africa 99;14552;Aves/SYNONYM
Pogonornis dubius;bird;Africa;Africa 99;11906;Aves/SYNONYM
Pogonornis melanopterus;bird;Africa;Africa 99;4767;Aves/SYNONYM
Pogonornis minor;bird;Africa;Africa 99;1947;Aves/SYNONYM
Pogonotriccus difficilis;bird;;;;labels
Pogonotriccus eximius;bird;South America;South America 100;3386;Aves/SYNONYM
Pogonotriccus ophthalmicus;bird;South America;South America 100;23359;Aves/SYNONYM
Pogonotriccus orbitalis;bird;South America;South America 100;894;Aves/SYNONYM
Pogonotriccus paulista;bird;;;;labels
Pogonotriccus poecilotis;bird;South America;South America 100;9034;Aves/SYNONYM
Poicephalus cryptoxanthus;bird;Africa;Africa 100;32202;Aves/ACCEPTED
Poicephalus flavifrons;bird;Africa;Africa 99;1215;Aves/ACCEPTED
Poicephalus fuscicollis;bird;Africa;Africa 99;3306;Aves/SYNONYM
Poicephalus gulielmi;bird;Africa;Africa 98;5609;Aves/ACCEPTED
Poicephalus meyeri;bird;Africa;Africa 100;41912;Aves/ACCEPTED
Poicephalus robustus;bird;Africa;Africa 99;9932;Aves/ACCEPTED
Poicephalus rueppellii;bird;Africa;Africa 98;3948;Aves/ACCEPTED
Poicephalus rufiventris;bird;Africa;Africa 99;9196;Aves/ACCEPTED
Poicephalus senegalus;bird;Africa+Europe;Africa 94|Europe 4|Asia 1;24992;Aves/ACCEPTED
Poikilocarbo gaimardi;bird;South America;South America 95;32789;Aves/SYNONYM
Polemaetus bellicosus;bird;Africa;Africa 100;59306;Aves/ACCEPTED
Polihierax semitorquatus;bird;Africa;Africa 99;17799;Aves/ACCEPTED
Poliocephalus poliocephalus;bird;Oceania;Oceania 100;274535;Aves/ACCEPTED
Poliocitellus franklinii;mammal;North America;North America 94;2921;Mammalia/ACCEPTED
Poliocrania exsul;bird;North America+South America;North America 79|South America 21;121499;Aves/SYNONYM
Poliolais lopezi;bird;Africa;Africa 82;277;Aves/ACCEPTED
Poliolimnas cinereus;bird;Asia+Oceania;Asia 61|Oceania 38;25407;Aves/SYNONYM
Polioptila albiloris;bird;North America;North America 100;37951;Aves/ACCEPTED
Polioptila albiventris;bird;North America;North America 100;5780;Aves/ACCEPTED
Polioptila bilineata;bird;North America+South America;North America 76|South America 24;133019;Aves/SYNONYM
Polioptila caerulea;bird;North America;North America 100;5521473;Aves/ACCEPTED
Polioptila californica;bird;North America;North America 100;67284;Aves/ACCEPTED
Polioptila dumicola;bird;South America;South America 100;142559;Aves/ACCEPTED
Polioptila guianensis;bird;South America;South America 99;238;Aves/ACCEPTED
Polioptila lactea;bird;South America;South America 100;2646;Aves/ACCEPTED
Polioptila lembeyei;bird;North America;North America 100;4048;Aves/ACCEPTED
Polioptila maior;bird;South America;South America 100;3569;Aves/SYNONYM
Polioptila melanura;bird;North America;North America 100;256390;Aves/ACCEPTED
Polioptila nigriceps;bird;North America;North America 100;16242;Aves/ACCEPTED
Polioptila paraensis;bird;South America;South America 100;429;Aves/ACCEPTED
Polioptila plumbea;bird;South America+North America;South America 52|North America 48;210518;Aves/ACCEPTED
Polioptila schistaceigula;bird;South America+North America;South America 83|North America 17;2515;Aves/ACCEPTED
Polyboroides radiatus;bird;Africa;Africa 99;3159;Aves/ACCEPTED
Polyboroides typus;bird;Africa;Africa 100;108801;Aves/ACCEPTED
Polyerata amabilis;bird;North America+South America;North America 80|South America 20;52570;Aves/ACCEPTED
Polyerata decora;bird;North America;North America 100;21411;Aves/ACCEPTED
Polyerata rosenbergi;bird;South America;South America 100;7584;Aves/ACCEPTED
Polyonymus caroli;bird;South America;South America 99;1730;Aves/ACCEPTED
Polypedates braueri;amphibian;Asia;Asia 100;22843;Amphibia/ACCEPTED
Polypedates leucomystax;amphibian;Asia;Asia 93;17170;Amphibia/ACCEPTED
Polypedates megacephalus;amphibian;Asia;Asia 100;43888;Amphibia/ACCEPTED
Polyphylla fullo;insect;Europe;Europe 97|Asia 2;9516;Insecta/ACCEPTED
Polyplectron bicalcaratum;bird;Asia;Asia 96;8201;Aves/ACCEPTED
Polyplectron chalcurum;bird;Asia;Asia 86|Europe 1;896;Aves/ACCEPTED
Polyplectron germaini;bird;Asia;Asia 95|North America 1;1932;Aves/ACCEPTED
Polyplectron inopinatum;bird;Asia;Asia 95;1290;Aves/ACCEPTED
Polyplectron malacense;bird;Asia;Asia 92;1257;Aves/ACCEPTED
Polyplectron napoleonis;bird;Asia;Asia 81|North America 2|Europe 1;1171;Aves/ACCEPTED
Polyplectron schleiermacheri;bird;Asia;Asia 81|Europe 2;199;Aves/ACCEPTED
Polysarcus denticauda;insect;Europe;Europe 100;9727;Insecta/ACCEPTED
Polysticta stelleri;bird;North America+Europe;North America 73|Europe 25|Asia 1;111155;Aves/ACCEPTED
Polystictus pectoralis;bird;South America;South America 100;5199;Aves/ACCEPTED
Polystictus superciliaris;bird;South America;South America 100;1985;Aves/ACCEPTED
Polytelis anthopeplus;bird;Oceania;Oceania 99;27572;Aves/ACCEPTED
Polytelis swainsonii;bird;Oceania;Oceania 99;42499;Aves/ACCEPTED
Polytmus guainumbi;bird;South America;South America 98;7877;Aves/ACCEPTED
Polytmus theresiae;bird;South America;South America 99;5489;Aves/ACCEPTED
Pomarea dimidiata;bird;Oceania;Oceania 91;290;Aves/ACCEPTED
Pomatorhinus bornensis;bird;Asia;Asia 100;4325;Aves/ACCEPTED
Pomatorhinus ferruginosus;bird;Asia;Asia 99;2515;Aves/ACCEPTED
Pomatorhinus horsfieldii;bird;Asia;Asia 100;73795;Aves/ACCEPTED
Pomatorhinus melanurus;bird;Asia;Asia 100;7004;Aves/ACCEPTED
Pomatorhinus montanus;bird;Asia;Asia 73;1607;Aves/ACCEPTED
Pomatorhinus musicus;bird;Asia;Asia 100;211765;Aves/ACCEPTED
Pomatorhinus ochraceiceps;bird;Asia;Asia 99;3346;Aves/ACCEPTED
Pomatorhinus phayrei;bird;Asia;Asia 100;1674;Aves/ACCEPTED
Pomatorhinus ruficollis;bird;Asia;Asia 100;33318;Aves/ACCEPTED
Pomatorhinus schisticeps;bird;Asia;Asia 100;19354;Aves/ACCEPTED
Pomatorhinus superciliaris;bird;Asia;Asia 97|Oceania 3;5242;Aves/ACCEPTED
Pomatostomus halli;bird;Oceania;Oceania 100;5632;Aves/ACCEPTED
Pomatostomus ruficeps;bird;Oceania;Oceania 100;30234;Aves/ACCEPTED
Pomatostomus superciliosus;bird;Oceania;Oceania 100;149894;Aves/ACCEPTED
Pomatostomus temporalis;bird;Oceania;Oceania 100;157808;Aves/ACCEPTED
Pongo pygmaeus;mammal;Asia+Ocean;Asia 40|Europe 1;7663;Mammalia/ACCEPTED
Poodytes carteri;bird;Oceania;Oceania 100;8671;Aves/SYNONYM
Poodytes gramineus;bird;Oceania;Oceania 100;164892;Aves/SYNONYM
Poodytes punctatus;bird;Oceania;Oceania 100;14155;Aves/ACCEPTED
Pooecetes gramineus;bird;North America;North America 100;952277;Aves/ACCEPTED
Poospiza baeri;bird;South America;South America 100;1172;Aves/ACCEPTED
Poospiza boliviana;bird;South America;South America 100;860;Aves/ACCEPTED
Poospiza hispaniolensis;bird;South America;South America 100;7972;Aves/ACCEPTED
Poospiza nigrorufa;bird;South America;South America 100;44282;Aves/ACCEPTED
Poospiza ornata;bird;South America;South America 100;3290;Aves/ACCEPTED
Poospiza whitii;bird;South America;South America 100;8591;Aves/ACCEPTED
Poospizopsis caesar;bird;South America;South America 100;5054;Aves/ACCEPTED
Poospizopsis hypocondria;bird;South America;South America 100;4203;Aves/ACCEPTED
Popplepsalta annulata;insect;Oceania;Oceania 98;260;Insecta/ACCEPTED
Porphyrio alleni;bird;Africa;Africa 96|Europe 2;7020;Aves/ACCEPTED
Porphyrio flavirostris;bird;South America;South America 99;4463;Aves/ACCEPTED
Porphyrio hochstetteri;bird;Oceania;Oceania 100;6718;Aves/ACCEPTED
Porphyrio madagascariensis;bird;Africa;Africa 97|Asia 2;65241;Aves/SYNONYM
Porphyrio martinica;bird;North America+South America;North America 78|South America 22;393517;Aves/ACCEPTED
Porphyrio melanotus;bird;Oceania;Oceania 100;583454;Aves/ACCEPTED
Porphyrio poliocephalus;bird;Asia+North America;Asia 83|North America 17;345309;Aves/SYNONYM
Porphyrio porphyrio;bird;Global;Asia 36|Oceania 32|Europe 17|Africa 8|North America 7;805741;Aves/ACCEPTED
Porphyriops melanops;bird;South America;South America 100;49233;Aves/SYNONYM
Porphyrolaema porphyrolaema;bird;South America;South America 100;1900;Aves/ACCEPTED
Porphyrospiza alaudina;bird;South America;South America 100;23651;Aves/ACCEPTED
Porphyrospiza caerulescens;bird;South America;South America 100;2756;Aves/ACCEPTED
Porzana carolina;bird;North America;North America 99;1006857;Aves/ACCEPTED
Porzana fluminea;bird;Oceania;Oceania 100;47842;Aves/ACCEPTED
Porzana porzana;bird;Europe+Asia;Europe 93|Asia 6|Africa 1;121139;Aves/ACCEPTED
Porzana spiloptera;bird;South America;South America 100;1593;Aves/ACCEPTED
Potos flavus;mammal;North America+South America;North America 47|South America 44;5972;Mammalia/ACCEPTED
Power tools;noise;;;;
Poyntonia paludicola;amphibian;Africa;Africa 98;200;Amphibia/ACCEPTED
Premnoplex brunnescens;bird;South America+North America;South America 53|North America 47;46470;Aves/ACCEPTED
Premnornis guttuliger;bird;South America;South America 100;5511;Aves/ACCEPTED
Presbytis melalophos;mammal;Asia;Asia 63;675;Mammalia/ACCEPTED
Presbytis rubicunda;mammal;Asia;Asia 92;1241;Mammalia/ACCEPTED
Primolius auricollis;bird;South America;South America 99;11606;Aves/ACCEPTED
Primolius couloni;bird;South America;South America 100;6599;Aves/ACCEPTED
Primolius maracana;bird;South America;South America 100;18911;Aves/ACCEPTED
Prinia atrogularis;bird;Asia;Asia 99;6763;Aves/ACCEPTED
Prinia bairdii;bird;Africa;Africa 100;5379;Aves/ACCEPTED
Prinia buchanani;bird;Asia;Asia 100;12090;Aves/ACCEPTED
Prinia cinereocapilla;bird;Asia;Asia 100;825;Aves/ACCEPTED
Prinia cooki;bird;Asia;Asia 99;419;Aves/SYNONYM
Prinia crinigera;bird;Asia;Asia 100;19413;Aves/ACCEPTED
Prinia erythroptera;bird;Africa;Africa 99;4418;Aves/SYNONYM
Prinia familiaris;bird;Asia;Asia 85;4219;Aves/ACCEPTED
Prinia flavicans;bird;Africa;Africa 100;130623;Aves/ACCEPTED
Prinia flaviventris;bird;Asia;Asia 100;305132;Aves/ACCEPTED
Prinia fluviatilis;bird;Africa;Africa 100;954;Aves/ACCEPTED
Prinia gracilis;bird;Asia;Asia 98|Africa 2;151472;Aves/ACCEPTED
Prinia hodgsonii;bird;Asia;Asia 100;188287;Aves/ACCEPTED
Prinia hypoxantha;bird;Africa;Africa 100;23918;Aves/ACCEPTED
Prinia inornata;bird;Asia;Asia 100;769274;Aves/ACCEPTED
Prinia khasiana;bird;Asia;Asia 100;2069;Aves/SYNONYM
Prinia lepida;bird;Asia;Asia 100;57952;Aves/ACCEPTED
Prinia maculosa;bird;Africa;Africa 100;129780;Aves/ACCEPTED
Prinia melanops;bird;Africa;Africa 100;32;Aves/ACCEPTED
Prinia molleri;bird;Africa;Africa 100;2087;Aves/ACCEPTED
Prinia polychroa;bird;Asia;Asia 95;4746;Aves/ACCEPTED
Prinia rocki;bird;Asia;Asia 99;397;Aves/ACCEPTED
Prinia rufescens;bird;Asia;Asia 100;19240;Aves/ACCEPTED
Prinia rufifrons;bird;Africa;Africa 100;4465;Aves/SYNONYM
Prinia socialis;bird;Asia;Asia 100;629168;Aves/ACCEPTED
Prinia somalica;bird;Africa;Africa 100;2430;Aves/ACCEPTED
Prinia striata;bird;Asia;Asia 100;10736;Aves/ACCEPTED
Prinia subflava;bird;Africa;Africa 99|Asia 1;311590;Aves/ACCEPTED
Prinia superciliaris;bird;Asia;Asia 100;10987;Aves/ACCEPTED
Prinia sylvatica;bird;Asia;Asia 100;59451;Aves/ACCEPTED
Prioniturus discurus;bird;Asia;Asia 95;1696;Aves/ACCEPTED
Prioniturus platenae;bird;Asia;Asia 99;1167;Aves/ACCEPTED
Prionochilus maculatus;bird;Asia;Asia 99;11211;Aves/ACCEPTED
Prionochilus percussus;bird;Asia;Asia 99;7432;Aves/ACCEPTED
Prionochilus plateni;bird;Asia;Asia 99;3335;Aves/ACCEPTED
Prionochilus thoracicus;bird;Asia;Asia 98;1434;Aves/ACCEPTED
Prionochilus xanthopygius;bird;Asia;Asia 99;6713;Aves/ACCEPTED
Prionodura newtoniana;bird;Oceania;Oceania 99;4230;Aves/ACCEPTED
Prionops caniceps;bird;Africa;Africa 99;2728;Aves/ACCEPTED
Prionops plumatus;bird;Africa;Africa 99;68637;Aves/ACCEPTED
Prionops retzii;bird;Africa;Africa 99;21493;Aves/ACCEPTED
Prionops rufiventris;bird;Africa;Africa 99;697;Aves/ACCEPTED
Prionops scopifrons;bird;Africa;Africa 99;3576;Aves/ACCEPTED
Priotelus roseigaster;bird;North America;North America 100;2736;Aves/ACCEPTED
Priotelus temnurus;bird;North America;North America 100;17150;Aves/ACCEPTED
Pristimantis achatinus;amphibian;South America;South America 99|North America 1;9699;Amphibia/ACCEPTED
Pristimantis taeniatus;amphibian;South America+North America;South America 85|North America 14;2112;Amphibia/ACCEPTED
Probosciger aterrimus;bird;Oceania;Oceania 93|Asia 3;7418;Aves/ACCEPTED
Procarduelis nipalensis;bird;Asia;Asia 100;8873;Aves/ACCEPTED
Procavia capensis;mammal;Africa+Asia;Africa 54|Asia 40;17771;Mammalia/ACCEPTED
Procellaria aequinoctialis;bird;Africa+South America+Antarctica+Ocean;Africa 5|South America 5|Antarctica 4|Oceania 2;126071;Aves/ACCEPTED
Procellaria cinerea;bird;Oceania+Antarctica+Ocean;Oceania 9|Antarctica 3|Africa 3|South America 1;4732;Aves/ACCEPTED
Procellaria parkinsoni;bird;Oceania+Ocean;Oceania 20|South America 1;5669;Aves/ACCEPTED
Procellaria westlandica;bird;Oceania+South America+Ocean;Oceania 15|South America 9;14512;Aves/ACCEPTED
Proceratophrys boiei;amphibian;South America;South America 99;1918;Amphibia/ACCEPTED
Procnias albus;bird;South America;South America 99;2216;Aves/ACCEPTED
Procnias averano;bird;South America;South America 99|North America 1;8667;Aves/ACCEPTED
Procnias nudicollis;bird;South America;South America 99;27325;Aves/ACCEPTED
Procnias tricarunculatus;bird;North America;North America 100;24345;Aves/ACCEPTED
Procyon lotor;mammal;North America+Europe;North America 71|Europe 23|Asia 1;208401;Mammalia/ACCEPTED
Prodotiscus regulus;bird;Africa;Africa 100;15196;Aves/ACCEPTED
Prodotiscus zambesiae;bird;Africa;Africa 100;3591;Aves/ACCEPTED
Progne chalybea;bird;South America+North America;South America 57|North America 43;470129;Aves/ACCEPTED
Progne cryptoleuca;bird;North America;North America 100;5712;Aves/ACCEPTED
Progne dominicensis;bird;North America+South America;North America 92|South America 8;36266;Aves/ACCEPTED
Progne elegans;bird;South America;South America 100;37544;Aves/ACCEPTED
Progne sinaloae;bird;North America;North America 98;365;Aves/ACCEPTED
Progne subis;bird;North America;North America 100;2198871;Aves/ACCEPTED
Progne tapera;bird;South America;South America 100;199206;Aves/ACCEPTED
Promerops cafer;bird;Africa;Africa 100;49732;Aves/ACCEPTED
Promerops gurneyi;bird;Africa;Africa 100;6672;Aves/ACCEPTED
Propithecus verreauxi;mammal;Africa;Africa 95;1041;Mammalia/ACCEPTED
Prosobonia parvirostris;bird;Oceania;Oceania 88;108;Aves/ACCEPTED
Prosopeia personata;bird;Oceania;Oceania 99;1701;Aves/ACCEPTED
Prosopeia splendens;bird;Oceania;Oceania 97;405;Aves/ACCEPTED
Prosopeia tabuensis;bird;Oceania;Oceania 95;1103;Aves/ACCEPTED
Prosthemadera novaeseelandiae;bird;Oceania;Oceania 100;274672;Aves/ACCEPTED
Protonotaria citrea;bird;North America;North America 97|South America 3;665025;Aves/ACCEPTED
Prunella atrogularis;bird;Asia+Europe;Asia 57|Europe 39;9187;Aves/ACCEPTED
Prunella collaris;bird;Europe+Asia;Europe 81|Asia 18|Africa 1;75230;Aves/ACCEPTED
Prunella fulvescens;bird;Asia;Asia 100;8222;Aves/ACCEPTED
Prunella himalayana;bird;Asia;Asia 100;4091;Aves/ACCEPTED
Prunella immaculata;bird;Asia;Asia 100;3192;Aves/ACCEPTED
Prunella koslowi;bird;Asia;Asia 97;480;Aves/ACCEPTED
Prunella modularis;bird;Europe;Europe 97|Oceania 3;3986211;Aves/ACCEPTED
Prunella montanella;bird;Europe+Asia+North America;Europe 49|Asia 38|North America 10;12820;Aves/ACCEPTED
Prunella ocularis;bird;Asia;Asia 100;2496;Aves/ACCEPTED
Prunella rubeculoides;bird;Asia;Asia 100;7598;Aves/ACCEPTED
Prunella rubida;bird;Asia;Asia 90;1785;Aves/ACCEPTED
Prunella strophiata;bird;Asia;Asia 100;18555;Aves/ACCEPTED
Psalidoprocne nitens;bird;Africa;Africa 99;3469;Aves/ACCEPTED
Psalidoprocne pristoptera;bird;Africa;Africa 100;50880;Aves/ACCEPTED
Psaltoda claripennis;insect;Oceania;Oceania 100;960;Insecta/ACCEPTED
Psaltoda harrisii;insect;Oceania;Oceania 99;1161;Insecta/ACCEPTED
Psaltoda moerens;insect;Oceania;Oceania 99;3074;Insecta/ACCEPTED
Psaltoda mossi;insect;Oceania;Oceania 100;192;Insecta/ACCEPTED
Psaltoda pictibasis;insect;Oceania;Oceania 99;217;Insecta/ACCEPTED
Psaltoda plaga;insect;Oceania;Oceania 100;3171;Insecta/ACCEPTED
Psaltriparus minimus;bird;North America;North America 100;2558131;Aves/ACCEPTED
Psarisomus dalhousiae;bird;Asia;Asia 99;19579;Aves/ACCEPTED
Psarocolius angustifrons;bird;South America;South America 100;180983;Aves/ACCEPTED
Psarocolius atrovirens;bird;South America;South America 100;14142;Aves/ACCEPTED
Psarocolius bifasciatus;bird;South America;South America 100;19767;Aves/ACCEPTED
Psarocolius cassini;bird;South America;South America 99;1487;Aves/ACCEPTED
Psarocolius decumanus;bird;South America+North America;South America 89|North America 11;267879;Aves/ACCEPTED
Psarocolius guatimozinus;bird;North America+South America;North America 90|South America 10;4007;Aves/ACCEPTED
Psarocolius montezuma;bird;North America;North America 100;342743;Aves/ACCEPTED
Psarocolius viridis;bird;South America;South America 100;15645;Aves/ACCEPTED
Psarocolius wagleri;bird;North America+South America;North America 87|South America 13;115451;Aves/ACCEPTED
Psephotellus chrysopterygius;bird;Oceania;Oceania 99;1633;Aves/ACCEPTED
Psephotellus dissimilis;bird;Oceania;Oceania 99;4255;Aves/ACCEPTED
Psephotellus varius;bird;Oceania;Oceania 100;61388;Aves/ACCEPTED
Psephotus haematonotus;bird;Oceania;Oceania 100;475828;Aves/ACCEPTED
Psephotus varius;bird;Oceania;Oceania 95;2393;Aves/ACCEPTED
Pseudacris brachyphona;amphibian;North America;North America 94;1886;Amphibia/ACCEPTED
Pseudacris brimleyi;amphibian;North America;North America 96|Africa 1;1009;Amphibia/ACCEPTED
Pseudacris cadaverina;amphibian;North America;North America 98;9595;Amphibia/ACCEPTED
Pseudacris clarkii;amphibian;North America;North America 96;3837;Amphibia/ACCEPTED
Pseudacris crucifer;amphibian;North America;North America 97;83164;Amphibia/ACCEPTED
Pseudacris feriarum;amphibian;North America;North America 92;8245;Amphibia/ACCEPTED
Pseudacris fouquettei;amphibian;North America;North America 98;1486;Amphibia/ACCEPTED
Pseudacris maculata;amphibian;North America;North America 92;18605;Amphibia/ACCEPTED
Pseudacris nigrita;amphibian;North America;North America 93;3931;Amphibia/ACCEPTED
Pseudacris ocularis;amphibian;North America;North America 95;3193;Amphibia/ACCEPTED
Pseudacris ornata;amphibian;North America;North America 95|Africa 1;2540;Amphibia/ACCEPTED
Pseudacris regilla;amphibian;North America;North America 98;90286;Amphibia/ACCEPTED
Pseudacris streckeri;amphibian;North America;North America 93;3789;Amphibia/ACCEPTED
Pseudacris triseriata;amphibian;North America;North America 89;16003;Amphibia/ACCEPTED
Pseudasthenes cactorum;bird;South America;South America 100;1087;Aves/SYNONYM
Pseudasthenes humicola;bird;South America;South America 99;16996;Aves/SYNONYM
Pseudasthenes patagonica;bird;South America;South America 100;2461;Aves/SYNONYM
Pseudasthenes steinbachi;bird;South America;South America 99;1545;Aves/SYNONYM
Pseudastur albicollis;bird;North America+South America;North America 79|South America 21;60217;Aves/SYNONYM
Pseudastur occidentalis;bird;South America;South America 100;4084;Aves/SYNONYM
Pseudastur polionotus;bird;South America;South America 99;3165;Aves/SYNONYM
Pseudelaenia leucospodia;bird;South America;South America 100;4790;Aves/ACCEPTED
Pseudeos cardinalis;bird;Oceania;Oceania 98;1708;Aves/SYNONYM
Pseudhirundo griseopyga;bird;Africa;Africa 100;16257;Aves/ACCEPTED
Pseudibis davisoni;bird;Asia;Asia 100;1377;Aves/ACCEPTED
Pseudibis gigantea;bird;Asia;Asia 100;1208;Aves/ACCEPTED
Pseudibis papillosa;bird;Asia;Asia 100;158057;Aves/ACCEPTED
Pseudis minuta;amphibian;South America;South America 98;3022;Amphibia/ACCEPTED
Pseudobias wardi;bird;Africa;Africa 100;2875;Aves/ACCEPTED
Pseudocheirus peregrinus;mammal;Oceania;Oceania 100;155864;Mammalia/ACCEPTED
Pseudochorthippus curtipennis;insect;North America;North America 98;8044;Insecta/ACCEPTED
Pseudochorthippus montanus;insect;Europe;Europe 100;33574;Insecta/ACCEPTED
Pseudochorthippus parallelus;insect;Europe;Europe 100;446831;Insecta/ACCEPTED
Pseudocolaptes boissonneautii;bird;South America;South America 100;25819;Aves/ACCEPTED
Pseudocolaptes johnsoni;bird;South America;South America 100;6804;Aves/ACCEPTED
Pseudocolaptes lawrencii;bird;North America;North America 100;7252;Aves/ACCEPTED
Pseudocolopteryx acutipennis;bird;South America;South America 100;4943;Aves/ACCEPTED
Pseudocolopteryx citreola;bird;South America;South America 100;2663;Aves/ACCEPTED
Pseudocolopteryx dinelliana;bird;South America;South America 100;2593;Aves/ACCEPTED
Pseudocolopteryx flaviventris;bird;South America;South America 100;8465;Aves/ACCEPTED
Pseudocolopteryx sclateri;bird;South America;South America 100;4015;Aves/ACCEPTED
Pseudoleistes guirahuro;bird;South America;South America 100;33186;Aves/ACCEPTED
Pseudoleistes virescens;bird;South America;South America 100;45133;Aves/ACCEPTED
Pseudonestor xanthophrys;bird;North America+Oceania;North America 45|Oceania 14;505;Aves/ACCEPTED
Pseudonigrita arnaudi;bird;Africa;Africa 100;13215;Aves/ACCEPTED
Pseudonigrita cabanisi;bird;Africa;Africa 100;4589;Aves/ACCEPTED
Pseudopaludicola falcipes;amphibian;South America;South America 100;4249;Amphibia/ACCEPTED
Pseudophilautus wynaadensis;amphibian;Asia;Asia 93;1137;Amphibia/ACCEPTED
Pseudophryne australis;amphibian;Oceania;Oceania 100;6663;Amphibia/ACCEPTED
Pseudophryne bibronii;amphibian;Oceania;Oceania 100;11074;Amphibia/ACCEPTED
Pseudophryne coriacea;amphibian;Oceania;Oceania 100;10661;Amphibia/ACCEPTED
Pseudophryne raveni;amphibian;Oceania;Oceania 99;3333;Amphibia/ACCEPTED
Pseudophryne semimarmorata;amphibian;Oceania;Oceania 100;4676;Amphibia/ACCEPTED
Pseudopipra pipra;bird;South America+North America;South America 88|North America 11;29160;Aves/SYNONYM
Pseudopodoces humilis;bird;Asia;Asia 99;6124;Aves/ACCEPTED
Pseudorca crassidens;mammal;Oceania+Europe+North America+Ocean;Oceania 15|Europe 9|North America 4|Asia 2|South America 1;10610;Mammalia/ACCEPTED
Pseudorectes ferrugineus;bird;Oceania;Oceania 89|Asia 3;2706;Aves/ACCEPTED
Pseudorhynchus lessonii;insect;Oceania;Oceania 92|Asia 1;425;Insecta/ACCEPTED
Pseudosaltator rufiventris;bird;South America;South America 100;1590;Aves/ACCEPTED
Pseudoseisura cristata;bird;South America;South America 100;9598;Aves/ACCEPTED
Pseudoseisura gutturalis;bird;South America;South America 100;5901;Aves/ACCEPTED
Pseudoseisura lophotes;bird;South America;South America 100;59767;Aves/ACCEPTED
Pseudoseisura unirufa;bird;South America;South America 100;10932;Aves/ACCEPTED
Pseudospingus verticalis;bird;South America;South America 100;4450;Aves/ACCEPTED
Pseudospingus xanthophthalmus;bird;South America;South America 100;2802;Aves/ACCEPTED
Pseudotriccus pelzelni;bird;South America;South America 99|North America 1;8842;Aves/ACCEPTED
Pseudotriccus ruficeps;bird;South America;South America 100;11382;Aves/ACCEPTED
Psilopogon annamensis;bird;Asia;Asia 100;3687;Aves/ACCEPTED
Psilopogon armillaris;bird;Asia;Asia 95;3993;Aves/ACCEPTED
Psilopogon asiaticus;bird;Asia;Asia 100;134253;Aves/ACCEPTED
Psilopogon auricularis;bird;Asia;Asia 100;2633;Aves/ACCEPTED
Psilopogon australis;bird;Asia;Asia 93;1990;Aves/ACCEPTED
Psilopogon chrysopogon;bird;Asia;Asia 99;16967;Aves/ACCEPTED
Psilopogon corvinus;bird;Asia;Asia 83;734;Aves/ACCEPTED
Psilopogon cyanotis;bird;Asia;Asia 100;27159;Aves/SYNONYM
Psilopogon duvaucelii;bird;Asia;Asia 100;48128;Aves/ACCEPTED
Psilopogon eximius;bird;Asia;Asia 100;2086;Aves/ACCEPTED
Psilopogon faber;bird;Asia;Asia 100;2842;Aves/ACCEPTED
Psilopogon faiostrictus;bird;Asia;Asia 100;16054;Aves/ACCEPTED
Psilopogon flavifrons;bird;Asia;Asia 100;12955;Aves/ACCEPTED
Psilopogon franklinii;bird;Asia;Asia 100;26527;Aves/ACCEPTED
Psilopogon haemacephalus;bird;Asia;Asia 100;602153;Aves/ACCEPTED
Psilopogon henricii;bird;Asia;Asia 99;6281;Aves/ACCEPTED
Psilopogon incognitus;bird;Asia;Asia 100;7851;Aves/ACCEPTED
Psilopogon javensis;bird;Asia;Asia 90;1368;Aves/ACCEPTED
Psilopogon lagrandieri;bird;Asia;Asia 100;2583;Aves/ACCEPTED
Psilopogon lineatus;bird;Asia;Asia 100;119095;Aves/ACCEPTED
Psilopogon malabaricus;bird;Asia;Asia 100;49379;Aves/ACCEPTED
Psilopogon monticola;bird;Asia;Asia 100;3420;Aves/ACCEPTED
Psilopogon mystacophanos;bird;Asia;Asia 99;17087;Aves/ACCEPTED
Psilopogon nuchalis;bird;Asia;Asia 100;365380;Aves/ACCEPTED
Psilopogon oorti;bird;Asia;Asia 99;8435;Aves/ACCEPTED
Psilopogon pulcherrimus;bird;Asia;Asia 100;7249;Aves/ACCEPTED
Psilopogon pyrolophus;bird;Asia;Asia 98;8497;Aves/ACCEPTED
Psilopogon rafflesii;bird;Asia;Asia 98;8935;Aves/ACCEPTED
Psilopogon rubricapillus;bird;Asia;Asia 100;17051;Aves/ACCEPTED
Psilopogon virens;bird;Asia;Asia 100;113514;Aves/ACCEPTED
Psilopogon viridis;bird;Asia;Asia 100;552029;Aves/ACCEPTED
Psilopogon zeylanicus;bird;Asia;Asia 100;221775;Aves/ACCEPTED
Psilopsiagon aurifrons;bird;South America;South America 99;6726;Aves/ACCEPTED
Psilopsiagon aymara;bird;South America;South America 100;9875;Aves/ACCEPTED
Psilorhamphus guttatus;bird;South America;South America 100;4727;Aves/ACCEPTED
Psilorhinus morio;bird;North America;North America 100;436047;Aves/ACCEPTED
Psiloscops flammeolus;bird;North America;North America 99;19796;Aves/ACCEPTED
Psittacara chloropterus;bird;North America;North America 100;7220;Aves/SYNONYM
Psittacara erythrogenys;bird;North America+South America+Oceania;North America 62|South America 28|Oceania 6|Europe 3;70464;Aves/SYNONYM
Psittacara euops;bird;North America;North America 99;4010;Aves/SYNONYM
Psittacara finschi;bird;North America;North America 100;147229;Aves/SYNONYM
Psittacara frontatus;bird;South America;South America 100;4054;Aves/SYNONYM
Psittacara holochlorus;bird;North America;North America 100;41342;Aves/SYNONYM
Psittacara leucophthalmus;bird;South America;South America 99|North America 1;237439;Aves/SYNONYM
Psittacara mitratus;bird;North America+South America+Europe;North America 51|South America 45|Europe 4;61359;Aves/SYNONYM
Psittacara strenuus;bird;North America;North America 100;29584;Aves/SYNONYM
Psittacara wagleri;bird;South America;South America 100;66707;Aves/SYNONYM
Psittacella brehmii;bird;Oceania+Asia;Oceania 93|Asia 3;1983;Aves/ACCEPTED
Psittacella picta;bird;Oceania+Asia;Oceania 92|Asia 6;442;Aves/ACCEPTED
Psittacula alexandri;bird;Asia;Asia 99;60317;Aves/ACCEPTED
Psittacula calthrapae;bird;Asia;Asia 100;6982;Aves/ACCEPTED
Psittacula caniceps;bird;Asia;Asia 98;467;Aves/ACCEPTED
Psittacula columboides;bird;Asia;Asia 100;71699;Aves/ACCEPTED
Psittacula cyanocephala;bird;Asia;Asia 100;261013;Aves/ACCEPTED
Psittacula eques;bird;Africa;Africa 94|Asia 1;687;Aves/ACCEPTED
Psittacula eupatria;bird;Asia+Europe;Asia 91|Europe 8;199852;Aves/ACCEPTED
Psittacula finschii;bird;Asia;Asia 100;2585;Aves/ACCEPTED
Psittacula himalayana;bird;Asia;Asia 100;29574;Aves/ACCEPTED
Psittacula krameri;bird;Asia+Europe;Asia 64|Europe 32|Africa 3|Oceania 1;1962448;Aves/ACCEPTED
Psittacula longicauda;bird;Asia;Asia 99;30935;Aves/ACCEPTED
Psittacula roseata;bird;Asia;Asia 99;8413;Aves/ACCEPTED
Psittacus erithacus;bird;Africa;Africa 91|Europe 2|Asia 1|North America 1;14247;Aves/ACCEPTED
Psittacus timneh;bird;Africa;Africa 100;676;Aves/ACCEPTED
Psitteuteles porphyrocephalus;bird;Oceania;Oceania 99;2811;Aves/ACCEPTED/via Glossopsitta porphyrocephala
Psitteuteles pusillus;bird;Oceania;Oceania 99;3682;Aves/ACCEPTED/via Glossopsitta pusilla
Psitteuteles versicolor;bird;Oceania;Oceania 100;22865;Aves/ACCEPTED
Psittinus cyanurus;bird;Asia;Asia 97;5019;Aves/ACCEPTED
Psittiparus gularis;bird;Asia;Asia 99;5149;Aves/ACCEPTED
Psittrichas fulgidus;bird;Oceania+Asia;Oceania 83|Asia 3|North America 1;1251;Aves/ACCEPTED
Psophia crepitans;bird;South America;South America 98;11490;Aves/ACCEPTED
Psophia leucoptera;bird;South America;South America 99;3552;Aves/ACCEPTED
Psophia viridis;bird;South America;South America 95|North America 1;1211;Aves/ACCEPTED
Psophocichla litsitsirupa;bird;Africa;Africa 100;70603;Aves/ACCEPTED
Psophodes cristatus;bird;Oceania;Oceania 100;15096;Aves/ACCEPTED
Psophodes nigrogularis;bird;Oceania;Oceania 100;5890;Aves/ACCEPTED
Psophodes occidentalis;bird;Oceania;Oceania 100;9892;Aves/ACCEPTED
Psophodes olivaceus;bird;Oceania;Oceania 100;453823;Aves/ACCEPTED
Psophus stridulus;insect;Europe;Europe 99|Asia 1;26626;Insecta/ACCEPTED
Pteridophora alberti;bird;Oceania+Asia;Oceania 94|Asia 4;2081;Aves/ACCEPTED
Pternistis adspersus;bird;Africa;Africa 100;35615;Aves/ACCEPTED
Pternistis afer;bird;Africa;Africa 99;48746;Aves/ACCEPTED
Pternistis ahantensis;bird;Africa;Africa 99;1540;Aves/ACCEPTED
Pternistis bicalcaratus;bird;Africa;Africa 100;22451;Aves/ACCEPTED
Pternistis capensis;bird;Africa;Africa 100;81581;Aves/ACCEPTED
Pternistis castaneicollis;bird;Africa;Africa 100;1433;Aves/ACCEPTED
Pternistis clappertoni;bird;Africa;Africa 95;1685;Aves/ACCEPTED
Pternistis erckelii;bird;Oceania+Africa;Oceania 96|Africa 4;24450;Aves/ACCEPTED
Pternistis hartlaubi;bird;Africa;Africa 98;1514;Aves/ACCEPTED
Pternistis harwoodi;bird;Africa;Africa 99;347;Aves/ACCEPTED
Pternistis hildebrandti;bird;Africa;Africa 100;6488;Aves/ACCEPTED
Pternistis icterorhynchus;bird;Africa;Africa 98;1920;Aves/ACCEPTED
Pternistis jacksoni;bird;Africa;Africa 100;1714;Aves/ACCEPTED
Pternistis leucoscepus;bird;Africa;Africa 98|Asia 2;25887;Aves/ACCEPTED
Pternistis natalensis;bird;Africa;Africa 100;135625;Aves/ACCEPTED
Pternistis nobilis;bird;Africa;Africa 98;1283;Aves/ACCEPTED
Pternistis squamatus;bird;Africa;Africa 99;6423;Aves/ACCEPTED
Pternistis swainsonii;bird;Africa;Africa 100;172853;Aves/ACCEPTED
Pterocles alchata;bird;Europe+Asia;Europe 82|Asia 15|Africa 2;38327;Aves/ACCEPTED
Pterocles bicinctus;bird;Africa;Africa 100;28325;Aves/ACCEPTED
Pterocles burchelli;bird;Africa;Africa 100;9338;Aves/ACCEPTED
Pterocles coronatus;bird;Asia+Africa;Asia 58|Africa 41;5172;Aves/ACCEPTED
Pterocles decoratus;bird;Africa;Africa 100;11526;Aves/ACCEPTED
Pterocles exustus;bird;Asia+Africa+Oceania;Asia 73|Africa 22|Oceania 5;39913;Aves/ACCEPTED
Pterocles gutturalis;bird;Africa;Africa 99;6979;Aves/ACCEPTED
Pterocles indicus;bird;Asia;Asia 100;6437;Aves/ACCEPTED
Pterocles lichtensteinii;bird;Asia+Africa;Asia 75|Africa 25;8114;Aves/ACCEPTED
Pterocles namaqua;bird;Africa;Africa 100;31729;Aves/ACCEPTED
Pterocles orientalis;bird;Europe+Asia+Africa;Europe 65|Asia 24|Africa 10;45003;Aves/ACCEPTED
Pterocles personatus;bird;Africa;Africa 99;1365;Aves/ACCEPTED
Pterocles quadricinctus;bird;Africa;Africa 98;3365;Aves/ACCEPTED
Pterocles senegallus;bird;Asia+Africa;Asia 69|Africa 30;8961;Aves/ACCEPTED
Pterodroma cahow;bird;North America;North America 87;3486;Aves/ACCEPTED
Pterodroma cervicalis;bird;Oceania+Ocean;Oceania 24;3159;Aves/ACCEPTED
Pterodroma cookii;bird;Oceania+Ocean;Oceania 15|North America 1;15626;Aves/ACCEPTED
Pterodroma externa;bird;South America+Oceania+Ocean;South America 11|Oceania 5;5469;Aves/ACCEPTED
Pterodroma gouldi;bird;Oceania+Ocean;Oceania 19;13693;Aves/SYNONYM
Pterodroma heraldica;bird;Oceania+Asia;Oceania 57|Asia 4|Africa 2;883;Aves/ACCEPTED
Pterodroma hypoleuca;bird;Oceania+North America+Asia;Oceania 42|North America 11|Asia 3;3890;Aves/ACCEPTED
Pterodroma inexpectata;bird;Oceania+North America+Ocean;Oceania 16|North America 3;9511;Aves/ACCEPTED
Pterodroma madeira;bird;Africa+Europe;Africa 37|Europe 21;1237;Aves/ACCEPTED
Pterodroma magentae;bird;Oceania;Oceania 80;400;Aves/ACCEPTED
Pterodroma mollis;bird;Oceania+Ocean;Oceania 6|Africa 2|South America 2|Antarctica 2|Europe 1;19100;Aves/ACCEPTED
Pterodroma neglecta;bird;Oceania+South America+Ocean;Oceania 33|South America 5;5440;Aves/ACCEPTED
Pterodroma nigripennis;bird;Oceania+Ocean;Oceania 48;7595;Aves/ACCEPTED
Pterodroma phaeopygia;bird;South America+North America;South America 38|North America 23|Oceania 1;13956;Aves/ACCEPTED
Pterodroma sandwichensis;bird;Oceania+North America+Ocean;Oceania 32|North America 14;7111;Aves/ACCEPTED
Pteroglossus aracari;bird;South America;South America 99;18645;Aves/ACCEPTED
Pteroglossus azara;bird;South America;South America 100;10295;Aves/ACCEPTED
Pteroglossus bailloni;bird;South America;South America 99;7869;Aves/ACCEPTED
Pteroglossus beauharnaesii;bird;South America+North America;South America 65|North America 4;321;Aves/ACCEPTED
Pteroglossus beauharnaisii;bird;South America;South America 100;6362;Aves/ACCEPTED
Pteroglossus bitorquatus;bird;South America;South America 99;4127;Aves/ACCEPTED
Pteroglossus castanotis;bird;South America;South America 100;85756;Aves/ACCEPTED
Pteroglossus erythropygius;bird;South America;South America 99;1146;Aves/ACCEPTED
Pteroglossus frantzii;bird;North America;North America 100;41345;Aves/ACCEPTED
Pteroglossus inscriptus;bird;South America;South America 100;25606;Aves/ACCEPTED
Pteroglossus pluricinctus;bird;South America;South America 100;21609;Aves/ACCEPTED
Pteroglossus sanguineus;bird;South America;South America 91|North America 1;145;Aves/ACCEPTED
Pteroglossus torquatus;bird;North America+South America;North America 80|South America 20;263439;Aves/ACCEPTED
Pteroglossus viridis;bird;South America;South America 99;6485;Aves/ACCEPTED
Pteronemobius heydenii;insect;Europe;Europe 100;32600;Insecta/ACCEPTED
Pteronura brasiliensis;mammal;South America;South America 95|Europe 1;2443;Mammalia/ACCEPTED
Pterophanes cyanopterus;bird;South America;South America 99;24606;Aves/ACCEPTED
Pterophylla camellifolia;insect;North America;North America 98;10053;Insecta/ACCEPTED
Pteroptochos castaneus;bird;South America;South America 99;3118;Aves/ACCEPTED
Pteroptochos megapodius;bird;South America;South America 100;28085;Aves/ACCEPTED
Pteroptochos tarnii;bird;South America;South America 100;31390;Aves/ACCEPTED
Pteropus alecto;mammal;Oceania;Oceania 97|Asia 1;21504;Mammalia/ACCEPTED
Pteropus conspicillatus;mammal;Oceania;Oceania 95|Asia 2;3128;Mammalia/ACCEPTED
Pteropus poliocephalus;mammal;Oceania;Oceania 100;103929;Mammalia/ACCEPTED
Pteropus scapulatus;mammal;Oceania;Oceania 98;7254;Mammalia/ACCEPTED
Pteropus vampyrus;mammal;Asia;Asia 69|Europe 1|Africa 1;2451;Mammalia/ACCEPTED
Pterorhinus albogularis;bird;Asia;Asia 100;32318;Aves/SYNONYM
Pterorhinus berthemyi;bird;Asia;Asia 97;177;Aves/SYNONYM
Pterorhinus caerulatus;bird;Asia;Asia 100;5870;Aves/SYNONYM
Pterorhinus chinensis;bird;Asia;Asia 99;5728;Aves/SYNONYM
Pterorhinus davidi;bird;Asia;Asia 100;6640;Aves/SYNONYM
Pterorhinus delesserti;bird;Asia;Asia 100;2190;Aves/SYNONYM
Pterorhinus koslowi;bird;Asia;Asia 99;289;Aves/SYNONYM
Pterorhinus lanceolatus;bird;Asia;Asia 99;2126;Aves/SYNONYM
Pterorhinus mitratus;bird;Asia;Asia 98;8989;Aves/SYNONYM
Pterorhinus pectoralis;bird;Asia+Oceania;Asia 95|Oceania 4;20634;Aves/SYNONYM
Pterorhinus perspicillatus;bird;Asia;Asia 100;42321;Aves/SYNONYM
Pterorhinus poecilorhynchus;bird;Asia;Asia 100;10238;Aves/SYNONYM
Pterorhinus ruficeps;bird;Asia;Asia 100;4096;Aves/SYNONYM
Pterorhinus ruficollis;bird;Asia;Asia 100;7632;Aves/SYNONYM
Pterorhinus sannio;bird;Asia;Asia 100;16372;Aves/ACCEPTED
Pterorhinus treacheri;bird;Asia;Asia 100;10270;Aves/SYNONYM
Pterorhinus waddelli;bird;Asia;Asia 99;340;Aves/SYNONYM
Pteruthius aenobarbus;bird;Asia;Asia 60;223;Aves/ACCEPTED
Pteruthius aeralatus;bird;Asia;Asia 100;32998;Aves/ACCEPTED
Pteruthius flaviscapis;bird;Asia;Asia 80;776;Aves/ACCEPTED
Pteruthius intermedius;bird;Asia;Asia 100;3533;Aves/ACCEPTED
Pteruthius melanotis;bird;Asia;Asia 100;9999;Aves/ACCEPTED
Pteruthius ripleyi;bird;Asia;Asia 100;17;Aves/ACCEPTED
Pteruthius rufiventer;bird;Asia;Asia 99;2753;Aves/ACCEPTED
Pteruthius xanthochlorus;bird;Asia;Asia 100;6099;Aves/ACCEPTED
Ptilinopus alligator;bird;Oceania;Oceania 99|Asia 1;1620;Aves/ACCEPTED
Ptilinopus aurantiifrons;bird;Oceania;Oceania 93|Asia 3;1787;Aves/ACCEPTED
Ptilinopus chrysogaster;bird;Oceania;Oceania 97;234;Aves/ACCEPTED
Ptilinopus cinctus;bird;Asia;Asia 94;2584;Aves/ACCEPTED
Ptilinopus coronulatus;bird;Oceania+Asia;Oceania 85|Asia 4|Europe 1;1204;Aves/ACCEPTED
Ptilinopus dupetithouarsii;bird;Oceania;Oceania 86;502;Aves/ACCEPTED
Ptilinopus greyi;bird;Oceania;Oceania 100;2606;Aves/ACCEPTED
Ptilinopus holosericea;bird;;;;labels
Ptilinopus insolitus;bird;Oceania;Oceania 95|Asia 1;678;Aves/ACCEPTED
Ptilinopus iozonus;bird;Oceania;Oceania 97|Asia 1;5985;Aves/ACCEPTED
Ptilinopus luteovirens;bird;Oceania;Oceania 100;1482;Aves/ACCEPTED
Ptilinopus magnificus;bird;Oceania;Oceania 99;56868;Aves/ACCEPTED
Ptilinopus melanospilus;bird;Asia;Asia 91;7297;Aves/ACCEPTED
Ptilinopus monacha;bird;Asia;Asia 92;1242;Aves/ACCEPTED
Ptilinopus nainus;bird;Oceania;Oceania 99;1345;Aves/ACCEPTED
Ptilinopus occipitalis;bird;Asia;Asia 98;4742;Aves/ACCEPTED
Ptilinopus pelewensis;bird;Oceania;Oceania 99;6808;Aves/ACCEPTED
Ptilinopus perlatus;bird;Oceania;Oceania 97|Asia 1;3216;Aves/ACCEPTED
Ptilinopus perousii;bird;Oceania;Oceania 98;1634;Aves/ACCEPTED
Ptilinopus ponapensis;bird;Oceania;Oceania 87;467;Aves/ACCEPTED
Ptilinopus porphyraceus;bird;Oceania+North America;Oceania 93|North America 6;2162;Aves/ACCEPTED
Ptilinopus porphyreus;bird;Asia;Asia 86|North America 1;1127;Aves/ACCEPTED
Ptilinopus pulchellus;bird;Oceania;Oceania 90|Asia 3;3060;Aves/ACCEPTED
Ptilinopus regina;bird;Oceania+Asia;Oceania 94|Asia 5;50714;Aves/ACCEPTED
Ptilinopus rivoli;bird;Oceania+Asia;Oceania 75|Asia 18;4409;Aves/ACCEPTED
Ptilinopus roseicapilla;bird;Oceania;Oceania 96|Africa 1;2996;Aves/ACCEPTED
Ptilinopus solomonensis;bird;Oceania;Oceania 85|Asia 3;859;Aves/ACCEPTED
Ptilinopus speciosus;bird;Oceania+Asia;Oceania 96|Asia 4;513;Aves/ACCEPTED
Ptilinopus superbus;bird;Oceania+Asia;Oceania 89|Asia 9;24892;Aves/ACCEPTED
Ptilinopus tannensis;bird;Oceania;Oceania 100;775;Aves/ACCEPTED
Ptilinopus victor;bird;Oceania;Oceania 99;750;Aves/ACCEPTED
Ptilinopus viridis;bird;Oceania+Asia;Oceania 69|Asia 25;3231;Aves/ACCEPTED
Ptiliogonys caudatus;bird;North America;North America 100;41651;Aves/SYNONYM
Ptiliogonys cinereus;bird;North America;North America 100;88361;Aves/SYNONYM
Ptilocichla falcata;bird;Asia;Asia 99;700;Aves/ACCEPTED
Ptilocichla leucogrammica;bird;Asia;Asia 99;912;Aves/ACCEPTED
Ptilocichla mindanensis;bird;Asia;Asia 98;1414;Aves/ACCEPTED
Ptilonorhynchus violaceus;bird;Oceania;Oceania 100;260275;Aves/ACCEPTED
Ptilopachus nahani;bird;Africa;Africa 99;603;Aves/ACCEPTED
Ptilopachus petrosus;bird;Africa;Africa 99;9839;Aves/ACCEPTED
Ptiloprora guisei;bird;Oceania;Oceania 96|Asia 1;2706;Aves/ACCEPTED
Ptiloprora perstriata;bird;Oceania;Oceania 98|Asia 1;2671;Aves/ACCEPTED
Ptilopsis granti;bird;Africa;Africa 99;9091;Aves/ACCEPTED
Ptilopsis leucotis;bird;Africa;Africa 98;4015;Aves/ACCEPTED
Ptiloris intercedens;bird;Oceania;Oceania 96|Asia 2;1438;Aves/ACCEPTED
Ptiloris magnificus;bird;Oceania+Asia;Oceania 94|Asia 4;8202;Aves/ACCEPTED
Ptiloris paradiseus;bird;Oceania;Oceania 100;19117;Aves/ACCEPTED
Ptiloris victoriae;bird;Oceania;Oceania 100;25072;Aves/ACCEPTED
Ptilorrhoa caerulescens;bird;Oceania;Oceania 94|Asia 1;1346;Aves/ACCEPTED
Ptilorrhoa castanonota;bird;Oceania;Oceania 98|Asia 1;970;Aves/ACCEPTED
Ptilorrhoa leucosticta;bird;Oceania;Oceania 96|Asia 1;1031;Aves/ACCEPTED
Ptilostomus afer;bird;Africa;Africa 100;26567;Aves/ACCEPTED
Ptilotula flavescens;bird;Oceania;Oceania 100;28428;Aves/ACCEPTED
Ptilotula fusca;bird;Oceania;Oceania 100;106062;Aves/ACCEPTED
Ptilotula keartlandi;bird;Oceania;Oceania 100;23721;Aves/ACCEPTED
Ptilotula ornata;bird;Oceania;Oceania 100;75571;Aves/ACCEPTED
Ptilotula penicillata;bird;Oceania;Oceania 100;708949;Aves/ACCEPTED
Ptilotula plumula;bird;Oceania;Oceania 100;18479;Aves/ACCEPTED
Ptiloxena atroviolacea;bird;North America;North America 100;37112;Aves/SYNONYM
Ptychadena anchietae;amphibian;Africa;Africa 98;6179;Amphibia/ACCEPTED
Ptychadena mossambica;amphibian;Africa;Africa 97;1186;Amphibia/ACCEPTED
Ptychoramphus aleuticus;bird;North America+Ocean;North America 29;125232;Aves/ACCEPTED
Ptyonoprogne concolor;bird;Asia;Asia 100;127223;Aves/ACCEPTED
Ptyonoprogne fuligula;bird;Africa;Africa 99|Asia 1;206712;Aves/ACCEPTED
Ptyonoprogne rupestris;bird;Europe+Asia;Europe 93|Asia 6|Africa 1;431937;Aves/ACCEPTED
Pucrasia macrolopha;bird;Asia;Asia 97;8330;Aves/ACCEPTED
Puffinus assimilis;bird;Europe+Oceania+Ocean;Europe 24|Oceania 22|South America 2|Africa 1;13463;Aves/ACCEPTED
Puffinus bailloni;bird;Africa+Oceania;Africa 83|Oceania 5|Asia 1;9772;Aves/ACCEPTED
Puffinus baroli;bird;Europe+Africa+Ocean;Europe 35|Africa 12;5526;Aves/ACCEPTED
Puffinus boydi;bird;Africa;Africa 73;760;Aves/ACCEPTED
Puffinus gavia;bird;Oceania;Oceania 70;35876;Aves/ACCEPTED
Puffinus lherminieri;bird;North America+Africa+Ocean;North America 10|Africa 4|South America 1;44543;Aves/ACCEPTED
Puffinus mauretanicus;bird;Europe;Europe 79|Africa 1;75398;Aves/ACCEPTED
Puffinus nativitatis;bird;Oceania;Oceania 54|North America 2|South America 1;1823;Aves/ACCEPTED
Puffinus newelli;bird;North America+Oceania;North America 82|Oceania 11;12719;Aves/ACCEPTED
Puffinus opisthomelas;bird;North America+Ocean;North America 46;81238;Aves/ACCEPTED
Puffinus puffinus;bird;Europe+North America;Europe 40|North America 10|South America 1|Africa 1;207051;Aves/ACCEPTED
Puffinus subalaris;bird;South America+North America;South America 72|North America 4;25359;Aves/ACCEPTED
Puffinus yelkouan;bird;Europe+Asia;Europe 72|Asia 15;31624;Aves/ACCEPTED
Pulchrana baramica;amphibian;Asia;Asia 95;967;Amphibia/ACCEPTED
Pulchrana glandulosa;amphibian;Asia;Asia 98;1813;Amphibia/ACCEPTED
Pulsatrix koeniswaldiana;bird;South America;South America 100;7034;Aves/ACCEPTED
Pulsatrix melanota;bird;South America;South America 100;7705;Aves/ACCEPTED
Pulsatrix perspicillata;bird;North America+South America;North America 53|South America 46;39866;Aves/ACCEPTED
Puma concolor;mammal;North America+South America;North America 46|South America 43;31786;Mammalia/ACCEPTED
Purnella albifrons;bird;Oceania;Oceania 100;54471;Aves/ACCEPTED
Purpureicephalus spurius;bird;Oceania;Oceania 100;52678;Aves/ACCEPTED
Pycnogaster cucullata;insect;Europe;Europe 98;222;Insecta/ACCEPTED
Pycnonotus aurigaster;bird;Asia;Asia 99;86498;Aves/ACCEPTED
Pycnonotus barbatus;bird;Africa;Africa 99|Europe 1;398421;Aves/ACCEPTED
Pycnonotus bimaculatus;bird;Asia+Ocean;Asia 43;726;Aves/ACCEPTED
Pycnonotus blanfordi;bird;Asia;Asia 100;122138;Aves/ACCEPTED
Pycnonotus brunneus;bird;Asia;Asia 100;34421;Aves/ACCEPTED
Pycnonotus cafer;bird;Asia+Oceania;Asia 95|Oceania 4|North America 1;1430574;Aves/ACCEPTED
Pycnonotus capensis;bird;Africa;Africa 100;131355;Aves/ACCEPTED
Pycnonotus cinereifrons;bird;Asia;Asia 100;2825;Aves/ACCEPTED
Pycnonotus conradi;bird;Asia;Asia 100;118199;Aves/SYNONYM
Pycnonotus finlaysoni;bird;Asia;Asia 100;42809;Aves/ACCEPTED
Pycnonotus flavescens;bird;Asia;Asia 100;24001;Aves/ACCEPTED
Pycnonotus goiavier;bird;Asia;Asia 100;233215;Aves/ACCEPTED
Pycnonotus jocosus;bird;Asia+Oceania+North America;Asia 84|Oceania 9|North America 5|Africa 1;959504;Aves/ACCEPTED
Pycnonotus leucogenys;bird;Asia;Asia 100;121953;Aves/ACCEPTED
Pycnonotus leucops;bird;Asia;Asia 100;1687;Aves/SYNONYM
Pycnonotus leucotis;bird;Asia;Asia 100;145291;Aves/ACCEPTED
Pycnonotus luteolus;bird;Asia;Asia 100;231610;Aves/ACCEPTED
Pycnonotus nigricans;bird;Africa;Africa 100;127218;Aves/ACCEPTED
Pycnonotus penicillatus;bird;Asia;Asia 100;4279;Aves/ACCEPTED
Pycnonotus plumosus;bird;Asia;Asia 99;32772;Aves/ACCEPTED
Pycnonotus simplex;bird;Asia;Asia 99;16039;Aves/ACCEPTED
Pycnonotus sinensis;bird;Asia;Asia 100;906154;Aves/ACCEPTED
Pycnonotus striatus;bird;Asia;Asia 100;17337;Aves/ACCEPTED
Pycnonotus taivanus;bird;Asia;Asia 100;95325;Aves/ACCEPTED
Pycnonotus tricolor;bird;Africa;Africa 100;316823;Aves/ACCEPTED
Pycnonotus xantholaemus;bird;Asia;Asia 100;5760;Aves/ACCEPTED
Pycnonotus xanthopygos;bird;Asia;Asia 100;211620;Aves/ACCEPTED
Pycnonotus xanthorrhous;bird;Asia;Asia 100;14974;Aves/ACCEPTED
Pycnonotus zeylanicus;bird;Asia;Asia 87;1505;Aves/ACCEPTED
Pycnoptilus floccosus;bird;Oceania;Oceania 100;17763;Aves/ACCEPTED
Pycnopygius cinereus;bird;Oceania;Oceania 94|Asia 3;1043;Aves/ACCEPTED
Pycnopygius stictocephalus;bird;Oceania;Oceania 98|Asia 1;1555;Aves/ACCEPTED
Pygarrhichas albogularis;bird;South America;South America 100;23359;Aves/ACCEPTED
Pygiptila stellaris;bird;South America;South America 99;11172;Aves/ACCEPTED
Pygochelidon cyanoleuca;bird;South America+North America;South America 81|North America 19;877941;Aves/SYNONYM
Pygochelidon melanoleuca;bird;South America;South America 100;5040;Aves/SYNONYM
Pygoscelis adeliae;bird;Antarctica+Ocean;Antarctica 25;197819;Aves/ACCEPTED
Pygoscelis antarcticus;bird;Antarctica;Antarctica 72;17224;Aves/ACCEPTED
Pygoscelis papua;bird;Antarctica+South America;Antarctica 68|South America 20|Oceania 2;31673;Aves/ACCEPTED
Pyrenestes ostrinus;bird;Africa;Africa 97;2598;Aves/ACCEPTED
Pyrgilauda blanfordi;bird;Asia;Asia 99;1636;Aves/ACCEPTED
Pyrgilauda davidiana;bird;Asia;Asia 100;2034;Aves/ACCEPTED
Pyrgilauda ruficollis;bird;Asia;Asia 99;3042;Aves/ACCEPTED
Pyriglena atra;bird;South America;South America 99;495;Aves/ACCEPTED
Pyriglena leuconota;bird;South America;South America 100;17617;Aves/ACCEPTED
Pyriglena leucoptera;bird;South America;South America 100;46147;Aves/ACCEPTED
Pyriglena maura;bird;South America;South America 100;12283;Aves/SYNONYM
Pyriglena similis;bird;South America;South America 100;307;Aves/ACCEPTED
Pyrilia aurantiocephala;bird;South America;South America 99;714;Aves/SYNONYM
Pyrilia barrabandi;bird;South America;South America 100;12628;Aves/SYNONYM
Pyrilia caica;bird;South America;South America 99;3846;Aves/SYNONYM
Pyrilia haematotis;bird;North America;North America 100;84674;Aves/SYNONYM
Pyrilia pulchra;bird;South America;South America 100;13591;Aves/SYNONYM
Pyrilia pyrilia;bird;South America+North America;South America 93|North America 7;4141;Aves/SYNONYM
Pyrilia vulturina;bird;South America;South America 98;845;Aves/SYNONYM
Pyrocephalus nanus;bird;South America;South America 98;2764;Aves/SYNONYM
Pyrocephalus obscurus;bird;North America+South America;North America 64|South America 32;231;Aves/ACCEPTED
Pyrocephalus rubinus;bird;North America+South America;North America 77|South America 23;1179581;Aves/ACCEPTED
Pyroderus scutatus;bird;South America;South America 100;24061;Aves/ACCEPTED
Pyrope pyrope;bird;South America;South America 100;105672;Aves/SYNONYM
Pyrrhocorax graculus;bird;Europe+Asia;Europe 84|Asia 13|Africa 2;112836;Aves/ACCEPTED
Pyrrhocorax pyrrhocorax;bird;Europe+Asia;Europe 81|Asia 17|Africa 2;277068;Aves/ACCEPTED
Pyrrholaemus brunneus;bird;Oceania;Oceania 100;20424;Aves/ACCEPTED
Pyrrholaemus sagittatus;bird;Oceania;Oceania 100;69086;Aves/ACCEPTED
Pyrrhomyias cinnamomeus;bird;South America;South America 100;113989;Aves/ACCEPTED
Pyrrhoplectes epauletta;bird;Asia;Asia 100;4027;Aves/ACCEPTED
Pyrrhula aurantiaca;bird;Asia;Asia 99;935;Aves/ACCEPTED
Pyrrhula erythaca;bird;Asia;Asia 99;6794;Aves/ACCEPTED
Pyrrhula erythrocephala;bird;Asia;Asia 99;5293;Aves/ACCEPTED
Pyrrhula leucogenis;bird;Asia;Asia 99;611;Aves/ACCEPTED
Pyrrhula murina;bird;Europe;Europe 95;9271;Aves/ACCEPTED
Pyrrhula nipalensis;bird;Asia;Asia 100;12054;Aves/ACCEPTED
Pyrrhula owstoni;bird;Asia;Asia 100;5514;Aves/ACCEPTED
Pyrrhula pyrrhula;bird;Europe;Europe 99|Asia 1;2981653;Aves/ACCEPTED
Pyrrhura albipectus;bird;South America;South America 100;1510;Aves/ACCEPTED
Pyrrhura amazonum;bird;South America;South America 100;6860;Aves/ACCEPTED
Pyrrhura calliptera;bird;South America;South America 99;4727;Aves/ACCEPTED
Pyrrhura cruentata;bird;South America;South America 98;2172;Aves/ACCEPTED
Pyrrhura devillei;bird;South America;South America 100;1927;Aves/ACCEPTED
Pyrrhura egregia;bird;South America;South America 100;804;Aves/ACCEPTED
Pyrrhura frontalis;bird;South America;South America 100;85005;Aves/ACCEPTED
Pyrrhura griseipectus;bird;South America;South America 99;1560;Aves/ACCEPTED
Pyrrhura hoematotis;bird;South America;South America 100;1987;Aves/ACCEPTED
Pyrrhura hoffmanni;bird;North America;North America 100;26859;Aves/ACCEPTED
Pyrrhura lepida;bird;South America;South America 98;782;Aves/ACCEPTED
Pyrrhura leucotis;bird;South America;South America 96;2483;Aves/ACCEPTED
Pyrrhura lucianii;bird;South America;South America 97;652;Aves/SYNONYM
Pyrrhura melanura;bird;South America;South America 100;29054;Aves/ACCEPTED
Pyrrhura molinae;bird;South America;South America 98|North America 1;11751;Aves/ACCEPTED
Pyrrhura orcesi;bird;South America;South America 100;1261;Aves/ACCEPTED
Pyrrhura perlata;bird;South America;South America 98;2163;Aves/ACCEPTED
Pyrrhura pfrimeri;bird;South America;South America 98;327;Aves/ACCEPTED
Pyrrhura picta;bird;South America;South America 98|North America 1;12188;Aves/ACCEPTED
Pyrrhura rhodocephala;bird;South America;South America 98;1295;Aves/ACCEPTED
Pyrrhura roseifrons;bird;South America;South America 99;2944;Aves/SYNONYM
Pyrrhura rupicola;bird;South America;South America 99;2804;Aves/ACCEPTED
Pyrrhura viridicata;bird;South America;South America 100;3187;Aves/ACCEPTED
Pytilia afra;bird;Africa;Africa 99;2786;Aves/ACCEPTED
Pytilia melba;bird;Africa;Africa 100;132205;Aves/ACCEPTED
Quechuavis decussata;bird;South America;South America 93;56;Aves/ACCEPTED/via Systellura decussata
Quelea cardinalis;bird;Africa;Africa 99;3321;Aves/ACCEPTED
Quelea quelea;bird;Africa;Africa 100;427615;Aves/ACCEPTED
Querula purpurata;bird;South America+North America;South America 57|North America 43;64554;Aves/ACCEPTED
Quesada gigas;insect;South America+North America;South America 50|North America 47;3393;Insecta/ACCEPTED
Quiscalus lugubris;bird;South America+North America;South America 74|North America 26;201380;Aves/ACCEPTED
Quiscalus major;bird;North America;North America 100;1555088;Aves/ACCEPTED
Quiscalus mexicanus;bird;North America;North America 99|South America 1;3805600;Aves/ACCEPTED
Quiscalus nicaraguensis;bird;North America;North America 100;7057;Aves/ACCEPTED
Quiscalus niger;bird;North America;North America 100;179527;Aves/ACCEPTED
Quiscalus quiscula;bird;North America;North America 100;12374478;Aves/ACCEPTED
Radinopsyche sellowi;bird;South America;South America 100;3314;Aves/SYNONYM
Radjah radjah;bird;Oceania;Oceania 99;51276;Aves/ACCEPTED
Rallicula forbesi;bird;Oceania;Oceania 96|Asia 2;371;Aves/SYNONYM
Rallicula rubra;bird;Oceania+Asia;Oceania 68|Asia 7;313;Aves/SYNONYM
Rallina canningi;bird;Asia;Asia 100;1814;Aves/ACCEPTED
Rallina eurizonoides;bird;Asia;Asia 97|Oceania 2;9156;Aves/ACCEPTED
Rallina fasciata;bird;Asia;Asia 97;3278;Aves/ACCEPTED
Rallina tricolor;bird;Oceania;Oceania 97|Asia 2;4610;Aves/ACCEPTED
Rallus aequatorialis;bird;South America;South America 100;1602;Aves/ACCEPTED
Rallus antarcticus;bird;South America;South America 99;923;Aves/ACCEPTED
Rallus aquaticus;bird;Europe;Europe 98|Asia 2;1052047;Aves/ACCEPTED
Rallus caerulescens;bird;Africa;Africa 100;18566;Aves/ACCEPTED
Rallus crepitans;bird;North America;North America 100;410518;Aves/ACCEPTED
Rallus elegans;bird;North America;North America 100;82881;Aves/ACCEPTED
Rallus indicus;bird;Asia;Asia 100;7612;Aves/ACCEPTED
Rallus limicola;bird;North America;North America 100;695087;Aves/ACCEPTED
Rallus longirostris;bird;North America+South America;North America 82|South America 17;20641;Aves/ACCEPTED
Rallus madagascariensis;bird;Africa;Africa 99;929;Aves/ACCEPTED
Rallus obsoletus;bird;North America;North America 100;56104;Aves/ACCEPTED
Rallus semiplumbeus;bird;South America;South America 100;7085;Aves/ACCEPTED
Rallus tenuirostris;bird;North America;North America 100;1493;Aves/ACCEPTED
Rallus wetmorei;bird;South America;South America 100;309;Aves/ACCEPTED
Ramosomyia violiceps;bird;North America;North America 100;90215;Aves/SYNONYM
Ramosomyia viridifrons;bird;North America;North America 100;3476;Aves/SYNONYM
Ramphastos ambiguus;bird;North America+South America;North America 79|South America 21;285256;Aves/ACCEPTED
Ramphastos brevis;bird;South America;South America 100;39189;Aves/ACCEPTED
Ramphastos citreolaemus;bird;South America;South America 91|North America 1;224;Aves/ACCEPTED
Ramphastos dicolorus;bird;South America;South America 100;47373;Aves/ACCEPTED
Ramphastos sulfuratus;bird;North America+South America;North America 96|South America 4;366099;Aves/ACCEPTED
Ramphastos toco;bird;South America;South America 100;105388;Aves/ACCEPTED
Ramphastos tucanus;bird;South America;South America 100;110209;Aves/ACCEPTED
Ramphastos vitellinus;bird;South America;South America 100;105581;Aves/ACCEPTED
Ramphocaenus melanurus;bird;North America+South America;North America 70|South America 30;156097;Aves/ACCEPTED
Ramphocaenus sticturus;bird;South America;South America 100;510;Aves/ACCEPTED
Ramphocelus bresilius;bird;South America;South America 100;51110;Aves/ACCEPTED
Ramphocelus carbo;bird;South America;South America 100;258540;Aves/ACCEPTED
Ramphocelus dimidiatus;bird;South America+North America;South America 64|North America 36;229620;Aves/ACCEPTED
Ramphocelus flammigerus;bird;South America+North America;South America 91|North America 9;192691;Aves/ACCEPTED
Ramphocelus icteronotus;bird;South America+North America;South America 85|North America 12;4036;Aves/ACCEPTED
Ramphocelus melanogaster;bird;South America;South America 100;4876;Aves/ACCEPTED
Ramphocelus nigrogularis;bird;South America;South America 100;24159;Aves/ACCEPTED
Ramphocelus passerinii;bird;North America;North America 100;340557;Aves/ACCEPTED
Ramphocelus sanguinolentus;bird;North America;North America 100;71800;Aves/ACCEPTED
Ramphocoris clotbey;bird;Africa+Asia;Africa 78|Asia 22;3869;Aves/ACCEPTED
Ramphodon naevius;bird;South America;South America 100;20906;Aves/ACCEPTED
Ramphomicron microrhynchum;bird;South America;South America 97;12020;Aves/ACCEPTED
Ramphotrigon flammulatum;bird;North America;North America 100;3290;Aves/SYNONYM
Ramphotrigon fuscicauda;bird;South America;South America 100;2308;Aves/ACCEPTED
Ramphotrigon megacephalum;bird;South America;South America 100;9549;Aves/ACCEPTED
Ramphotrigon ruficauda;bird;South America;South America 100;8947;Aves/ACCEPTED
Ramsayornis fasciatus;bird;Oceania;Oceania 100;14903;Aves/ACCEPTED
Ramsayornis modestus;bird;Oceania;Oceania 100;33248;Aves/ACCEPTED
Rana arvalis;amphibian;Europe+Asia;Europe 89|Asia 10|North America 1;101771;Amphibia/ACCEPTED
Rana aurora;amphibian;North America;North America 98;12257;Amphibia/ACCEPTED
Rana dalmatina;amphibian;Europe;Europe 99;123765;Amphibia/ACCEPTED
Rana temporaria;amphibian;Europe;Europe 99;823252;Amphibia/ACCEPTED
Randia pseudozosterops;bird;Africa;Africa 100;2588;Aves/ACCEPTED
Rangifer tarandus;mammal;Europe+North America;Europe 74|North America 19|Asia 1;81569;Mammalia/ACCEPTED
Ranoidea aurea;amphibian;Oceania;Oceania 100;44382;Amphibia/ACCEPTED
Ranoidea moorei;amphibian;Oceania;Oceania 98;14207;Amphibia/ACCEPTED
Ranoidea raniformis;amphibian;Oceania;Oceania 100;25774;Amphibia/ACCEPTED
Rattus norvegicus;mammal;Europe+North America;Europe 89|North America 4|Asia 3|Oceania 2|South America 1;268807;Mammalia/ACCEPTED
Ratufa affinis;mammal;Asia;Asia 85;1318;Mammalia/ACCEPTED
Ratufa bicolor;mammal;Asia;Asia 84;3204;Mammalia/ACCEPTED
Ratufa indica;mammal;Asia;Asia 98;4644;Mammalia/ACCEPTED
Rauenia bonariensis;bird;South America;South America 100;115428;Aves/ACCEPTED
Rawlinsonia calliscelis;amphibian;Oceania;Oceania 100;57254;Amphibia/SYNONYM
Rawlinsonia verreauxii;amphibian;Oceania;Oceania 100;47519;Amphibia/SYNONYM
Recurvirostra americana;bird;North America;North America 100;1132820;Aves/ACCEPTED
Recurvirostra andina;bird;South America;South America 100;7290;Aves/ACCEPTED
Recurvirostra avosetta;bird;Europe+Asia+Africa;Europe 86|Asia 9|Africa 5;1281135;Aves/ACCEPTED
Recurvirostra novaehollandiae;bird;Oceania;Oceania 100;83889;Aves/ACCEPTED
Regulus calendula;bird;North America;North America 100;7519117;Aves/ACCEPTED
Regulus goodfellowi;bird;Asia;Asia 100;20868;Aves/ACCEPTED
Regulus ignicapilla;bird;Europe;Europe 99;876107;Aves/ACCEPTED
Regulus madeirensis;bird;Africa+Europe;Africa 62|Europe 37;5392;Aves/ACCEPTED
Regulus regulus;bird;Europe;Europe 99|Asia 1;4018733;Aves/ACCEPTED
Regulus satrapa;bird;North America;North America 100;3758530;Aves/ACCEPTED
Reinwardtipicus validus;bird;Asia;Asia 96;4713;Aves/ACCEPTED
Reinwardtoena browni;bird;Oceania;Oceania 87|Asia 2;253;Aves/ACCEPTED
Reinwardtoena crassirostris;bird;Oceania;Oceania 86;206;Aves/ACCEPTED
Reinwardtoena reinwardti;bird;Oceania+Asia;Oceania 77|Asia 19;3443;Aves/ACCEPTED
Remiz consobrinus;bird;Asia;Asia 99;10699;Aves/ACCEPTED
Remiz coronatus;bird;Asia;Asia 99;2539;Aves/ACCEPTED
Remiz macronyx;bird;Asia+Europe;Asia 95|Europe 3;185;Aves/ACCEPTED
Remiz pendulinus;bird;Europe+Asia;Europe 92|Asia 7;274240;Aves/ACCEPTED
Rhabdornis mystacalis;bird;Asia;Asia 100;4417;Aves/ACCEPTED
Rhabdotorrhinus corrugatus;bird;Asia;Asia 98;5597;Aves/ACCEPTED
Rhabdotorrhinus exarhatus;bird;Asia;Asia 92;1516;Aves/ACCEPTED
Rhabdotorrhinus leucocephalus;bird;Asia;Asia 98;1158;Aves/ACCEPTED
Rhacocleis annulata;insect;Europe;Europe 99|Asia 1;1483;Insecta/ACCEPTED
Rhaebo haematiticus;amphibian;North America+South America;North America 70|South America 29;6155;Amphibia/ACCEPTED
Rhagologus leucostigma;bird;Oceania;Oceania 98|Asia 1;1607;Aves/ACCEPTED
Rhamphococcyx calyorhynchus;bird;Asia;Asia 96;3368;Aves/SYNONYM
Rhaphidura leucopygialis;bird;Asia;Asia 100;11935;Aves/ACCEPTED
Rhaphidura sabini;bird;Africa;Africa 99;3338;Aves/ACCEPTED
Rhea americana;bird;South America;South America 95|Europe 2;46259;Aves/ACCEPTED
Rhea pennata;bird;South America;South America 97;22974;Aves/ACCEPTED
Rhegmatorhina berlepschi;bird;South America+North America;South America 90|North America 6;423;Aves/ACCEPTED
Rhegmatorhina cristata;bird;South America;South America 99;739;Aves/ACCEPTED
Rhegmatorhina gymnops;bird;South America;South America 98|North America 1;1548;Aves/ACCEPTED
Rhegmatorhina hoffmannsi;bird;South America;South America 95;682;Aves/ACCEPTED
Rhegmatorhina melanosticta;bird;South America;South America 98;2575;Aves/ACCEPTED
Rhinella arenarum;amphibian;South America;South America 98;6115;Amphibia/ACCEPTED
Rhinella diptycha;amphibian;South America;South America 99;8809;Amphibia/ACCEPTED
Rhinella dorbignyi;amphibian;South America;South America 100;1764;Amphibia/ACCEPTED
Rhinella granulosa;amphibian;South America;South America 94|North America 3;7164;Amphibia/ACCEPTED
Rhinella horribilis;amphibian;North America+South America;North America 66|South America 34;26015;Amphibia/ACCEPTED
Rhinella icterica;amphibian;South America;South America 99;6424;Amphibia/ACCEPTED
Rhinella marina;amphibian;Oceania+South America+North America;Oceania 64|South America 17|North America 15|Asia 2;118442;Amphibia/ACCEPTED
Rhinella ornata;amphibian;South America;South America 100;2906;Amphibia/ACCEPTED
Rhinocrypta lanceolata;bird;South America;South America 100;12211;Aves/ACCEPTED
Rhinolophus ferrumequinum;mammal;Europe;Europe 92|Asia 2;106195;Mammalia/ACCEPTED
Rhinophrynus dorsalis;amphibian;North America;North America 96;3367;Amphibia/ACCEPTED
Rhinoplax vigil;bird;Asia;Asia 85;280;Aves/ACCEPTED
Rhinopomastus aterrimus;bird;Africa;Africa 100;4419;Aves/ACCEPTED
Rhinopomastus castaneiceps;bird;Africa;Africa 100;1167;Aves/SYNONYM
Rhinopomastus cyanomelas;bird;Africa;Africa 100;80743;Aves/ACCEPTED
Rhinopomastus minor;bird;Africa;Africa 100;9551;Aves/ACCEPTED
Rhinoptilus chalcopterus;bird;Africa;Africa 99;7702;Aves/ACCEPTED
Rhinoptilus cinctus;bird;Africa;Africa 100;5912;Aves/ACCEPTED
Rhinortha chlorophaea;bird;Asia;Asia 99;20758;Aves/ACCEPTED
Rhipidura albicollis;bird;Asia;Asia 100;102966;Aves/ACCEPTED
Rhipidura albiscapa;bird;Oceania;Oceania 100;1351150;Aves/ACCEPTED
Rhipidura albiventris;bird;Asia;Asia 100;957;Aves/ACCEPTED
Rhipidura albogularis;bird;Asia;Asia 100;111965;Aves/ACCEPTED
Rhipidura albolimbata;bird;Oceania;Oceania 99|Asia 1;6186;Aves/ACCEPTED
Rhipidura atra;bird;Oceania;Oceania 97|Asia 2;4340;Aves/ACCEPTED
Rhipidura aureola;bird;Asia;Asia 100;60454;Aves/ACCEPTED
Rhipidura brachyrhyncha;bird;Oceania;Oceania 98|Asia 1;2183;Aves/ACCEPTED
Rhipidura cockerelli;bird;Oceania;Oceania 86;587;Aves/ACCEPTED
Rhipidura cyaniceps;bird;Asia;Asia 100;4945;Aves/ACCEPTED
Rhipidura diluta;bird;Asia;Asia 98;1086;Aves/ACCEPTED
Rhipidura dryas;bird;Oceania;Oceania 99|Asia 1;6797;Aves/ACCEPTED
Rhipidura euryura;bird;Asia;Asia 87;596;Aves/ACCEPTED
Rhipidura fuliginosa;bird;Oceania;Oceania 100;318820;Aves/ACCEPTED
Rhipidura hyperythra;bird;Oceania;Oceania 94|Asia 3;1433;Aves/ACCEPTED
Rhipidura javanica;bird;Asia;Asia 100;135065;Aves/ACCEPTED
Rhipidura kubaryi;bird;Oceania;Oceania 78;183;Aves/ACCEPTED
Rhipidura layardi;bird;Oceania;Oceania 100;1373;Aves/ACCEPTED
Rhipidura lepida;bird;Oceania;Oceania 99;4739;Aves/ACCEPTED
Rhipidura leucophrys;bird;Oceania;Oceania 100;1819404;Aves/ACCEPTED
Rhipidura leucothorax;bird;Oceania;Oceania 97|Asia 1;2167;Aves/ACCEPTED
Rhipidura maculipectus;bird;Oceania;Oceania 94|Asia 1;516;Aves/ACCEPTED
Rhipidura nebulosa;bird;Oceania;Oceania 99;711;Aves/ACCEPTED
Rhipidura nigritorquis;bird;Asia;Asia 99;22825;Aves/ACCEPTED
Rhipidura nigrocinnamomea;bird;Asia;Asia 99;2174;Aves/ACCEPTED
Rhipidura perlata;bird;Asia;Asia 99;4349;Aves/ACCEPTED
Rhipidura personata;bird;Oceania;Oceania 98;269;Aves/ACCEPTED
Rhipidura phasiana;bird;Oceania;Oceania 100;7170;Aves/ACCEPTED
Rhipidura phoenicura;bird;Asia;Asia 90;1378;Aves/ACCEPTED
Rhipidura rufidorsa;bird;Oceania+Asia;Oceania 93|Asia 3;899;Aves/ACCEPTED
Rhipidura rufifrons;bird;Oceania;Oceania 99;159582;Aves/ACCEPTED
Rhipidura rufiventris;bird;Oceania+Asia;Oceania 89|Asia 10;49844;Aves/ACCEPTED
Rhipidura rufofronta;bird;;;;labels
Rhipidura samarensis;bird;Asia;Asia 100;509;Aves/ACCEPTED
Rhipidura semicollaris;bird;;;;labels
Rhipidura superciliaris;bird;Asia;Asia 98;1635;Aves/ACCEPTED
Rhipidura teysmanni;bird;Asia;Asia 98;1607;Aves/ACCEPTED
Rhipidura threnothorax;bird;Oceania;Oceania 97|Asia 1;1698;Aves/ACCEPTED
Rhipidura verreauxi;bird;Oceania;Oceania 99;1926;Aves/ACCEPTED
Rhipidura versicolor;bird;;;;labels
Rhodinocichla rosea;bird;North America+South America;North America 56|South America 43;24361;Aves/ACCEPTED
Rhodopechys sanguineus;bird;Asia+Africa;Asia 70|Africa 29;4308;Aves/ACCEPTED
Rhodophoneus cruentus;bird;Africa;Africa 100;9305;Aves/SYNONYM
Rhodopis vesper;bird;South America;South America 100;23758;Aves/ACCEPTED
Rhodospingus cruentus;bird;South America;South America 99;5773;Aves/ACCEPTED
Rhodospiza obsoleta;bird;Asia;Asia 99;13126;Aves/ACCEPTED
Rhodostethia rosea;bird;Europe+North America+Asia;Europe 50|North America 44|Asia 3;12270;Aves/ACCEPTED
Rhodothraupis celaeno;bird;North America;North America 100;9929;Aves/ACCEPTED
Rhopias gularis;bird;South America;South America 100;14291;Aves/ACCEPTED
Rhopocichla atriceps;bird;Asia;Asia 100;28995;Aves/ACCEPTED
Rhopophilus pekinensis;bird;Asia;Asia 100;3835;Aves/ACCEPTED
Rhopornis ardesiacus;bird;South America;South America 100;1274;Aves/ACCEPTED
Rhopospina alaudina;bird;South America;South America 100;23651;Aves/SYNONYM
Rhopospina caerulescens;bird;South America;South America 100;2756;Aves/SYNONYM
Rhopospina carbonaria;bird;South America;South America 100;2939;Aves/SYNONYM
Rhopospina fruticeti;bird;South America;South America 100;69015;Aves/ACCEPTED
Rhynchocyclus aequinoctialis;bird;North America+South America;North America 67|South America 33;13656;Aves/SYNONYM
Rhynchocyclus brevirostris;bird;North America;North America 100;47031;Aves/ACCEPTED
Rhynchocyclus fulvipectus;bird;South America;South America 100;3753;Aves/ACCEPTED
Rhynchocyclus olivaceus;bird;North America+South America;North America 56|South America 43;16766;Aves/ACCEPTED
Rhynchocyclus pacificus;bird;South America;South America 100;3256;Aves/ACCEPTED
Rhynchophanes mccownii;bird;North America;North America 100;32808;Aves/ACCEPTED
Rhynchopsitta pachyrhyncha;bird;North America;North America 87;1264;Aves/ACCEPTED
Rhynchopsitta terrisi;bird;North America;North America 98;1074;Aves/ACCEPTED
Rhynchortyx cinctus;bird;South America+North America;South America 51|North America 47;1686;Aves/ACCEPTED
Rhynchospiza dabbenei;bird;South America;South America 100;3934;Aves/ACCEPTED
Rhynchospiza stolzmanni;bird;South America;South America 100;3367;Aves/ACCEPTED
Rhynchospiza strigiceps;bird;South America;South America 100;6493;Aves/ACCEPTED
Rhynchostruthus percivali;bird;Asia;Asia 99;799;Aves/ACCEPTED
Rhynchotus maculicollis;bird;South America;South America 100;1933;Aves/ACCEPTED
Rhynchotus rufescens;bird;South America;South America 99;37796;Aves/ACCEPTED
Rhynochetos jubatus;bird;Oceania;Oceania 91;1177;Aves/ACCEPTED
Rhyticeros cassidix;bird;Asia;Asia 96;3280;Aves/ACCEPTED
Rhyticeros plicatus;bird;Oceania+Asia;Oceania 72|Asia 25;14135;Aves/ACCEPTED
Rhyticeros subruficollis;bird;Asia;Asia 97|Oceania 1;1079;Aves/ACCEPTED
Rhyticeros undulatus;bird;Asia;Asia 99;20608;Aves/ACCEPTED
Rhytipterna holerythra;bird;North America+South America;North America 94|South America 6;37175;Aves/ACCEPTED
Rhytipterna immunda;bird;South America;South America 100;1096;Aves/ACCEPTED
Rhytipterna simplex;bird;South America;South America 100;24240;Aves/ACCEPTED
Riccordia maugaeus;bird;North America;North America 100;13300;Aves/ACCEPTED
Riccordia ricordii;bird;North America;North America 100;47272;Aves/ACCEPTED
Riccordia swainsonii;bird;North America;North America 100;5924;Aves/ACCEPTED
Ridgwayia pinicola;bird;North America;North America 99;1958;Aves/ACCEPTED
Riparia chinensis;bird;Asia;Asia 100;146740;Aves/ACCEPTED
Riparia diluta;bird;Asia;Asia 99;6584;Aves/ACCEPTED
Riparia paludicola;bird;Africa;Africa 100;267932;Aves/ACCEPTED
Riparia riparia;bird;Europe+North America+Asia;Europe 55|North America 40|Asia 3|Africa 1|South America 1;2503176;Aves/ACCEPTED
Rissa brevirostris;bird;North America;North America 88|Asia 2;11700;Aves/ACCEPTED
Rissa tridactyla;bird;Europe+North America;Europe 38|North America 20;1119442;Aves/ACCEPTED
Robsonius sorsogonensis;bird;Asia;Asia 100;363;Aves/ACCEPTED
Roeseliana roeselii;insect;Europe;Europe 98|North America 1;228704;Insecta/ACCEPTED
Rollandia microptera;bird;South America;South America 100;2673;Aves/ACCEPTED
Rollandia rolland;bird;South America;South America 100;108329;Aves/ACCEPTED
Rollulus rouloul;bird;Asia;Asia 77|North America 1|Europe 1;3348;Aves/ACCEPTED
Roraimia adusta;bird;South America;South America 99;408;Aves/ACCEPTED
Rostratula benghalensis;bird;Asia+Africa;Asia 81|Africa 18;83219;Aves/ACCEPTED
Rostrhamus sociabilis;bird;South America+North America;South America 51|North America 49;242040;Aves/ACCEPTED
Rougetius rougetii;bird;Africa;Africa 100;1867;Aves/ACCEPTED
Rousettus aegyptiacus;mammal;Africa+Asia;Africa 67|Asia 24;9156;Mammalia/ACCEPTED
Rubigula cyaniventris;bird;Asia;Asia 100;6151;Aves/ACCEPTED
Rubigula dispar;bird;Asia;Asia 96;235;Aves/SYNONYM
Rubigula erythropthalmos;bird;Asia;Asia 100;18247;Aves/ACCEPTED
Rubigula flaviventris;bird;Asia;Asia 100;102113;Aves/SYNONYM
Rubigula gularis;bird;Asia;Asia 100;37042;Aves/SYNONYM
Rubigula melanictera;bird;Asia;Asia 97;9058;Aves/SYNONYM
Rubigula montis;bird;Asia;Asia 100;1873;Aves/SYNONYM
Rubigula squamata;bird;Asia;Asia 100;5091;Aves/ACCEPTED
Rufirallus fasciatus;bird;South America;South America 95|Africa 1;97;Aves/ACCEPTED/via Anurolimnas fasciatus
Rufirallus leucopyrrhus;bird;South America+North America;South America 52|North America 8;226;Aves/ACCEPTED/via Laterallus leucopyrrhus
Rufirallus schomburgkii;bird;South America+North America;South America 93|North America 4;159;Aves/ACCEPTED/via Micropygia schomburgkii
Rufirallus viridis;bird;South America;South America 100;12875;Aves/SYNONYM
Rufirallus xenopterus;bird;South America;South America 97|Africa 3;39;Aves/ACCEPTED/via Laterallus xenopterus
Rupicapra rupicapra;mammal;Europe;Europe 100;494998;Mammalia/ACCEPTED
Rupicola peruvianus;bird;South America;South America 99;56861;Aves/ACCEPTED
Rupicola rupicola;bird;South America;South America 97;5173;Aves/ACCEPTED
Rupornis magnirostris;bird;South America+North America;South America 68|North America 32;1024532;Aves/ACCEPTED
Rusa unicolor;mammal;Asia+Oceania;Asia 51|Oceania 48;69114;Mammalia/ACCEPTED
Ruspolia nitidula;insect;Europe;Europe 99;58884;Insecta/ACCEPTED
Rynchops albicollis;bird;Asia;Asia 100;2393;Aves/ACCEPTED
Rynchops flavirostris;bird;Africa;Africa 99;13024;Aves/ACCEPTED
Rynchops niger;bird;North America+South America;North America 86|South America 14;644546;Aves/ACCEPTED
Saccopteryx bilineata;mammal;South America+North America;South America 54|North America 44;8125;Mammalia/ACCEPTED
Saccopteryx leptura;mammal;South America+North America;South America 86|North America 11;2054;Mammalia/ACCEPTED
Sagittarius serpentarius;bird;Africa;Africa 100;68065;Aves/ACCEPTED
Saguinus geoffroyi;mammal;North America+South America;North America 90|South America 6;2106;Mammalia/ACCEPTED
Saguinus leucopus;mammal;South America;South America 95;1755;Mammalia/ACCEPTED
Saguinus midas;mammal;South America;South America 94;3249;Mammalia/ACCEPTED
Saguinus nigricollis;mammal;South America;South America 85;1690;Mammalia/SYNONYM
Saguinus oedipus;mammal;South America+North America;South America 67|North America 4|Europe 1;2698;Mammalia/ACCEPTED
Saguinus tripartitus;mammal;South America;South America 100;701;Mammalia/SYNONYM
Saimiri oerstedii;mammal;North America;North America 90;2708;Mammalia/ACCEPTED
Saimiri sciureus;mammal;South America;South America 71|North America 1;8437;Mammalia/ACCEPTED
Sakesphoroides cristatus;bird;South America;South America 100;7798;Aves/SYNONYM
Sakesphorus canadensis;bird;South America;South America 99;49966;Aves/ACCEPTED
Sakesphorus cristatus;bird;South America;South America 100;7798;Aves/ACCEPTED
Sakesphorus luctuosus;bird;South America;South America 99;6153;Aves/ACCEPTED
Salpinctes obsoletus;bird;North America;North America 100;551264;Aves/ACCEPTED
Salpornis salvadori;bird;Africa;Africa 100;2449;Aves/ACCEPTED
Salpornis spilonota;bird;Asia+Africa;Asia 72|Africa 27;2090;Aves/ACCEPTED
Saltator albicollis;bird;North America+South America;North America 96|South America 4;20053;Aves/ACCEPTED
Saltator atriceps;bird;North America;North America 100;232108;Aves/ACCEPTED
Saltator atripennis;bird;South America;South America 100;76171;Aves/ACCEPTED
Saltator aurantiirostris;bird;South America;South America 100;127334;Aves/ACCEPTED
Saltator cinctus;bird;South America;South America 100;2555;Aves/ACCEPTED
Saltator coerulescens;bird;South America;South America 99|North America 1;128087;Aves/ACCEPTED
Saltator fuliginosus;bird;South America;South America 100;12636;Aves/ACCEPTED
Saltator grandis;bird;North America;North America 100;300601;Aves/ACCEPTED
Saltator grossus;bird;South America+North America;South America 67|North America 32;37724;Aves/ACCEPTED
Saltator maxillosus;bird;South America;South America 100;4866;Aves/ACCEPTED
Saltator maximus;bird;North America+South America;North America 62|South America 38;432059;Aves/ACCEPTED
Saltator nigriceps;bird;South America;South America 100;1566;Aves/ACCEPTED
Saltator olivascens;bird;South America;South America 100;99951;Aves/ACCEPTED
Saltator orenocensis;bird;South America;South America 100;7174;Aves/ACCEPTED
Saltator similis;bird;South America;South America 100;91232;Aves/ACCEPTED
Saltator striatipectus;bird;South America+North America;South America 78|North America 22;165827;Aves/ACCEPTED
Saltatricula atricollis;bird;South America;South America 100;14809;Aves/ACCEPTED
Saltatricula multicolor;bird;South America;South America 100;13961;Aves/ACCEPTED
Sandyrana infrafrenata;amphibian;Oceania+Asia;Oceania 94|Asia 3;10586;Amphibia/SYNONYM
Sapajus apella;mammal;South America;South America 93|Europe 1;11022;Mammalia/ACCEPTED
Sapajus nigritus;mammal;South America;South America 99;4436;Mammalia/ACCEPTED
Sapayoa aenigma;bird;South America+North America;South America 61|North America 38;2107;Aves/ACCEPTED
Sappho sparganurus;bird;South America;South America 100;27475;Aves/ACCEPTED
Sarcophanops samarensis;bird;Asia;Asia 100;359;Aves/ACCEPTED
Sarcophanops steerii;bird;Asia;Asia 94;583;Aves/ACCEPTED
Sarcops calvus;bird;Asia;Asia 99;11322;Aves/ACCEPTED
Sarkidiornis melanotos;bird;Asia+Africa;Asia 57|Africa 42;96315;Aves/ACCEPTED
Saroglossa spilopterus;bird;Asia;Asia 99;2905;Aves/ACCEPTED
Sarothrura affinis;bird;Africa;Africa 100;758;Aves/ACCEPTED
Sarothrura elegans;bird;Africa;Africa 99;6299;Aves/ACCEPTED
Sarothrura insularis;bird;Africa;Africa 100;2663;Aves/ACCEPTED
Sarothrura pulchra;bird;Africa;Africa 99;8471;Aves/ACCEPTED
Sarothrura rufa;bird;Africa;Africa 99;11549;Aves/ACCEPTED
Sasia abnormis;bird;Asia;Asia 98;6247;Aves/ACCEPTED
Sasia ochracea;bird;Asia;Asia 99;9002;Aves/ACCEPTED
Satrapa icterophrys;bird;South America;South America 100;37107;Aves/ACCEPTED
Saucerottia beryllina;bird;North America;North America 100;103814;Aves/ACCEPTED
Saucerottia castaneiventris;bird;South America;South America 100;1209;Aves/ACCEPTED
Saucerottia cyanifrons;bird;South America;South America 98;18907;Aves/ACCEPTED
Saucerottia cyanocephala;bird;North America;North America 100;74734;Aves/ACCEPTED
Saucerottia cyanura;bird;North America;North America 99;7785;Aves/ACCEPTED
Saucerottia edward;bird;North America;North America 100;44838;Aves/ACCEPTED
Saucerottia hoffmanni;bird;North America;North America 100;51537;Aves/ACCEPTED
Saucerottia saucerottei;bird;South America;South America 99;82378;Aves/ACCEPTED
Saucerottia tobaci;bird;South America;South America 99;42215;Aves/ACCEPTED
Saucerottia viridigaster;bird;South America;South America 97;6273;Aves/ACCEPTED
Saundersilarus saundersi;bird;Asia;Asia 94;19761;Aves/SYNONYM
Saxicola caprata;bird;Asia;Asia 99|Oceania 1;403294;Aves/ACCEPTED
Saxicola dacotiae;bird;Africa+Europe;Africa 55|Europe 39;6301;Aves/ACCEPTED
Saxicola ferreus;bird;Asia;Asia 100;83803;Aves/ACCEPTED
Saxicola gutturalis;bird;Asia;Asia 98;1772;Aves/ACCEPTED
Saxicola insignis;bird;Asia;Asia 100;486;Aves/ACCEPTED
Saxicola jerdoni;bird;Asia;Asia 100;1240;Aves/ACCEPTED
Saxicola leucurus;bird;Asia;Asia 99;3894;Aves/ACCEPTED
Saxicola maurus;bird;Asia+Europe;Asia 92|Europe 8;205396;Aves/ACCEPTED
Saxicola rubetra;bird;Europe;Europe 96|Asia 3|Africa 1;1108541;Aves/ACCEPTED
Saxicola rubicola;bird;Europe+Asia;Europe 96|Asia 4|Africa 1;2435871;Aves/ACCEPTED
Saxicola stejnegeri;bird;Asia;Asia 99;92747;Aves/ACCEPTED
Saxicola tectes;bird;Africa;Africa 100;7947;Aves/ACCEPTED
Saxicola torquatus;bird;Africa+Europe;Africa 66|Europe 32|Asia 1;405640;Aves/ACCEPTED
Sayornis nigricans;bird;North America+South America;North America 96|South America 4;3777675;Aves/ACCEPTED
Sayornis phoebe;bird;North America;North America 100;7264208;Aves/ACCEPTED
Sayornis saya;bird;North America;North America 100;1822516;Aves/ACCEPTED
Scaphiopus couchii;amphibian;North America;North America 95;20366;Amphibia/ACCEPTED
Scaphiopus holbrookii;amphibian;North America;North America 96;12598;Amphibia/ACCEPTED
Scelorchilus albicollis;bird;South America;South America 99;9069;Aves/ACCEPTED
Scelorchilus rubecula;bird;South America;South America 100;66928;Aves/ACCEPTED
Scenopoeetes dentirostris;bird;Oceania;Oceania 100;9254;Aves/ACCEPTED
Schetba rufa;bird;Africa;Africa 98;2810;Aves/ACCEPTED
Schiffornis aenea;bird;South America;South America 100;551;Aves/ACCEPTED
Schiffornis major;bird;South America;South America 100;6255;Aves/ACCEPTED
Schiffornis olivacea;bird;South America;South America 99|North America 1;2710;Aves/SYNONYM
Schiffornis stenorhyncha;bird;North America+South America;North America 62|South America 38;5762;Aves/SYNONYM
Schiffornis turdina;bird;North America+South America;North America 69|South America 31;67968;Aves/ACCEPTED
Schiffornis veraepacis;bird;North America+South America;North America 93|South America 7;46187;Aves/SYNONYM
Schiffornis virescens;bird;South America;South America 100;34373;Aves/ACCEPTED
Schismaderma carens;amphibian;Africa;Africa 97;4812;Amphibia/ACCEPTED
Schistes albogularis;bird;South America;South America 100;12100;Aves/ACCEPTED
Schistes geoffroyi;bird;South America;South America 98;4399;Aves/ACCEPTED
Schistochlamys melanopis;bird;South America;South America 100;21917;Aves/ACCEPTED
Schistochlamys ruficapillus;bird;South America;South America 100;13145;Aves/ACCEPTED
Schistolais leontica;bird;Africa;Africa 98;65;Aves/ACCEPTED
Schistolais leucopogon;bird;Africa;Africa 100;9918;Aves/ACCEPTED
Schoenicola brevirostris;bird;Africa;Africa 99;4906;Aves/ACCEPTED
Schoenicola platyurus;bird;Asia+Africa;Asia 89|Africa 10;1153;Aves/ACCEPTED
Schoenicola striatus;bird;Asia;Asia 100;2504;Aves/SYNONYM
Schoeniophylax phryganophilus;bird;South America;South America 100;40418;Aves/ACCEPTED
Schoeniparus brunneus;bird;Asia;Asia 100;82100;Aves/SYNONYM
Schoeniparus castaneceps;bird;Asia;Asia 100;20191;Aves/SYNONYM
Schoeniparus cinereus;bird;Asia;Asia 100;7957;Aves/SYNONYM
Schoeniparus dubius;bird;Asia;Asia 100;4672;Aves/SYNONYM
Schoeniparus klossi;bird;Asia;Asia 100;540;Aves/SYNONYM
Schoeniparus rufogularis;bird;Asia;Asia 100;2466;Aves/SYNONYM
Schoutedenapus myoptilus;bird;Africa;Africa 100;3432;Aves/ACCEPTED
Sciaphylax castanea;bird;South America;South America 100;1663;Aves/ACCEPTED
Sciaphylax hemimelaena;bird;South America;South America 99;15448;Aves/SYNONYM
Scinax elaeochroa;amphibian;North America+South America;North America 94|South America 6;2722;Amphibia/ACCEPTED
Scinax fuscovarius;amphibian;South America;South America 100;8301;Amphibia/ACCEPTED
Scinax garbei;amphibian;South America;South America 99;2431;Amphibia/ACCEPTED
Scinax granulatus;amphibian;South America;South America 97;1292;Amphibia/ACCEPTED
Scinax nasicus;amphibian;South America;South America 99;3798;Amphibia/ACCEPTED
Scinax ruber;amphibian;South America;South America 97|North America 2;14039;Amphibia/ACCEPTED
Scinax squalirostris;amphibian;South America;South America 100;1810;Amphibia/ACCEPTED
Scinax staufferi;amphibian;North America;North America 99;6115;Amphibia/ACCEPTED
Scissirostrum dubium;bird;Asia+Europe;Asia 66|Europe 3|Oceania 1;825;Aves/ACCEPTED
Sciurus anomalus;mammal;Asia+Europe;Asia 61|Europe 32;1950;Mammalia/ACCEPTED
Sciurus aureogaster;mammal;North America;North America 95;14507;Mammalia/ACCEPTED
Sciurus brasiliensis;mammal;;;;labels
Sciurus carolinensis;mammal;Europe+North America;Europe 59|North America 40;727932;Mammalia/ACCEPTED
Sciurus deppei;mammal;North America;North America 93;3838;Mammalia/ACCEPTED
Sciurus granatensis;mammal;South America+North America;South America 81|North America 18;17387;Mammalia/ACCEPTED
Sciurus griseus;mammal;North America;North America 96;19270;Mammalia/ACCEPTED
Sciurus niger;mammal;North America;North America 99;140285;Mammalia/ACCEPTED
Sciurus spadiceus;mammal;South America;South America 92;1136;Mammalia/ACCEPTED
Sciurus variegatoides;mammal;North America;North America 99;9299;Mammalia/ACCEPTED
Sciurus vulgaris;mammal;Europe;Europe 97|Asia 2;1021652;Mammalia/ACCEPTED
Sciurus yucatanensis;mammal;North America;North America 98;2767;Mammalia/ACCEPTED
Sclateria naevia;bird;South America;South America 100;14861;Aves/ACCEPTED
Sclerophrys capensis;amphibian;Africa;Africa 99;6084;Amphibia/ACCEPTED
Sclerophrys garmani;amphibian;Africa;Africa 96;2780;Amphibia/ACCEPTED
Sclerophrys gutturalis;amphibian;Africa;Africa 97;8149;Amphibia/ACCEPTED
Sclerophrys pantherina;amphibian;Africa;Africa 100;10666;Amphibia/ACCEPTED
Sclerophrys pardalis;amphibian;Africa;Africa 94;542;Amphibia/ACCEPTED
Sclerophrys pusilla;amphibian;Africa;Africa 96;1739;Amphibia/ACCEPTED
Scleroptila afra;bird;Africa;Africa 100;18716;Aves/ACCEPTED
Scleroptila gutturalis;bird;Africa;Africa 100;17707;Aves/ACCEPTED
Scleroptila levaillantii;bird;Africa;Africa 99;10564;Aves/ACCEPTED
Scleroptila psilolaema;bird;Africa;Africa 99;515;Aves/ACCEPTED
Scleroptila shelleyi;bird;Africa;Africa 100;9311;Aves/ACCEPTED
Scleroptila streptophora;bird;Africa;Africa 99;283;Aves/ACCEPTED
Sclerurus albigularis;bird;South America+North America;South America 64|North America 36;7628;Aves/ACCEPTED
Sclerurus caudacutus;bird;South America;South America 99;3036;Aves/ACCEPTED
Sclerurus guatemalensis;bird;North America+South America;North America 93|South America 7;9138;Aves/ACCEPTED
Sclerurus mexicanus;bird;North America+South America;North America 93|South America 6;8666;Aves/ACCEPTED
Sclerurus obscurior;bird;South America;South America 100;5033;Aves/ACCEPTED
Sclerurus rufigularis;bird;South America;South America 99;2335;Aves/ACCEPTED
Sclerurus scansor;bird;South America;South America 100;11860;Aves/ACCEPTED
Scolopax bukidnonensis;bird;Asia;Asia 100;833;Aves/ACCEPTED
Scolopax minor;bird;North America;North America 100;546683;Aves/ACCEPTED
Scolopax rosenbergii;bird;Oceania;Oceania 98|Asia 2;262;Aves/ACCEPTED
Scolopax rusticola;bird;Europe;Europe 98|Asia 1;682206;Aves/ACCEPTED
Scopus umbretta;bird;Africa;Africa 99;232083;Aves/ACCEPTED
Scotocerca inquieta;bird;Asia+Africa;Asia 89|Africa 11;15736;Aves/ACCEPTED
Scotopelia bouvieri;bird;Africa;Africa 97;337;Aves/ACCEPTED
Scotopelia peli;bird;Africa;Africa 100;4128;Aves/ACCEPTED
Scudderia curvicauda;insect;North America;North America 96;322;Insecta/ACCEPTED
Scudderia furcata;insect;North America;North America 92;7436;Insecta/ACCEPTED
Scudderia pistillata;insect;North America;North America 96;744;Insecta/ACCEPTED
Scudderia septentrionalis;insect;North America;North America 98;3387;Insecta/ACCEPTED
Scudderia texensis;insect;North America;North America 90;622;Insecta/ACCEPTED
Scytalopus acutirostris;bird;South America;South America 100;1478;Aves/ACCEPTED
Scytalopus affinis;bird;South America;South America 100;1307;Aves/ACCEPTED
Scytalopus altirostris;bird;South America;South America 100;877;Aves/ACCEPTED
Scytalopus alvarezlopezi;bird;South America;South America 100;6050;Aves/ACCEPTED
Scytalopus androstictus;bird;South America;South America 100;565;Aves/ACCEPTED
Scytalopus argentifrons;bird;North America;North America 100;19257;Aves/ACCEPTED
Scytalopus atratus;bird;South America;South America 100;16272;Aves/ACCEPTED
Scytalopus bolivianus;bird;South America;South America 100;1302;Aves/ACCEPTED
Scytalopus canus;bird;South America;South America 99;573;Aves/ACCEPTED
Scytalopus caracae;bird;South America;South America 100;2948;Aves/ACCEPTED
Scytalopus chocoensis;bird;South America+North America;South America 95|North America 5;6538;Aves/ACCEPTED
Scytalopus diamantinensis;bird;South America;South America 97;491;Aves/ACCEPTED
Scytalopus femoralis;bird;South America;South America 100;4448;Aves/ACCEPTED
Scytalopus frankeae;bird;South America;South America 99;451;Aves/ACCEPTED
Scytalopus fuscus;bird;South America;South America 100;17077;Aves/ACCEPTED
Scytalopus gettyae;bird;South America;South America 98;260;Aves/ACCEPTED
Scytalopus griseicollis;bird;South America;South America 100;13769;Aves/ACCEPTED
Scytalopus intermedius;bird;South America;South America 100;1048;Aves/ACCEPTED
Scytalopus iraiensis;bird;South America;South America 99;561;Aves/ACCEPTED
Scytalopus latebricola;bird;South America;South America 100;4437;Aves/ACCEPTED
Scytalopus latrans;bird;South America;South America 100;39949;Aves/ACCEPTED
Scytalopus macropus;bird;South America;South America 100;589;Aves/ACCEPTED
Scytalopus magellanicus;bird;South America;South America 100;26022;Aves/ACCEPTED
Scytalopus meridanus;bird;South America;South America 100;2311;Aves/ACCEPTED
Scytalopus micropterus;bird;South America;South America 100;8635;Aves/ACCEPTED
Scytalopus novacapitalis;bird;South America;South America 100;800;Aves/ACCEPTED
Scytalopus opacus;bird;South America;South America 100;8148;Aves/ACCEPTED
Scytalopus pachecoi;bird;South America;South America 99;1864;Aves/ACCEPTED
Scytalopus parkeri;bird;South America;South America 100;2821;Aves/ACCEPTED
Scytalopus parvirostris;bird;South America;South America 100;5381;Aves/ACCEPTED
Scytalopus perijanus;bird;South America;South America 100;3229;Aves/ACCEPTED
Scytalopus petrophilus;bird;South America;South America 100;877;Aves/ACCEPTED
Scytalopus robbinsi;bird;South America;South America 100;532;Aves/ACCEPTED
Scytalopus rodriguezi;bird;South America;South America 100;1368;Aves/ACCEPTED
Scytalopus sanctaemartae;bird;South America;South America 100;5577;Aves/ACCEPTED
Scytalopus schulenbergi;bird;South America;South America 100;1409;Aves/ACCEPTED
Scytalopus simonsi;bird;South America;South America 100;2416;Aves/ACCEPTED
Scytalopus speluncae;bird;South America;South America 100;7307;Aves/ACCEPTED
Scytalopus spillmanni;bird;South America;South America 100;29485;Aves/ACCEPTED
Scytalopus stilesi;bird;South America;South America 100;6500;Aves/ACCEPTED
Scytalopus superciliaris;bird;South America;South America 99;1398;Aves/ACCEPTED
Scytalopus unicolor;bird;South America;South America 99;1576;Aves/ACCEPTED
Scytalopus urubambae;bird;South America;South America 100;686;Aves/ACCEPTED
Scytalopus vicinior;bird;South America;South America 100;19652;Aves/ACCEPTED
Scytalopus zimmeri;bird;South America;South America 100;777;Aves/ACCEPTED
Scythrops novaehollandiae;bird;Oceania;Oceania 99|Asia 1;141383;Aves/ACCEPTED
Seiurus aurocapilla;bird;North America;North America 100;2804100;Aves/ACCEPTED
Selasphorus calliope;bird;North America;North America 100;192179;Aves/ACCEPTED
Selasphorus ellioti;bird;North America;North America 99;4597;Aves/ACCEPTED
Selasphorus flammula;bird;North America;North America 100;40299;Aves/ACCEPTED
Selasphorus heloisa;bird;North America;North America 99;8463;Aves/ACCEPTED
Selasphorus platycercus;bird;North America;North America 100;648410;Aves/ACCEPTED
Selasphorus rufus;bird;North America;North America 100;966501;Aves/ACCEPTED
Selasphorus sasin;bird;North America;North America 100;757874;Aves/ACCEPTED
Selasphorus scintilla;bird;North America;North America 100;35736;Aves/ACCEPTED
Selenidera gouldii;bird;South America;South America 99|North America 1;4078;Aves/ACCEPTED
Selenidera maculirostris;bird;South America;South America 99;11311;Aves/ACCEPTED
Selenidera piperivora;bird;South America;South America 99;4548;Aves/ACCEPTED
Selenidera reinwardtii;bird;South America;South America 99;13134;Aves/ACCEPTED
Selenidera spectabilis;bird;North America+South America;North America 94|South America 5;7305;Aves/ACCEPTED
Seleucidis melanoleucus;bird;Oceania+Asia;Oceania 78|Asia 11;2046;Aves/ACCEPTED
Semioptera wallacii;bird;Asia;Asia 82|Oceania 2;1444;Aves/ACCEPTED
Semnornis frantzii;bird;North America;North America 100;28875;Aves/ACCEPTED
Semnornis ramphastinus;bird;South America;South America 100;33856;Aves/ACCEPTED
Sephanoides fernandensis;bird;South America;South America 65;444;Aves/ACCEPTED
Sephanoides sephaniodes;bird;South America;South America 100;132574;Aves/ACCEPTED
Sericornis beccarii;bird;Oceania;Oceania 99|Asia 1;4136;Aves/ACCEPTED
Sericornis citreogularis;bird;Oceania;Oceania 100;60569;Aves/ACCEPTED
Sericornis frontalis;bird;Oceania;Oceania 100;736467;Aves/ACCEPTED
Sericornis humilis;bird;Oceania;Oceania 100;36906;Aves/ACCEPTED
Sericornis keri;bird;Oceania;Oceania 100;6141;Aves/ACCEPTED
Sericornis maculatus;bird;Oceania;Oceania 100;28943;Aves/ACCEPTED
Sericornis magnirostra;bird;Oceania;Oceania 100;95425;Aves/ACCEPTED
Sericornis nouhuysi;bird;Oceania;Oceania 95|Asia 2;3697;Aves/ACCEPTED
Sericornis papuensis;bird;Oceania;Oceania 96|Asia 1;2078;Aves/ACCEPTED
Sericossypha albocristata;bird;South America;South America 100;12417;Aves/ACCEPTED
Sericulus ardens;bird;Oceania+Asia;Oceania 79|Asia 20;646;Aves/ACCEPTED
Sericulus chrysocephalus;bird;Oceania;Oceania 99;36531;Aves/ACCEPTED
Serilophus lunatus;bird;Asia;Asia 99;9128;Aves/ACCEPTED
Serilophus rubropygius;bird;Asia;Asia 100;2336;Aves/SYNONYM
Serinus alario;bird;Africa;Africa 99;12308;Aves/ACCEPTED
Serinus canaria;bird;Europe+Africa;Europe 63|Africa 32|Oceania 2|South America 1;99779;Aves/ACCEPTED
Serinus canicollis;bird;Africa;Africa 100;120181;Aves/ACCEPTED
Serinus flavivertex;bird;Africa;Africa 99;5931;Aves/ACCEPTED
Serinus nigriceps;bird;Africa;Africa 100;2241;Aves/ACCEPTED
Serinus pusillus;bird;Asia+Europe;Asia 75|Europe 23;20581;Aves/ACCEPTED
Serinus serinus;bird;Europe;Europe 97|Asia 1|Africa 1;1793749;Aves/ACCEPTED
Serinus syriacus;bird;Asia;Asia 99;3039;Aves/ACCEPTED
Serpophaga cinerea;bird;South America+North America;South America 74|North America 26;65822;Aves/ACCEPTED
Serpophaga griseicapilla;bird;South America;South America 100;26026;Aves/ACCEPTED
Serpophaga hypoleuca;bird;South America;South America 100;2278;Aves/ACCEPTED
Serpophaga munda;bird;South America;South America 91;169;Aves/ACCEPTED
Serpophaga nigricans;bird;South America;South America 100;33067;Aves/ACCEPTED
Serpophaga subcristata;bird;South America;South America 100;100059;Aves/ACCEPTED
Setopagis parvula;bird;South America;South America 100;13872;Aves/ACCEPTED
Setophaga adelaidae;bird;North America;North America 100;38802;Aves/ACCEPTED
Setophaga aestiva;bird;North America;North America 97|South America 2;72742;Aves/ACCEPTED
Setophaga americana;bird;North America;North America 100;3028853;Aves/ACCEPTED
Setophaga auduboni;bird;North America;North America 97;27478;Aves/ACCEPTED
Setophaga caerulescens;bird;North America;North America 100;1190339;Aves/ACCEPTED
Setophaga castanea;bird;North America+South America;North America 95|South America 5;750182;Aves/ACCEPTED
Setophaga cerulea;bird;North America+South America;North America 93|South America 7;204362;Aves/ACCEPTED
Setophaga chrysoparia;bird;North America;North America 100;48268;Aves/ACCEPTED
Setophaga citrina;bird;North America;North America 100;911311;Aves/ACCEPTED
Setophaga coronata;bird;North America;North America 100;12382477;Aves/ACCEPTED
Setophaga discolor;bird;North America;North America 100;881275;Aves/ACCEPTED
Setophaga dominica;bird;North America;North America 100;1002396;Aves/ACCEPTED
Setophaga flavescens;bird;North America;North America 100;991;Aves/ACCEPTED
Setophaga fusca;bird;North America+South America;North America 84|South America 16;1246494;Aves/ACCEPTED
Setophaga graciae;bird;North America;North America 100;125440;Aves/ACCEPTED
Setophaga kirtlandii;bird;North America;North America 100;24521;Aves/ACCEPTED
Setophaga magnolia;bird;North America;North America 100;1983187;Aves/ACCEPTED
Setophaga nigrescens;bird;North America;North America 100;587048;Aves/ACCEPTED
Setophaga occidentalis;bird;North America;North America 100;218994;Aves/ACCEPTED
Setophaga palmarum;bird;North America;North America 100;2868644;Aves/ACCEPTED
Setophaga pensylvanica;bird;North America;North America 100;1955078;Aves/ACCEPTED
Setophaga petechia;bird;North America;North America 98|South America 2;7066369;Aves/ACCEPTED
Setophaga pharetra;bird;North America;North America 100;4008;Aves/ACCEPTED
Setophaga pinus;bird;North America;North America 100;2966221;Aves/ACCEPTED
Setophaga pitiayumi;bird;South America+North America;South America 77|North America 23;406094;Aves/ACCEPTED
Setophaga pityophila;bird;North America;North America 100;4636;Aves/ACCEPTED
Setophaga plumbea;bird;North America;North America 100;7836;Aves/ACCEPTED
Setophaga ruticilla;bird;North America;North America 98|South America 1;4117843;Aves/ACCEPTED
Setophaga striata;bird;North America;North America 97|South America 3;1081252;Aves/ACCEPTED
Setophaga tigrina;bird;North America;North America 100;768821;Aves/ACCEPTED
Setophaga townsendi;bird;North America;North America 100;967430;Aves/ACCEPTED
Setophaga virens;bird;North America;North America 100;2126382;Aves/ACCEPTED
Setornis criniger;bird;Asia;Asia 97;434;Aves/ACCEPTED
Sheppardia aequatorialis;bird;Africa;Africa 100;3600;Aves/ACCEPTED
Sheppardia bocagei;bird;Africa;Africa 99;953;Aves/ACCEPTED
Sheppardia cyornithopsis;bird;Africa;Africa 98;556;Aves/ACCEPTED
Sheppardia gunningi;bird;Africa;Africa 99;1943;Aves/ACCEPTED
Sheppardia poensis;bird;Africa;Africa 100;258;Aves/SYNONYM
Sheppardia polioptera;bird;Africa;Africa 100;2896;Aves/SYNONYM
Sheppardia sharpei;bird;Africa;Africa 98;615;Aves/ACCEPTED
Sholicola albiventris;bird;Asia;Asia 99;3571;Aves/SYNONYM
Sholicola major;bird;Asia;Asia 100;1967;Aves/SYNONYM
Sialia currucoides;bird;North America;North America 100;572225;Aves/ACCEPTED
Sialia mexicana;bird;North America;North America 100;1648172;Aves/ACCEPTED
Sialia sialis;bird;North America;North America 100;8095334;Aves/ACCEPTED
Sibirionetta formosa;bird;Asia+Europe;Asia 54|Europe 35|North America 3;23797;Aves/ACCEPTED
Sicalis auriventris;bird;South America;South America 100;11375;Aves/ACCEPTED
Sicalis citrina;bird;South America;South America 100;5316;Aves/ACCEPTED
Sicalis columbiana;bird;South America;South America 100;9908;Aves/ACCEPTED
Sicalis flaveola;bird;South America+Oceania;South America 92|Oceania 6|North America 2;896569;Aves/ACCEPTED
Sicalis lebruni;bird;South America;South America 100;4790;Aves/ACCEPTED
Sicalis lutea;bird;South America;South America 100;2586;Aves/ACCEPTED
Sicalis luteocephala;bird;South America;South America 100;1438;Aves/ACCEPTED
Sicalis luteola;bird;South America+North America;South America 97|North America 3;172213;Aves/ACCEPTED
Sicalis mendozae;bird;South America;South America 100;662;Aves/ACCEPTED
Sicalis olivascens;bird;South America;South America 99;17727;Aves/ACCEPTED
Sicalis raimondii;bird;South America;South America 99;1217;Aves/ACCEPTED
Sicalis taczanowskii;bird;South America;South America 100;2027;Aves/ACCEPTED
Sicalis uropygialis;bird;South America;South America 100;11161;Aves/ACCEPTED
Sigelus silens;bird;Africa;Africa 100;191514;Aves/ACCEPTED
Silverstoneia flotator;amphibian;North America;North America 99;973;Amphibia/ACCEPTED
Silvicultrix diadema;bird;South America;South America 100;16557;Aves/SYNONYM
Silvicultrix frontalis;bird;South America;South America 100;6499;Aves/SYNONYM
Silvicultrix jelskii;bird;South America;South America 100;1064;Aves/SYNONYM
Silvicultrix pulchella;bird;South America;South America 100;903;Aves/SYNONYM
Sinosuthora webbiana;bird;Asia;Asia 97|Europe 1;122872;Aves/ACCEPTED
Siphonorhis brewsteri;bird;North America;North America 100;999;Aves/ACCEPTED
Sipia berlepschi;bird;South America;South America 100;2646;Aves/ACCEPTED
Sipia laemosticta;bird;North America;North America 100;13679;Aves/ACCEPTED
Sipia nigricauda;bird;South America;South America 100;8958;Aves/ACCEPTED
Sipia palliata;bird;South America;South America 100;2161;Aves/ACCEPTED
Sipodotus wallacii;bird;Oceania;Oceania 94|Asia 3;517;Aves/ACCEPTED
Siren;noise;;;;
Sirystes albocinereus;bird;South America;South America 100;3890;Aves/ACCEPTED
Sirystes albogriseus;bird;North America+South America;North America 84|South America 16;2097;Aves/SYNONYM
Sirystes sibilator;bird;South America+North America;South America 93|North America 7;25415;Aves/ACCEPTED
Sirystes subcanescens;bird;South America;South America 100;1222;Aves/ACCEPTED
Sitta arctica;bird;Asia;Asia 86;28;Aves/ACCEPTED
Sitta azurea;bird;Asia;Asia 96;4676;Aves/ACCEPTED
Sitta canadensis;bird;North America;North America 100;5806696;Aves/ACCEPTED
Sitta carolinensis;bird;North America;North America 100;14338762;Aves/ACCEPTED
Sitta cashmirensis;bird;Asia;Asia 100;916;Aves/ACCEPTED
Sitta castanea;bird;Asia;Asia 100;14168;Aves/ACCEPTED
Sitta cinnamoventris;bird;Asia;Asia 100;35558;Aves/ACCEPTED
Sitta europaea;bird;Europe;Europe 98|Asia 2;3761703;Aves/ACCEPTED
Sitta formosa;bird;Asia;Asia 100;2445;Aves/ACCEPTED
Sitta frontalis;bird;Asia;Asia 100;94208;Aves/ACCEPTED
Sitta himalayensis;bird;Asia;Asia 100;25919;Aves/ACCEPTED
Sitta krueperi;bird;Asia+Europe;Asia 58|Europe 38;10915;Aves/ACCEPTED
Sitta ledanti;bird;Africa;Africa 100;1422;Aves/ACCEPTED
Sitta leucopsis;bird;Asia;Asia 99;2062;Aves/ACCEPTED
Sitta magna;bird;Asia;Asia 100;3189;Aves/ACCEPTED
Sitta nagaensis;bird;Asia;Asia 100;13597;Aves/ACCEPTED
Sitta neglecta;bird;Asia;Asia 100;2516;Aves/ACCEPTED
Sitta neumayer;bird;Asia+Europe;Asia 62|Europe 37;32356;Aves/ACCEPTED
Sitta oenochlamys;bird;Asia;Asia 100;5703;Aves/ACCEPTED
Sitta przewalskii;bird;Asia;Asia 100;646;Aves/ACCEPTED
Sitta pusilla;bird;North America;North America 100;1084043;Aves/ACCEPTED
Sitta pygmaea;bird;North America;North America 100;761736;Aves/ACCEPTED
Sitta solangiae;bird;Asia;Asia 100;1469;Aves/ACCEPTED
Sitta tephronota;bird;Asia;Asia 99;6401;Aves/ACCEPTED
Sitta villosa;bird;Asia;Asia 100;5400;Aves/ACCEPTED
Sitta whiteheadi;bird;Europe;Europe 96;7849;Aves/ACCEPTED
Sitta yunnanensis;bird;Asia;Asia 100;1089;Aves/ACCEPTED
Sittasomus griseicapillus;bird;South America+North America;South America 61|North America 39;222945;Aves/ACCEPTED
Sittiparus castaneoventris;bird;Asia;Asia 100;10702;Aves/SYNONYM
Sittiparus owstoni;bird;Asia;Asia 96;725;Aves/SYNONYM
Sittiparus semilarvatus;bird;Asia;Asia 100;272;Aves/SYNONYM
Sittiparus varius;bird;Asia;Asia 100;64726;Aves/SYNONYM
Smicrornis brevirostris;bird;Oceania;Oceania 100;473286;Aves/ACCEPTED
Smilisca baudinii;amphibian;North America;North America 99;21630;Amphibia/ACCEPTED
Smilisca phaeota;amphibian;North America+South America;North America 58|South America 42;7496;Amphibia/ACCEPTED
Smilisca sila;amphibian;South America+North America;South America 57|North America 43;1925;Amphibia/ACCEPTED
Smithornis capensis;bird;Africa;Africa 99;6369;Aves/ACCEPTED
Smithornis rufolateralis;bird;Africa;Africa 98;3333;Aves/ACCEPTED
Smithornis sharpei;bird;Africa;Africa 93;405;Aves/ACCEPTED
Smutsornis africanus;bird;Africa;Africa 100;18759;Aves/SYNONYM
Snowornis cryptolophus;bird;South America;South America 100;5053;Aves/ACCEPTED
Snowornis subalaris;bird;South America;South America 100;3083;Aves/ACCEPTED
Somateria fischeri;bird;North America+Europe+Asia;North America 74|Europe 22|Asia 4;31245;Aves/ACCEPTED
Somateria mollissima;bird;Europe+North America;Europe 66|North America 33;2777901;Aves/ACCEPTED
Somateria spectabilis;bird;North America+Europe+Asia;North America 54|Europe 33|Asia 3;159872;Aves/ACCEPTED
Sorex araneus;mammal;Europe;Europe 98|Asia 1;147388;Mammalia/ACCEPTED
Spartonoica maluroides;bird;South America;South America 100;4303;Aves/ACCEPTED
Spatula clypeata;bird;North America+Europe+Asia;North America 61|Europe 34|Asia 5;6534103;Aves/ACCEPTED
Spatula cyanoptera;bird;North America+South America;North America 92|South America 7;1179987;Aves/ACCEPTED
Spatula discors;bird;North America;North America 98|South America 1;3626149;Aves/ACCEPTED
Spatula platalea;bird;South America;South America 100;63911;Aves/ACCEPTED
Spatula puna;bird;South America;South America 99|Europe 1;21842;Aves/ACCEPTED
Spatula querquedula;bird;Europe+Asia;Europe 78|Asia 20|North America 1|Africa 1;779563;Aves/ACCEPTED
Spatula rhynchotis;bird;Oceania;Oceania 100;195846;Aves/ACCEPTED
Spatula smithii;bird;Africa;Africa 100;90166;Aves/ACCEPTED
Spatula versicolor;bird;South America;South America 99|Europe 1;69722;Aves/ACCEPTED
Spea bombifrons;amphibian;North America;North America 92;13802;Amphibia/ACCEPTED
Spea hammondii;amphibian;North America;North America 93;6438;Amphibia/ACCEPTED
Spea intermontana;amphibian;North America;North America 87;5144;Amphibia/ACCEPTED
Spea multiplicata;amphibian;North America;North America 98;14933;Amphibia/ACCEPTED
Speculanas specularis;bird;South America;South America 99;10535;Aves/ACCEPTED
Speculipastor bicolor;bird;Africa;Africa 99;1903;Aves/ACCEPTED
Spelaeornis badeigularis;bird;Asia;Asia 100;1309;Aves/ACCEPTED
Spelaeornis caudatus;bird;Asia;Asia 100;3564;Aves/ACCEPTED
Spelaeornis chocolatinus;bird;Asia;Asia 99;518;Aves/ACCEPTED
Spelaeornis kinneari;bird;Asia;Asia 98;278;Aves/ACCEPTED
Spelaeornis longicaudatus;bird;Asia;Asia 100;478;Aves/ACCEPTED
Spelaeornis oatesi;bird;Asia;Asia 100;637;Aves/ACCEPTED
Spelaeornis reptatus;bird;Asia;Asia 100;163;Aves/ACCEPTED
Spelaeornis troglodytoides;bird;Asia;Asia 100;1663;Aves/ACCEPTED
Spermestes bicolor;bird;Africa;Africa 99;40652;Aves/SYNONYM
Spermestes cucullata;bird;Africa+North America;Africa 94|North America 5;239595;Aves/SYNONYM
Spermestes fringilloides;bird;Africa;Africa 99;5133;Aves/SYNONYM
Spermestes griseicapilla;bird;Africa;Africa 99;2779;Aves/SYNONYM
Spermophaga haematina;bird;Africa;Africa 97;4359;Aves/ACCEPTED
Spermophaga ruficapilla;bird;Africa;Africa 99;4268;Aves/ACCEPTED
Spermophilus citellus;mammal;Europe;Europe 97|Asia 2;7817;Mammalia/ACCEPTED
Sphecotheres vieilloti;bird;Oceania;Oceania 100;444575;Aves/ACCEPTED
Spheniscus demersus;bird;Africa;Africa 95;16428;Aves/ACCEPTED
Spheniscus magellanicus;bird;South America;South America 84;44347;Aves/ACCEPTED
Sphenoeacus afer;bird;Africa;Africa 100;76249;Aves/ACCEPTED
Sphenopsis frontalis;bird;South America;South America 100;15536;Aves/ACCEPTED
Sphenopsis melanotis;bird;South America;South America 100;19517;Aves/ACCEPTED
Sphyrapicus nuchalis;bird;North America;North America 100;284231;Aves/ACCEPTED
Sphyrapicus ruber;bird;North America;North America 100;460531;Aves/ACCEPTED
Sphyrapicus thyroideus;bird;North America;North America 100;92315;Aves/ACCEPTED
Sphyrapicus varius;bird;North America;North America 100;2724223;Aves/ACCEPTED
Spilopelia chinensis;bird;Asia+Oceania;Asia 67|Oceania 33;2767157;Aves/ACCEPTED
Spilopelia senegalensis;bird;Asia+Africa+Oceania;Asia 48|Africa 47|Oceania 4|Europe 1;1512639;Aves/ACCEPTED
Spiloptila clamans;bird;Africa;Africa 100;1648;Aves/ACCEPTED
Spilornis cheela;bird;Asia;Asia 100;363194;Aves/ACCEPTED
Spilornis elgini;bird;Asia;Asia 100;3111;Aves/ACCEPTED
Spilornis holospilus;bird;Asia;Asia 100;7754;Aves/ACCEPTED
Spilornis kinabaluensis;bird;Asia;Asia 100;1195;Aves/ACCEPTED
Spilornis rufipectus;bird;Asia;Asia 95;1579;Aves/ACCEPTED
Spindalis dominicensis;bird;North America;North America 100;3775;Aves/ACCEPTED
Spindalis nigricephala;bird;North America;North America 100;7231;Aves/ACCEPTED
Spindalis portoricensis;bird;North America;North America 100;37743;Aves/ACCEPTED
Spindalis zena;bird;North America;North America 100;27510;Aves/ACCEPTED
Spinus atratus;bird;South America;South America 100;12894;Aves/ACCEPTED
Spinus atriceps;bird;North America;North America 98|South America 1;1885;Aves/ACCEPTED
Spinus barbatus;bird;South America;South America 100;130079;Aves/ACCEPTED
Spinus crassirostris;bird;South America;South America 99;2704;Aves/ACCEPTED
Spinus cucullatus;bird;South America+North America;South America 42|North America 12|Europe 3;274;Aves/ACCEPTED
Spinus dominicensis;bird;North America;North America 100;2781;Aves/ACCEPTED
Spinus lawrencei;bird;North America;North America 100;116430;Aves/ACCEPTED
Spinus magellanicus;bird;South America;South America 100;207906;Aves/ACCEPTED
Spinus notatus;bird;North America;North America 100;34280;Aves/ACCEPTED
Spinus olivaceus;bird;South America;South America 100;9669;Aves/ACCEPTED
Spinus pinus;bird;North America;North America 100;3635143;Aves/ACCEPTED
Spinus psaltria;bird;North America;North America 97|South America 3;4263877;Aves/ACCEPTED
Spinus siemiradzkii;bird;South America;South America 100;2190;Aves/ACCEPTED
Spinus spinescens;bird;South America;South America 100;25687;Aves/ACCEPTED
Spinus spinus;bird;Europe;Europe 99|Asia 1;3213732;Aves/ACCEPTED
Spinus thibetanus;bird;Asia;Asia 99;1461;Aves/ACCEPTED
Spinus tristis;bird;North America;North America 100;20318185;Aves/ACCEPTED
Spinus uropygialis;bird;South America;South America 99;6203;Aves/ACCEPTED
Spinus xanthogastrus;bird;South America+North America;South America 66|North America 34;36462;Aves/ACCEPTED
Spiza americana;bird;North America;North America 99|South America 1;685391;Aves/ACCEPTED
Spizaetus isidori;bird;South America;South America 100;5421;Aves/ACCEPTED
Spizaetus melanoleucus;bird;South America+North America;South America 67|North America 33;13449;Aves/ACCEPTED
Spizaetus ornatus;bird;North America+South America;North America 64|South America 36;36673;Aves/ACCEPTED
Spizaetus tyrannus;bird;South America+North America;South America 50|North America 50;70793;Aves/ACCEPTED
Spizella atrogularis;bird;North America;North America 100;61539;Aves/ACCEPTED
Spizella breweri;bird;North America;North America 100;377347;Aves/ACCEPTED
Spizella pallida;bird;North America;North America 100;616996;Aves/ACCEPTED
Spizella passerina;bird;North America;North America 100;9010354;Aves/ACCEPTED
Spizella pusilla;bird;North America;North America 100;3003161;Aves/ACCEPTED
Spizella wortheni;bird;North America;North America 99;1233;Aves/ACCEPTED
Spizelloides arborea;bird;North America;North America 100;2339097;Aves/ACCEPTED
Spiziapteryx circumcincta;bird;South America;South America 100;4269;Aves/ACCEPTED
Spizixos canifrons;bird;Asia;Asia 100;9174;Aves/ACCEPTED
Spizixos semitorques;bird;Asia;Asia 100;65918;Aves/ACCEPTED
Spizocorys conirostris;bird;Africa;Africa 100;7650;Aves/ACCEPTED
Spizocorys fremantlii;bird;Africa;Africa 100;1691;Aves/SYNONYM
Spizocorys starki;bird;Africa;Africa 99;5434;Aves/ACCEPTED
Spodiopsar cineraceus;bird;Asia;Asia 99;136101;Aves/ACCEPTED
Spodiopsar sericeus;bird;Asia;Asia 100;37173;Aves/ACCEPTED
Spodiornis rusticus;bird;South America+North America;South America 79|North America 21;4172;Aves/SYNONYM
Sporaeginthus subflavus;bird;Africa+Europe+Ocean;Africa 44|Europe 4;84;Aves/ACCEPTED
Sporathraupis cyanocephala;bird;South America;South America 100;77253;Aves/ACCEPTED
Sporophila albogularis;bird;South America;South America 100;5837;Aves/ACCEPTED
Sporophila americana;bird;South America+North America;South America 92|North America 8;15032;Aves/ACCEPTED
Sporophila angolensis;bird;South America;South America 99|North America 1;46419;Aves/ACCEPTED
Sporophila ardesiaca;bird;South America;South America 100;3281;Aves/ACCEPTED
Sporophila atrirostris;bird;South America;South America 100;1455;Aves/ACCEPTED
Sporophila beltoni;bird;South America;South America 100;248;Aves/ACCEPTED
Sporophila bouvreuil;bird;South America;South America 99;4032;Aves/ACCEPTED
Sporophila bouvronides;bird;South America;South America 98|North America 2;5070;Aves/ACCEPTED
Sporophila caerulescens;bird;South America;South America 100;145390;Aves/ACCEPTED
Sporophila castaneiventris;bird;South America;South America 100;40441;Aves/ACCEPTED
Sporophila cinnamomea;bird;South America;South America 100;1892;Aves/ACCEPTED
Sporophila collaris;bird;South America;South America 100;28335;Aves/ACCEPTED
Sporophila corvina;bird;North America+South America;North America 86|South America 14;330377;Aves/ACCEPTED
Sporophila crassirostris;bird;South America;South America 95|North America 2;1396;Aves/ACCEPTED
Sporophila falcirostris;bird;South America;South America 100;2647;Aves/ACCEPTED
Sporophila fringilloides;bird;South America;South America 100;887;Aves/ACCEPTED
Sporophila frontalis;bird;South America;South America 99;4263;Aves/ACCEPTED
Sporophila funerea;bird;North America+South America;North America 74|South America 26;74727;Aves/ACCEPTED
Sporophila hypochroma;bird;South America;South America 100;1641;Aves/ACCEPTED
Sporophila hypoxantha;bird;South America;South America 100;7724;Aves/ACCEPTED
Sporophila iberaensis;bird;South America;South America 100;1420;Aves/ACCEPTED
Sporophila intermedia;bird;South America;South America 100;48508;Aves/ACCEPTED
Sporophila leucoptera;bird;South America;South America 100;24055;Aves/ACCEPTED
Sporophila lineola;bird;South America;South America 100;34229;Aves/ACCEPTED
Sporophila luctuosa;bird;South America;South America 100;21048;Aves/ACCEPTED
Sporophila melanogaster;bird;South America;South America 99;1177;Aves/ACCEPTED
Sporophila minuta;bird;South America+North America;South America 64|North America 36;70347;Aves/ACCEPTED
Sporophila morelleti;bird;North America;North America 100;317657;Aves/ACCEPTED
Sporophila murallae;bird;South America;South America 94|North America 2;478;Aves/SYNONYM
Sporophila nigricollis;bird;South America+North America;South America 90|North America 9;233104;Aves/ACCEPTED
Sporophila nuttingi;bird;North America;North America 100;5446;Aves/ACCEPTED
Sporophila palustris;bird;South America;South America 98;2003;Aves/ACCEPTED
Sporophila peruviana;bird;South America;South America 100;6836;Aves/ACCEPTED
Sporophila pileata;bird;South America;South America 100;4002;Aves/ACCEPTED
Sporophila plumbea;bird;South America;South America 100;11396;Aves/ACCEPTED
Sporophila ruficollis;bird;South America;South America 99;4812;Aves/ACCEPTED
Sporophila schistacea;bird;South America+North America;South America 74|North America 25;11585;Aves/ACCEPTED
Sporophila simplex;bird;South America;South America 100;3382;Aves/ACCEPTED
Sporophila telasco;bird;South America;South America 100;18151;Aves/ACCEPTED
Sporophila torqueola;bird;North America;North America 100;65690;Aves/ACCEPTED
Sporopipes frontalis;bird;Africa;Africa 100;19045;Aves/ACCEPTED
Sporopipes squamifrons;bird;Africa;Africa 100;83871;Aves/ACCEPTED
Stachyris grammiceps;bird;Asia;Asia 82;246;Aves/ACCEPTED
Stachyris herberti;bird;Asia;Asia 99;419;Aves/ACCEPTED
Stachyris humei;bird;Asia;Asia 99;1074;Aves/SYNONYM
Stachyris leucotis;bird;Asia;Asia 98;695;Aves/ACCEPTED
Stachyris maculata;bird;Asia;Asia 99;6786;Aves/ACCEPTED
Stachyris nigriceps;bird;Asia;Asia 100;28048;Aves/ACCEPTED
Stachyris nigricollis;bird;Asia;Asia 98;3539;Aves/ACCEPTED
Stachyris poliocephala;bird;Asia;Asia 99;3870;Aves/ACCEPTED
Stachyris roberti;bird;Asia;Asia 100;1287;Aves/SYNONYM
Stachyris strialata;bird;Asia;Asia 99;2673;Aves/ACCEPTED
Stachyris thoracica;bird;Asia;Asia 85;809;Aves/ACCEPTED
Stactolaema anchietae;bird;Africa;Africa 99;425;Aves/ACCEPTED
Stactolaema leucotis;bird;Africa;Africa 99;30593;Aves/ACCEPTED
Stactolaema olivacea;bird;Africa;Africa 100;5336;Aves/ACCEPTED
Stactolaema whytii;bird;Africa;Africa 100;2828;Aves/ACCEPTED
Stagonopleura bella;bird;Oceania;Oceania 99;22640;Aves/ACCEPTED
Stagonopleura guttata;bird;Oceania;Oceania 100;64651;Aves/ACCEPTED
Stagonopleura oculata;bird;Oceania;Oceania 100;11666;Aves/ACCEPTED
Staphida castaniceps;bird;Asia;Asia 100;7485;Aves/ACCEPTED
Staphida everetti;bird;Asia;Asia 100;8761;Aves/ACCEPTED
Staphida torqueola;bird;Asia;Asia 100;6265;Aves/SYNONYM
Stauroderus scalaris;insect;Europe;Europe 99|Asia 1;56945;Insecta/ACCEPTED
Steatornis caripensis;bird;South America+North America;South America 95|North America 4;13361;Aves/ACCEPTED
Stelgidillas gracilirostris;bird;Africa;Africa 100;15194;Aves/ACCEPTED
Stelgidopteryx ruficollis;bird;South America+North America;South America 77|North America 23;414773;Aves/ACCEPTED
Stelgidopteryx serripennis;bird;North America;North America 100;3243194;Aves/ACCEPTED
Stenella coeruleoalba;mammal;Europe+Ocean;Europe 21|North America 1;41566;Mammalia/ACCEPTED
Stenella frontalis;mammal;Europe+Ocean;Europe 17|North America 2|South America 1|Africa 1;31741;Mammalia/ACCEPTED
Stenobothrus lineatus;insect;Europe;Europe 100;89950;Insecta/ACCEPTED
Stenostira scita;bird;Africa;Africa 100;26225;Aves/ACCEPTED
Stephanoaetus coronatus;bird;Africa;Africa 100;29030;Aves/ACCEPTED
Stephanophorus diadematus;bird;South America;South America 100;31237;Aves/ACCEPTED
Stephanoxis lalandi;bird;South America;South America 98;5326;Aves/ACCEPTED
Stephanoxis loddigesii;bird;South America;South America 100;6351;Aves/ACCEPTED
Stercorarius antarcticus;bird;Global;Antarctica 28|Oceania 18|South America 17|Africa 9;45142;Aves/ACCEPTED
Stercorarius chilensis;bird;South America;South America 77;28956;Aves/ACCEPTED
Stercorarius longicaudus;bird;Europe+North America;Europe 38|North America 31|Asia 1|Oceania 1;157399;Aves/ACCEPTED
Stercorarius maccormicki;bird;Antarctica+North America+Ocean;Antarctica 21|North America 5|Europe 1|Oceania 1;43452;Aves/ACCEPTED
Stercorarius parasiticus;bird;Europe+North America;Europe 58|North America 24|Oceania 2|Asia 1|Africa 1;544675;Aves/ACCEPTED
Stercorarius pomarinus;bird;North America+Europe;North America 24|Europe 24|Asia 2|Oceania 1|Africa 1;210345;Aves/ACCEPTED
Stercorarius skua;bird;Europe;Europe 71;185059;Aves/ACCEPTED
Sterna acuticauda;bird;Asia;Asia 99;3291;Aves/ACCEPTED
Sterna aurantia;bird;Asia;Asia 100;127030;Aves/ACCEPTED
Sterna dougallii;bird;North America+Europe+Oceania;North America 79|Europe 8|Oceania 4|Asia 3|Africa 2|South America 1;215230;Aves/ACCEPTED
Sterna forsteri;bird;North America;North America 99;1730575;Aves/ACCEPTED
Sterna hirundinacea;bird;South America;South America 91;62463;Aves/ACCEPTED
Sterna hirundo;bird;Europe+North America;Europe 59|North America 31|Asia 3|Africa 2|Oceania 1|South America 1;3094922;Aves/ACCEPTED
Sterna paradisaea;bird;Europe+North America;Europe 74|North America 20;850011;Aves/ACCEPTED
Sterna repressa;bird;Asia+Africa;Asia 87|Africa 8;9854;Aves/ACCEPTED
Sterna striata;bird;Oceania;Oceania 87;83732;Aves/ACCEPTED
Sterna sumatrana;bird;Asia+Oceania;Asia 48|Oceania 39;45561;Aves/ACCEPTED
Sterna trudeaui;bird;South America;South America 99;37263;Aves/ACCEPTED
Sterna vittata;bird;Antarctica+Africa+Oceania;Antarctica 60|Africa 15|Oceania 12;26231;Aves/ACCEPTED
Sternoclyta cyanopectus;bird;South America;South America 98;1153;Aves/ACCEPTED
Sternula albifrons;bird;Europe+Asia+Oceania;Europe 60|Asia 23|Oceania 12|Africa 2;538365;Aves/ACCEPTED
Sternula antillarum;bird;North America;North America 97|South America 1;761379;Aves/ACCEPTED
Sternula balaenarum;bird;Africa;Africa 99;5100;Aves/ACCEPTED
Sternula lorata;bird;South America;South America 92;5816;Aves/ACCEPTED
Sternula nereis;bird;Oceania;Oceania 99;33928;Aves/ACCEPTED
Sternula saundersi;bird;Asia+Africa;Asia 75|Africa 24;4274;Aves/ACCEPTED
Sternula superciliaris;bird;South America;South America 100;51768;Aves/ACCEPTED
Stethophyma grossum;insect;Europe;Europe 100;123107;Insecta/ACCEPTED
Stictonetta naevosa;bird;Oceania;Oceania 100;43459;Aves/ACCEPTED
Stigmatura bahiae;bird;South America;South America 100;2190;Aves/ACCEPTED
Stigmatura budytoides;bird;South America;South America 100;25644;Aves/ACCEPTED
Stigmatura napensis;bird;South America;South America 100;1828;Aves/ACCEPTED
Stilpnia argyrofenges;bird;South America;South America 100;775;Aves/ACCEPTED
Stilpnia cayana;bird;South America;South America 100;123645;Aves/ACCEPTED
Stilpnia cyanicollis;bird;South America;South America 100;193517;Aves/ACCEPTED
Stilpnia cyanoptera;bird;South America;South America 100;16464;Aves/ACCEPTED
Stilpnia heinei;bird;South America;South America 100;88829;Aves/ACCEPTED
Stilpnia larvata;bird;North America+South America;North America 89|South America 11;272481;Aves/ACCEPTED
Stilpnia nigrocincta;bird;South America;South America 100;18938;Aves/ACCEPTED
Stilpnia peruviana;bird;South America;South America 100;5268;Aves/ACCEPTED
Stilpnia preciosa;bird;South America;South America 100;12745;Aves/ACCEPTED
Stilpnia viridicollis;bird;South America;South America 100;12326;Aves/ACCEPTED
Stilpnia vitriolina;bird;South America;South America 100;158114;Aves/ACCEPTED
Stiphrornis erythrothorax;bird;Africa;Africa 100;3589;Aves/ACCEPTED
Stiphrornis mabirae;bird;;;;labels
Stipiturus malachurus;bird;Oceania;Oceania 99;38628;Aves/ACCEPTED
Stipiturus mallee;bird;Oceania;Oceania 100;4304;Aves/ACCEPTED
Stipiturus ruficeps;bird;Oceania;Oceania 100;2960;Aves/ACCEPTED
Stizoptera bichenovii;bird;Oceania;Oceania 100;232516;Aves/SYNONYM
Stizorhina finschi;bird;Africa;Africa 100;2795;Aves/ACCEPTED
Stizorhina fraseri;bird;Africa;Africa 99;6646;Aves/ACCEPTED
Stomiopera flava;bird;Oceania;Oceania 100;71361;Aves/ACCEPTED
Stomiopera unicolor;bird;Oceania;Oceania 100;87505;Aves/ACCEPTED
Strepera fuliginosa;bird;Oceania;Oceania 100;37586;Aves/ACCEPTED
Strepera graculina;bird;Oceania;Oceania 100;1101992;Aves/ACCEPTED
Strepera versicolor;bird;Oceania;Oceania 100;247628;Aves/ACCEPTED
Streptocitta albicollis;bird;Asia;Asia 89;2114;Aves/ACCEPTED
Streptopelia capicola;bird;Africa;Africa 100;686485;Aves/ACCEPTED
Streptopelia chinensis;bird;Asia+Oceania;Asia 67|Oceania 33;2767157;Aves/SYNONYM
Streptopelia decaocto;bird;North America+Europe+Asia;North America 50|Europe 42|Asia 7|Africa 1;9668865;Aves/ACCEPTED
Streptopelia decipiens;bird;Africa;Africa 100;65145;Aves/ACCEPTED
Streptopelia dusumieri;bird;Oceania+Asia;Oceania 80|Asia 19;5152;Aves/SYNONYM
Streptopelia hypopyrrha;bird;Africa;Africa 100;4194;Aves/ACCEPTED
Streptopelia lugens;bird;Africa+Asia;Africa 94|Asia 5;17511;Aves/ACCEPTED
Streptopelia orientalis;bird;Asia;Asia 97|Europe 2;520312;Aves/ACCEPTED
Streptopelia picturata;bird;Africa;Africa 99|Asia 1;17225;Aves/SYNONYM
Streptopelia reichenowi;bird;Africa;Africa 99;322;Aves/ACCEPTED
Streptopelia roseogrisea;bird;Global;North America 42|Oceania 28|Africa 20|Asia 6|Europe 4;30684;Aves/ACCEPTED
Streptopelia semitorquata;bird;Africa;Africa 100;613105;Aves/ACCEPTED
Streptopelia senegalensis;bird;Asia+Africa+Oceania;Asia 48|Africa 47|Oceania 4|Europe 1;1512639;Aves/SYNONYM
Streptopelia tranquebarica;bird;Asia;Asia 100;597864;Aves/ACCEPTED
Streptopelia turtur;bird;Europe+Asia;Europe 89|Asia 9|Africa 2;674796;Aves/ACCEPTED
Streptopelia vinacea;bird;Africa;Africa 100;34622;Aves/ACCEPTED
Streptoprocne biscutata;bird;South America;South America 100;4207;Aves/ACCEPTED
Streptoprocne phelpsi;bird;South America;South America 100;691;Aves/ACCEPTED
Streptoprocne rutila;bird;South America+North America;South America 70|North America 30;60216;Aves/ACCEPTED
Streptoprocne semicollaris;bird;North America;North America 99;2926;Aves/ACCEPTED
Streptoprocne zonaris;bird;South America+North America;South America 55|North America 45;333549;Aves/ACCEPTED
Strix albitarsis;bird;South America;South America 100;6947;Aves/ACCEPTED
Strix aluco;bird;Europe;Europe 99;1023221;Aves/ACCEPTED
Strix chacoensis;bird;South America;South America 100;1465;Aves/ACCEPTED
Strix fulvescens;bird;North America;North America 100;3258;Aves/ACCEPTED
Strix hadorami;bird;Asia;Asia 98|Africa 2;468;Aves/ACCEPTED
Strix huhula;bird;South America;South America 100;10147;Aves/ACCEPTED
Strix hylophila;bird;South America;South America 100;4196;Aves/ACCEPTED
Strix leptogrammica;bird;Asia;Asia 100;15659;Aves/ACCEPTED
Strix nebulosa;bird;Europe+North America+Asia;Europe 81|North America 14|Asia 3;43119;Aves/ACCEPTED
Strix nigrolineata;bird;North America+South America;North America 75|South America 25;27098;Aves/ACCEPTED
Strix nivicolum;bird;Asia;Asia 100;2950;Aves/ACCEPTED
Strix occidentalis;bird;North America;North America 99;35004;Aves/ACCEPTED
Strix ocellata;bird;Asia;Asia 100;17519;Aves/ACCEPTED
Strix rufipes;bird;South America;South America 99;4310;Aves/ACCEPTED
Strix seloputo;bird;Asia;Asia 99;4842;Aves/ACCEPTED
Strix uralensis;bird;Europe+Asia;Europe 96|Asia 3;161510;Aves/ACCEPTED
Strix varia;bird;North America;North America 100;1319243;Aves/ACCEPTED
Strix virgata;bird;North America+South America;North America 79|South America 21;77016;Aves/ACCEPTED
Strix woodfordii;bird;Africa;Africa 99;24343;Aves/ACCEPTED
Strongylopus bonaespei;amphibian;Africa;Africa 100;341;Amphibia/ACCEPTED
Strongylopus fasciatus;amphibian;Africa;Africa 97;1292;Amphibia/ACCEPTED
Strongylopus grayii;amphibian;Africa;Africa 98;5459;Amphibia/ACCEPTED
Struthidea cinerea;bird;Oceania;Oceania 100;129738;Aves/ACCEPTED
Struthio camelus;bird;Africa;Africa 98;144621;Aves/ACCEPTED
Sturnella lilianae;bird;North America;North America 100;78004;Aves/ACCEPTED
Sturnella magna;bird;North America;North America 98|South America 2;2432835;Aves/ACCEPTED
Sturnella neglecta;bird;North America;North America 100;2376650;Aves/ACCEPTED
Sturnia blythii;bird;Asia;Asia 100;35359;Aves/ACCEPTED
Sturnia erythropygia;bird;Asia;Asia 100;6732;Aves/ACCEPTED
Sturnia malabarica;bird;Asia;Asia 100;167421;Aves/ACCEPTED
Sturnia pagodarum;bird;Asia;Asia 100;231606;Aves/ACCEPTED
Sturnia sinensis;bird;Asia;Asia 100;32225;Aves/ACCEPTED
Sturnornis albofrontatus;bird;Asia;Asia 100;2108;Aves/ACCEPTED
Sturnus unicolor;bird;Europe;Europe 98|Africa 2;1089618;Aves/ACCEPTED
Sturnus vulgaris;bird;North America+Europe+Oceania;North America 71|Europe 24|Oceania 4|Africa 1;28399798;Aves/ACCEPTED
Stymphalornis acutirostris;bird;South America;South America 100;1879;Aves/ACCEPTED
Sublegatus arenarum;bird;South America+North America;South America 77|North America 23;29653;Aves/ACCEPTED
Sublegatus modestus;bird;South America;South America 98|North America 1;10741;Aves/ACCEPTED
Sublegatus obscurior;bird;South America;South America 100;1362;Aves/ACCEPTED
Sugomel nigrum;bird;Oceania;Oceania 100;18706;Aves/SYNONYM
Suiriri affinis;bird;South America;South America 99;224;Aves/SYNONYM
Suiriri suiriri;bird;South America;South America 100;30244;Aves/ACCEPTED
Suisha coreana;insect;Asia;Asia 92;1092;Insecta/ACCEPTED
Sula brewsteri;bird;;;;labels
Sula dactylatra;bird;Oceania+North America+Asia+Ocean;Oceania 20|North America 19|Asia 4|South America 2|Africa 1;69316;Aves/ACCEPTED
Sula granti;bird;South America+North America;South America 65|North America 10;31645;Aves/ACCEPTED
Sula leucogaster;bird;Global;North America 26|Oceania 13|South America 7|Asia 4|Africa 1|Europe 1;321406;Aves/ACCEPTED
Sula nebouxii;bird;South America+North America;South America 61|North America 33;76971;Aves/ACCEPTED
Sula sula;bird;Global;Oceania 38|North America 14|South America 12|Asia 4|Africa 1;74924;Aves/ACCEPTED
Sula variegata;bird;South America;South America 53;369022;Aves/ACCEPTED
Sundasciurus tenuis;mammal;Asia;Asia 84;1272;Mammalia/ACCEPTED
Surnia ulula;bird;Europe+North America;Europe 95|North America 4|Asia 1;100362;Aves/ACCEPTED
Surniculus dicruroides;bird;Asia;Asia 100;11835;Aves/SYNONYM
Surniculus lugubris;bird;Asia;Asia 99;42813;Aves/ACCEPTED
Surniculus musschenbroeki;bird;Asia;Asia 100;270;Aves/ACCEPTED
Surniculus velutinus;bird;Asia;Asia 100;2146;Aves/ACCEPTED
Sus scrofa;mammal;Europe+Oceania+Asia;Europe 55|Oceania 39|Asia 4|North America 1;1943707;Mammalia/ACCEPTED
Suthora alphonsiana;bird;Asia;Asia 96|Europe 3;1895;Aves/SYNONYM
Suthora atrosuperciliaris;bird;Asia;Asia 100;1784;Aves/SYNONYM
Suthora conspicillata;bird;Asia;Asia 99;352;Aves/SYNONYM
Suthora davidiana;bird;Asia;Asia 100;924;Aves/SYNONYM
Suthora fulvifrons;bird;Asia;Asia 100;1263;Aves/ACCEPTED
Suthora nipalensis;bird;Asia;Asia 100;5439;Aves/ACCEPTED
Suthora verreauxi;bird;Asia;Asia 100;4272;Aves/ACCEPTED
Suthora webbiana;bird;Asia;Asia 97|Europe 1;122872;Aves/SYNONYM
Svercacheta siamensis;insect;Asia;Asia 90;477;Insecta/ACCEPTED
Svercus palmetorum;insect;Europe+Africa;Europe 94|Africa 3|Asia 1;477;Insecta/ACCEPTED
Swynnertonia swynnertoni;bird;Africa;Africa 99;772;Aves/ACCEPTED
Sylvia abyssinica;bird;Africa;Africa 100;4461;Aves/SYNONYM
Sylvia althaea;bird;Asia;Asia 94|Europe 1;176;Aves/ACCEPTED
Sylvia atricapilla;bird;Europe;Europe 98|Asia 2|Africa 1;6507834;Aves/ACCEPTED
Sylvia atriceps;bird;Africa;Africa 100;3016;Aves/SYNONYM
Sylvia balearica;bird;Europe;Europe 100;378;Aves/ACCEPTED
Sylvia boehmi;bird;Africa;Africa 100;6571;Aves/ACCEPTED
Sylvia borin;bird;Europe;Europe 98|Asia 1|Africa 1;1774608;Aves/ACCEPTED
Sylvia cantillans;bird;Europe;Europe 99|Africa 1;93161;Aves/ACCEPTED
Sylvia communis;bird;Europe;Europe 97|Asia 2|Africa 1;2401362;Aves/ACCEPTED
Sylvia conspicillata;bird;Europe+Africa+Asia;Europe 59|Africa 26|Asia 14;52261;Aves/ACCEPTED
Sylvia crassirostris;bird;Asia+Europe;Asia 88|Europe 12;30484;Aves/ACCEPTED
Sylvia curruca;bird;Europe+Asia;Europe 85|Asia 15;1408587;Aves/ACCEPTED
Sylvia deserticola;bird;Africa;Africa 100;2719;Aves/ACCEPTED
Sylvia galinieri;bird;Africa;Africa 100;1271;Aves/SYNONYM
Sylvia hortensis;bird;Europe+Africa;Europe 94|Africa 4|Asia 1;60944;Aves/ACCEPTED
Sylvia layardi;bird;Africa;Africa 100;5461;Aves/ACCEPTED
Sylvia leucomelaena;bird;Asia+Africa;Asia 96|Africa 4;2357;Aves/ACCEPTED
Sylvia melanocephala;bird;Europe;Europe 98|Asia 1;387983;Aves/ACCEPTED
Sylvia melanothorax;bird;Asia+Europe;Asia 86|Europe 14;5362;Aves/ACCEPTED
Sylvia mystacea;bird;Asia+Europe;Asia 79|Europe 19|Africa 1;16116;Aves/ACCEPTED
Sylvia nana;bird;Asia+Europe;Asia 81|Europe 18|Africa 1;14034;Aves/ACCEPTED
Sylvia nigricapillus;bird;Africa;Africa 100;4415;Aves/SYNONYM
Sylvia nisoria;bird;Europe+Asia;Europe 85|Asia 14|Africa 1;90047;Aves/ACCEPTED
Sylvia ruppeli;bird;Asia+Europe;Asia 69|Europe 26|Africa 3;16089;Aves/ACCEPTED
Sylvia sarda;bird;Europe;Europe 93|Africa 1;6378;Aves/ACCEPTED
Sylvia subalpina;bird;Europe;Europe 99;788;Aves/ACCEPTED
Sylvia subcoerulea;bird;Africa;Africa 100;21642;Aves/SYNONYM
Sylvia undata;bird;Europe;Europe 99;206537;Aves/ACCEPTED
Sylvietta brachyura;bird;Africa;Africa 100;15400;Aves/ACCEPTED
Sylvietta denti;bird;Africa;Africa 100;2420;Aves/ACCEPTED
Sylvietta isabellina;bird;Africa;Africa 99;583;Aves/ACCEPTED
Sylvietta leucophrys;bird;Africa;Africa 100;3476;Aves/ACCEPTED
Sylvietta rufescens;bird;Africa;Africa 100;146070;Aves/ACCEPTED
Sylvietta ruficapilla;bird;Africa;Africa 99;1411;Aves/ACCEPTED
Sylvietta virens;bird;Africa;Africa 100;12342;Aves/ACCEPTED
Sylvietta whytii;bird;Africa;Africa 100;20947;Aves/ACCEPTED
Sylviorthorhynchus desmursii;bird;South America;South America 100;18761;Aves/ACCEPTED
Sylviorthorhynchus yanacensis;bird;South America;South America 100;2228;Aves/SYNONYM
Sylviparus modestus;bird;Asia;Asia 100;16317;Aves/ACCEPTED
Sylvirana guentheri;amphibian;Asia;Asia 100;30869;Amphibia/ACCEPTED
Sylvirana nigrovittata;amphibian;Asia;Asia 97;3788;Amphibia/ACCEPTED
Syma megarhyncha;bird;Oceania;Oceania 98|Asia 1;1007;Aves/ACCEPTED
Syma torotoro;bird;Oceania;Oceania 98|Asia 1;8194;Aves/ACCEPTED
Symphalangus syndactylus;mammal;Asia+Ocean;Asia 39|North America 3|Europe 3;2032;Mammalia/ACCEPTED
Symposiachrus axillaris;bird;Oceania;Oceania 97|Asia 1;1749;Aves/ACCEPTED
Symposiachrus barbatus;bird;Oceania;Oceania 80;473;Aves/ACCEPTED
Symposiachrus guttula;bird;Oceania;Oceania 92|Asia 2;3266;Aves/ACCEPTED
Symposiachrus manadensis;bird;Oceania;Oceania 95|Asia 1;1179;Aves/ACCEPTED
Symposiachrus mundus;bird;Asia;Asia 95;300;Aves/ACCEPTED
Symposiachrus trivirgatus;bird;Oceania;Oceania 98|Asia 1;78948;Aves/ACCEPTED
Symposiachrus verticalis;bird;Oceania+Asia;Oceania 86|Asia 4;358;Aves/ACCEPTED
Synallaxis albescens;bird;South America+North America;South America 90|North America 10;117077;Aves/ACCEPTED
Synallaxis albigularis;bird;South America;South America 100;12903;Aves/ACCEPTED
Synallaxis albilora;bird;South America;South America 100;7895;Aves/ACCEPTED
Synallaxis azarae;bird;South America;South America 100;140054;Aves/ACCEPTED
Synallaxis brachyura;bird;South America+North America;South America 69|North America 31;67921;Aves/ACCEPTED
Synallaxis cabanisi;bird;South America;South America 99;1741;Aves/ACCEPTED
Synallaxis candei;bird;South America;South America 100;11337;Aves/ACCEPTED
Synallaxis castanea;bird;South America;South America 100;2098;Aves/ACCEPTED
Synallaxis cherriei;bird;South America;South America 99;856;Aves/ACCEPTED
Synallaxis cinerascens;bird;South America;South America 100;12813;Aves/ACCEPTED
Synallaxis cinerea;bird;South America;South America 98;1211;Aves/ACCEPTED
Synallaxis cinnamomea;bird;South America;South America 99;11544;Aves/ACCEPTED
Synallaxis courseni;bird;South America;South America 100;1002;Aves/ACCEPTED
Synallaxis erythrothorax;bird;North America;North America 100;23957;Aves/ACCEPTED
Synallaxis frontalis;bird;South America;South America 100;87242;Aves/ACCEPTED
Synallaxis fuscorufa;bird;South America;South America 100;6174;Aves/ACCEPTED
Synallaxis gujanensis;bird;South America;South America 100;18834;Aves/ACCEPTED
Synallaxis hellmayri;bird;South America;South America 100;2713;Aves/SYNONYM
Synallaxis hypochondriaca;bird;South America;South America 100;504;Aves/SYNONYM
Synallaxis hypospodia;bird;South America;South America 100;3155;Aves/ACCEPTED
Synallaxis infuscata;bird;South America;South America 99;566;Aves/ACCEPTED
Synallaxis kollari;bird;South America;South America 100;618;Aves/ACCEPTED
Synallaxis macconnelli;bird;South America;South America 100;738;Aves/ACCEPTED
Synallaxis maranonica;bird;South America;South America 100;744;Aves/ACCEPTED
Synallaxis moesta;bird;South America;South America 100;3013;Aves/ACCEPTED
Synallaxis ruficapilla;bird;South America;South America 100;48978;Aves/ACCEPTED
Synallaxis rutilans;bird;South America;South America 96;4246;Aves/ACCEPTED
Synallaxis scutata;bird;South America;South America 100;6775;Aves/ACCEPTED
Synallaxis spixi;bird;South America;South America 100;75842;Aves/ACCEPTED
Synallaxis stictothorax;bird;South America;South America 100;7636;Aves/ACCEPTED
Synallaxis subpudica;bird;South America;South America 100;19324;Aves/ACCEPTED
Synallaxis tithys;bird;South America;South America 100;1302;Aves/ACCEPTED
Synallaxis unirufa;bird;South America;South America 100;21765;Aves/ACCEPTED
Syndactyla dimidiata;bird;South America;South America 100;831;Aves/ACCEPTED
Syndactyla guttulata;bird;South America;South America 100;1356;Aves/ACCEPTED
Syndactyla roraimae;bird;South America;South America 99;339;Aves/SYNONYM
Syndactyla ruficollis;bird;South America;South America 100;1700;Aves/ACCEPTED
Syndactyla rufosuperciliata;bird;South America;South America 100;34855;Aves/ACCEPTED
Syndactyla striata;bird;South America;South America 100;380;Aves/ACCEPTED
Syndactyla subalaris;bird;South America+North America;South America 74|North America 26;33934;Aves/ACCEPTED
Syndactyla ucayalae;bird;South America;South America 100;1452;Aves/ACCEPTED
Synoicus chinensis;bird;Oceania+Asia;Oceania 48|Asia 41|Africa 1|North America 1|Europe 1;10768;Aves/ACCEPTED
Synoicus ypsilophorus;bird;Oceania;Oceania 99|Asia 1;121048;Aves/ACCEPTED
Synthliboramphus antiquus;bird;North America+Asia;North America 80|Asia 5|Europe 1;47100;Aves/ACCEPTED
Synthliboramphus craveri;bird;North America+Ocean;North America 10;10872;Aves/ACCEPTED
Synthliboramphus scrippsi;bird;North America+Ocean;North America 16;21277;Aves/ACCEPTED
Syrigma sibilatrix;bird;South America;South America 100;146407;Aves/ACCEPTED
Syrmaticus humiae;bird;Asia;Asia 97|Europe 1;2716;Aves/ACCEPTED
Syrmaticus mikado;bird;Asia;Asia 97;6508;Aves/ACCEPTED
Syrmaticus reevesii;bird;Europe+Asia;Europe 81|Asia 11|North America 1;7867;Aves/ACCEPTED
Syrmaticus soemmerringii;bird;Asia;Asia 77;4260;Aves/ACCEPTED
Syrrhaptes paradoxus;bird;Asia+Europe;Asia 84|Europe 12;5708;Aves/ACCEPTED
Syrrhaptes tibetanus;bird;Asia;Asia 97;966;Aves/ACCEPTED
Systellura decussata;bird;South America;South America 93;56;Aves/ACCEPTED
Systellura longirostris;bird;South America;South America 100;26095;Aves/ACCEPTED
Taccocua leschenaultii;bird;Asia;Asia 100;12663;Aves/ACCEPTED
Tachornis phoenicobia;bird;North America;North America 100;50434;Aves/ACCEPTED
Tachornis squamata;bird;South America;South America 100;92106;Aves/ACCEPTED
Tachuris rubrigastra;bird;South America;South America 100;55326;Aves/ACCEPTED
Tachybaptus dominicus;bird;North America+South America;North America 85|South America 15;244906;Aves/ACCEPTED
Tachybaptus novaehollandiae;bird;Oceania;Oceania 100;556868;Aves/ACCEPTED
Tachybaptus pelzelnii;bird;Africa;Africa 100;1284;Aves/ACCEPTED
Tachybaptus ruficollis;bird;Europe+Asia+Africa;Europe 71|Asia 22|Africa 8;3104657;Aves/ACCEPTED
Tachycineta albilinea;bird;North America;North America 100;198193;Aves/ACCEPTED
Tachycineta albiventer;bird;South America;South America 100;134714;Aves/ACCEPTED
Tachycineta bicolor;bird;North America;North America 100;8345742;Aves/ACCEPTED
Tachycineta cyaneoviridis;bird;North America;North America 99;3080;Aves/ACCEPTED
Tachycineta euchrysea;bird;North America;North America 99;2427;Aves/ACCEPTED
Tachycineta leucopyga;bird;South America;South America 100;203861;Aves/ACCEPTED
Tachycineta leucorrhoa;bird;South America;South America 100;95133;Aves/ACCEPTED
Tachycineta stolzmanni;bird;South America;South America 100;2000;Aves/ACCEPTED
Tachycineta thalassina;bird;North America;North America 100;1802368;Aves/ACCEPTED
Tachyeres brachypterus;bird;South America;South America 99;8023;Aves/ACCEPTED
Tachyeres leucocephalus;bird;South America;South America 99;1978;Aves/ACCEPTED
Tachyeres patachonicus;bird;South America;South America 100;32220;Aves/ACCEPTED
Tachyeres pteneres;bird;South America;South America 99;19397;Aves/ACCEPTED
Tachymarptis aequatorialis;bird;Africa;Africa 100;5699;Aves/ACCEPTED
Tachymarptis melba;bird;Europe+Africa+Asia;Europe 58|Africa 21|Asia 21;272758;Aves/ACCEPTED
Tachyphonus coronatus;bird;South America;South America 100;112519;Aves/ACCEPTED
Tachyphonus cristatus;bird;South America;South America 100;34447;Aves/SYNONYM
Tachyphonus delatrii;bird;North America+South America;North America 58|South America 42;44345;Aves/ACCEPTED
Tachyphonus luctuosus;bird;South America+North America;South America 90|North America 5;1661;Aves/SYNONYM
Tachyphonus phoenicius;bird;South America;South America 100;4937;Aves/ACCEPTED
Tachyphonus rufus;bird;South America+North America;South America 86|North America 14;186731;Aves/ACCEPTED
Tachyphonus surinamus;bird;South America;South America 99;13371;Aves/ACCEPTED
Tachyspiza albogularis;bird;;;;labels
Tachyspiza badia;bird;Africa+Asia;Africa 81|Asia 17;12529;Aves/ACCEPTED/via Accipiter badius
Tachyspiza brevipes;bird;;;;labels
Tachyspiza cirrocephala;bird;Oceania;Oceania 99;48727;Aves/ACCEPTED/via Accipiter cirrocephalus
Tachyspiza erythrauchen;bird;;;;labels
Tachyspiza fasciata;bird;Oceania;Oceania 99;100884;Aves/ACCEPTED/via Accipiter fasciatus
Tachyspiza francesiae;bird;;;;labels
Tachyspiza gularis;bird;Asia;Asia 71|South America 1;1744;Aves/ACCEPTED/via Accipiter gularis
Tachyspiza haplochroa;bird;;;;labels
Tachyspiza henicogramma;bird;;;;labels
Tachyspiza hiogaster;bird;Oceania+Asia;Oceania 53|Asia 43;110;Aves/ACCEPTED/via Accipiter hiogaster
Tachyspiza minulla;bird;Africa;Africa 99;16781;Aves/ACCEPTED/via Accipiter minullus
Tachyspiza novaehollandiae;bird;;;;labels
Tachyspiza rhodogaster;bird;;;;labels
Tachyspiza rufitorques;bird;;;;labels
Tachyspiza soloensis;bird;Asia;Asia 89;3593;Aves/ACCEPTED/via Accipiter soloensis
Tachyspiza trinotata;bird;;;;labels
Tachyspiza virgata;bird;Asia;Asia 96;4844;Aves/ACCEPTED/via Accipiter virgatus
Tadarida teniotis;mammal;Europe;Europe 96|Asia 2|Africa 1;31227;Mammalia/ACCEPTED
Tadorna cana;bird;Africa;Africa 98|Europe 1;87458;Aves/ACCEPTED
Tadorna ferruginea;bird;Europe+Asia+Africa;Europe 56|Asia 39|Africa 4;395174;Aves/ACCEPTED
Tadorna tadorna;bird;Europe;Europe 98|Asia 2;2583038;Aves/ACCEPTED
Tadorna tadornoides;bird;Oceania;Oceania 100;249744;Aves/ACCEPTED
Tadorna variegata;bird;Oceania;Oceania 100;157837;Aves/ACCEPTED
Taenioptynx brodiei;bird;Asia;Asia 100;97232;Aves/SYNONYM
Taenioptynx sylvaticus;bird;Asia;Asia 100;1502;Aves/SYNONYM
Taeniopygia bichenovii;bird;Oceania;Oceania 100;232516;Aves/ACCEPTED
Taeniopygia guttata;bird;Oceania;Oceania 99;226374;Aves/ACCEPTED
Taeniotriccus andrei;bird;South America;South America 97;738;Aves/ACCEPTED
Talaphorus chlorocercus;bird;South America;South America 100;4006;Aves/ACCEPTED
Talegalla cuvieri;bird;Oceania;Oceania 90|Asia 2;574;Aves/ACCEPTED
Talegalla fuscirostris;bird;Oceania;Oceania 96|Asia 1;1334;Aves/ACCEPTED
Talegalla jobiensis;bird;Oceania;Oceania 94|Asia 1;1095;Aves/ACCEPTED
Tamasa tristigma;insect;Oceania;Oceania 99;1821;Insecta/ACCEPTED
Tamias striatus;mammal;North America;North America 97;103121;Mammalia/ACCEPTED
Tamiasciurus douglasii;mammal;North America;North America 98;18865;Mammalia/ACCEPTED
Tamiasciurus fremonti;mammal;North America;North America 97;3752;Mammalia/SYNONYM
Tamiasciurus hudsonicus;mammal;North America;North America 97;108424;Mammalia/ACCEPTED
Tamiops maritimus;mammal;Asia;Asia 99;1858;Mammalia/ACCEPTED
Tamiops mcclellandii;mammal;Asia;Asia 98;2042;Mammalia/ACCEPTED
Tangara arthus;bird;South America;South America 100;156525;Aves/ACCEPTED
Tangara brasiliensis;bird;South America;South America 99;4276;Aves/SYNONYM
Tangara callophrys;bird;South America;South America 100;8648;Aves/ACCEPTED
Tangara chilensis;bird;South America;South America 100;59836;Aves/ACCEPTED
Tangara chrysotis;bird;South America;South America 100;9758;Aves/ACCEPTED
Tangara cyanocephala;bird;South America;South America 100;32370;Aves/ACCEPTED
Tangara cyanotis;bird;South America;South America 100;3259;Aves/ACCEPTED
Tangara cyanoventris;bird;South America;South America 100;13958;Aves/ACCEPTED
Tangara desmaresti;bird;South America;South America 100;19012;Aves/ACCEPTED
Tangara dowii;bird;North America;North America 100;27872;Aves/ACCEPTED
Tangara fastuosa;bird;South America;South America 94;1689;Aves/ACCEPTED
Tangara florida;bird;North America+South America;North America 88|South America 12;34238;Aves/ACCEPTED
Tangara gyrola;bird;South America+North America;South America 66|North America 33;247990;Aves/ACCEPTED
Tangara icterocephala;bird;North America+South America;North America 75|South America 25;174539;Aves/ACCEPTED
Tangara inornata;bird;North America+South America;North America 76|South America 23;74460;Aves/ACCEPTED
Tangara johannae;bird;South America;South America 100;4075;Aves/ACCEPTED
Tangara labradorides;bird;South America;South America 100;43145;Aves/ACCEPTED
Tangara lavinia;bird;North America+South America;North America 63|South America 37;17498;Aves/ACCEPTED
Tangara mexicana;bird;South America;South America 99;56008;Aves/ACCEPTED
Tangara nigroviridis;bird;South America;South America 100;85157;Aves/ACCEPTED
Tangara parzudakii;bird;South America;South America 100;44092;Aves/ACCEPTED
Tangara schrankii;bird;South America;South America 100;27636;Aves/ACCEPTED
Tangara seledon;bird;South America;South America 100;60975;Aves/ACCEPTED
Tangara vassorii;bird;South America;South America 100;57635;Aves/ACCEPTED
Tangara velia;bird;South America;South America 99;15494;Aves/ACCEPTED
Tangara xanthocephala;bird;South America;South America 100;55973;Aves/ACCEPTED
Tanna japonensis;insect;Asia;Asia 69;1237;Insecta/ACCEPTED
Tanygnathus lucionensis;bird;Asia;Asia 96;2273;Aves/ACCEPTED
Tanygnathus sumatranus;bird;Asia;Asia 75|Oceania 2|North America 1;429;Aves/ACCEPTED
Tanysiptera danae;bird;Oceania;Oceania 97|Asia 1;972;Aves/ACCEPTED
Tanysiptera galatea;bird;Oceania+Asia;Oceania 66|Asia 25;6063;Aves/ACCEPTED
Tanysiptera nigriceps;bird;Oceania;Oceania 88;472;Aves/ACCEPTED
Tanysiptera nympha;bird;Oceania;Oceania 96|Asia 2;668;Aves/ACCEPTED
Tanysiptera riedelii;bird;Oceania;Oceania 98|Asia 1;514;Aves/ACCEPTED
Tanysiptera sylvia;bird;Oceania;Oceania 100;11938;Aves/ACCEPTED
Taoniscus nanus;bird;South America;South America 98;281;Aves/ACCEPTED
Tapera naevia;bird;South America+North America;South America 81|North America 19;172950;Aves/ACCEPTED
Taphrospilus hypostictus;bird;South America;South America 100;13871;Aves/ACCEPTED
Taraba major;bird;South America+North America;South America 83|North America 17;150698;Aves/ACCEPTED
Tarbinskiellus portentosus;insect;Asia;Asia 94|Africa 1;652;Insecta/ACCEPTED
Tarphonomus certhioides;bird;South America;South America 100;16296;Aves/SYNONYM
Tarphonomus harterti;bird;South America;South America 99;829;Aves/SYNONYM
Tarsiger albocoeruleus;bird;;;;labels
Tarsiger chrysaeus;bird;Asia;Asia 100;9738;Aves/ACCEPTED
Tarsiger cyanurus;bird;Asia+Europe+North America;Asia 63|Europe 29|North America 6;73169;Aves/ACCEPTED
Tarsiger formosanus;bird;;;;labels
Tarsiger hyperythrus;bird;Asia;Asia 100;2718;Aves/ACCEPTED
Tarsiger indicus;bird;Asia;Asia 100;4751;Aves/ACCEPTED
Tarsiger johnstoniae;bird;Asia;Asia 100;27220;Aves/ACCEPTED
Tarsiger rufilatus;bird;Asia;Asia 100;25287;Aves/ACCEPTED
Tarsius spectrumgurskyae;mammal;Asia;Asia 100;302;Mammalia/ACCEPTED
Tauraco corythaix;bird;Africa;Africa 99;34987;Aves/ACCEPTED
Tauraco fischeri;bird;Africa;Africa 99;2469;Aves/ACCEPTED
Tauraco hartlaubi;bird;Africa;Africa 99;12693;Aves/ACCEPTED
Tauraco leucolophus;bird;Africa;Africa 98;2977;Aves/ACCEPTED
Tauraco leucotis;bird;Africa+Europe;Africa 92|Europe 3|North America 1;2419;Aves/ACCEPTED
Tauraco livingstonii;bird;Africa;Africa 99;10219;Aves/ACCEPTED
Tauraco macrorhynchus;bird;Africa;Africa 100;7438;Aves/ACCEPTED
Tauraco persa;bird;Africa;Africa 98;7771;Aves/ACCEPTED
Tauraco porphyreolophus;bird;Africa;Africa 98;45289;Aves/ACCEPTED
Tauraco rossae;bird;Africa;Africa 99;13142;Aves/SYNONYM
Tauraco schalowi;bird;Africa;Africa 100;11711;Aves/ACCEPTED
Tauraco schuettii;bird;Africa;Africa 100;7328;Aves/ACCEPTED
Tauraco violaceus;bird;Africa;Africa 98;10331;Aves/SYNONYM
Taurella forresti;insect;Oceania;Oceania 97;262;Insecta/ACCEPTED
Tayassu pecari;mammal;South America+North America;South America 88|North America 10;22523;Mammalia/ACCEPTED
Tchagra australis;bird;Africa;Africa 100;116443;Aves/ACCEPTED
Tchagra jamesi;bird;Africa;Africa 100;2096;Aves/ACCEPTED
Tchagra senegalus;bird;Africa;Africa 99|Asia 1;140866;Aves/ACCEPTED
Tchagra tchagra;bird;Africa;Africa 99;22344;Aves/ACCEPTED
Telacanthura ussheri;bird;Africa;Africa 100;9144;Aves/ACCEPTED
Teledromas fuscus;bird;South America;South America 100;2502;Aves/ACCEPTED
Teleogryllus commodus;insect;Oceania;Oceania 99;6361;Insecta/ACCEPTED
Teleogryllus emma;insect;Asia;Asia 89;4050;Insecta/ACCEPTED
Teleogryllus mitratus;insect;Asia;Asia 95;796;Insecta/ACCEPTED
Teleogryllus occipitalis;insect;Asia;Asia 97;654;Insecta/ACCEPTED
Telespiza ultima;bird;North America+Oceania;North America 82|Oceania 11;739;Aves/ACCEPTED
Telmapsalta hackeri;insect;Oceania;Oceania 99;330;Insecta/ACCEPTED
Telophorus bocagei;bird;Africa;Africa 99;4938;Aves/SYNONYM
Telophorus dohertyi;bird;Africa;Africa 99;2637;Aves/ACCEPTED
Telophorus nigrifrons;bird;Africa;Africa 99;5203;Aves/SYNONYM
Telophorus olivaceus;bird;Africa;Africa 99;33370;Aves/SYNONYM
Telophorus sulfureopectus;bird;Africa;Africa 100;116887;Aves/SYNONYM
Telophorus viridis;bird;Africa;Africa 100;24644;Aves/ACCEPTED
Telophorus zeylonus;bird;Africa;Africa 100;197307;Aves/ACCEPTED
Temnurus temnurus;bird;Asia;Asia 100;2324;Aves/ACCEPTED
Tephrodornis affinis;bird;Asia;Asia 100;5221;Aves/ACCEPTED
Tephrodornis pondicerianus;bird;Asia;Asia 100;100657;Aves/ACCEPTED
Tephrodornis sylvicola;bird;Asia;Asia 100;18869;Aves/ACCEPTED
Tephrodornis virgatus;bird;Asia;Asia 99;22080;Aves/ACCEPTED
Tephrophilus wetmorei;bird;South America;South America 100;1470;Aves/ACCEPTED
Terathopius ecaudatus;bird;Africa;Africa 100;123496;Aves/ACCEPTED
Teratohyla midas;amphibian;South America;South America 98;627;Amphibia/ACCEPTED
Terenotriccus erythrurus;bird;North America+South America;North America 64|South America 36;40657;Aves/ACCEPTED
Terenura maculata;bird;South America;South America 100;18427;Aves/ACCEPTED
Terenura sicki;bird;South America;South America 100;738;Aves/ACCEPTED
Teretistris fernandinae;bird;North America;North America 100;8695;Aves/ACCEPTED
Teretistris fornsi;bird;North America;North America 100;5529;Aves/ACCEPTED
Terpsiphone affinis;bird;Asia;Asia 100;17128;Aves/SYNONYM
Terpsiphone atrocaudata;bird;Asia;Asia 94;10330;Aves/ACCEPTED
Terpsiphone atrochalybeia;bird;Africa;Africa 99;1778;Aves/ACCEPTED
Terpsiphone bourbonnensis;bird;Africa;Africa 99;4497;Aves/ACCEPTED
Terpsiphone cinnamomea;bird;Asia;Asia 99;2298;Aves/ACCEPTED
Terpsiphone corvina;bird;Africa;Africa 89;850;Aves/ACCEPTED
Terpsiphone cyanescens;bird;Asia;Asia 99;1931;Aves/ACCEPTED
Terpsiphone floris;bird;Asia;Asia 98;1225;Aves/ACCEPTED
Terpsiphone incei;bird;Asia;Asia 100;8291;Aves/SYNONYM
Terpsiphone mutata;bird;Africa;Africa 100;14410;Aves/ACCEPTED
Terpsiphone paradisi;bird;Asia;Asia 100;230378;Aves/ACCEPTED
Terpsiphone rufiventer;bird;Africa;Africa 100;19117;Aves/ACCEPTED
Terpsiphone rufocinerea;bird;Africa;Africa 98;763;Aves/ACCEPTED
Terpsiphone viridis;bird;Africa;Africa 98|Asia 1;224121;Aves/ACCEPTED
Tersina viridis;bird;South America;South America 100;127251;Aves/ACCEPTED
Tesia cyaniventer;bird;Asia;Asia 100;11770;Aves/ACCEPTED
Tesia everetti;bird;Asia;Asia 100;1185;Aves/ACCEPTED
Tesia olivea;bird;Asia;Asia 100;9457;Aves/ACCEPTED
Tesia superciliaris;bird;Asia;Asia 93;1459;Aves/ACCEPTED
Tetrao tetrix;bird;Europe;Europe 99;63712;Aves/SYNONYM
Tetrao urogalloides;bird;Asia;Asia 88;1105;Aves/ACCEPTED
Tetrao urogallus;bird;Europe;Europe 99|Asia 1;242332;Aves/ACCEPTED
Tetraogallus altaicus;bird;Asia;Asia 84|Europe 1;380;Aves/ACCEPTED
Tetraogallus caspius;bird;Europe+Asia;Europe 56|Asia 37;4283;Aves/ACCEPTED
Tetraogallus caucasicus;bird;Europe+Asia;Europe 71|Asia 21;5067;Aves/ACCEPTED
Tetraogallus himalayensis;bird;Asia+North America;Asia 73|North America 22;4523;Aves/ACCEPTED
Tetraogallus tibetanus;bird;Asia;Asia 99;2725;Aves/ACCEPTED
Tetraophasis obscurus;bird;Asia;Asia 99;811;Aves/ACCEPTED
Tetraophasis szechenyii;bird;Asia;Asia 97;569;Aves/ACCEPTED
Tetrastes bonasia;bird;Europe+Asia;Europe 96|Asia 3;169829;Aves/ACCEPTED
Tetrax tetrax;bird;Europe;Europe 98|Asia 2;110649;Aves/ACCEPTED
Tettigettalna argentata;insect;Europe;Europe 99;2751;Insecta/ACCEPTED
Tettigettula pygmea;insect;Europe;Europe 99;1423;Insecta/ACCEPTED
Tettigonia cantans;insect;Europe;Europe 99|Asia 1;59317;Insecta/ACCEPTED
Tettigonia caudata;insect;Europe+Asia;Europe 82|Asia 17;2610;Insecta/ACCEPTED
Tettigonia viridissima;insect;Europe;Europe 100;480189;Insecta/ACCEPTED
Thalassarche bulleri;bird;Oceania+Ocean;Oceania 34|South America 3;26050;Aves/ACCEPTED
Thalassarche cauta;bird;Oceania+Ocean;Oceania 41|Africa 2;66918;Aves/ACCEPTED
Thalassarche chlororhynchos;bird;Africa+South America+Oceania+Ocean;Africa 25|South America 6|Oceania 4|North America 1;13393;Aves/ACCEPTED
Thalassarche melanophris;bird;South America+Oceania+Antarctica+Ocean;South America 9|Oceania 6|Antarctica 3|Europe 1;329677;Aves/ACCEPTED
Thalassarche salvini;bird;Oceania+South America+Ocean;Oceania 15|South America 7;29025;Aves/ACCEPTED
Thalasseus acuflavidus;bird;North America+South America+Europe;North America 56|South America 33|Europe 6;2711;Aves/ACCEPTED
Thalasseus albididorsalis;bird;Africa;Africa 98|Europe 1;6711;Aves/ACCEPTED
Thalasseus bengalensis;bird;Global;Asia 41|Oceania 29|Africa 15|Europe 5;77544;Aves/ACCEPTED
Thalasseus bergii;bird;Oceania+Africa+Asia;Oceania 67|Africa 15|Asia 11;550495;Aves/ACCEPTED
Thalasseus bernsteini;bird;Asia;Asia 98;1998;Aves/ACCEPTED
Thalasseus elegans;bird;North America+South America;North America 73|South America 10|Europe 1;252883;Aves/ACCEPTED
Thalasseus maximus;bird;North America+South America;North America 94|South America 4;1420804;Aves/ACCEPTED
Thalasseus sandvicensis;bird;Europe+North America+Africa;Europe 61|North America 28|Africa 4|South America 3|Asia 2;1296890;Aves/ACCEPTED
Thalassornis leuconotus;bird;Africa;Africa 99;22238;Aves/ACCEPTED
Thalurania colombica;bird;North America+South America;North America 53|South America 47;173378;Aves/ACCEPTED
Thalurania furcata;bird;South America;South America 98|North America 1;76651;Aves/ACCEPTED
Thalurania glaucopis;bird;South America;South America 100;87208;Aves/ACCEPTED
Thalurania watertonii;bird;South America;South America 99;1577;Aves/ACCEPTED
Thamnistes anabatinus;bird;North America+South America;North America 78|South America 22;26042;Aves/ACCEPTED
Thamnistes rufescens;bird;South America;South America 100;412;Aves/ACCEPTED
Thamnolaea cinnamomeiventris;bird;Africa;Africa 100;39607;Aves/ACCEPTED
Thamnomanes ardesiacus;bird;South America;South America 100;17063;Aves/ACCEPTED
Thamnomanes caesius;bird;South America;South America 100;22045;Aves/ACCEPTED
Thamnomanes saturninus;bird;South America;South America 99|North America 1;4318;Aves/ACCEPTED
Thamnomanes schistogynus;bird;South America;South America 99;8476;Aves/ACCEPTED
Thamnophilus aethiops;bird;South America;South America 99;8761;Aves/ACCEPTED
Thamnophilus amazonicus;bird;South America;South America 100;14755;Aves/ACCEPTED
Thamnophilus ambiguus;bird;South America;South America 100;8975;Aves/ACCEPTED
Thamnophilus aroyae;bird;South America;South America 100;850;Aves/ACCEPTED
Thamnophilus atrinucha;bird;North America+South America;North America 68|South America 32;97571;Aves/ACCEPTED
Thamnophilus bernardi;bird;South America;South America 100;14245;Aves/ACCEPTED
Thamnophilus bridgesi;bird;North America;North America 100;48065;Aves/ACCEPTED
Thamnophilus caerulescens;bird;South America;South America 100;116255;Aves/ACCEPTED
Thamnophilus cryptoleucus;bird;South America;South America 100;3250;Aves/ACCEPTED
Thamnophilus doliatus;bird;North America+South America;North America 55|South America 45;332657;Aves/ACCEPTED
Thamnophilus insignis;bird;South America;South America 99;408;Aves/ACCEPTED
Thamnophilus melanonotus;bird;South America;South America 100;5747;Aves/ACCEPTED
Thamnophilus melanothorax;bird;South America;South America 99;403;Aves/ACCEPTED
Thamnophilus multistriatus;bird;South America;South America 100;90055;Aves/ACCEPTED
Thamnophilus murinus;bird;South America;South America 100;19616;Aves/ACCEPTED
Thamnophilus nigriceps;bird;North America+South America;North America 65|South America 35;8197;Aves/ACCEPTED
Thamnophilus nigrocinereus;bird;South America;South America 100;4065;Aves/ACCEPTED
Thamnophilus palliatus;bird;South America;South America 100;18458;Aves/ACCEPTED
Thamnophilus pelzelni;bird;South America;South America 100;17087;Aves/ACCEPTED
Thamnophilus praecox;bird;South America;South America 100;1032;Aves/ACCEPTED
Thamnophilus punctatus;bird;South America+North America;South America 94|North America 5;11532;Aves/ACCEPTED
Thamnophilus ruficapillus;bird;South America;South America 100;29384;Aves/ACCEPTED
Thamnophilus schistaceus;bird;South America;South America 100;27897;Aves/ACCEPTED
Thamnophilus stictocephalus;bird;South America;South America 99;3713;Aves/ACCEPTED
Thamnophilus sticturus;bird;South America;South America 100;2063;Aves/ACCEPTED
Thamnophilus tenuepunctatus;bird;South America;South America 100;13270;Aves/ACCEPTED
Thamnophilus torquatus;bird;South America;South America 100;6077;Aves/ACCEPTED
Thamnophilus unicolor;bird;South America;South America 100;15710;Aves/ACCEPTED
Thamnophilus zarumae;bird;South America;South America 100;2230;Aves/ACCEPTED
Thamnornis chloropetoides;bird;Africa;Africa 100;1521;Aves/ACCEPTED
Thaumasius baeri;bird;South America;South America 100;1718;Aves/ACCEPTED
Thaumasius taczanowskii;bird;South America;South America 100;4098;Aves/ACCEPTED
Thaumastura cora;bird;South America;South America 99;9700;Aves/ACCEPTED
Thectocercus acuticaudatus;bird;South America+North America+Europe;South America 69|North America 23|Europe 8;58342;Aves/SYNONYM
Theristicus branickii;bird;South America;South America 100;8651;Aves/SYNONYM
Theristicus caerulescens;bird;South America;South America 100;35815;Aves/ACCEPTED
Theristicus caudatus;bird;South America;South America 100;140852;Aves/ACCEPTED
Theristicus melanopis;bird;South America;South America 100;138187;Aves/ACCEPTED
Thescelocichla leucopleura;bird;Africa;Africa 99;6736;Aves/ACCEPTED
Thinocorus orbignyianus;bird;South America;South America 100;13655;Aves/ACCEPTED
Thinocorus rumicivorus;bird;South America;South America 99;18556;Aves/ACCEPTED
Thinornis cucullatus;bird;Oceania;Oceania 99;90023;Aves/ACCEPTED
Thinornis dubius;bird;Europe+Asia;Europe 86|Asia 13;259608;Aves/ACCEPTED/via Charadrius dubius
Thinornis forbesi;bird;;;;labels
Thinornis melanops;bird;Oceania;Oceania 100;127264;Aves/ACCEPTED/via Elseyornis melanops
Thinornis novaeseelandiae;bird;Oceania;Oceania 97;1562;Aves/ACCEPTED
Thinornis placidus;bird;Asia;Asia 88;2138;Aves/ACCEPTED/via Charadrius placidus
Thinornis tricollaris;bird;Africa;Africa 100;154910;Aves/ACCEPTED/via Charadrius tricollaris
Thlypopsis fulviceps;bird;South America;South America 100;3965;Aves/ACCEPTED
Thlypopsis inornata;bird;South America;South America 100;2619;Aves/ACCEPTED
Thlypopsis ornata;bird;South America;South America 100;8222;Aves/ACCEPTED
Thlypopsis pectoralis;bird;South America;South America 100;594;Aves/ACCEPTED
Thlypopsis pyrrhocoma;bird;South America;South America 100;7956;Aves/ACCEPTED
Thlypopsis ruficeps;bird;South America;South America 100;9516;Aves/ACCEPTED
Thlypopsis sordida;bird;South America;South America 100;32243;Aves/ACCEPTED
Thlypopsis superciliaris;bird;South America;South America 100;30082;Aves/ACCEPTED
Thopha saccata;insect;Oceania;Oceania 99;1684;Insecta/ACCEPTED
Thopha sessiliba;insect;Oceania;Oceania 96;323;Insecta/ACCEPTED
Thraupis abbas;bird;North America;North America 100;168526;Aves/ACCEPTED
Thraupis cyanocephala;bird;South America;South America 100;77253;Aves/SYNONYM
Thraupis cyanoptera;bird;South America;South America 100;24266;Aves/ACCEPTED
Thraupis episcopus;bird;South America+North America;South America 53|North America 47;1463654;Aves/ACCEPTED
Thraupis glaucocolpa;bird;South America;South America 100;20188;Aves/ACCEPTED
Thraupis ornata;bird;South America;South America 100;37413;Aves/ACCEPTED
Thraupis palmarum;bird;South America+North America;South America 69|North America 31;919310;Aves/ACCEPTED
Thraupis sayaca;bird;South America;South America 100;480973;Aves/ACCEPTED
Threnetes leucurus;bird;South America;South America 99;6605;Aves/ACCEPTED
Threnetes ruckeri;bird;North America+South America;North America 79|South America 20;22746;Aves/ACCEPTED
Threskiornis aethiopicus;bird;Africa+Asia+Europe;Africa 81|Asia 12|Europe 7;444186;Aves/ACCEPTED
Threskiornis melanocephalus;bird;Asia;Asia 100;307960;Aves/ACCEPTED
Threskiornis molucca;bird;Oceania;Oceania 100;1008692;Aves/ACCEPTED
Threskiornis spinicollis;bird;Oceania;Oceania 100;509852;Aves/ACCEPTED
Thripadectes flammulatus;bird;South America;South America 100;5181;Aves/ACCEPTED
Thripadectes holostictus;bird;South America;South America 100;8451;Aves/ACCEPTED
Thripadectes ignobilis;bird;South America;South America 100;7903;Aves/ACCEPTED
Thripadectes melanorhynchus;bird;South America;South America 100;5332;Aves/ACCEPTED
Thripadectes rufobrunneus;bird;North America;North America 100;7465;Aves/ACCEPTED
Thripadectes scrutator;bird;South America;South America 100;415;Aves/ACCEPTED
Thripadectes virgaticeps;bird;South America;South America 100;11395;Aves/ACCEPTED
Thripophaga berlepschi;bird;South America;South America 97;34;Aves/ACCEPTED
Thripophaga cherriei;bird;South America;South America 100;862;Aves/ACCEPTED
Thripophaga fusciceps;bird;South America;South America 100;2276;Aves/ACCEPTED
Thripophaga gutturata;bird;South America;South America 100;3255;Aves/SYNONYM
Thripophaga macroura;bird;South America;South America 99;1461;Aves/ACCEPTED
Thryomanes bewickii;bird;North America;North America 100;3370921;Aves/ACCEPTED
Thryophilus nicefori;bird;South America;South America 99;2317;Aves/ACCEPTED
Thryophilus pleurostictus;bird;North America;North America 100;39111;Aves/ACCEPTED
Thryophilus rufalbus;bird;North America+South America;North America 70|South America 30;92581;Aves/ACCEPTED
Thryophilus sernai;bird;South America;South America 100;3354;Aves/ACCEPTED
Thryophilus sinaloa;bird;North America;North America 100;36205;Aves/ACCEPTED
Thryorchilus browni;bird;North America;North America 100;6908;Aves/ACCEPTED
Thryothorus ludovicianus;bird;North America;North America 100;12924286;Aves/ACCEPTED
Tiaris olivaceus;bird;North America+South America;North America 77|South America 23;363199;Aves/ACCEPTED
Tibicina haematodes;insect;Europe;Europe 99;4281;Insecta/ACCEPTED
Tibicina steveni;insect;Europe+Asia;Europe 85|Asia 14;740;Insecta/ACCEPTED
Tibicinoides vanduzeei;insect;;;;labels
Tichodroma muraria;bird;Europe+Asia;Europe 76|Asia 23;51983;Aves/ACCEPTED
Tickellia hodgsoni;bird;Asia;Asia 100;2396;Aves/ACCEPTED
Tigriornis leucolopha;bird;Africa;Africa 97;660;Aves/ACCEPTED
Tigrisoma lineatum;bird;South America+North America;South America 88|North America 12;136970;Aves/ACCEPTED
Tigrisoma mexicanum;bird;North America;North America 99|South America 1;149636;Aves/ACCEPTED
Tijuca atra;bird;South America;South America 85;107;Aves/ACCEPTED
Tilmatura dupontii;bird;North America;North America 99;6898;Aves/ACCEPTED
Timalia pileata;bird;Asia;Asia 99;15462;Aves/ACCEPTED
Tinamotis ingoufi;bird;South America;South America 98;1247;Aves/ACCEPTED
Tinamotis pentlandii;bird;South America;South America 99;2457;Aves/ACCEPTED
Tinamus guttatus;bird;South America;South America 100;8047;Aves/ACCEPTED
Tinamus major;bird;North America+South America;North America 73|South America 27;126066;Aves/ACCEPTED
Tinamus osgoodi;bird;South America;South America 100;893;Aves/ACCEPTED
Tinamus solitarius;bird;South America;South America 99;11588;Aves/ACCEPTED
Tinamus tao;bird;South America;South America 100;8372;Aves/ACCEPTED
Tityra cayana;bird;South America;South America 100;47705;Aves/ACCEPTED
Tityra inquisitor;bird;North America+South America;North America 61|South America 39;85861;Aves/ACCEPTED
Tityra semifasciata;bird;North America+South America;North America 84|South America 15;363762;Aves/ACCEPTED
Tlalocohyla smithii;amphibian;North America;North America 99;4512;Amphibia/ACCEPTED
Tmetothylacus tenellus;bird;Africa;Africa 100;4128;Aves/ACCEPTED
Tockus damarensis;bird;Africa;Africa 99;6240;Aves/ACCEPTED
Tockus deckeni;bird;Africa;Africa 100;22995;Aves/ACCEPTED
Tockus erythrorhynchus;bird;Africa;Africa 100;80330;Aves/ACCEPTED
Tockus flavirostris;bird;Africa;Africa 99;6294;Aves/ACCEPTED
Tockus jacksoni;bird;Africa;Africa 100;3146;Aves/ACCEPTED
Tockus kempi;bird;Africa;Africa 100;16853;Aves/ACCEPTED
Tockus leucomelas;bird;Africa;Africa 100;142769;Aves/ACCEPTED
Tockus monteiri;bird;Africa;Africa 100;8477;Aves/ACCEPTED
Tockus ruahae;bird;Africa;Africa 100;2626;Aves/ACCEPTED
Tockus rufirostris;bird;Africa;Africa 100;54619;Aves/ACCEPTED
Todiramphus albicilla;bird;Oceania;Oceania 99;4841;Aves/ACCEPTED
Todiramphus australasia;bird;Asia;Asia 96;1363;Aves/ACCEPTED
Todiramphus chloris;bird;Asia+Oceania;Asia 93|Oceania 6;159466;Aves/ACCEPTED
Todiramphus diops;bird;Asia;Asia 97;1481;Aves/ACCEPTED
Todiramphus funebris;bird;Asia;Asia 98;849;Aves/ACCEPTED
Todiramphus leucopygius;bird;Oceania;Oceania 97;334;Aves/ACCEPTED
Todiramphus macleayii;bird;Oceania;Oceania 100;131274;Aves/ACCEPTED
Todiramphus nigrocyaneus;bird;Oceania;Oceania 92|Asia 3;715;Aves/ACCEPTED
Todiramphus pyrrhopygius;bird;Oceania;Oceania 100;49540;Aves/ACCEPTED
Todiramphus recurvirostris;bird;Oceania;Oceania 99;755;Aves/ACCEPTED
Todiramphus reichenbachii;bird;Oceania;Oceania 93;207;Aves/ACCEPTED
Todiramphus sacer;bird;Oceania;Oceania 99;7938;Aves/ACCEPTED
Todiramphus sanctus;bird;Oceania;Oceania 99|Asia 1;572914;Aves/ACCEPTED
Todiramphus saurophagus;bird;Oceania+Asia;Oceania 75|Asia 20;3125;Aves/ACCEPTED
Todiramphus sordidus;bird;Oceania;Oceania 100;27537;Aves/ACCEPTED
Todiramphus tristrami;bird;Oceania;Oceania 96;1218;Aves/ACCEPTED
Todiramphus tutus;bird;Oceania;Oceania 89;380;Aves/ACCEPTED
Todiramphus veneratus;bird;Oceania;Oceania 95;590;Aves/ACCEPTED
Todiramphus winchelli;bird;Asia;Asia 99;1361;Aves/ACCEPTED
Todirostrum chrysocrotaphum;bird;South America;South America 100;21263;Aves/ACCEPTED
Todirostrum cinereum;bird;South America+North America;South America 52|North America 47;645755;Aves/ACCEPTED
Todirostrum maculatum;bird;South America;South America 100;29482;Aves/ACCEPTED
Todirostrum nigriceps;bird;North America+South America;North America 73|South America 26;34973;Aves/ACCEPTED
Todirostrum pictum;bird;South America;South America 100;3798;Aves/ACCEPTED
Todirostrum poliocephalum;bird;South America;South America 100;57098;Aves/ACCEPTED
Todirostrum viridanum;bird;South America;South America 100;8707;Aves/ACCEPTED
Todus angustirostris;bird;North America;North America 99;5023;Aves/ACCEPTED
Todus mexicanus;bird;North America;North America 100;31942;Aves/ACCEPTED
Todus multicolor;bird;North America;North America 100;19140;Aves/ACCEPTED
Todus subulatus;bird;North America;North America 100;10902;Aves/ACCEPTED
Todus todus;bird;North America;North America 99;7412;Aves/ACCEPTED
Tolmomyias assimilis;bird;South America+North America;South America 54|North America 45;34055;Aves/ACCEPTED
Tolmomyias flaviventris;bird;South America+North America;South America 94|North America 6;78637;Aves/ACCEPTED
Tolmomyias flavotectus;bird;North America+South America;North America 81|South America 19;19053;Aves/SYNONYM
Tolmomyias poliocephalus;bird;South America;South America 100;25685;Aves/ACCEPTED
Tolmomyias sulphurescens;bird;North America+South America;North America 56|South America 44;324546;Aves/ACCEPTED
Tolmomyias traylori;bird;South America;South America 100;1857;Aves/ACCEPTED
Tolmomyias viridiceps;bird;South America;South America 100;12868;Aves/SYNONYM
Tomopterna delalandii;amphibian;Africa;Africa 97;1748;Amphibia/ACCEPTED
Tomopterna natalensis;amphibian;Africa;Africa 97;1342;Amphibia/ACCEPTED
Topaza pella;bird;South America;South America 97;3974;Aves/ACCEPTED
Topaza pyra;bird;South America;South America 99;2295;Aves/ACCEPTED
Torreornis inexpectata;bird;North America;North America 100;3411;Aves/ACCEPTED
Touit batavicus;bird;South America;South America 99|North America 1;3541;Aves/ACCEPTED
Touit costaricensis;bird;North America;North America 100;1810;Aves/ACCEPTED
Touit dilectissimus;bird;South America+North America;South America 76|North America 24;3252;Aves/ACCEPTED
Touit huetii;bird;South America;South America 100;3619;Aves/ACCEPTED
Touit melanonotus;bird;South America;South America 99;1313;Aves/ACCEPTED
Touit purpuratus;bird;South America;South America 100;2423;Aves/ACCEPTED
Touit stictopterus;bird;South America;South America 100;982;Aves/ACCEPTED
Touit surdus;bird;South America;South America 99;2466;Aves/ACCEPTED
Toxorhamphus novaeguineae;bird;Oceania;Oceania 95|Asia 3;3878;Aves/ACCEPTED
Toxorhamphus poliopterus;bird;Oceania;Oceania 98;1840;Aves/ACCEPTED
Toxostoma bendirei;bird;North America;North America 100;24654;Aves/ACCEPTED
Toxostoma cinereum;bird;North America;North America 100;12970;Aves/ACCEPTED
Toxostoma crissale;bird;North America;North America 100;102677;Aves/ACCEPTED
Toxostoma curvirostre;bird;North America;North America 100;928063;Aves/ACCEPTED
Toxostoma lecontei;bird;North America;North America 100;20030;Aves/ACCEPTED
Toxostoma longirostre;bird;North America;North America 100;206399;Aves/ACCEPTED
Toxostoma ocellatum;bird;North America;North America 100;3100;Aves/ACCEPTED
Toxostoma redivivum;bird;North America;North America 100;385654;Aves/ACCEPTED
Toxostoma rufum;bird;North America;North America 100;3627387;Aves/ACCEPTED
Trachylaemus purpuratus;bird;Africa;Africa 99;8582;Aves/SYNONYM
Trachyphonus darnaudii;bird;Africa;Africa 100;24085;Aves/ACCEPTED
Trachyphonus erythrocephalus;bird;Africa;Africa 99;13521;Aves/ACCEPTED
Trachyphonus margaritatus;bird;Africa;Africa 97;1520;Aves/ACCEPTED
Trachyphonus purpuratus;bird;Africa;Africa 99;8582;Aves/ACCEPTED
Trachyphonus vaillantii;bird;Africa;Africa 100;243687;Aves/ACCEPTED
Trachypithecus obscurus;mammal;Asia;Asia 94;4025;Mammalia/ACCEPTED
Tragopan blythii;bird;Asia;Asia 97;2221;Aves/ACCEPTED
Tragopan caboti;bird;Asia;Asia 85;1220;Aves/ACCEPTED
Tragopan melanocephalus;bird;Asia;Asia 91;1264;Aves/ACCEPTED
Tragopan satyra;bird;Asia;Asia 91|Europe 1;3761;Aves/ACCEPTED
Tragopan temminckii;bird;Asia;Asia 89|Europe 1;2357;Aves/ACCEPTED
Tregellasia capito;bird;Oceania;Oceania 100;14617;Aves/ACCEPTED
Treron affinis;bird;Asia;Asia 100;36978;Aves/ACCEPTED
Treron apicauda;bird;Asia;Asia 100;10001;Aves/ACCEPTED
Treron australis;bird;Africa;Africa 100;3097;Aves/ACCEPTED
Treron axillaris;bird;Asia;Asia 99;2932;Aves/ACCEPTED
Treron bicinctus;bird;Asia;Asia 100;17010;Aves/ACCEPTED
Treron calvus;bird;Africa;Africa 100;103880;Aves/ACCEPTED
Treron capellei;bird;Asia;Asia 99;2960;Aves/ACCEPTED
Treron chloropterus;bird;Asia;Asia 100;5061;Aves/ACCEPTED
Treron curvirostra;bird;Asia;Asia 100;28097;Aves/ACCEPTED
Treron floris;bird;Asia;Asia 97;334;Aves/ACCEPTED
Treron formosae;bird;Asia;Asia 97;7559;Aves/ACCEPTED
Treron fulvicollis;bird;Asia;Asia 97;1402;Aves/ACCEPTED
Treron griseicauda;bird;Asia;Asia 99;5741;Aves/ACCEPTED
Treron olax;bird;Asia;Asia 99;8761;Aves/ACCEPTED
Treron oxyurus;bird;Asia;Asia 97;664;Aves/ACCEPTED
Treron phayrei;bird;Asia;Asia 100;4364;Aves/ACCEPTED
Treron phoenicopterus;bird;Asia;Asia 100;155002;Aves/ACCEPTED
Treron pompadora;bird;Asia;Asia 97;12463;Aves/ACCEPTED
Treron seimundi;bird;Asia;Asia 100;1029;Aves/ACCEPTED
Treron sieboldii;bird;Asia;Asia 99;34365;Aves/ACCEPTED
Treron sphenurus;bird;Asia;Asia 100;18586;Aves/ACCEPTED
Treron vernans;bird;Asia;Asia 99;90829;Aves/ACCEPTED
Treron waalia;bird;Africa+Asia;Africa 81|Asia 18;10613;Aves/ACCEPTED
Tribonyx mortierii;bird;Oceania;Oceania 100;57423;Aves/SYNONYM
Tribonyx ventralis;bird;Oceania;Oceania 100;76913;Aves/SYNONYM
Trichodere cockerelli;bird;Oceania;Oceania 100;2577;Aves/ACCEPTED
Trichoglossus chlorolepidotus;bird;Oceania;Oceania 100;232388;Aves/ACCEPTED
Trichoglossus concinnus;bird;Oceania;Oceania 100;109238;Aves/ACCEPTED/via Glossopsitta concinna
Trichoglossus euteles;bird;Asia;Asia 87;1400;Aves/ACCEPTED
Trichoglossus haematodus;bird;Oceania;Oceania 100;1660206;Aves/ACCEPTED
Trichoglossus meyeri;bird;Asia;Asia 100;985;Aves/ACCEPTED
Trichoglossus moluccanus;bird;Oceania;Oceania 100;1602163;Aves/SYNONYM
Trichoglossus ornatus;bird;Asia+Oceania;Asia 77|Oceania 5;1589;Aves/ACCEPTED
Trichoglossus rubiginosus;bird;Oceania;Oceania 82;457;Aves/ACCEPTED
Trichoglossus rubritorquis;bird;Oceania;Oceania 100;65150;Aves/ACCEPTED
Tricholaema diademata;bird;Africa;Africa 100;9917;Aves/ACCEPTED
Tricholaema frontata;bird;Africa;Africa 100;408;Aves/ACCEPTED
Tricholaema hirsuta;bird;Africa;Africa 100;8970;Aves/ACCEPTED
Tricholaema lacrymosa;bird;Africa;Africa 100;19177;Aves/ACCEPTED
Tricholaema leucomelas;bird;Africa;Africa 100;143698;Aves/ACCEPTED
Tricholaema melanocephala;bird;Africa;Africa 100;6702;Aves/ACCEPTED
Tricholestes criniger;bird;Asia;Asia 100;13440;Aves/ACCEPTED
Trichosurus cunninghami;mammal;Oceania;Oceania 100;29756;Mammalia/ACCEPTED
Trichosurus vulpecula;mammal;Oceania;Oceania 100;830906;Mammalia/ACCEPTED
Trichothraupis melanops;bird;South America;South America 100;54095;Aves/ACCEPTED
Triclaria malachitacea;bird;South America;South America 99;3299;Aves/ACCEPTED
Trimerotropis verruculata;insect;North America;North America 95;6613;Insecta/ACCEPTED
Tringa brevipes;bird;Oceania+Asia;Oceania 56|Asia 40|North America 3;123247;Aves/ACCEPTED
Tringa erythropus;bird;Europe+Asia;Europe 88|Asia 11|Africa 1;661807;Aves/ACCEPTED
Tringa flavipes;bird;North America+South America;North America 92|South America 7|Europe 1;2181545;Aves/ACCEPTED
Tringa glareola;bird;Europe+Asia+Africa;Europe 64|Asia 27|Africa 8|Oceania 2;1621370;Aves/ACCEPTED
Tringa guttifer;bird;Asia+Oceania;Asia 82|Oceania 12;8766;Aves/ACCEPTED
Tringa incana;bird;North America+Oceania+South America;North America 53|Oceania 39|South America 7;137761;Aves/ACCEPTED
Tringa melanoleuca;bird;North America+South America;North America 96|South America 4;3339274;Aves/ACCEPTED
Tringa nebularia;bird;Global;Europe 70|Asia 18|Africa 6|Oceania 5;2129553;Aves/ACCEPTED
Tringa ochropus;bird;Europe+Asia;Europe 81|Asia 17|Africa 2;1696368;Aves/ACCEPTED
Tringa semipalmata;bird;North America;North America 98|South America 1;2079413;Aves/ACCEPTED
Tringa solitaria;bird;North America+South America;North America 93|South America 6;1165220;Aves/ACCEPTED
Tringa stagnatilis;bird;Global;Asia 61|Europe 14|Oceania 12|Africa 12;346805;Aves/ACCEPTED
Tringa totanus;bird;Europe+Asia;Europe 90|Asia 10|Africa 1;2893533;Aves/ACCEPTED
Triprion petasatus;amphibian;North America;North America 98;1403;Amphibia/ACCEPTED
Trochalopteron affine;bird;Asia;Asia 100;13768;Aves/ACCEPTED
Trochalopteron chrysopterum;bird;Asia;Asia 100;2525;Aves/ACCEPTED
Trochalopteron elliotii;bird;Asia;Asia 99;9081;Aves/ACCEPTED
Trochalopteron erythrocephalum;bird;Asia;Asia 100;35392;Aves/ACCEPTED
Trochalopteron formosum;bird;Asia;Asia 97|North America 1;913;Aves/ACCEPTED
Trochalopteron henrici;bird;Asia;Asia 100;897;Aves/ACCEPTED
Trochalopteron imbricatum;bird;Asia;Asia 100;4756;Aves/ACCEPTED
Trochalopteron lineatum;bird;Asia;Asia 100;50067;Aves/ACCEPTED
Trochalopteron melanostigma;bird;Asia;Asia 100;6864;Aves/ACCEPTED
Trochalopteron milnei;bird;Asia;Asia 95|Europe 1;1731;Aves/ACCEPTED
Trochalopteron morrisonianum;bird;Asia;Asia 100;35355;Aves/ACCEPTED
Trochalopteron peninsulae;bird;Asia;Asia 100;2346;Aves/ACCEPTED
Trochalopteron squamatum;bird;Asia;Asia 100;5882;Aves/ACCEPTED
Trochalopteron subunicolor;bird;Asia;Asia 100;4146;Aves/ACCEPTED
Trochalopteron variegatum;bird;Asia;Asia 100;11901;Aves/ACCEPTED
Trochalopteron virgatum;bird;Asia;Asia 99;1268;Aves/ACCEPTED
Trochilus polytmus;bird;North America;North America 99;13994;Aves/ACCEPTED
Trochocercus cyanomelas;bird;Africa;Africa 99;19934;Aves/ACCEPTED
Trochocercus nitens;bird;Africa;Africa 99;2312;Aves/ACCEPTED
Troglodytes aedon;bird;North America;North America 100;6621303;Aves/ACCEPTED
Troglodytes cobbi;bird;South America;South America 99;1847;Aves/ACCEPTED
Troglodytes hiemalis;bird;North America;North America 100;1213345;Aves/ACCEPTED
Troglodytes monticola;bird;South America;South America 100;206;Aves/ACCEPTED
Troglodytes musculus;bird;South America+North America;South America 73|North America 27;1830774;Aves/ACCEPTED
Troglodytes ochraceus;bird;North America;North America 100;36589;Aves/ACCEPTED
Troglodytes pacificus;bird;North America;North America 100;864198;Aves/ACCEPTED
Troglodytes rufociliatus;bird;North America;North America 100;15559;Aves/ACCEPTED
Troglodytes rufulus;bird;South America;South America 95|North America 2;337;Aves/ACCEPTED
Troglodytes solstitialis;bird;South America;South America 100;57672;Aves/ACCEPTED
Troglodytes troglodytes;bird;Europe;Europe 98|Asia 1;5957230;Aves/ACCEPTED
Trogon bairdii;bird;North America;North America 100;13835;Aves/ACCEPTED
Trogon caligatus;bird;North America+South America;North America 95|South America 5;198342;Aves/ACCEPTED
Trogon chionurus;bird;South America+North America;South America 56|North America 44;26392;Aves/ACCEPTED
Trogon chrysochloros;bird;South America;South America 100;14565;Aves/SYNONYM
Trogon citreolus;bird;North America;North America 100;30330;Aves/ACCEPTED
Trogon clathratus;bird;North America;North America 100;3262;Aves/ACCEPTED
Trogon collaris;bird;North America+South America;North America 63|South America 37;149596;Aves/ACCEPTED
Trogon comptus;bird;South America;South America 100;10223;Aves/ACCEPTED
Trogon cupreicauda;bird;South America;South America 100;2720;Aves/SYNONYM
Trogon curucui;bird;South America;South America 100;42242;Aves/ACCEPTED
Trogon elegans;bird;North America;North America 100;75520;Aves/ACCEPTED
Trogon massena;bird;North America;North America 99|South America 1;125958;Aves/ACCEPTED
Trogon melanocephalus;bird;North America;North America 100;163610;Aves/ACCEPTED
Trogon melanurus;bird;South America+North America;South America 70|North America 30;53889;Aves/ACCEPTED
Trogon mesurus;bird;South America;South America 100;6037;Aves/ACCEPTED
Trogon mexicanus;bird;North America;North America 100;30811;Aves/ACCEPTED
Trogon personatus;bird;South America;South America 100;62647;Aves/ACCEPTED
Trogon ramonianus;bird;South America;South America 100;13788;Aves/ACCEPTED
Trogon rufus;bird;North America+South America;North America 70|South America 29;81167;Aves/ACCEPTED
Trogon surrucura;bird;South America;South America 100;65162;Aves/ACCEPTED
Trogon tenellus;bird;North America;North America 100;57011;Aves/SYNONYM
Trogon violaceus;bird;South America;South America 97|North America 2;10570;Aves/ACCEPTED
Trogon viridis;bird;South America;South America 100;93416;Aves/ACCEPTED
Tropicoperdix chloropus;bird;Asia;Asia 100;8913;Aves/ACCEPTED
Tropicoperdix graydoni;bird;Asia;Asia 100;3307;Aves/SYNONYM
Truljalia hibinonis;insect;Asia;Asia 94;1406;Insecta/ACCEPTED
Tumbezia salvini;bird;South America;South America 100;1696;Aves/ACCEPTED
Tunchiornis ochraceiceps;bird;North America+South America;North America 84|South America 16;46465;Aves/SYNONYM
Tupaia belangeri;mammal;Asia;Asia 61;4168;Mammalia/ACCEPTED
Tupaia javanica;mammal;Asia+Ocean;Asia 39|North America 1;629;Mammalia/ACCEPTED
Turacoena manadensis;bird;Asia;Asia 92;1785;Aves/ACCEPTED
Turacoena modesta;bird;Asia;Asia 96;985;Aves/ACCEPTED
Turdinus abbotti;bird;Asia;Asia 100;30;Aves/ACCEPTED
Turdinus atrigularis;bird;Asia;Asia 99;1235;Aves/SYNONYM
Turdinus brevicaudatus;bird;Asia;Asia 100;102;Aves/ACCEPTED
Turdinus crassus;bird;Asia;Asia 93;14;Aves/ACCEPTED
Turdinus crispifrons;bird;Asia;Asia 100;10;Aves/ACCEPTED
Turdinus macrodactylus;bird;Asia;Asia 92;1250;Aves/SYNONYM
Turdinus marmoratus;bird;Asia;Asia 98;525;Aves/SYNONYM
Turdinus rufipectus;bird;Asia;Asia 86;14;Aves/ACCEPTED
Turdinus sepiarius;bird;Asia;Asia 95;59;Aves/ACCEPTED
Turdoides affinis;bird;Asia;Asia 100;355294;Aves/ACCEPTED
Turdoides atripennis;bird;Africa;Africa 96;831;Aves/SYNONYM
Turdoides bicolor;bird;Africa;Africa 100;21653;Aves/ACCEPTED
Turdoides caudata;bird;Asia;Asia 100;81852;Aves/ACCEPTED
Turdoides earlei;bird;Asia;Asia 100;16974;Aves/ACCEPTED
Turdoides fulva;bird;Africa;Africa 98|Asia 1;4213;Aves/ACCEPTED
Turdoides gymnogenys;bird;Africa;Africa 99;2765;Aves/ACCEPTED
Turdoides hartlaubii;bird;Africa;Africa 100;11260;Aves/ACCEPTED
Turdoides hindei;bird;Africa;Africa 100;1476;Aves/ACCEPTED
Turdoides huttoni;bird;Asia;Asia 100;2543;Aves/ACCEPTED
Turdoides hypoleuca;bird;Africa;Africa 100;7113;Aves/ACCEPTED
Turdoides jardineii;bird;Africa;Africa 100;156353;Aves/ACCEPTED
Turdoides leucopygia;bird;Africa;Africa 99;2369;Aves/ACCEPTED
Turdoides longirostris;bird;Asia;Asia 96;25;Aves/ACCEPTED
Turdoides malcolmi;bird;Asia;Asia 100;142520;Aves/ACCEPTED
Turdoides melanops;bird;Africa;Africa 99;1575;Aves/ACCEPTED
Turdoides nipalensis;bird;Asia;Asia 100;1050;Aves/ACCEPTED
Turdoides plebejus;bird;Africa;Africa 100;18266;Aves/ACCEPTED
Turdoides reinwardtii;bird;Africa;Africa 100;7016;Aves/ACCEPTED
Turdoides rubiginosa;bird;Africa;Africa 100;10700;Aves/ACCEPTED
Turdoides rufescens;bird;Asia;Asia 100;5726;Aves/ACCEPTED
Turdoides sharpei;bird;Africa;Africa 100;11792;Aves/ACCEPTED
Turdoides squamulata;bird;Africa;Africa 100;2653;Aves/ACCEPTED
Turdoides striata;bird;Asia;Asia 100;493759;Aves/ACCEPTED
Turdoides subrufa;bird;Asia;Asia 100;27927;Aves/ACCEPTED
Turdus abyssinicus;bird;Africa;Africa 100;31156;Aves/ACCEPTED
Turdus albicollis;bird;South America;South America 99|North America 1;73975;Aves/ACCEPTED
Turdus albocinctus;bird;Asia;Asia 100;12957;Aves/ACCEPTED
Turdus amaurochalinus;bird;South America;South America 100;260349;Aves/ACCEPTED
Turdus arthuri;bird;South America;South America 100;637;Aves/SYNONYM
Turdus assimilis;bird;North America;North America 99|South America 1;80437;Aves/ACCEPTED
Turdus atrogularis;bird;Asia+Europe;Asia 68|Europe 31;33761;Aves/ACCEPTED
Turdus aurantius;bird;North America;North America 100;12949;Aves/ACCEPTED
Turdus boulboul;bird;Asia;Asia 100;26263;Aves/ACCEPTED
Turdus cardis;bird;Asia;Asia 97;14147;Aves/ACCEPTED
Turdus celaenops;bird;Asia;Asia 72;1494;Aves/ACCEPTED
Turdus chiguanco;bird;South America;South America 100;114801;Aves/ACCEPTED
Turdus chrysolaus;bird;Asia;Asia 99;56039;Aves/ACCEPTED
Turdus daguae;bird;South America;South America 100;38;Aves/ACCEPTED
Turdus dissimilis;bird;Asia;Asia 100;7163;Aves/ACCEPTED
Turdus eunomus;bird;Asia+Europe;Asia 95|Europe 3|North America 1;81754;Aves/ACCEPTED
Turdus falcklandii;bird;South America;South America 100;326800;Aves/ACCEPTED
Turdus feae;bird;Asia;Asia 100;2779;Aves/ACCEPTED
Turdus flavipes;bird;South America;South America 100;53105;Aves/ACCEPTED
Turdus fulviventris;bird;South America;South America 100;5512;Aves/ACCEPTED
Turdus fumigatus;bird;South America+North America;South America 92|North America 8;16623;Aves/ACCEPTED
Turdus fuscater;bird;South America;South America 100;316322;Aves/ACCEPTED
Turdus grayi;bird;North America;North America 98|South America 2;1135174;Aves/ACCEPTED
Turdus hauxwelli;bird;South America;South America 100;11572;Aves/ACCEPTED
Turdus hortulorum;bird;Asia;Asia 99;30901;Aves/ACCEPTED
Turdus ignobilis;bird;South America;South America 100;286292;Aves/ACCEPTED
Turdus iliacus;bird;Europe;Europe 99;2211143;Aves/ACCEPTED
Turdus infuscatus;bird;North America;North America 99;8627;Aves/ACCEPTED
Turdus jamaicensis;bird;North America;North America 100;3765;Aves/ACCEPTED
Turdus kessleri;bird;Asia;Asia 100;3141;Aves/ACCEPTED
Turdus lawrencii;bird;South America;South America 100;5859;Aves/ACCEPTED
Turdus leucomelas;bird;South America;South America 100;412263;Aves/ACCEPTED
Turdus leucops;bird;South America;South America 100;10964;Aves/ACCEPTED
Turdus lherminieri;bird;North America;North America 98;6164;Aves/ACCEPTED
Turdus libonyana;bird;Africa;Africa 100;112661;Aves/ACCEPTED
Turdus litsitsirupa;bird;Africa;Africa 100;70603;Aves/SYNONYM
Turdus maculirostris;bird;South America;South America 100;40634;Aves/ACCEPTED
Turdus mandarinus;bird;Asia;Asia 100;90004;Aves/ACCEPTED
Turdus maranonicus;bird;South America;South America 100;3524;Aves/ACCEPTED
Turdus maximus;bird;Asia;Asia 100;1005;Aves/ACCEPTED
Turdus menachensis;bird;Asia;Asia 100;1261;Aves/ACCEPTED
Turdus merula;bird;Europe+Oceania;Europe 90|Oceania 8|Asia 1;13586225;Aves/ACCEPTED
Turdus migratorius;bird;North America;North America 100;29447506;Aves/ACCEPTED
Turdus mupinensis;bird;Asia;Asia 99;2224;Aves/ACCEPTED
Turdus murinus;bird;South America;South America 100;1210;Aves/ACCEPTED
Turdus naumanni;bird;Asia;Asia 94|Europe 2;25332;Aves/ACCEPTED
Turdus nigrescens;bird;North America;North America 100;26274;Aves/ACCEPTED
Turdus nigriceps;bird;South America;South America 100;6636;Aves/ACCEPTED
Turdus niveiceps;bird;Asia;Asia 100;2860;Aves/SYNONYM
Turdus nudigenis;bird;South America+North America;South America 88|North America 12;83844;Aves/ACCEPTED
Turdus obscurus;bird;Asia+North America+Europe;Asia 91|North America 4|Europe 4;29640;Aves/ACCEPTED
Turdus obsoletus;bird;North America+South America;North America 72|South America 28;14781;Aves/ACCEPTED
Turdus olivaceofuscus;bird;Africa;Africa 98;2116;Aves/ACCEPTED
Turdus olivaceus;bird;Africa;Africa 100;93271;Aves/ACCEPTED
Turdus olivater;bird;South America;South America 100;10051;Aves/ACCEPTED
Turdus pallidus;bird;Asia;Asia 98;100635;Aves/ACCEPTED
Turdus papuensis;bird;;;;labels
Turdus pelios;bird;Africa;Africa 100;53118;Aves/ACCEPTED
Turdus philomelos;bird;Europe+Oceania;Europe 94|Oceania 5|Asia 1;4632522;Aves/ACCEPTED
Turdus pilaris;bird;Europe;Europe 99|Asia 1;3058868;Aves/ACCEPTED
Turdus plebejus;bird;North America;North America 100;64167;Aves/ACCEPTED
Turdus plumbeus;bird;North America;North America 100;107234;Aves/ACCEPTED
Turdus poliocephalus;bird;Asia+Oceania;Asia 80|Oceania 13;5434;Aves/ACCEPTED
Turdus reevei;bird;South America;South America 100;6174;Aves/ACCEPTED
Turdus rubrocanus;bird;Asia;Asia 100;8013;Aves/ACCEPTED
Turdus ruficeps;bird;;;;labels
Turdus ruficollis;bird;Asia+Europe;Asia 75|Europe 22;11637;Aves/ACCEPTED
Turdus rufitorques;bird;North America;North America 99;30307;Aves/ACCEPTED
Turdus rufiventris;bird;South America;South America 100;487805;Aves/ACCEPTED
Turdus rufopalliatus;bird;North America;North America 100;112476;Aves/ACCEPTED
Turdus sanchezorum;bird;South America;South America 100;1715;Aves/ACCEPTED
Turdus serranus;bird;South America;South America 100;40188;Aves/ACCEPTED
Turdus simensis;bird;Africa;Africa 100;2601;Aves/SYNONYM
Turdus simillimus;bird;Asia;Asia 100;34929;Aves/ACCEPTED
Turdus smithi;bird;Africa;Africa 100;110094;Aves/ACCEPTED
Turdus subalaris;bird;South America;South America 100;6687;Aves/ACCEPTED
Turdus swalesi;bird;North America;North America 100;1028;Aves/ACCEPTED
Turdus tephronotus;bird;Africa;Africa 100;7462;Aves/ACCEPTED
Turdus thomassoni;bird;;;;labels
Turdus torquatus;bird;Europe;Europe 98|Asia 1;312945;Aves/ACCEPTED
Turdus unicolor;bird;Asia;Asia 99;12680;Aves/ACCEPTED
Turdus vanikorensis;bird;;;;labels
Turdus viscivorus;bird;Europe;Europe 98|Asia 1;1730801;Aves/ACCEPTED
Turnix castanotus;bird;Oceania;Oceania 99;1349;Aves/ACCEPTED
Turnix maculosus;bird;Oceania+Asia;Oceania 90|Asia 8;4237;Aves/ACCEPTED
Turnix melanogaster;bird;Oceania;Oceania 98;2734;Aves/ACCEPTED
Turnix ocellatus;bird;Asia;Asia 97;739;Aves/ACCEPTED
Turnix suscitator;bird;Asia;Asia 99;53805;Aves/ACCEPTED
Turnix sylvaticus;bird;Africa+Europe+Asia;Africa 73|Europe 13|Asia 10;18053;Aves/ACCEPTED
Turnix tanki;bird;Asia;Asia 98;1874;Aves/ACCEPTED
Turnix varius;bird;Oceania;Oceania 100;36857;Aves/ACCEPTED
Turnix velox;bird;Oceania;Oceania 100;24076;Aves/ACCEPTED
Tursiops truncatus;mammal;Europe+North America;Europe 32|North America 31|South America 2|Oceania 2|Africa 1;193359;Mammalia/ACCEPTED
Turtur abyssinicus;bird;Africa;Africa 100;22798;Aves/ACCEPTED
Turtur afer;bird;Africa;Africa 100;36843;Aves/ACCEPTED
Turtur brehmeri;bird;Africa;Africa 99;5201;Aves/ACCEPTED
Turtur chalcospilos;bird;Africa;Africa 100;210655;Aves/ACCEPTED
Turtur tympanistria;bird;Africa;Africa 99;81431;Aves/ACCEPTED
Tychaedon barbata;bird;Africa;Africa 100;1797;Aves/SYNONYM
Tychaedon coryphoeus;bird;Africa;Africa 100;16399;Aves/ACCEPTED
Tychaedon leucosticta;bird;Africa;Africa 100;714;Aves/SYNONYM
Tychaedon quadrivirgata;bird;Africa;Africa 100;24048;Aves/SYNONYM
Tychaedon signata;bird;Africa;Africa 99;9674;Aves/SYNONYM
Tylas eduardi;bird;Africa;Africa 100;3964;Aves/ACCEPTED
Tympanistalna gastrica;insect;Europe;Europe 95;109;Insecta/ACCEPTED
Tympanuchus cupido;bird;North America;North America 98;30194;Aves/ACCEPTED
Tympanuchus pallidicinctus;bird;North America;North America 86;1201;Aves/ACCEPTED
Tympanuchus phasianellus;bird;North America;North America 99;76263;Aves/ACCEPTED
Tyranneutes stolzmanni;bird;South America;South America 100;25438;Aves/ACCEPTED
Tyranneutes virescens;bird;South America;South America 100;3542;Aves/ACCEPTED
Tyranniscus cinereiceps;bird;South America;South America 100;215;Aves/ACCEPTED/via Phyllomyias cinereiceps
Tyranniscus nigrocapillus;bird;South America;South America 99;873;Aves/ACCEPTED/via Phyllomyias nigrocapillus
Tyranniscus uropygialis;bird;South America;South America 98|North America 1;297;Aves/ACCEPTED/via Phyllomyias uropygialis
Tyrannopsis sulphurea;bird;South America;South America 100;14792;Aves/ACCEPTED
Tyrannulus elatus;bird;South America+North America;South America 76|North America 24;117504;Aves/ACCEPTED
Tyrannus albogularis;bird;South America;South America 100;11648;Aves/ACCEPTED
Tyrannus caudifasciatus;bird;North America;North America 100;72535;Aves/ACCEPTED
Tyrannus couchii;bird;North America;North America 100;277832;Aves/ACCEPTED
Tyrannus crassirostris;bird;North America;North America 100;65383;Aves/ACCEPTED
Tyrannus cubensis;bird;North America;North America 100;2164;Aves/ACCEPTED
Tyrannus dominicensis;bird;North America+South America;North America 87|South America 13;383791;Aves/ACCEPTED
Tyrannus forficatus;bird;North America;North America 100;764714;Aves/ACCEPTED
Tyrannus melancholicus;bird;South America+North America;South America 51|North America 49;2274984;Aves/ACCEPTED
Tyrannus niveigularis;bird;South America;South America 100;7806;Aves/ACCEPTED
Tyrannus savana;bird;South America+North America;South America 79|North America 21;314171;Aves/ACCEPTED
Tyrannus tyrannus;bird;North America;North America 99|South America 1;4145071;Aves/ACCEPTED
Tyrannus verticalis;bird;North America;North America 100;1489507;Aves/ACCEPTED
Tyrannus vociferans;bird;North America;North America 100;843728;Aves/ACCEPTED
Tyto alba;bird;Europe+Africa;Europe 83|Africa 11|Asia 3|North America 1;450094;Aves/ACCEPTED
Tyto deroepstorffi;bird;Asia;Asia 100;1009;Aves/ACCEPTED
Tyto furcata;bird;North America+South America;North America 86|South America 13|Oceania 1;292719;Aves/ACCEPTED
Tyto glaucops;bird;North America;North America 100;1284;Aves/ACCEPTED
Tyto inexspectata;bird;Asia;Asia 95;232;Aves/ACCEPTED
Tyto javanica;bird;Oceania+Asia;Oceania 61|Asia 39;72259;Aves/ACCEPTED
Tyto longimembris;bird;Oceania+Asia;Oceania 58|Asia 40;4367;Aves/ACCEPTED
Tyto novaehollandiae;bird;Oceania;Oceania 99;13867;Aves/ACCEPTED
Tyto rosenbergii;bird;Asia;Asia 95;728;Aves/ACCEPTED
Tyto tenebricosa;bird;Oceania;Oceania 100;16276;Aves/ACCEPTED
Uperoleia fusca;amphibian;Oceania;Oceania 100;13654;Amphibia/ACCEPTED
Uperoleia laevigata;amphibian;Oceania;Oceania 100;15233;Amphibia/ACCEPTED
Upucerthia albigula;bird;South America;South America 100;1788;Aves/ACCEPTED
Upucerthia dumetaria;bird;South America;South America 100;21738;Aves/ACCEPTED
Upucerthia saturatior;bird;South America;South America 100;3664;Aves/ACCEPTED
Upucerthia validirostris;bird;South America;South America 100;6996;Aves/ACCEPTED
Upupa africana;bird;Africa;Africa 100;182941;Aves/ACCEPTED
Upupa epops;bird;Europe+Asia+Africa;Europe 58|Asia 34|Africa 8;1303296;Aves/ACCEPTED
Upupa marginata;bird;Africa;Africa 100;5861;Aves/ACCEPTED
Uraeginthus angolensis;bird;Africa;Africa 100;231445;Aves/ACCEPTED
Uraeginthus bengalus;bird;Africa;Africa 99;86360;Aves/ACCEPTED
Uraeginthus cyanocephalus;bird;Africa;Africa 97|North America 1;9223;Aves/ACCEPTED
Uranomitra franciae;bird;South America;South America 100;98173;Aves/ACCEPTED
Uratelornis chimaera;bird;Africa;Africa 99;1448;Aves/ACCEPTED
Uria aalge;bird;Europe+North America;Europe 35|North America 23;1640499;Aves/ACCEPTED
Uria lomvia;bird;North America+Europe;North America 52|Europe 25|Asia 2;79451;Aves/ACCEPTED
Urile pelagicus;bird;North America;North America 97|Asia 2;667885;Aves/SYNONYM
Urile penicillatus;bird;North America;North America 91;558830;Aves/ACCEPTED
Urile urile;bird;North America+Asia;North America 95|Asia 3;31890;Aves/SYNONYM
Urochroa bougueri;bird;South America;South America 100;16124;Aves/ACCEPTED
Urochroa leucura;bird;South America;South America 100;10678;Aves/ACCEPTED
Urocissa caerulea;bird;Asia;Asia 100;51084;Aves/ACCEPTED
Urocissa erythroryncha;bird;Asia;Asia 100;62954;Aves/ACCEPTED
Urocissa flavirostris;bird;Asia;Asia 100;31540;Aves/ACCEPTED
Urocissa ornata;bird;Asia;Asia 100;3988;Aves/ACCEPTED
Urocissa whiteheadi;bird;Asia;Asia 100;1138;Aves/ACCEPTED
Urocitellus armatus;mammal;North America;North America 99;6172;Mammalia/ACCEPTED
Urocitellus beldingi;mammal;North America;North America 97;4876;Mammalia/ACCEPTED
Urocitellus columbianus;mammal;North America;North America 98;11213;Mammalia/ACCEPTED
Urocitellus parryii;mammal;North America+Asia;North America 87|Asia 5;8115;Mammalia/ACCEPTED
Urocitellus richardsonii;mammal;North America;North America 93;7763;Mammalia/ACCEPTED
Urocolius indicus;bird;Africa;Africa 100;241084;Aves/ACCEPTED
Urocolius macrourus;bird;Africa;Africa 100;35507;Aves/ACCEPTED
Urocynchramus pylzowi;bird;Asia;Asia 99;587;Aves/ACCEPTED
Urocyon cinereoargenteus;mammal;North America;North America 94;41318;Mammalia/ACCEPTED
Urodynamis taitensis;bird;Oceania;Oceania 99;9382;Aves/ACCEPTED
Uroglaux dimorpha;bird;Oceania+Asia;Oceania 96|Asia 3;317;Aves/ACCEPTED
Urolais epichlorus;bird;Africa;Africa 100;769;Aves/ACCEPTED
Urolestes melanoleucus;bird;Africa;Africa 100;107271;Aves/ACCEPTED
Uromenus rugosicollis;insect;Europe;Europe 100;5666;Insecta/ACCEPTED
Uromyias agilis;bird;South America;South America 100;4081;Aves/SYNONYM
Uromyias agraphia;bird;South America;South America 100;1397;Aves/SYNONYM
Uropelia campestris;bird;South America;South America 100;4632;Aves/ACCEPTED
Uropsalis lyra;bird;South America;South America 100;11802;Aves/ACCEPTED
Uropsalis segmentata;bird;South America;South America 99;2895;Aves/ACCEPTED
Uropsila leucogastra;bird;North America;North America 100;37765;Aves/ACCEPTED
Urosphena pallidipes;bird;Asia;Asia 100;1062;Aves/ACCEPTED
Urosphena squameiceps;bird;Asia;Asia 97;20636;Aves/ACCEPTED
Urosphena subulata;bird;Asia;Asia 99;1840;Aves/ACCEPTED
Urosphena whiteheadi;bird;Asia;Asia 100;2709;Aves/ACCEPTED
Urosticte benjamini;bird;South America;South America 100;34723;Aves/ACCEPTED
Urosticte ruficrissa;bird;South America;South America 98;3309;Aves/ACCEPTED
Urothraupis stolzmanni;bird;South America;South America 100;4217;Aves/ACCEPTED
Urotriorchis macrourus;bird;Africa;Africa 100;1535;Aves/ACCEPTED
Ursus americanus;mammal;North America;North America 96;65933;Mammalia/ACCEPTED
Urva urva;mammal;Asia;Asia 98;2418;Mammalia/SYNONYM
Vanellus albiceps;bird;Africa;Africa 100;27842;Aves/ACCEPTED
Vanellus armatus;bird;Africa;Africa 100;507019;Aves/ACCEPTED
Vanellus cayanus;bird;South America;South America 100;30124;Aves/SYNONYM
Vanellus chilensis;bird;South America+North America;South America 92|North America 8;1242422;Aves/ACCEPTED
Vanellus cinereus;bird;Asia+Europe;Asia 95|Europe 3;52471;Aves/ACCEPTED
Vanellus coronatus;bird;Africa;Africa 100;318099;Aves/ACCEPTED
Vanellus crassirostris;bird;Africa;Africa 100;23714;Aves/ACCEPTED
Vanellus duvaucelii;bird;Asia;Asia 100;45170;Aves/ACCEPTED
Vanellus gregarius;bird;Europe+Asia;Europe 75|Asia 23;13233;Aves/ACCEPTED
Vanellus indicus;bird;Asia;Asia 100;971642;Aves/ACCEPTED
Vanellus leucurus;bird;Asia+Europe;Asia 80|Europe 18|Africa 1;33974;Aves/ACCEPTED
Vanellus lugubris;bird;Africa;Africa 100;14765;Aves/ACCEPTED
Vanellus malabaricus;bird;Asia;Asia 100;83984;Aves/ACCEPTED
Vanellus melanocephalus;bird;Africa;Africa 100;1028;Aves/ACCEPTED
Vanellus melanopterus;bird;Africa;Africa 100;18341;Aves/ACCEPTED
Vanellus miles;bird;Oceania;Oceania 100;1472536;Aves/ACCEPTED
Vanellus resplendens;bird;South America;South America 100;35670;Aves/ACCEPTED
Vanellus senegallus;bird;Africa;Africa 100;144739;Aves/ACCEPTED
Vanellus spinosus;bird;Asia+Africa+Europe;Asia 61|Africa 35|Europe 4;207059;Aves/ACCEPTED
Vanellus tectus;bird;Africa;Africa 100;11213;Aves/ACCEPTED
Vanellus tricolor;bird;Oceania;Oceania 100;47779;Aves/ACCEPTED
Vanellus vanellus;bird;Europe;Europe 98|Asia 2;4526442;Aves/ACCEPTED
Vanga curvirostris;bird;Africa;Africa 99;4307;Aves/ACCEPTED
Varecia variegata;mammal;Africa+North America;Africa 77|North America 3|Europe 2;1843;Mammalia/ACCEPTED
Vauriella albigularis;bird;Asia;Asia 99;161;Aves/SYNONYM
Vauriella gularis;bird;Asia;Asia 100;3540;Aves/SYNONYM
Velarifictorus aspersus;insect;Asia;Asia 93;658;Insecta/ACCEPTED
Velarifictorus micado;insect;North America+Asia;North America 57|Asia 29;3641;Insecta/ACCEPTED
Veles binotatus;bird;Africa;Africa 100;739;Aves/ACCEPTED
Veniliornis affinis;bird;South America;South America 100;16723;Aves/ACCEPTED
Veniliornis cassini;bird;South America;South America 99;4432;Aves/ACCEPTED
Veniliornis kirkii;bird;South America+North America;South America 77|North America 22;28093;Aves/ACCEPTED
Veniliornis lignarius;bird;South America;South America 100;36967;Aves/ACCEPTED
Veniliornis maculifrons;bird;South America;South America 100;6957;Aves/ACCEPTED
Veniliornis mixtus;bird;South America;South America 100;43538;Aves/ACCEPTED
Veniliornis passerinus;bird;South America;South America 100;61770;Aves/ACCEPTED
Veniliornis spilogaster;bird;South America;South America 100;48577;Aves/ACCEPTED
Vermivora chrysoptera;bird;North America;North America 99|South America 1;259668;Aves/ACCEPTED
Vermivora cyanoptera;bird;North America;North America 100;552855;Aves/ACCEPTED
Verreauxia africana;bird;Africa;Africa 98;1207;Aves/SYNONYM
Vespertilio murinus;mammal;Europe;Europe 98|Asia 1;23053;Mammalia/ACCEPTED
Vidua chalybeata;bird;Africa;Africa 99;50306;Aves/ACCEPTED
Vidua codringtoni;bird;Africa;Africa 99|North America 1;298;Aves/ACCEPTED
Vidua fischeri;bird;Africa;Africa 99;4449;Aves/ACCEPTED
Vidua funerea;bird;Africa;Africa 99;15654;Aves/ACCEPTED
Vidua macroura;bird;Africa+North America;Africa 84|North America 15;278523;Aves/ACCEPTED
Vidua orientalis;bird;Africa;Africa 96|North America 1;1996;Aves/ACCEPTED
Vidua paradisaea;bird;Africa;Africa 99;45186;Aves/ACCEPTED
Vidua purpurascens;bird;Africa;Africa 99;7202;Aves/ACCEPTED
Vidua regia;bird;Africa;Africa 100;24561;Aves/ACCEPTED
Vidua wilsoni;bird;Africa;Africa 99;1062;Aves/ACCEPTED
Vini australis;bird;Oceania;Oceania 93;1157;Aves/ACCEPTED
Vini kuhlii;bird;Oceania;Oceania 63|North America 1;246;Aves/ACCEPTED
Vini margarethae;bird;Oceania;Oceania 72;89;Aves/ACCEPTED/via Charmosyna margarethae
Vini peruviana;bird;Oceania;Oceania 75|Europe 2;372;Aves/ACCEPTED
Vini solitaria;bird;Oceania;Oceania 98;2878;Aves/SYNONYM
Vireo altiloquus;bird;North America+South America;North America 97|South America 3;97291;Aves/ACCEPTED
Vireo atricapilla;bird;North America;North America 100;32632;Aves/ACCEPTED
Vireo bairdi;bird;North America;North America 100;4263;Aves/ACCEPTED
Vireo bellii;bird;North America;North America 100;455878;Aves/ACCEPTED
Vireo brevipennis;bird;North America;North America 100;3293;Aves/ACCEPTED
Vireo caribaeus;bird;North America+South America;North America 95|South America 4;1615;Aves/ACCEPTED
Vireo carmioli;bird;North America;North America 100;21243;Aves/ACCEPTED
Vireo cassinii;bird;North America;North America 100;303919;Aves/ACCEPTED
Vireo chivi;bird;South America;South America 100;178960;Aves/SYNONYM
Vireo crassirostris;bird;North America;North America 100;22492;Aves/ACCEPTED
Vireo flavifrons;bird;North America;North America 100;1270892;Aves/ACCEPTED
Vireo flavoviridis;bird;North America+South America;North America 91|South America 8;138200;Aves/ACCEPTED
Vireo gilvus;bird;North America;North America 100;3566134;Aves/ACCEPTED
Vireo gracilirostris;bird;South America;South America 91;697;Aves/ACCEPTED
Vireo griseus;bird;North America;North America 100;2490205;Aves/ACCEPTED
Vireo gundlachii;bird;North America;North America 100;16713;Aves/ACCEPTED
Vireo huttoni;bird;North America;North America 100;657730;Aves/ACCEPTED
Vireo hypochryseus;bird;North America;North America 100;24056;Aves/ACCEPTED
Vireo latimeri;bird;North America;North America 100;16282;Aves/ACCEPTED
Vireo leucophrys;bird;South America+North America;South America 74|North America 26;114640;Aves/ACCEPTED
Vireo magister;bird;North America;North America 100;25488;Aves/ACCEPTED
Vireo masteri;bird;South America;South America 100;3138;Aves/ACCEPTED
Vireo modestus;bird;North America;North America 100;9133;Aves/ACCEPTED
Vireo nanus;bird;North America;North America 100;1730;Aves/ACCEPTED
Vireo nelsoni;bird;North America;North America 100;1920;Aves/ACCEPTED
Vireo olivaceus;bird;North America+South America;North America 96|South America 4;5938416;Aves/ACCEPTED
Vireo osburni;bird;North America;North America 100;2408;Aves/ACCEPTED
Vireo pallens;bird;North America;North America 100;65151;Aves/ACCEPTED
Vireo philadelphicus;bird;North America;North America 100;369106;Aves/ACCEPTED
Vireo plumbeus;bird;North America;North America 100;259370;Aves/ACCEPTED
Vireo sclateri;bird;South America;South America 100;605;Aves/SYNONYM
Vireo solitarius;bird;North America;North America 100;1666723;Aves/ACCEPTED
Vireo vicinior;bird;North America;North America 100;27812;Aves/ACCEPTED
Vireolanius eximius;bird;South America+North America;South America 91|North America 9;2276;Aves/ACCEPTED
Vireolanius leucotis;bird;South America;South America 100;19303;Aves/ACCEPTED
Vireolanius melitophrys;bird;North America;North America 100;9922;Aves/ACCEPTED
Vireolanius pulchellus;bird;North America;North America 100;42599;Aves/ACCEPTED
Volatinia jacarina;bird;South America+North America;South America 55|North America 45;545288;Aves/ACCEPTED
Vulpes lagopus;mammal;Europe+North America;Europe 56|North America 35|Asia 3;31995;Mammalia/ACCEPTED
Vulpes vulpes;mammal;Europe+Oceania;Europe 86|Oceania 8|North America 3|Asia 2;2061128;Mammalia/ACCEPTED
Vultur gryphus;bird;South America;South America 99;94191;Aves/ACCEPTED
Wetmorethraupis sterrhopteron;bird;South America;South America 100;1038;Aves/ACCEPTED
Willisornis poecilinotus;bird;South America;South America 99;17913;Aves/ACCEPTED
Willisornis vidua;bird;South America;South America 96|North America 2;3280;Aves/ACCEPTED
Woodfordia superciliosa;bird;Oceania;Oceania 88;351;Aves/ACCEPTED
Xanthocephalus xanthocephalus;bird;North America;North America 100;852462;Aves/ACCEPTED
Xanthomixis apperti;bird;Africa;Africa 100;857;Aves/ACCEPTED
Xanthomixis cinereiceps;bird;Africa;Africa 100;992;Aves/ACCEPTED
Xanthomixis zosterops;bird;Africa;Africa 100;4141;Aves/ACCEPTED
Xanthopsar flavus;bird;South America;South America 97;1652;Aves/ACCEPTED
Xanthotis flaviventer;bird;Oceania;Oceania 99;9993;Aves/ACCEPTED
Xanthotis macleayanus;bird;Oceania;Oceania 100;30808;Aves/ACCEPTED
Xema sabini;bird;North America+Europe;North America 41|Europe 15;151966;Aves/ACCEPTED
Xenerpestes minlosi;bird;North America+South America;North America 68|South America 32;3014;Aves/ACCEPTED
Xenerpestes singularis;bird;South America;South America 99;657;Aves/ACCEPTED
Xenicus gilviventris;bird;Oceania;Oceania 99;4709;Aves/ACCEPTED
Xenocopsychus ansorgei;bird;Africa;Africa 100;310;Aves/ACCEPTED
Xenodacnis parina;bird;South America;South America 100;7209;Aves/ACCEPTED
Xenoglaux loweryi;bird;South America;South America 100;938;Aves/ACCEPTED
Xenogryllus marmoratus;insect;Asia;Asia 85;409;Insecta/ACCEPTED
Xenoligea montana;bird;North America;North America 98|Africa 1;1269;Aves/ACCEPTED
Xenopipo atronitens;bird;South America;South America 99;4374;Aves/ACCEPTED
Xenopipo uniformis;bird;South America;South America 99;575;Aves/ACCEPTED
Xenopirostris damii;bird;Africa;Africa 100;848;Aves/ACCEPTED
Xenopirostris polleni;bird;Africa;Africa 100;1193;Aves/ACCEPTED
Xenopirostris xenopirostris;bird;Africa;Africa 99;1624;Aves/ACCEPTED
Xenops genibarbis;bird;South America;South America 100;12213;Aves/ACCEPTED
Xenops mexicanus;bird;;;;labels
Xenops minutus;bird;South America+North America;South America 91|North America 8;15714;Aves/ACCEPTED
Xenops rutilans;bird;South America+North America;South America 96|North America 4;77546;Aves/ACCEPTED
Xenops tenuirostris;bird;South America;South America 100;2703;Aves/ACCEPTED
Xenopsaris albinucha;bird;South America;South America 100;6259;Aves/ACCEPTED
Xenornis setifrons;bird;North America+South America;North America 88|South America 12;275;Aves/ACCEPTED
Xenospingus concolor;bird;South America;South America 99;8080;Aves/ACCEPTED
Xenospiza baileyi;bird;North America;North America 100;2530;Aves/ACCEPTED
Xenotriccus callizonus;bird;North America;North America 100;2475;Aves/ACCEPTED
Xenotriccus mexicanus;bird;North America;North America 100;2541;Aves/ACCEPTED
Xenus cinereus;bird;Global;Asia 56|Oceania 21|Europe 15|Africa 6|North America 1;131662;Aves/ACCEPTED
Xiphidiopicus percussus;bird;North America;North America 100;16091;Aves/ACCEPTED
Xiphocolaptes albicollis;bird;South America;South America 100;13593;Aves/ACCEPTED
Xiphocolaptes falcirostris;bird;South America;South America 99;633;Aves/ACCEPTED
Xiphocolaptes major;bird;South America;South America 100;13257;Aves/ACCEPTED
Xiphocolaptes promeropirhynchus;bird;South America+North America;South America 84|North America 15;43365;Aves/ACCEPTED
Xipholena atropurpurea;bird;South America;South America 96;1529;Aves/ACCEPTED
Xipholena lamellipennis;bird;South America;South America 97|North America 2;812;Aves/ACCEPTED
Xipholena punicea;bird;South America;South America 99;8307;Aves/ACCEPTED
Xiphorhynchus atlanticus;bird;South America;South America 99;2037;Aves/SYNONYM
Xiphorhynchus chunchotambo;bird;South America;South America 98;244;Aves/SYNONYM
Xiphorhynchus elegans;bird;South America;South America 99;13482;Aves/ACCEPTED
Xiphorhynchus erythropygius;bird;North America+South America;North America 65|South America 35;73970;Aves/ACCEPTED
Xiphorhynchus flavigaster;bird;North America;North America 100;127359;Aves/ACCEPTED
Xiphorhynchus fuscus;bird;South America;South America 100;42617;Aves/ACCEPTED
Xiphorhynchus guttatus;bird;South America;South America 99|North America 1;66837;Aves/ACCEPTED
Xiphorhynchus lachrymosus;bird;North America+South America;North America 76|South America 24;24730;Aves/ACCEPTED
Xiphorhynchus obsoletus;bird;South America;South America 99;13730;Aves/ACCEPTED
Xiphorhynchus ocellatus;bird;South America;South America 99;6978;Aves/ACCEPTED
Xiphorhynchus pardalotus;bird;South America;South America 99;7448;Aves/ACCEPTED
Xiphorhynchus spixii;bird;South America;South America 98|North America 1;2938;Aves/ACCEPTED
Xiphorhynchus susurrans;bird;North America+South America;North America 77|South America 23;177874;Aves/ACCEPTED
Xiphorhynchus triangularis;bird;South America;South America 100;20106;Aves/ACCEPTED
Xolmis cinereus;bird;South America;South America 100;32574;Aves/ACCEPTED
Xolmis irupero;bird;South America;South America 100;84489;Aves/ACCEPTED
Xolmis pyrope;bird;South America;South America 100;105672;Aves/ACCEPTED
Xolmis velatus;bird;South America;South America 100;26251;Aves/ACCEPTED
Xylocopa virginica;insect;North America;North America 98;113568;Insecta/ACCEPTED
Xylotrupes australicus;insect;Oceania;Oceania 99;3144;Insecta/ACCEPTED
Yezoterpnosia nigricosta;insect;Asia+Ocean;Asia 50;631;Insecta/ACCEPTED
Yoyetta celis;insect;Oceania;Oceania 100;2397;Insecta/ACCEPTED
Yuhina bakeri;bird;Asia;Asia 100;6504;Aves/ACCEPTED
Yuhina brunneiceps;bird;Asia;Asia 100;254277;Aves/ACCEPTED
Yuhina castaniceps;bird;Asia;Asia 91;519;Aves/ACCEPTED
Yuhina everetti;bird;Asia;Asia 100;127;Aves/ACCEPTED
Yuhina flavicollis;bird;Asia;Asia 100;42105;Aves/ACCEPTED
Yuhina gularis;bird;Asia;Asia 100;19514;Aves/ACCEPTED
Yuhina nigrimenta;bird;Asia;Asia 99;11250;Aves/ACCEPTED
Yuhina occipitalis;bird;Asia;Asia 100;11549;Aves/ACCEPTED
Yuhina torqueola;bird;Asia;Asia 100;6265;Aves/ACCEPTED
Yungipicus canicapillus;bird;Asia;Asia 100;129351;Aves/ACCEPTED
Yungipicus kizuki;bird;Asia;Asia 98;74367;Aves/ACCEPTED
Yungipicus maculatus;bird;Asia;Asia 100;13462;Aves/ACCEPTED
Yungipicus moluccensis;bird;Asia;Asia 99;17147;Aves/ACCEPTED
Yungipicus nanus;bird;Asia;Asia 100;46940;Aves/ACCEPTED
Yungipicus temminckii;bird;Asia;Asia 97;1668;Aves/ACCEPTED
Zalophus californianus;mammal;North America;North America 83;46492;Mammalia/ACCEPTED
Zammara smaragdina;insect;North America+South America;North America 94|South America 4;823;Insecta/ACCEPTED
Zammara tympanum;insect;South America+North America;South America 90|North America 7;1006;Insecta/ACCEPTED
Zanclostomus javanicus;bird;Asia;Asia 98;6022;Aves/ACCEPTED
Zanda baudinii;bird;Oceania;Oceania 100;11574;Aves/ACCEPTED
Zanda funerea;bird;Oceania;Oceania 100;328836;Aves/ACCEPTED
Zanda latirostris;bird;Oceania;Oceania 100;31451;Aves/ACCEPTED
Zapornia akool;bird;Asia;Asia 100;12496;Aves/SYNONYM
Zapornia bicolor;bird;Asia;Asia 100;3194;Aves/SYNONYM
Zapornia flavirostra;bird;Africa;Africa 100;141549;Aves/SYNONYM
Zapornia fusca;bird;Asia;Asia 99;46202;Aves/SYNONYM
Zapornia parva;bird;Europe+Asia;Europe 74|Asia 24|Africa 1;34652;Aves/SYNONYM
Zapornia paykullii;bird;Asia;Asia 96;906;Aves/SYNONYM
Zapornia pusilla;bird;Global;Oceania 47|Asia 26|Europe 23|Africa 3;56598;Aves/SYNONYM
Zapornia tabuensis;bird;Oceania;Oceania 99;40270;Aves/SYNONYM
Zaratornis stresemanni;bird;South America;South America 100;940;Aves/ACCEPTED
Zavattariornis stresemanni;bird;Africa;Africa 100;862;Aves/ACCEPTED
Zebrilus undulatus;bird;South America;South America 99;3352;Aves/ACCEPTED
Zeledonia coronata;bird;North America;North America 100;8001;Aves/ACCEPTED
Zenaida asiatica;bird;North America;North America 100;3533905;Aves/ACCEPTED
Zenaida auriculata;bird;South America;South America 99|North America 1;1071111;Aves/ACCEPTED
Zenaida aurita;bird;North America;North America 99|South America 1;182000;Aves/ACCEPTED
Zenaida macroura;bird;North America;North America 100;29456578;Aves/ACCEPTED
Zenaida meloda;bird;South America;South America 100;119529;Aves/ACCEPTED
Zentrygon albifacies;bird;North America;North America 100;10239;Aves/ACCEPTED
Zentrygon carrikeri;bird;North America;North America 99;763;Aves/ACCEPTED
Zentrygon chiriquensis;bird;North America;North America 100;5767;Aves/ACCEPTED
Zentrygon costaricensis;bird;North America;North America 100;7753;Aves/ACCEPTED
Zentrygon frenata;bird;South America;South America 100;28044;Aves/ACCEPTED
Zentrygon goldmani;bird;North America+South America;North America 97|South America 3;413;Aves/ACCEPTED
Zentrygon lawrencii;bird;North America;North America 100;3217;Aves/ACCEPTED
Zentrygon linearis;bird;South America;South America 99|North America 1;16868;Aves/ACCEPTED
Zhangixalus moltrechti;amphibian;Asia;Asia 100;16731;Amphibia/ACCEPTED
Zhangixalus prasinatus;amphibian;Asia;Asia 100;7897;Amphibia/ACCEPTED
Zhangixalus schlegelii;amphibian;Asia;Asia 79;2380;Amphibia/ACCEPTED
Zhangixalus taipeianus;amphibian;Asia;Asia 100;8916;Amphibia/ACCEPTED
Zimmerius acer;bird;South America;South America 100;9727;Aves/SYNONYM
Zimmerius albigularis;bird;South America;South America 100;18595;Aves/SYNONYM
Zimmerius bolivianus;bird;South America;South America 100;3079;Aves/ACCEPTED
Zimmerius chrysops;bird;South America;South America 100;170752;Aves/ACCEPTED
Zimmerius cinereicapilla;bird;South America;South America 100;1409;Aves/ACCEPTED
Zimmerius flavidifrons;bird;South America;South America 97;35;Aves/SYNONYM
Zimmerius gracilipes;bird;South America;South America 100;22342;Aves/ACCEPTED
Zimmerius improbus;bird;South America;South America 100;4499;Aves/SYNONYM
Zimmerius parvus;bird;North America;North America 100;134612;Aves/SYNONYM
Zimmerius petersi;bird;South America;South America 100;7871;Aves/SYNONYM
Zimmerius vilissimus;bird;North America+South America;North America 92|South America 8;161741;Aves/ACCEPTED
Zimmerius villarejoi;bird;South America;South America 100;1561;Aves/ACCEPTED
Zimmerius viridiflavus;bird;South America;South America 100;11301;Aves/ACCEPTED
Zonibyx modestus;bird;South America;South America 100;24420;Aves/SYNONYM
Zonotrichia albicollis;bird;North America;North America 100;9651913;Aves/ACCEPTED
Zonotrichia atricapilla;bird;North America;North America 100;1798108;Aves/ACCEPTED
Zonotrichia capensis;bird;South America+North America;South America 85|North America 15;1588763;Aves/ACCEPTED
Zonotrichia leucophrys;bird;North America;North America 100;6712162;Aves/ACCEPTED
Zonotrichia querula;bird;North America;North America 100;327702;Aves/ACCEPTED
Zoonavena sylvatica;bird;Asia;Asia 100;6490;Aves/ACCEPTED
Zoothera aurea;bird;Asia+Europe;Asia 84|Europe 13;26621;Aves/ACCEPTED
Zoothera dauma;bird;Asia;Asia 90|Oceania 2;11409;Aves/ACCEPTED
Zoothera dixoni;bird;Asia;Asia 100;2640;Aves/ACCEPTED
Zoothera griseiceps;bird;Asia;Asia 98;306;Aves/SYNONYM
Zoothera heinei;bird;Oceania;Oceania 100;12408;Aves/ACCEPTED
Zoothera imbricata;bird;Asia;Asia 100;1349;Aves/ACCEPTED
Zoothera lunulata;bird;Oceania;Oceania 100;59036;Aves/ACCEPTED
Zoothera major;bird;Asia;Asia 97;500;Aves/ACCEPTED
Zoothera mollissima;bird;Asia;Asia 99;3934;Aves/ACCEPTED
Zoothera monticola;bird;Asia;Asia 100;3626;Aves/ACCEPTED
Zoothera neilgherriensis;bird;Asia;Asia 100;935;Aves/ACCEPTED
Zoothera salimalii;bird;Asia;Asia 98;521;Aves/ACCEPTED
Zosterops abyssinicus;bird;Asia+Africa;Asia 66|Africa 32;7198;Aves/ACCEPTED
Zosterops anderssoni;bird;Africa;Africa 100;13448;Aves/ACCEPTED
Zosterops anomalus;bird;Asia;Asia 93;576;Aves/ACCEPTED
Zosterops atricapilla;bird;Asia;Asia 100;6117;Aves/ACCEPTED
Zosterops atriceps;bird;Asia;Asia 96;1118;Aves/ACCEPTED
Zosterops atrifrons;bird;Asia;Asia 94|Oceania 2;2875;Aves/ACCEPTED
Zosterops auriventer;bird;Asia;Asia 100;6195;Aves/ACCEPTED
Zosterops borbonicus;bird;Africa;Africa 99;12406;Aves/ACCEPTED
Zosterops ceylonensis;bird;Asia;Asia 100;6526;Aves/ACCEPTED
Zosterops chloris;bird;Asia+Oceania;Asia 87|Oceania 4;4425;Aves/ACCEPTED
Zosterops chloronothos;bird;Africa;Africa 99;547;Aves/ACCEPTED
Zosterops citrinella;bird;Asia+Oceania;Asia 86|Oceania 12;6090;Aves/ACCEPTED
Zosterops conspicillatus;bird;Oceania+North America;Oceania 55|North America 39|Africa 1;4058;Aves/ACCEPTED
Zosterops emiliae;bird;Asia;Asia 100;2686;Aves/SYNONYM
Zosterops erythropleurus;bird;Asia;Asia 99;12125;Aves/ACCEPTED
Zosterops eurycricotus;bird;Africa;Africa 100;1537;Aves/ACCEPTED
Zosterops everetti;bird;Asia;Asia 99;3643;Aves/ACCEPTED
Zosterops explorator;bird;Oceania;Oceania 100;1762;Aves/ACCEPTED
Zosterops finschii;bird;Oceania;Oceania 99;4285;Aves/ACCEPTED
Zosterops flavifrons;bird;Oceania;Oceania 99;2877;Aves/ACCEPTED
Zosterops flavilateralis;bird;Africa;Africa 100;5911;Aves/ACCEPTED
Zosterops fuscicapilla;bird;Oceania+Asia;Oceania 92|Asia 5;1550;Aves/ACCEPTED
Zosterops hypoxanthus;bird;Oceania+Asia;Oceania 77|Asia 5;288;Aves/ACCEPTED
Zosterops japonicus;bird;Asia+Oceania;Asia 50|Oceania 49;299436;Aves/ACCEPTED
Zosterops kikuyuensis;bird;Africa;Africa 100;6282;Aves/ACCEPTED
Zosterops lateralis;bird;Oceania;Oceania 100;1353591;Aves/ACCEPTED
Zosterops lugubris;bird;Africa;Africa 99;3086;Aves/ACCEPTED
Zosterops luteus;bird;Oceania;Oceania 99;21743;Aves/ACCEPTED
Zosterops maderaspatanus;bird;Africa;Africa 99;10599;Aves/ACCEPTED
Zosterops mauritianus;bird;Africa;Africa 99;1895;Aves/ACCEPTED
Zosterops metcalfii;bird;Oceania;Oceania 83;689;Aves/ACCEPTED
Zosterops meyeni;bird;Asia;Asia 100;13428;Aves/ACCEPTED
Zosterops minor;bird;Oceania;Oceania 99|Asia 1;1968;Aves/ACCEPTED
Zosterops nigrorum;bird;Asia;Asia 100;4158;Aves/ACCEPTED
Zosterops novaeguineae;bird;Oceania;Oceania 98|Asia 1;1838;Aves/ACCEPTED
Zosterops olivaceus;bird;Africa;Africa 99;4682;Aves/ACCEPTED
Zosterops pallidus;bird;Africa;Africa 100;102044;Aves/ACCEPTED
Zosterops palpebrosus;bird;Asia;Asia 100;363004;Aves/ACCEPTED
Zosterops poliogastrus;bird;Africa;Africa 99;4388;Aves/ACCEPTED
Zosterops ponapensis;bird;Oceania;Oceania 66;137;Aves/ACCEPTED
Zosterops rotensis;bird;Oceania;Oceania 98;225;Aves/ACCEPTED
Zosterops semperi;bird;Oceania;Oceania 100;2680;Aves/ACCEPTED
Zosterops senegalensis;bird;Africa;Africa 99;20904;Aves/ACCEPTED
Zosterops simplex;bird;Asia+North America;Asia 88|North America 12;588854;Aves/ACCEPTED
Zosterops splendidus;bird;Oceania;Oceania 79;82;Aves/ACCEPTED
Zosterops stenocricotus;bird;Africa;Africa 98;926;Aves/ACCEPTED
Zosterops stuhlmanni;bird;Africa;Africa 100;15248;Aves/ACCEPTED
Zosterops virens;bird;Africa;Africa 100;304008;Aves/ACCEPTED
Zosterops xanthochroa;bird;Oceania;Oceania 99;2538;Aves/ACCEPTED
Zosterornis whiteheadi;bird;Asia;Asia 99;2150;Aves/ACCEPTED
