sci_name;taxon_order;order;family
Struthio camelus;2;Struthioniformes;Struthionidae
Casuarius casuarius;10;Casuariiformes;Casuariidae
Casuarius bennetti;11;Casuariiformes;Casuariidae
Dromaius novaehollandiae;15;Casuariiformes;Casuariidae
Apteryx australis;21;Apterygiformes;Apterygidae
Apteryx mantelli;25;Apterygiformes;Apterygidae
Apteryx owenii;27;Apterygiformes;Apterygidae
Apteryx maxima;29;Apterygiformes;Apterygidae
Rhea americana;32;Rheiformes;Rheidae
Rhea pennata;38;Rheiformes;Rheidae
Tinamotis pentlandii;44;Tinamiformes;Tinamidae
Tinamotis ingoufi;45;Tinamiformes;Tinamidae
Eudromia formosa;46;Tinamiformes;Tinamidae
Eudromia elegans;49;Tinamiformes;Tinamidae
Taoniscus nanus;62;Tinamiformes;Tinamidae
Nothura boraquira;63;Tinamiformes;Tinamidae
Nothura minor;64;Tinamiformes;Tinamidae
Nothura darwinii;65;Tinamiformes;Tinamidae
Nothura maculosa;71;Tinamiformes;Tinamidae
Rhynchotus maculicollis;84;Tinamiformes;Tinamidae
Rhynchotus rufescens;85;Tinamiformes;Tinamidae
Nothoprocta cinerascens;89;Tinamiformes;Tinamidae
Nothoprocta pentlandii;92;Tinamiformes;Tinamidae
Nothoprocta curvirostris;103;Tinamiformes;Tinamidae
Nothoprocta ornata;106;Tinamiformes;Tinamidae
Nothoprocta taczanowskii;110;Tinamiformes;Tinamidae
Nothoprocta perdicaria;111;Tinamiformes;Tinamidae
Nothocercus julius;115;Tinamiformes;Tinamidae
Nothocercus nigrocapillus;116;Tinamiformes;Tinamidae
Nothocercus bonapartei;119;Tinamiformes;Tinamidae
Tinamus major;126;Tinamiformes;Tinamidae
Tinamus solitarius;139;Tinamiformes;Tinamidae
Tinamus tao;140;Tinamiformes;Tinamidae
Tinamus guttatus;145;Tinamiformes;Tinamidae
Tinamus osgoodi;146;Tinamiformes;Tinamidae
Crypturellus berlepschi;150;Tinamiformes;Tinamidae
Crypturellus cinereus;151;Tinamiformes;Tinamidae
Crypturellus parvirostris;153;Tinamiformes;Tinamidae
Crypturellus tataupa;154;Tinamiformes;Tinamidae
Crypturellus obsoletus;159;Tinamiformes;Tinamidae
Crypturellus variegatus;170;Tinamiformes;Tinamidae
Crypturellus bartletti;171;Tinamiformes;Tinamidae
Crypturellus brevirostris;173;Tinamiformes;Tinamidae
Crypturellus soui;174;Tinamiformes;Tinamidae
Crypturellus undulatus;189;Tinamiformes;Tinamidae
Crypturellus noctivagus;196;Tinamiformes;Tinamidae
Crypturellus atrocapillus;199;Tinamiformes;Tinamidae
Crypturellus transfasciatus;202;Tinamiformes;Tinamidae
Crypturellus cinnamomeus;203;Tinamiformes;Tinamidae
Crypturellus boucardi;214;Tinamiformes;Tinamidae
Crypturellus kerriae;217;Tinamiformes;Tinamidae
Crypturellus erythropus;218;Tinamiformes;Tinamidae
Crypturellus duidae;226;Tinamiformes;Tinamidae
Crypturellus strigulosus;227;Tinamiformes;Tinamidae
Anhima cornuta;232;Anseriformes;Anhimidae
Chauna torquata;233;Anseriformes;Anhimidae
Chauna chavaria;234;Anseriformes;Anhimidae
Anseranas semipalmata;236;Anseriformes;Anseranatidae
Dendrocygna guttata;238;Anseriformes;Anatidae
Dendrocygna eytoni;239;Anseriformes;Anatidae
Dendrocygna viduata;240;Anseriformes;Anatidae
Dendrocygna autumnalis;243;Anseriformes;Anatidae
Dendrocygna arborea;247;Anseriformes;Anatidae
Dendrocygna bicolor;249;Anseriformes;Anatidae
Dendrocygna arcuata;252;Anseriformes;Anatidae
Dendrocygna javanica;258;Anseriformes;Anatidae
Thalassornis leuconotus;262;Anseriformes;Anatidae
Anser indicus;265;Anseriformes;Anatidae
Anser canagicus;266;Anseriformes;Anatidae
Anser caerulescens;267;Anseriformes;Anatidae
Anser rossii;272;Anseriformes;Anatidae
Anser anser;275;Anseriformes;Anatidae
Anser cygnoides;281;Anseriformes;Anatidae
Anser albifrons;287;Anseriformes;Anatidae
Anser erythropus;299;Anseriformes;Anatidae
Anser fabalis;301;Anseriformes;Anatidae
Anser serrirostris;306;Anseriformes;Anatidae
Anser brachyrhynchus;311;Anseriformes;Anatidae
Branta bernicla;314;Anseriformes;Anatidae
Branta leucopsis;322;Anseriformes;Anatidae
Branta hutchinsii;331;Anseriformes;Anatidae
Branta canadensis;342;Anseriformes;Anatidae
Branta sandvicensis;365;Anseriformes;Anatidae
Branta ruficollis;367;Anseriformes;Anatidae
Cereopsis novaehollandiae;372;Anseriformes;Anatidae
Stictonetta naevosa;375;Anseriformes;Anatidae
Cyanochen cyanoptera;376;Anseriformes;Anatidae
Cygnus olor;377;Anseriformes;Anatidae
Cygnus atratus;379;Anseriformes;Anatidae
Cygnus melancoryphus;381;Anseriformes;Anatidae
Cygnus buccinator;382;Anseriformes;Anatidae
Cygnus columbianus;384;Anseriformes;Anatidae
Cygnus cygnus;390;Anseriformes;Anatidae
Coscoroba coscoroba;395;Anseriformes;Anatidae
Sarkidiornis melanotos;396;Anseriformes;Anatidae
Oressochen jubatus;399;Anseriformes;Anatidae
Oressochen melanopterus;400;Anseriformes;Anatidae
Chloephaga picta;401;Anseriformes;Anatidae
Chloephaga hybrida;406;Anseriformes;Anatidae
Chloephaga poliocephala;409;Anseriformes;Anatidae
Chloephaga rubidiceps;410;Anseriformes;Anatidae
Radjah radjah;414;Anseriformes;Anatidae
Alopochen aegyptiaca;417;Anseriformes;Anatidae
Tadorna ferruginea;421;Anseriformes;Anatidae
Tadorna cana;423;Anseriformes;Anatidae
Tadorna tadornoides;424;Anseriformes;Anatidae
Tadorna variegata;425;Anseriformes;Anatidae
Tadorna tadorna;426;Anseriformes;Anatidae
Plectropterus gambensis;429;Anseriformes;Anatidae
Tachyeres patachonicus;432;Anseriformes;Anatidae
Tachyeres pteneres;433;Anseriformes;Anatidae
Tachyeres brachypterus;435;Anseriformes;Anatidae
Tachyeres leucocephalus;438;Anseriformes;Anatidae
Lophonetta specularioides;441;Anseriformes;Anatidae
Speculanas specularis;444;Anseriformes;Anatidae
Cairina moschata;445;Anseriformes;Anatidae
Nettapus pulchellus;448;Anseriformes;Anatidae
Nettapus coromandelianus;449;Anseriformes;Anatidae
Nettapus auritus;453;Anseriformes;Anatidae
Callonetta leucophrys;454;Anseriformes;Anatidae
Aix sponsa;455;Anseriformes;Anatidae
Aix galericulata;457;Anseriformes;Anatidae
Chenonetta jubata;459;Anseriformes;Anatidae
Amazonetta brasiliensis;461;Anseriformes;Anatidae
Hymenolaimus malacorhynchos;465;Anseriformes;Anatidae
Merganetta armata;468;Anseriformes;Anatidae
Sibirionetta formosa;478;Anseriformes;Anatidae
Spatula querquedula;479;Anseriformes;Anatidae
Spatula versicolor;481;Anseriformes;Anatidae
Spatula puna;484;Anseriformes;Anatidae
Spatula discors;485;Anseriformes;Anatidae
Spatula cyanoptera;487;Anseriformes;Anatidae
Spatula platalea;496;Anseriformes;Anatidae
Spatula smithii;497;Anseriformes;Anatidae
Spatula rhynchotis;498;Anseriformes;Anatidae
Spatula clypeata;501;Anseriformes;Anatidae
Mareca strepera;505;Anseriformes;Anatidae
Mareca falcata;509;Anseriformes;Anatidae
Mareca penelope;512;Anseriformes;Anatidae
Mareca americana;517;Anseriformes;Anatidae
Mareca sibilatrix;524;Anseriformes;Anatidae
Anas carolinensis;527;Anseriformes;Anatidae
Anas sparsa;527;Anseriformes;Anatidae
Anas undulata;530;Anseriformes;Anatidae
Anas melleri;533;Anseriformes;Anatidae
Anas superciliosa;534;Anseriformes;Anatidae
Anas laysanensis;537;Anseriformes;Anatidae
Anas wyvilliana;538;Anseriformes;Anatidae
Anas luzonica;539;Anseriformes;Anatidae
Anas poecilorhyncha;540;Anseriformes;Anatidae
Anas zonorhyncha;543;Anseriformes;Anatidae
Anas platyrhynchos;545;Anseriformes;Anatidae
Anas diazi;568;Anseriformes;Anatidae
Anas rubripes;571;Anseriformes;Anatidae
Anas fulvigula;575;Anseriformes;Anatidae
Anas capensis;584;Anseriformes;Anatidae
Anas bahamensis;585;Anseriformes;Anatidae
Anas erythrorhyncha;591;Anseriformes;Anatidae
Anas acuta;594;Anseriformes;Anatidae
Anas georgica;606;Anseriformes;Anatidae
Anas crecca;612;Anseriformes;Anatidae
Anas andium;626;Anseriformes;Anatidae
Anas flavirostris;629;Anseriformes;Anatidae
Anas albogularis;635;Anseriformes;Anatidae
Anas gibberifrons;636;Anseriformes;Anatidae
Anas gracilis;637;Anseriformes;Anatidae
Anas castanea;642;Anseriformes;Anatidae
Anas chlorotis;651;Anseriformes;Anatidae
Malacorhynchus membranaceus;656;Anseriformes;Anatidae
Marmaronetta angustirostris;657;Anseriformes;Anatidae
Asarcornis scutulata;659;Anseriformes;Anatidae
Netta rufina;660;Anseriformes;Anatidae
Netta erythrophthalma;662;Anseriformes;Anatidae
Netta peposaca;665;Anseriformes;Anatidae
Aythya valisineria;666;Anseriformes;Anatidae
Aythya americana;667;Anseriformes;Anatidae
Aythya ferina;670;Anseriformes;Anatidae
Aythya collaris;673;Anseriformes;Anatidae
Aythya nyroca;677;Anseriformes;Anatidae
Aythya australis;685;Anseriformes;Anatidae
Aythya fuligula;687;Anseriformes;Anatidae
Aythya novaeseelandiae;693;Anseriformes;Anatidae
Aythya marila;694;Anseriformes;Anatidae
Aythya affinis;700;Anseriformes;Anatidae
Polysticta stelleri;710;Anseriformes;Anatidae
Somateria fischeri;712;Anseriformes;Anatidae
Somateria spectabilis;713;Anseriformes;Anatidae
Somateria mollissima;715;Anseriformes;Anatidae
Histrionicus histrionicus;727;Anseriformes;Anatidae
Melanitta perspicillata;728;Anseriformes;Anatidae
Melanitta fusca;729;Anseriformes;Anatidae
Melanitta deglandi;730;Anseriformes;Anatidae
Melanitta nigra;736;Anseriformes;Anatidae
Melanitta americana;737;Anseriformes;Anatidae
Clangula hyemalis;741;Anseriformes;Anatidae
Bucephala albeola;742;Anseriformes;Anatidae
Bucephala clangula;743;Anseriformes;Anatidae
Bucephala islandica;748;Anseriformes;Anatidae
Mergellus albellus;752;Anseriformes;Anatidae
Lophodytes cucullatus;754;Anseriformes;Anatidae
Mergus merganser;762;Anseriformes;Anatidae
Mergus octosetaceus;769;Anseriformes;Anatidae
Mergus serrator;770;Anseriformes;Anatidae
Nomonyx dominicus;777;Anseriformes;Anatidae
Oxyura jamaicensis;778;Anseriformes;Anatidae
Oxyura ferruginea;780;Anseriformes;Anatidae
Oxyura leucocephala;783;Anseriformes;Anatidae
Oxyura vittata;786;Anseriformes;Anatidae
Biziura lobata;789;Anseriformes;Anatidae
Alectura lathami;795;Galliformes;Megapodiidae
Talegalla cuvieri;802;Galliformes;Megapodiidae
Talegalla fuscirostris;805;Galliformes;Megapodiidae
Talegalla jobiensis;810;Galliformes;Megapodiidae
Leipoa ocellata;814;Galliformes;Megapodiidae
Macrocephalon maleo;815;Galliformes;Megapodiidae
Megapodius laperouse;818;Galliformes;Megapodiidae
Megapodius cumingii;824;Galliformes;Megapodiidae
Megapodius freycinet;834;Galliformes;Megapodiidae
Megapodius geelvinkianus;842;Galliformes;Megapodiidae
Megapodius eremita;843;Galliformes;Megapodiidae
Megapodius decollatus;845;Galliformes;Megapodiidae
Megapodius reinwardt;846;Galliformes;Megapodiidae
Penelopina nigra;853;Galliformes;Cracidae
Chamaepetes unicolor;854;Galliformes;Cracidae
Chamaepetes goudotii;855;Galliformes;Cracidae
Aburria aburri;862;Galliformes;Cracidae
Pipile jacutinga;863;Galliformes;Cracidae
Pipile pipile;864;Galliformes;Cracidae
Pipile cumanensis;865;Galliformes;Cracidae
Pipile grayi;866;Galliformes;Cracidae
Pipile cujubi;868;Galliformes;Cracidae
Penelope argyrotis;873;Galliformes;Cracidae
Penelope bridgesi;878;Galliformes;Cracidae
Penelope obscura;879;Galliformes;Cracidae
Penelope pileata;880;Galliformes;Cracidae
Penelope ochrogaster;881;Galliformes;Cracidae
Penelope jacucaca;882;Galliformes;Cracidae
Penelope barbata;883;Galliformes;Cracidae
Penelope purpurascens;884;Galliformes;Cracidae
Penelope superciliaris;888;Galliformes;Cracidae
Penelope marail;895;Galliformes;Cracidae
Penelope albipennis;898;Galliformes;Cracidae
Penelope ortoni;899;Galliformes;Cracidae
Penelope montagnii;900;Galliformes;Cracidae
Penelope dabbenei;908;Galliformes;Cracidae
Penelope jacquacu;909;Galliformes;Cracidae
Penelope perspicax;916;Galliformes;Cracidae
Oreophasis derbianus;918;Galliformes;Cracidae
Nothocrax urumutum;919;Galliformes;Cracidae
Pauxi pauxi;920;Galliformes;Cracidae
Mitu tomentosum;925;Galliformes;Cracidae
Mitu salvini;927;Galliformes;Cracidae
Mitu tuberosum;928;Galliformes;Cracidae
Crax daubentoni;929;Galliformes;Cracidae
Crax rubra;930;Galliformes;Cracidae
Crax alberti;933;Galliformes;Cracidae
Crax globulosa;934;Galliformes;Cracidae
Crax blumenbachii;935;Galliformes;Cracidae
Crax alector;936;Galliformes;Cracidae
Crax fasciolata;939;Galliformes;Cracidae
Ortalis vetula;945;Galliformes;Cracidae
Ortalis leucogastra;950;Galliformes;Cracidae
Ortalis poliocephala;951;Galliformes;Cracidae
Ortalis wagleri;952;Galliformes;Cracidae
Ortalis cinereiceps;954;Galliformes;Cracidae
Ortalis erythroptera;955;Galliformes;Cracidae
Ortalis motmot;956;Galliformes;Cracidae
Ortalis ruficeps;957;Galliformes;Cracidae
Ortalis canicollis;958;Galliformes;Cracidae
Ortalis columbiana;961;Galliformes;Cracidae
Ortalis guttata;962;Galliformes;Cracidae
Ortalis superciliaris;967;Galliformes;Cracidae
Ortalis araucuan;968;Galliformes;Cracidae
Ortalis squamata;969;Galliformes;Cracidae
Ortalis garrula;970;Galliformes;Cracidae
Ortalis ruficauda;971;Galliformes;Cracidae
Numida meleagris;977;Galliformes;Numididae
Acryllium vulturinum;992;Galliformes;Numididae
Guttera plumifera;993;Galliformes;Numididae
Guttera pucherani;996;Galliformes;Numididae
Guttera verreauxi;997;Galliformes;Numididae
Guttera edouardi;1000;Galliformes;Numididae
Ptilopachus petrosus;1005;Galliformes;Odontophoridae
Ptilopachus nahani;1008;Galliformes;Odontophoridae
Rhynchortyx cinctus;1009;Galliformes;Odontophoridae
Oreortyx pictus;1013;Galliformes;Odontophoridae
Dendrortyx leucophrys;1014;Galliformes;Odontophoridae
Dendrortyx macroura;1017;Galliformes;Odontophoridae
Dendrortyx barbatus;1024;Galliformes;Odontophoridae
Philortyx fasciatus;1025;Galliformes;Odontophoridae
Colinus virginianus;1026;Galliformes;Odontophoridae
Colinus nigrogularis;1052;Galliformes;Odontophoridae
Colinus leucopogon;1057;Galliformes;Odontophoridae
Colinus cristatus;1066;Galliformes;Odontophoridae
Callipepla squamata;1082;Galliformes;Odontophoridae
Callipepla douglasii;1088;Galliformes;Odontophoridae
Callipepla californica;1094;Galliformes;Odontophoridae
Callipepla gambelii;1105;Galliformes;Odontophoridae
Cyrtonyx montezumae;1114;Galliformes;Odontophoridae
Cyrtonyx ocellatus;1122;Galliformes;Odontophoridae
Dactylortyx thoracicus;1123;Galliformes;Odontophoridae
Odontophorus gujanensis;1135;Galliformes;Odontophoridae
Odontophorus capueira;1144;Galliformes;Odontophoridae
Odontophorus melanotis;1147;Galliformes;Odontophoridae
Odontophorus atrifrons;1150;Galliformes;Odontophoridae
Odontophorus erythrops;1154;Galliformes;Odontophoridae
Odontophorus hyperythrus;1157;Galliformes;Odontophoridae
Odontophorus melanonotus;1158;Galliformes;Odontophoridae
Odontophorus speciosus;1159;Galliformes;Odontophoridae
Odontophorus strophium;1164;Galliformes;Odontophoridae
Odontophorus columbianus;1165;Galliformes;Odontophoridae
Odontophorus leucolaemus;1166;Galliformes;Odontophoridae
Odontophorus balliviani;1168;Galliformes;Odontophoridae
Odontophorus stellatus;1169;Galliformes;Odontophoridae
Odontophorus guttatus;1170;Galliformes;Odontophoridae
Caloperdix oculeus;1177;Galliformes;Phasianidae
Rollulus rouloul;1181;Galliformes;Phasianidae
Arborophila chloropus;1185;Galliformes;Phasianidae
Arborophila torqueola;1185;Galliformes;Phasianidae
Arborophila mandellii;1192;Galliformes;Phasianidae
Arborophila gingica;1193;Galliformes;Phasianidae
Arborophila rufogularis;1196;Galliformes;Phasianidae
Arborophila rubrirostris;1203;Galliformes;Phasianidae
Arborophila ardens;1209;Galliformes;Phasianidae
Arborophila crudigularis;1210;Galliformes;Phasianidae
Arborophila atrogularis;1211;Galliformes;Phasianidae
Arborophila brunneopectus;1212;Galliformes;Phasianidae
Arborophila hyperythra;1217;Galliformes;Phasianidae
Arborophila campbelli;1220;Galliformes;Phasianidae
Arborophila javanica;1224;Galliformes;Phasianidae
Arborophila orientalis;1227;Galliformes;Phasianidae
Lerwa lerwa;1228;Galliformes;Phasianidae
Ithaginis cruentus;1231;Galliformes;Phasianidae
Tragopan melanocephalus;1246;Galliformes;Phasianidae
Tragopan satyra;1247;Galliformes;Phasianidae
Tragopan blythii;1248;Galliformes;Phasianidae
Tragopan temminckii;1251;Galliformes;Phasianidae
Tragopan caboti;1252;Galliformes;Phasianidae
Tetraophasis obscurus;1255;Galliformes;Phasianidae
Tetraophasis szechenyii;1256;Galliformes;Phasianidae
Lophophorus impejanus;1257;Galliformes;Phasianidae
Lophophorus lhuysii;1263;Galliformes;Phasianidae
Pucrasia macrolopha;1264;Galliformes;Phasianidae
Meleagris gallopavo;1274;Galliformes;Phasianidae
Meleagris ocellata;1282;Galliformes;Phasianidae
Bonasa umbellus;1283;Galliformes;Phasianidae
Tetrastes bonasia;1298;Galliformes;Phasianidae
Centrocercus urophasianus;1312;Galliformes;Phasianidae
Dendragapus obscurus;1315;Galliformes;Phasianidae
Dendragapus fuliginosus;1320;Galliformes;Phasianidae
Tympanuchus phasianellus;1327;Galliformes;Phasianidae
Tympanuchus cupido;1337;Galliformes;Phasianidae
Tympanuchus pallidicinctus;1342;Galliformes;Phasianidae
Lagopus leucura;1345;Galliformes;Phasianidae
Lagopus lagopus;1354;Galliformes;Phasianidae
Lagopus muta;1373;Galliformes;Phasianidae
Falcipennis canadensis;1405;Galliformes;Phasianidae
Canachites canadensis;1406;Galliformes;Phasianidae
Tetrao tetrix;1418;Galliformes;Phasianidae
Tetrao urogallus;1418;Galliformes;Phasianidae
Tetrao urogalloides;1427;Galliformes;Phasianidae
Lyrurus tetrix;1433;Galliformes;Phasianidae
Perdix hodgsoniae;1446;Galliformes;Phasianidae
Perdix perdix;1450;Galliformes;Phasianidae
Perdix dauurica;1458;Galliformes;Phasianidae
Syrmaticus soemmerringii;1461;Galliformes;Phasianidae
Syrmaticus reevesii;1467;Galliformes;Phasianidae
Syrmaticus mikado;1468;Galliformes;Phasianidae
Syrmaticus humiae;1470;Galliformes;Phasianidae
Chrysolophus pictus;1473;Galliformes;Phasianidae
Chrysolophus amherstiae;1475;Galliformes;Phasianidae
Phasianus colchicus;1477;Galliformes;Phasianidae
Phasianus versicolor;1509;Galliformes;Phasianidae
Catreus wallichii;1515;Galliformes;Phasianidae
Crossoptilon harmani;1516;Galliformes;Phasianidae
Crossoptilon crossoptilon;1517;Galliformes;Phasianidae
Crossoptilon mantchuricum;1524;Galliformes;Phasianidae
Crossoptilon auritum;1525;Galliformes;Phasianidae
Lophura swinhoii;1527;Galliformes;Phasianidae
Lophura bulweri;1528;Galliformes;Phasianidae
Lophura leucomelanos;1529;Galliformes;Phasianidae
Lophura nycthemera;1539;Galliformes;Phasianidae
Lophura diardi;1559;Galliformes;Phasianidae
Lophura rufa;1563;Galliformes;Phasianidae
Lophura ignita;1564;Galliformes;Phasianidae
Argusianus argus;1569;Galliformes;Phasianidae
Pavo cristatus;1573;Galliformes;Phasianidae
Pavo muticus;1575;Galliformes;Phasianidae
Tropicoperdix chloropus;1580;Galliformes;Phasianidae
Tropicoperdix graydoni;1592;Galliformes;Phasianidae
Haematortyx sanguiniceps;1594;Galliformes;Phasianidae
Galloperdix spadicea;1595;Galliformes;Phasianidae
Galloperdix lunulata;1599;Galliformes;Phasianidae
Galloperdix bicalcarata;1601;Galliformes;Phasianidae
Polyplectron napoleonis;1602;Galliformes;Phasianidae
Polyplectron schleiermacheri;1603;Galliformes;Phasianidae
Polyplectron malacense;1604;Galliformes;Phasianidae
Polyplectron germaini;1605;Galliformes;Phasianidae
Polyplectron bicalcaratum;1607;Galliformes;Phasianidae
Polyplectron inopinatum;1608;Galliformes;Phasianidae
Polyplectron chalcurum;1609;Galliformes;Phasianidae
Bambusicola fytchii;1613;Galliformes;Phasianidae
Bambusicola thoracicus;1616;Galliformes;Phasianidae
Bambusicola sonorivox;1617;Galliformes;Phasianidae
Gallus varius;1619;Galliformes;Phasianidae
Gallus gallus;1620;Galliformes;Phasianidae
Gallus sonneratii;1627;Galliformes;Phasianidae
Gallus lafayettii;1628;Galliformes;Phasianidae
Peliperdix coqui;1629;Galliformes;Phasianidae
Peliperdix lathami;1629;Galliformes;Phasianidae
Ortygornis sephaena;1632;Galliformes;Phasianidae
Ortygornis pondicerianus;1639;Galliformes;Phasianidae
Ortygornis gularis;1643;Galliformes;Phasianidae
Francolinus gularis;1644;Galliformes;Phasianidae
Francolinus pintadeanus;1644;Galliformes;Phasianidae
Francolinus pondicerianus;1644;Galliformes;Phasianidae
Francolinus francolinus;1647;Galliformes;Phasianidae
Francolinus pictus;1656;Galliformes;Phasianidae
Campocolinus coqui;1660;Galliformes;Phasianidae
Campocolinus albogularis;1666;Galliformes;Phasianidae
Scleroptila streptophora;1672;Galliformes;Phasianidae
Scleroptila levaillantii;1673;Galliformes;Phasianidae
Scleroptila psilolaema;1679;Galliformes;Phasianidae
Scleroptila afra;1681;Galliformes;Phasianidae
Scleroptila gutturalis;1682;Galliformes;Phasianidae
Scleroptila shelleyi;1688;Galliformes;Phasianidae
Tetraogallus tibetanus;1691;Galliformes;Phasianidae
Tetraogallus altaicus;1696;Galliformes;Phasianidae
Tetraogallus caucasicus;1697;Galliformes;Phasianidae
Tetraogallus caspius;1698;Galliformes;Phasianidae
Tetraogallus himalayensis;1701;Galliformes;Phasianidae
Ammoperdix griseogularis;1708;Galliformes;Phasianidae
Ammoperdix heyi;1709;Galliformes;Phasianidae
Synoicus ypsilophorus;1714;Galliformes;Phasianidae
Synoicus chinensis;1726;Galliformes;Phasianidae
Coturnix coturnix;1738;Galliformes;Phasianidae
Coturnix japonica;1744;Galliformes;Phasianidae
Coturnix delegorguei;1746;Galliformes;Phasianidae
Coturnix coromandelica;1750;Galliformes;Phasianidae
Coturnix pectoralis;1752;Galliformes;Phasianidae
Alectoris barbara;1755;Galliformes;Phasianidae
Alectoris melanocephala;1760;Galliformes;Phasianidae
Alectoris rufa;1761;Galliformes;Phasianidae
Alectoris chukar;1765;Galliformes;Phasianidae
Alectoris graeca;1780;Galliformes;Phasianidae
Alectoris philbyi;1789;Galliformes;Phasianidae
Alectoris magna;1790;Galliformes;Phasianidae
Perdicula asiatica;1792;Galliformes;Phasianidae
Perdicula argoondah;1798;Galliformes;Phasianidae
Perdicula erythrorhyncha;1803;Galliformes;Phasianidae
Pternistis hartlaubi;1810;Galliformes;Phasianidae
Pternistis nobilis;1812;Galliformes;Phasianidae
Pternistis castaneicollis;1813;Galliformes;Phasianidae
Pternistis erckelii;1816;Galliformes;Phasianidae
Pternistis ahantensis;1819;Galliformes;Phasianidae
Pternistis jacksoni;1821;Galliformes;Phasianidae
Pternistis adspersus;1822;Galliformes;Phasianidae
Pternistis capensis;1823;Galliformes;Phasianidae
Pternistis natalensis;1824;Galliformes;Phasianidae
Pternistis hildebrandti;1825;Galliformes;Phasianidae
Pternistis bicalcaratus;1826;Galliformes;Phasianidae
Pternistis squamatus;1829;Galliformes;Phasianidae
Pternistis icterorhynchus;1833;Galliformes;Phasianidae
Pternistis clappertoni;1834;Galliformes;Phasianidae
Pternistis harwoodi;1835;Galliformes;Phasianidae
Pternistis swainsonii;1836;Galliformes;Phasianidae
Pternistis leucoscepus;1839;Galliformes;Phasianidae
Pternistis afer;1841;Galliformes;Phasianidae
Columba larvata;1853;Columbiformes;Columbidae
Columba livia;1853;Columbiformes;Columbidae
Columba rupestris;1869;Columbiformes;Columbidae
Columba leuconota;1873;Columbiformes;Columbidae
Columba guinea;1876;Columbiformes;Columbidae
Columba albitorques;1879;Columbiformes;Columbidae
Columba oenas;1880;Columbiformes;Columbidae
Columba eversmanni;1883;Columbiformes;Columbidae
Columba palumbus;1885;Columbiformes;Columbidae
Columba trocaz;1892;Columbiformes;Columbidae
Columba bollii;1893;Columbiformes;Columbidae
Columba unicincta;1894;Columbiformes;Columbidae
Columba junoniae;1895;Columbiformes;Columbidae
Columba arquatrix;1896;Columbiformes;Columbidae
Columba delegorguei;1899;Columbiformes;Columbidae
Columba iriditorques;1902;Columbiformes;Columbidae
Columba malherbii;1903;Columbiformes;Columbidae
Columba pulchricollis;1908;Columbiformes;Columbidae
Columba elphinstonii;1909;Columbiformes;Columbidae
Columba torringtoniae;1910;Columbiformes;Columbidae
Columba palumboides;1913;Columbiformes;Columbidae
Columba janthina;1914;Columbiformes;Columbidae
Columba vitiensis;1920;Columbiformes;Columbidae
Columba leucomela;1930;Columbiformes;Columbidae
Aplopelia larvata;1933;Columbiformes;Columbidae
Patagioenas cayennensis;1940;Columbiformes;Columbidae
Patagioenas speciosa;1947;Columbiformes;Columbidae
Patagioenas squamosa;1948;Columbiformes;Columbidae
Patagioenas picazuro;1949;Columbiformes;Columbidae
Patagioenas corensis;1952;Columbiformes;Columbidae
Patagioenas maculosa;1953;Columbiformes;Columbidae
Patagioenas leucocephala;1956;Columbiformes;Columbidae
Patagioenas flavirostris;1957;Columbiformes;Columbidae
Patagioenas inornata;1962;Columbiformes;Columbidae
Patagioenas fasciata;1966;Columbiformes;Columbidae
Patagioenas araucana;1977;Columbiformes;Columbidae
Patagioenas caribaea;1978;Columbiformes;Columbidae
Patagioenas oenops;1979;Columbiformes;Columbidae
Patagioenas plumbea;1980;Columbiformes;Columbidae
Patagioenas subvinacea;1987;Columbiformes;Columbidae
Patagioenas nigrirostris;1999;Columbiformes;Columbidae
Patagioenas goodsoni;2001;Columbiformes;Columbidae
Nesoenas picturatus;2004;Columbiformes;Columbidae
Nesoenas mayeri;2010;Columbiformes;Columbidae
Streptopelia chinensis;2015;Columbiformes;Columbidae
Streptopelia picturata;2015;Columbiformes;Columbidae
Streptopelia senegalensis;2015;Columbiformes;Columbidae
Streptopelia turtur;2015;Columbiformes;Columbidae
Streptopelia lugens;2020;Columbiformes;Columbidae
Streptopelia hypopyrrha;2021;Columbiformes;Columbidae
Streptopelia orientalis;2022;Columbiformes;Columbidae
Streptopelia dusumieri;2030;Columbiformes;Columbidae
Streptopelia decaocto;2031;Columbiformes;Columbidae
Streptopelia roseogrisea;2036;Columbiformes;Columbidae
Streptopelia reichenowi;2042;Columbiformes;Columbidae
Streptopelia decipiens;2043;Columbiformes;Columbidae
Streptopelia semitorquata;2050;Columbiformes;Columbidae
Streptopelia capicola;2051;Columbiformes;Columbidae
Streptopelia vinacea;2058;Columbiformes;Columbidae
Streptopelia tranquebarica;2059;Columbiformes;Columbidae
Spilopelia chinensis;2064;Columbiformes;Columbidae
Spilopelia senegalensis;2071;Columbiformes;Columbidae
Macropygia unchall;2078;Columbiformes;Columbidae
Macropygia phasianella;2082;Columbiformes;Columbidae
Macropygia magna;2086;Columbiformes;Columbidae
Macropygia amboinensis;2088;Columbiformes;Columbidae
Macropygia doreya;2099;Columbiformes;Columbidae
Macropygia rufipennis;2110;Columbiformes;Columbidae
Macropygia tenuirostris;2113;Columbiformes;Columbidae
Macropygia emiliana;2119;Columbiformes;Columbidae
Macropygia nigrirostris;2127;Columbiformes;Columbidae
Macropygia mackinlayi;2128;Columbiformes;Columbidae
Macropygia ruficeps;2131;Columbiformes;Columbidae
Reinwardtoena reinwardti;2142;Columbiformes;Columbidae
Reinwardtoena browni;2146;Columbiformes;Columbidae
Reinwardtoena crassirostris;2147;Columbiformes;Columbidae
Turacoena manadensis;2148;Columbiformes;Columbidae
Turacoena modesta;2150;Columbiformes;Columbidae
Turtur chalcospilos;2151;Columbiformes;Columbidae
Turtur abyssinicus;2152;Columbiformes;Columbidae
Turtur afer;2153;Columbiformes;Columbidae
Turtur tympanistria;2154;Columbiformes;Columbidae
Turtur brehmeri;2155;Columbiformes;Columbidae
Oena capensis;2159;Columbiformes;Columbidae
Chalcophaps indica;2162;Columbiformes;Columbidae
Chalcophaps longirostris;2169;Columbiformes;Columbidae
Chalcophaps stephani;2175;Columbiformes;Columbidae
Henicophaps albifrons;2179;Columbiformes;Columbidae
Pampusana stairi;2184;Columbiformes;Columbidae
Pampusana beccarii;2188;Columbiformes;Columbidae
Pampusana xanthonura;2204;Columbiformes;Columbidae
Phaps chalcoptera;2206;Columbiformes;Columbidae
Phaps elegans;2207;Columbiformes;Columbidae
Ocyphaps lophotes;2212;Columbiformes;Columbidae
Geophaps plumifera;2215;Columbiformes;Columbidae
Geophaps scripta;2220;Columbiformes;Columbidae
Petrophassa albipennis;2227;Columbiformes;Columbidae
Leucosarcia melanoleuca;2230;Columbiformes;Columbidae
Geopelia cuneata;2231;Columbiformes;Columbidae
Geopelia striata;2232;Columbiformes;Columbidae
Geopelia placida;2233;Columbiformes;Columbidae
Geopelia maugeus;2237;Columbiformes;Columbidae
Geopelia humeralis;2238;Columbiformes;Columbidae
Columbina inca;2242;Columbiformes;Columbidae
Columbina passerina;2243;Columbiformes;Columbidae
Columbina minuta;2263;Columbiformes;Columbidae
Columbina talpacoti;2268;Columbiformes;Columbidae
Columbina buckleyi;2275;Columbiformes;Columbidae
Columbina squammata;2278;Columbiformes;Columbidae
Columbina picui;2282;Columbiformes;Columbidae
Columbina cruziana;2285;Columbiformes;Columbidae
Columbina cyanopis;2286;Columbiformes;Columbidae
Claravis pretiosa;2288;Columbiformes;Columbidae
Paraclaravis mondetoura;2289;Columbiformes;Columbidae
Metriopelia ceciliae;2297;Columbiformes;Columbidae
Metriopelia morenoi;2301;Columbiformes;Columbidae
Metriopelia melanoptera;2302;Columbiformes;Columbidae
Metriopelia aymara;2305;Columbiformes;Columbidae
Uropelia campestris;2307;Columbiformes;Columbidae
Geotrygon purpurata;2309;Columbiformes;Columbidae
Geotrygon saphirina;2310;Columbiformes;Columbidae
Geotrygon versicolor;2313;Columbiformes;Columbidae
Geotrygon montana;2314;Columbiformes;Columbidae
Geotrygon violacea;2317;Columbiformes;Columbidae
Geotrygon leucometopia;2321;Columbiformes;Columbidae
Geotrygon chrysia;2322;Columbiformes;Columbidae
Geotrygon mystacea;2323;Columbiformes;Columbidae
Leptotrygon veraguensis;2324;Columbiformes;Columbidae
Leptotila verreauxi;2325;Columbiformes;Columbidae
Leptotila jamaicensis;2342;Columbiformes;Columbidae
Leptotila cassinii;2347;Columbiformes;Columbidae
Leptotila conoveri;2351;Columbiformes;Columbidae
Leptotila ochraceiventris;2352;Columbiformes;Columbidae
Leptotila plumbeiceps;2353;Columbiformes;Columbidae
Leptotila rufaxilla;2360;Columbiformes;Columbidae
Leptotila pallida;2368;Columbiformes;Columbidae
Leptotila megalura;2369;Columbiformes;Columbidae
Zentrygon carrikeri;2371;Columbiformes;Columbidae
Zentrygon costaricensis;2372;Columbiformes;Columbidae
Zentrygon lawrencii;2373;Columbiformes;Columbidae
Zentrygon albifacies;2374;Columbiformes;Columbidae
Zentrygon frenata;2375;Columbiformes;Columbidae
Zentrygon linearis;2380;Columbiformes;Columbidae
Zentrygon chiriquensis;2383;Columbiformes;Columbidae
Zentrygon goldmani;2384;Columbiformes;Columbidae
Zenaida meloda;2388;Columbiformes;Columbidae
Zenaida asiatica;2389;Columbiformes;Columbidae
Zenaida aurita;2393;Columbiformes;Columbidae
Zenaida auriculata;2400;Columbiformes;Columbidae
Zenaida macroura;2412;Columbiformes;Columbidae
Caloenas nicobarica;2423;Columbiformes;Columbidae
Gallicolumba keayi;2440;Columbiformes;Columbidae
Gallicolumba luzonica;2442;Columbiformes;Columbidae
Gallicolumba crinigera;2446;Columbiformes;Columbidae
Otidiphaps nobilis;2455;Columbiformes;Columbidae
Phapitreron leucotis;2468;Columbiformes;Columbidae
Phapitreron amethystinus;2474;Columbiformes;Columbidae
Treron olax;2483;Columbiformes;Columbidae
Treron vernans;2484;Columbiformes;Columbidae
Treron fulvicollis;2485;Columbiformes;Columbidae
Treron bicinctus;2490;Columbiformes;Columbidae
Treron pompadora;2495;Columbiformes;Columbidae
Treron affinis;2496;Columbiformes;Columbidae
Treron chloropterus;2497;Columbiformes;Columbidae
Treron phayrei;2498;Columbiformes;Columbidae
Treron axillaris;2501;Columbiformes;Columbidae
Treron curvirostra;2507;Columbiformes;Columbidae
Treron griseicauda;2517;Columbiformes;Columbidae
Treron floris;2523;Columbiformes;Columbidae
Treron capellei;2525;Columbiformes;Columbidae
Treron phoenicopterus;2526;Columbiformes;Columbidae
Treron waalia;2534;Columbiformes;Columbidae
Treron australis;2536;Columbiformes;Columbidae
Treron seimundi;2541;Columbiformes;Columbidae
Treron apicauda;2544;Columbiformes;Columbidae
Treron calvus;2548;Columbiformes;Columbidae
Treron oxyurus;2566;Columbiformes;Columbidae
Treron sphenurus;2567;Columbiformes;Columbidae
Treron sieboldii;2573;Columbiformes;Columbidae
Treron formosae;2577;Columbiformes;Columbidae
Megaloprepia magnifica;2588;Columbiformes;Columbidae
Alectroenas pulcherrimus;2615;Columbiformes;Columbidae
Ptilinopus luteovirens;2622;Columbiformes;Columbidae
Ptilinopus magnificus;2622;Columbiformes;Columbidae
Ptilinopus occipitalis;2622;Columbiformes;Columbidae
Ptilinopus victor;2624;Columbiformes;Columbidae
Ptilinopus melanospilus;2628;Columbiformes;Columbidae
Ptilinopus holosericea;2634;Columbiformes;Columbidae
Ptilinopus nainus;2635;Columbiformes;Columbidae
Ptilinopus porphyreus;2636;Columbiformes;Columbidae
Ptilinopus alligator;2637;Columbiformes;Columbidae
Ptilinopus cinctus;2638;Columbiformes;Columbidae
Ptilinopus superbus;2646;Columbiformes;Columbidae
Ptilinopus rivoli;2649;Columbiformes;Columbidae
Ptilinopus speciosus;2656;Columbiformes;Columbidae
Ptilinopus solomonensis;2657;Columbiformes;Columbidae
Ptilinopus tannensis;2666;Columbiformes;Columbidae
Ptilinopus iozonus;2667;Columbiformes;Columbidae
Ptilinopus viridis;2674;Columbiformes;Columbidae
Ptilinopus perlatus;2684;Columbiformes;Columbidae
Ptilinopus aurantiifrons;2689;Columbiformes;Columbidae
Ptilinopus insolitus;2693;Columbiformes;Columbidae
Ptilinopus pulchellus;2696;Columbiformes;Columbidae
Ptilinopus monacha;2699;Columbiformes;Columbidae
Ptilinopus coronulatus;2700;Columbiformes;Columbidae
Ptilinopus regina;2706;Columbiformes;Columbidae
Ptilinopus dupetithouarsii;2715;Columbiformes;Columbidae
Ptilinopus greyi;2718;Columbiformes;Columbidae
Ptilinopus porphyraceus;2719;Columbiformes;Columbidae
Ptilinopus pelewensis;2722;Columbiformes;Columbidae
Ptilinopus roseicapilla;2723;Columbiformes;Columbidae
Ptilinopus perousii;2727;Columbiformes;Columbidae
Ptilinopus ponapensis;2730;Columbiformes;Columbidae
Ptilinopus chrysogaster;2738;Columbiformes;Columbidae
Ducula poliocephala;2745;Columbiformes;Columbidae
Ducula forsteni;2746;Columbiformes;Columbidae
Ducula aenea;2753;Columbiformes;Columbidae
Ducula perspicillata;2768;Columbiformes;Columbidae
Ducula neglecta;2769;Columbiformes;Columbidae
Ducula concinna;2770;Columbiformes;Columbidae
Ducula pacifica;2771;Columbiformes;Columbidae
Ducula rubricera;2774;Columbiformes;Columbidae
Ducula oceanica;2777;Columbiformes;Columbidae
Ducula galeata;2786;Columbiformes;Columbidae
Ducula myristicivora;2787;Columbiformes;Columbidae
Ducula geelvinkiana;2788;Columbiformes;Columbidae
Ducula rufigaster;2789;Columbiformes;Columbidae
Ducula basilica;2792;Columbiformes;Columbidae
Ducula finschii;2795;Columbiformes;Columbidae
Ducula chalconota;2796;Columbiformes;Columbidae
Ducula pistrinaria;2799;Columbiformes;Columbidae
Ducula rosacea;2804;Columbiformes;Columbidae
Ducula pickeringii;2806;Columbiformes;Columbidae
Ducula latrans;2810;Columbiformes;Columbidae
Ducula goliath;2814;Columbiformes;Columbidae
Ducula pinon;2815;Columbiformes;Columbidae
Ducula zoeae;2824;Columbiformes;Columbidae
Ducula cuprea;2825;Columbiformes;Columbidae
Ducula badia;2826;Columbiformes;Columbidae
Ducula lacernulata;2830;Columbiformes;Columbidae
Ducula bicolor;2837;Columbiformes;Columbidae
Ducula spilorrhoa;2841;Columbiformes;Columbidae
Lopholaimus antarcticus;2844;Columbiformes;Columbidae
Hemiphaga novaeseelandiae;2845;Columbiformes;Columbidae
Hemiphaga chathamensis;2848;Columbiformes;Columbidae
Mesitornis variegatus;2858;Mesitornithiformes;Mesitornithidae
Mesitornis unicolor;2859;Mesitornithiformes;Mesitornithidae
Syrrhaptes tibetanus;2862;Pterocliformes;Pteroclidae
Syrrhaptes paradoxus;2863;Pterocliformes;Pteroclidae
Pterocles alchata;2864;Pterocliformes;Pteroclidae
Pterocles namaqua;2867;Pterocliformes;Pteroclidae
Pterocles exustus;2868;Pterocliformes;Pteroclidae
Pterocles senegallus;2876;Pterocliformes;Pteroclidae
Pterocles orientalis;2877;Pterocliformes;Pteroclidae
Pterocles gutturalis;2880;Pterocliformes;Pteroclidae
Pterocles coronatus;2883;Pterocliformes;Pteroclidae
Pterocles decoratus;2889;Pterocliformes;Pteroclidae
Pterocles personatus;2893;Pterocliformes;Pteroclidae
Pterocles lichtensteinii;2894;Pterocliformes;Pteroclidae
Pterocles bicinctus;2901;Pterocliformes;Pteroclidae
Pterocles quadricinctus;2905;Pterocliformes;Pteroclidae
Pterocles indicus;2906;Pterocliformes;Pteroclidae
Pterocles burchelli;2907;Pterocliformes;Pteroclidae
Otis tarda;2910;Otidiformes;Otididae
Ardeotis kori;2918;Otidiformes;Otididae
Eupodotis afra;2934;Otidiformes;Otididae
Eupodotis afraoides;2934;Otidiformes;Otididae
Eupodotis ruficrista;2934;Otidiformes;Otididae
Eupodotis senegalensis;2934;Otidiformes;Otididae
Eupodotis vigorsii;2934;Otidiformes;Otididae
Eupodotis caerulescens;2942;Otidiformes;Otididae
Heterotetrax vigorsii;2943;Otidiformes;Otididae
Heterotetrax rueppelii;2946;Otidiformes;Otididae
Lophotis savilei;2950;Otidiformes;Otididae
Lophotis gindiana;2951;Otidiformes;Otididae
Lophotis ruficrista;2952;Otidiformes;Otididae
Afrotis afra;2953;Otidiformes;Otididae
Afrotis afraoides;2954;Otidiformes;Otididae
Lissotis melanogaster;2958;Otidiformes;Otididae
Houbaropsis bengalensis;2962;Otidiformes;Otididae
Tetrax tetrax;2966;Otidiformes;Otididae
Corythaeola cristata;2969;Musophagiformes;Musophagidae
Crinifer concolor;2970;Musophagiformes;Musophagidae
Crinifer personatus;2975;Musophagiformes;Musophagidae
Crinifer leucogaster;2978;Musophagiformes;Musophagidae
Crinifer piscator;2979;Musophagiformes;Musophagidae
Crinifer zonurus;2980;Musophagiformes;Musophagidae
Gallirex johnstoni;2981;Musophagiformes;Musophagidae
Gallirex porphyreolophus;2985;Musophagiformes;Musophagidae
Menelikornis leucotis;2988;Musophagiformes;Musophagidae
Menelikornis ruspolii;2991;Musophagiformes;Musophagidae
Tauraco leucotis;2993;Musophagiformes;Musophagidae
Tauraco porphyreolophus;2993;Musophagiformes;Musophagidae
Tauraco violaceus;2993;Musophagiformes;Musophagidae
Tauraco rossae;2994;Musophagiformes;Musophagidae
Tauraco macrorhynchus;2995;Musophagiformes;Musophagidae
Tauraco leucolophus;2999;Musophagiformes;Musophagidae
Tauraco schuettii;3000;Musophagiformes;Musophagidae
Tauraco schalowi;3003;Musophagiformes;Musophagidae
Tauraco persa;3005;Musophagiformes;Musophagidae
Tauraco hartlaubi;3010;Musophagiformes;Musophagidae
Tauraco fischeri;3011;Musophagiformes;Musophagidae
Tauraco livingstonii;3014;Musophagiformes;Musophagidae
Tauraco corythaix;3018;Musophagiformes;Musophagidae
Guira guira;3024;Cuculiformes;Cuculidae
Crotophaga major;3025;Cuculiformes;Cuculidae
Crotophaga ani;3026;Cuculiformes;Cuculidae
Crotophaga sulcirostris;3027;Cuculiformes;Cuculidae
Tapera naevia;3029;Cuculiformes;Cuculidae
Dromococcyx phasianellus;3032;Cuculiformes;Cuculidae
Dromococcyx pavoninus;3033;Cuculiformes;Cuculidae
Morococcyx erythropygus;3034;Cuculiformes;Cuculidae
Geococcyx velox;3037;Cuculiformes;Cuculidae
Geococcyx californianus;3038;Cuculiformes;Cuculidae
Neomorphus geoffroyi;3040;Cuculiformes;Cuculidae
Neomorphus radiolosus;3050;Cuculiformes;Cuculidae
Neomorphus rufipennis;3051;Cuculiformes;Cuculidae
Carpococcyx radiceus;3056;Cuculiformes;Cuculidae
Carpococcyx renauldi;3057;Cuculiformes;Cuculidae
Coua cristata;3058;Cuculiformes;Cuculidae
Coua verreauxi;3065;Cuculiformes;Cuculidae
Coua caerulea;3066;Cuculiformes;Cuculidae
Coua ruficeps;3067;Cuculiformes;Cuculidae
Coua olivaceiceps;3068;Cuculiformes;Cuculidae
Coua reynaudii;3069;Cuculiformes;Cuculidae
Coua coquereli;3070;Cuculiformes;Cuculidae
Coua cursor;3071;Cuculiformes;Cuculidae
Coua gigas;3072;Cuculiformes;Cuculidae
Coua serriana;3074;Cuculiformes;Cuculidae
Centropus milo;3076;Cuculiformes;Cuculidae
Centropus ateralbus;3079;Cuculiformes;Cuculidae
Centropus menbeki;3081;Cuculiformes;Cuculidae
Centropus unirufus;3085;Cuculiformes;Cuculidae
Centropus chlororhynchos;3086;Cuculiformes;Cuculidae
Centropus melanops;3087;Cuculiformes;Cuculidae
Centropus rectunguis;3090;Cuculiformes;Cuculidae
Centropus celebensis;3092;Cuculiformes;Cuculidae
Centropus anselli;3095;Cuculiformes;Cuculidae
Centropus leucogaster;3096;Cuculiformes;Cuculidae
Centropus senegalensis;3100;Cuculiformes;Cuculidae
Centropus monachus;3104;Cuculiformes;Cuculidae
Centropus cupreicaudus;3108;Cuculiformes;Cuculidae
Centropus superciliosus;3111;Cuculiformes;Cuculidae
Centropus burchellii;3114;Cuculiformes;Cuculidae
Centropus andamanensis;3120;Cuculiformes;Cuculidae
Centropus sinensis;3121;Cuculiformes;Cuculidae
Centropus goliath;3129;Cuculiformes;Cuculidae
Centropus toulou;3130;Cuculiformes;Cuculidae
Centropus grillii;3134;Cuculiformes;Cuculidae
Centropus viridis;3135;Cuculiformes;Cuculidae
Centropus bengalensis;3140;Cuculiformes;Cuculidae
Centropus violaceus;3147;Cuculiformes;Cuculidae
Centropus bernsteini;3148;Cuculiformes;Cuculidae
Centropus phasianinus;3151;Cuculiformes;Cuculidae
Rhinortha chlorophaea;3161;Cuculiformes;Cuculidae
Ceuthmochares aereus;3162;Cuculiformes;Cuculidae
Ceuthmochares australis;3165;Cuculiformes;Cuculidae
Taccocua leschenaultii;3166;Cuculiformes;Cuculidae
Zanclostomus javanicus;3170;Cuculiformes;Cuculidae
Phaenicophaeus curvirostris;3173;Cuculiformes;Cuculidae
Phaenicophaeus sumatranus;3180;Cuculiformes;Cuculidae
Phaenicophaeus viridirostris;3182;Cuculiformes;Cuculidae
Phaenicophaeus diardi;3183;Cuculiformes;Cuculidae
Phaenicophaeus tristis;3186;Cuculiformes;Cuculidae
Rhamphococcyx calyorhynchus;3193;Cuculiformes;Cuculidae
Dasylophus superciliosus;3197;Cuculiformes;Cuculidae
Dasylophus cumingi;3200;Cuculiformes;Cuculidae
Clamator coromandus;3202;Cuculiformes;Cuculidae
Clamator glandarius;3203;Cuculiformes;Cuculidae
Clamator levaillantii;3204;Cuculiformes;Cuculidae
Clamator jacobinus;3205;Cuculiformes;Cuculidae
Coccycua minuta;3209;Cuculiformes;Cuculidae
Coccycua pumila;3215;Cuculiformes;Cuculidae
Coccycua cinerea;3216;Cuculiformes;Cuculidae
Piaya cayana;3218;Cuculiformes;Cuculidae
Piaya melanogaster;3235;Cuculiformes;Cuculidae
Coccyzus melacoryphus;3237;Cuculiformes;Cuculidae
Coccyzus americanus;3238;Cuculiformes;Cuculidae
Coccyzus euleri;3239;Cuculiformes;Cuculidae
Coccyzus minor;3241;Cuculiformes;Cuculidae
Coccyzus erythropthalmus;3243;Cuculiformes;Cuculidae
Coccyzus lansbergi;3245;Cuculiformes;Cuculidae
Coccyzus pluvialis;3246;Cuculiformes;Cuculidae
Coccyzus vetula;3248;Cuculiformes;Cuculidae
Coccyzus vieilloti;3249;Cuculiformes;Cuculidae
Coccyzus merlini;3250;Cuculiformes;Cuculidae
Coccyzus longirostris;3256;Cuculiformes;Cuculidae
Pachycoccyx audeberti;3261;Cuculiformes;Cuculidae
Microdynamis parva;3266;Cuculiformes;Cuculidae
Eudynamys scolopaceus;3269;Cuculiformes;Cuculidae
Eudynamys melanorhynchus;3276;Cuculiformes;Cuculidae
Eudynamys orientalis;3279;Cuculiformes;Cuculidae
Urodynamis taitensis;3293;Cuculiformes;Cuculidae
Scythrops novaehollandiae;3294;Cuculiformes;Cuculidae
Chrysococcyx basalis;3298;Cuculiformes;Cuculidae
Chrysococcyx lucidus;3298;Cuculiformes;Cuculidae
Chrysococcyx maculatus;3298;Cuculiformes;Cuculidae
Chrysococcyx minutillus;3298;Cuculiformes;Cuculidae
Chrysococcyx osculans;3298;Cuculiformes;Cuculidae
Chrysococcyx xanthorhynchus;3299;Cuculiformes;Cuculidae
Chrysococcyx caprius;3303;Cuculiformes;Cuculidae
Chrysococcyx klaas;3304;Cuculiformes;Cuculidae
Chrysococcyx flavigularis;3306;Cuculiformes;Cuculidae
Chrysococcyx cupreus;3307;Cuculiformes;Cuculidae
Chalcites megarhynchus;3312;Cuculiformes;Cuculidae
Chalcites basalis;3315;Cuculiformes;Cuculidae
Chalcites osculans;3316;Cuculiformes;Cuculidae
Chalcites ruficollis;3317;Cuculiformes;Cuculidae
Chalcites lucidus;3318;Cuculiformes;Cuculidae
Chalcites meyerii;3323;Cuculiformes;Cuculidae
Heteroscenes pallidus;3345;Cuculiformes;Cuculidae
Caliechthrus leucolophus;3346;Cuculiformes;Cuculidae
Cacomantis castaneiventris;3347;Cuculiformes;Cuculidae
Cacomantis leucolophus;3347;Cuculiformes;Cuculidae
Cacomantis pallidus;3347;Cuculiformes;Cuculidae
Cacomantis flabelliformis;3351;Cuculiformes;Cuculidae
Cacomantis sonneratii;3360;Cuculiformes;Cuculidae
Cacomantis merulinus;3365;Cuculiformes;Cuculidae
Cacomantis passerinus;3370;Cuculiformes;Cuculidae
Cacomantis sepulcralis;3372;Cuculiformes;Cuculidae
Cacomantis virescens;3375;Cuculiformes;Cuculidae
Cacomantis aeruginosus;3376;Cuculiformes;Cuculidae
Cacomantis variolosus;3379;Cuculiformes;Cuculidae
Cacomantis addendus;3391;Cuculiformes;Cuculidae
Cercococcyx mechowi;3394;Cuculiformes;Cuculidae
Cercococcyx olivinus;3397;Cuculiformes;Cuculidae
Cercococcyx montanus;3398;Cuculiformes;Cuculidae
Surniculus dicruroides;3402;Cuculiformes;Cuculidae
Surniculus velutinus;3405;Cuculiformes;Cuculidae
Surniculus lugubris;3409;Cuculiformes;Cuculidae
Surniculus musschenbroeki;3414;Cuculiformes;Cuculidae
Hierococcyx vagans;3415;Cuculiformes;Cuculidae
Hierococcyx sparverioides;3416;Cuculiformes;Cuculidae
Hierococcyx bocki;3417;Cuculiformes;Cuculidae
Hierococcyx varius;3419;Cuculiformes;Cuculidae
Hierococcyx hyperythrus;3423;Cuculiformes;Cuculidae
Hierococcyx pectoralis;3424;Cuculiformes;Cuculidae
Hierococcyx nisicolor;3425;Cuculiformes;Cuculidae
Hierococcyx fugax;3426;Cuculiformes;Cuculidae
Cuculus clamosus;3428;Cuculiformes;Cuculidae
Cuculus solitarius;3431;Cuculiformes;Cuculidae
Cuculus poliocephalus;3432;Cuculiformes;Cuculidae
Cuculus crassirostris;3433;Cuculiformes;Cuculidae
Cuculus micropterus;3434;Cuculiformes;Cuculidae
Cuculus gularis;3438;Cuculiformes;Cuculidae
Cuculus rochii;3439;Cuculiformes;Cuculidae
Cuculus saturatus;3440;Cuculiformes;Cuculidae
Cuculus lepidus;3441;Cuculiformes;Cuculidae
Cuculus canorus;3442;Cuculiformes;Cuculidae
Cuculus optatus;3448;Cuculiformes;Cuculidae
Eurostopodus argus;3455;Caprimulgiformes;Caprimulgidae
Eurostopodus mystacalis;3458;Caprimulgiformes;Caprimulgidae
Eurostopodus papuensis;3460;Caprimulgiformes;Caprimulgidae
Lyncornis temminckii;3462;Caprimulgiformes;Caprimulgidae
Lyncornis macrotis;3463;Caprimulgiformes;Caprimulgidae
Chordeiles nacunda;3471;Caprimulgiformes;Caprimulgidae
Chordeiles pusillus;3474;Caprimulgiformes;Caprimulgidae
Chordeiles rupestris;3481;Caprimulgiformes;Caprimulgidae
Chordeiles acutipennis;3484;Caprimulgiformes;Caprimulgidae
Chordeiles minor;3492;Caprimulgiformes;Caprimulgidae
Chordeiles gundlachii;3502;Caprimulgiformes;Caprimulgidae
Lurocalis semitorquatus;3507;Caprimulgiformes;Caprimulgidae
Lurocalis rufiventris;3513;Caprimulgiformes;Caprimulgidae
Nyctiprogne leucopyga;3514;Caprimulgiformes;Caprimulgidae
Nyctiprogne vielliardi;3521;Caprimulgiformes;Caprimulgidae
Nyctipolus nigrescens;3522;Caprimulgiformes;Caprimulgidae
Nyctipolus hirundinaceus;3523;Caprimulgiformes;Caprimulgidae
Nyctidromus albicollis;3527;Caprimulgiformes;Caprimulgidae
Nyctidromus anthonyi;3535;Caprimulgiformes;Caprimulgidae
Uropsalis segmentata;3537;Caprimulgiformes;Caprimulgidae
Uropsalis lyra;3540;Caprimulgiformes;Caprimulgidae
Quechuavis decussata;3544;Caprimulgiformes;Caprimulgidae
Setopagis parvula;3546;Caprimulgiformes;Caprimulgidae
Antiurus maculicaudus;3548;Caprimulgiformes;Caprimulgidae
Systellura decussata;3549;Caprimulgiformes;Caprimulgidae
Systellura longirostris;3549;Caprimulgiformes;Caprimulgidae
Eleothreptus candicans;3558;Caprimulgiformes;Caprimulgidae
Eleothreptus anomalus;3559;Caprimulgiformes;Caprimulgidae
Hydropsalis cayennensis;3560;Caprimulgiformes;Caprimulgidae
Hydropsalis maculicaudus;3560;Caprimulgiformes;Caprimulgidae
Hydropsalis climacocerca;3567;Caprimulgiformes;Caprimulgidae
Hydropsalis torquata;3573;Caprimulgiformes;Caprimulgidae
Siphonorhis brewsteri;3579;Caprimulgiformes;Caprimulgidae
Nyctiphrynus mcleodii;3580;Caprimulgiformes;Caprimulgidae
Nyctiphrynus yucatanicus;3583;Caprimulgiformes;Caprimulgidae
Nyctiphrynus ocellatus;3584;Caprimulgiformes;Caprimulgidae
Nyctiphrynus rosenbergi;3587;Caprimulgiformes;Caprimulgidae
Phalaenoptilus nuttallii;3588;Caprimulgiformes;Caprimulgidae
Antrostomus carolinensis;3594;Caprimulgiformes;Caprimulgidae
Antrostomus rufus;3595;Caprimulgiformes;Caprimulgidae
Antrostomus cubanensis;3602;Caprimulgiformes;Caprimulgidae
Antrostomus salvini;3606;Caprimulgiformes;Caprimulgidae
Antrostomus badius;3607;Caprimulgiformes;Caprimulgidae
Antrostomus sericocaudatus;3608;Caprimulgiformes;Caprimulgidae
Antrostomus ridgwayi;3611;Caprimulgiformes;Caprimulgidae
Antrostomus vociferus;3614;Caprimulgiformes;Caprimulgidae
Antrostomus saturatus;3615;Caprimulgiformes;Caprimulgidae
Antrostomus arizonae;3616;Caprimulgiformes;Caprimulgidae
Antrostomus noctitherus;3623;Caprimulgiformes;Caprimulgidae
Veles binotatus;3625;Caprimulgiformes;Caprimulgidae
Caprimulgus binotatus;3626;Caprimulgiformes;Caprimulgidae
Caprimulgus nigriscapularis;3626;Caprimulgiformes;Caprimulgidae
Caprimulgus vexillarius;3626;Caprimulgiformes;Caprimulgidae
Caprimulgus longipennis;3627;Caprimulgiformes;Caprimulgidae
Caprimulgus ruficollis;3628;Caprimulgiformes;Caprimulgidae
Caprimulgus indicus;3631;Caprimulgiformes;Caprimulgidae
Caprimulgus jotaka;3634;Caprimulgiformes;Caprimulgidae
Caprimulgus europaeus;3639;Caprimulgiformes;Caprimulgidae
Caprimulgus fraenatus;3647;Caprimulgiformes;Caprimulgidae
Caprimulgus rufigena;3648;Caprimulgiformes;Caprimulgidae
Caprimulgus aegyptius;3651;Caprimulgiformes;Caprimulgidae
Caprimulgus nubicus;3654;Caprimulgiformes;Caprimulgidae
Caprimulgus eximius;3661;Caprimulgiformes;Caprimulgidae
Caprimulgus macrurus;3664;Caprimulgiformes;Caprimulgidae
Caprimulgus ritae;3671;Caprimulgiformes;Caprimulgidae
Caprimulgus andamanicus;3672;Caprimulgiformes;Caprimulgidae
Caprimulgus meesi;3673;Caprimulgiformes;Caprimulgidae
Caprimulgus atripennis;3674;Caprimulgiformes;Caprimulgidae
Caprimulgus manillensis;3677;Caprimulgiformes;Caprimulgidae
Caprimulgus celebensis;3678;Caprimulgiformes;Caprimulgidae
Caprimulgus donaldsoni;3681;Caprimulgiformes;Caprimulgidae
Caprimulgus pectoralis;3682;Caprimulgiformes;Caprimulgidae
Caprimulgus poliocephalus;3689;Caprimulgiformes;Caprimulgidae
Caprimulgus asiaticus;3695;Caprimulgiformes;Caprimulgidae
Caprimulgus madagascariensis;3698;Caprimulgiformes;Caprimulgidae
Caprimulgus natalensis;3701;Caprimulgiformes;Caprimulgidae
Caprimulgus inornatus;3704;Caprimulgiformes;Caprimulgidae
Caprimulgus affinis;3707;Caprimulgiformes;Caprimulgidae
Caprimulgus griseatus;3718;Caprimulgiformes;Caprimulgidae
Caprimulgus tristigma;3721;Caprimulgiformes;Caprimulgidae
Caprimulgus concretus;3727;Caprimulgiformes;Caprimulgidae
Caprimulgus pulchellus;3728;Caprimulgiformes;Caprimulgidae
Caprimulgus batesi;3732;Caprimulgiformes;Caprimulgidae
Caprimulgus climacurus;3733;Caprimulgiformes;Caprimulgidae
Caprimulgus clarus;3737;Caprimulgiformes;Caprimulgidae
Caprimulgus fossii;3738;Caprimulgiformes;Caprimulgidae
Phyllaemulor bracteatus;3745;Nyctibiiformes;Nyctibiidae
Nyctibius bracteatus;3746;Nyctibiiformes;Nyctibiidae
Nyctibius grandis;3746;Nyctibiiformes;Nyctibiidae
Nyctibius aethereus;3747;Nyctibiiformes;Nyctibiidae
Nyctibius griseus;3751;Nyctibiiformes;Nyctibiidae
Nyctibius jamaicensis;3754;Nyctibiiformes;Nyctibiidae
Nyctibius maculosus;3762;Nyctibiiformes;Nyctibiidae
Nyctibius leucopterus;3763;Nyctibiiformes;Nyctibiidae
Steatornis caripensis;3766;Steatornithiformes;Steatornithidae
Podargus strigoides;3768;Podargiformes;Podargidae
Podargus ocellatus;3772;Podargiformes;Podargidae
Podargus papuensis;3779;Podargiformes;Podargidae
Batrachostomus auritus;3781;Podargiformes;Podargidae
Batrachostomus septimus;3783;Podargiformes;Podargidae
Batrachostomus stellatus;3787;Podargiformes;Podargidae
Batrachostomus moniliger;3788;Podargiformes;Podargidae
Batrachostomus hodgsoni;3789;Podargiformes;Podargidae
Batrachostomus poliolophus;3792;Podargiformes;Podargidae
Batrachostomus mixtus;3793;Podargiformes;Podargidae
Batrachostomus javensis;3794;Podargiformes;Podargidae
Batrachostomus affinis;3795;Podargiformes;Podargidae
Batrachostomus chaseni;3798;Podargiformes;Podargidae
Batrachostomus cornutus;3799;Podargiformes;Podargidae
Aegotheles insignis;3806;Aegotheliformes;Aegothelidae
Aegotheles wallacii;3808;Aegotheliformes;Aegothelidae
Aegotheles albertisi;3812;Aegotheliformes;Aegothelidae
Aegotheles crinifrons;3813;Aegotheliformes;Aegothelidae
Aegotheles cristatus;3814;Aegotheliformes;Aegothelidae
Aegotheles bennettii;3818;Aegotheliformes;Aegothelidae
Cypseloides niger;3826;Apodiformes;Apodidae
Cypseloides fumigatus;3832;Apodiformes;Apodidae
Cypseloides cryptus;3834;Apodiformes;Apodidae
Cypseloides cherriei;3835;Apodiformes;Apodidae
Cypseloides senex;3836;Apodiformes;Apodidae
Streptoprocne rutila;3838;Apodiformes;Apodidae
Streptoprocne phelpsi;3842;Apodiformes;Apodidae
Streptoprocne zonaris;3843;Apodiformes;Apodidae
Streptoprocne semicollaris;3853;Apodiformes;Apodidae
Streptoprocne biscutata;3854;Apodiformes;Apodidae
Zoonavena sylvatica;3866;Apodiformes;Apodidae
Telacanthura ussheri;3867;Apodiformes;Apodidae
Rhaphidura leucopygialis;3873;Apodiformes;Apodidae
Rhaphidura sabini;3874;Apodiformes;Apodidae
Chaetura cinereiventris;3880;Apodiformes;Apodidae
Chaetura spinicaudus;3889;Apodiformes;Apodidae
Chaetura fumosa;3893;Apodiformes;Apodidae
Chaetura martinica;3894;Apodiformes;Apodidae
Chaetura egregia;3895;Apodiformes;Apodidae
Chaetura pelagica;3896;Apodiformes;Apodidae
Chaetura vauxi;3897;Apodiformes;Apodidae
Chaetura chapmani;3906;Apodiformes;Apodidae
Chaetura meridionalis;3910;Apodiformes;Apodidae
Chaetura brachyura;3911;Apodiformes;Apodidae
Hirundapus caudacutus;3918;Apodiformes;Apodidae
Hirundapus giganteus;3925;Apodiformes;Apodidae
Collocalia troglodytes;3931;Apodiformes;Apodidae
Collocalia affinis;3938;Apodiformes;Apodidae
Collocalia esculenta;3958;Apodiformes;Apodidae
Aerodramus unicolor;3985;Apodiformes;Apodidae
Aerodramus mearnsi;3990;Apodiformes;Apodidae
Aerodramus hirundinaceus;3991;Apodiformes;Apodidae
Aerodramus spodiopygius;3995;Apodiformes;Apodidae
Aerodramus terraereginae;4007;Apodiformes;Apodidae
Aerodramus brevirostris;4010;Apodiformes;Apodidae
Aerodramus vanikorensis;4026;Apodiformes;Apodidae
Aerodramus bartschi;4045;Apodiformes;Apodidae
Aerodramus inquietus;4046;Apodiformes;Apodidae
Aerodramus sawtelli;4050;Apodiformes;Apodidae
Aerodramus maximus;4055;Apodiformes;Apodidae
Aerodramus fuciphagus;4059;Apodiformes;Apodidae
Schoutedenapus myoptilus;4073;Apodiformes;Apodidae
Tachymarptis melba;4077;Apodiformes;Apodidae
Tachymarptis aequatorialis;4088;Apodiformes;Apodidae
Apus melba;4093;Apodiformes;Apodidae
Apus apus;4094;Apodiformes;Apodidae
Apus unicolor;4098;Apodiformes;Apodidae
Apus niansae;4099;Apodiformes;Apodidae
Apus pallidus;4102;Apodiformes;Apodidae
Apus barbatus;4108;Apodiformes;Apodidae
Apus berliozi;4118;Apodiformes;Apodidae
Apus bradfieldi;4121;Apodiformes;Apodidae
Apus balstoni;4124;Apodiformes;Apodidae
Apus pacificus;4127;Apodiformes;Apodidae
Apus salimalii;4130;Apodiformes;Apodidae
Apus cooki;4132;Apodiformes;Apodidae
Apus affinis;4136;Apodiformes;Apodidae
Apus nipalensis;4144;Apodiformes;Apodidae
Apus horus;4150;Apodiformes;Apodidae
Apus caffer;4153;Apodiformes;Apodidae
Aeronautes saxatalis;4158;Apodiformes;Apodidae
Aeronautes montivagus;4161;Apodiformes;Apodidae
Aeronautes andecolus;4164;Apodiformes;Apodidae
Panyptila cayennensis;4169;Apodiformes;Apodidae
Panyptila sanctihieronymi;4172;Apodiformes;Apodidae
Cypsiurus balasiensis;4173;Apodiformes;Apodidae
Cypsiurus parvus;4178;Apodiformes;Apodidae
Cypsiurus gracilis;4185;Apodiformes;Apodidae
Tachornis phoenicobia;4188;Apodiformes;Apodidae
Tachornis squamata;4194;Apodiformes;Apodidae
Hemiprocne coronata;4201;Apodiformes;Hemiprocnidae
Hemiprocne longipennis;4202;Apodiformes;Hemiprocnidae
Hemiprocne comata;4207;Apodiformes;Hemiprocnidae
Hemiprocne mystacea;4210;Apodiformes;Hemiprocnidae
Topaza pella;4219;Apodiformes;Trochilidae
Topaza pyra;4223;Apodiformes;Trochilidae
Florisuga mellivora;4227;Apodiformes;Trochilidae
Florisuga fusca;4230;Apodiformes;Trochilidae
Eutoxeres aquila;4231;Apodiformes;Trochilidae
Eutoxeres condamini;4235;Apodiformes;Trochilidae
Ramphodon naevius;4239;Apodiformes;Trochilidae
Glaucis dohrnii;4240;Apodiformes;Trochilidae
Glaucis aeneus;4241;Apodiformes;Trochilidae
Glaucis hirsutus;4242;Apodiformes;Trochilidae
Threnetes ruckeri;4245;Apodiformes;Trochilidae
Threnetes leucurus;4249;Apodiformes;Trochilidae
Anopetia gounellei;4257;Apodiformes;Trochilidae
Phaethornis hispidus;4258;Apodiformes;Trochilidae
Phaethornis yaruqui;4259;Apodiformes;Trochilidae
Phaethornis guy;4260;Apodiformes;Trochilidae
Phaethornis syrmatophorus;4265;Apodiformes;Trochilidae
Phaethornis koepckeae;4268;Apodiformes;Trochilidae
Phaethornis philippii;4269;Apodiformes;Trochilidae
Phaethornis bourcieri;4270;Apodiformes;Trochilidae
Phaethornis longirostris;4273;Apodiformes;Trochilidae
Phaethornis mexicanus;4279;Apodiformes;Trochilidae
Phaethornis superciliosus;4282;Apodiformes;Trochilidae
Phaethornis malaris;4286;Apodiformes;Trochilidae
Phaethornis anthophilus;4295;Apodiformes;Trochilidae
Phaethornis squalidus;4298;Apodiformes;Trochilidae
Phaethornis rupurumii;4300;Apodiformes;Trochilidae
Phaethornis longuemareus;4303;Apodiformes;Trochilidae
Phaethornis aethopygus;4304;Apodiformes;Trochilidae
Phaethornis idaliae;4305;Apodiformes;Trochilidae
Phaethornis nattereri;4306;Apodiformes;Trochilidae
Phaethornis atrimentalis;4307;Apodiformes;Trochilidae
Phaethornis striigularis;4310;Apodiformes;Trochilidae
Phaethornis griseogularis;4315;Apodiformes;Trochilidae
Phaethornis ruber;4320;Apodiformes;Trochilidae
Phaethornis stuarti;4325;Apodiformes;Trochilidae
Phaethornis subochraceus;4327;Apodiformes;Trochilidae
Phaethornis augusti;4328;Apodiformes;Trochilidae
Phaethornis pretrei;4332;Apodiformes;Trochilidae
Phaethornis eurynome;4333;Apodiformes;Trochilidae
Doryfera ludovicae;4337;Apodiformes;Trochilidae
Doryfera johannae;4340;Apodiformes;Trochilidae
Schistes albogularis;4343;Apodiformes;Trochilidae
Schistes geoffroyi;4344;Apodiformes;Trochilidae
Augastes scutatus;4348;Apodiformes;Trochilidae
Augastes lumachella;4352;Apodiformes;Trochilidae
Colibri serrirostris;4353;Apodiformes;Trochilidae
Colibri coruscans;4354;Apodiformes;Trochilidae
Colibri delphinae;4357;Apodiformes;Trochilidae
Colibri thalassinus;4358;Apodiformes;Trochilidae
Colibri cyanotus;4359;Apodiformes;Trochilidae
Heliactin bilophus;4366;Apodiformes;Trochilidae
Androdon aequatorialis;4367;Apodiformes;Trochilidae
Heliothryx barroti;4368;Apodiformes;Trochilidae
Heliothryx auritus;4369;Apodiformes;Trochilidae
Polytmus guainumbi;4373;Apodiformes;Trochilidae
Polytmus theresiae;4378;Apodiformes;Trochilidae
Avocettula recurvirostris;4381;Apodiformes;Trochilidae
Chrysolampis mosquitus;4382;Apodiformes;Trochilidae
Anthracothorax mango;4383;Apodiformes;Trochilidae
Anthracothorax nigricollis;4384;Apodiformes;Trochilidae
Anthracothorax viridigula;4387;Apodiformes;Trochilidae
Anthracothorax prevostii;4388;Apodiformes;Trochilidae
Anthracothorax veraguensis;4393;Apodiformes;Trochilidae
Anthracothorax dominicus;4394;Apodiformes;Trochilidae
Anthracothorax aurulentus;4395;Apodiformes;Trochilidae
Anthracothorax viridis;4396;Apodiformes;Trochilidae
Eulampis jugularis;4398;Apodiformes;Trochilidae
Eulampis holosericeus;4399;Apodiformes;Trochilidae
Heliangelus mavors;4403;Apodiformes;Trochilidae
Heliangelus clarisse;4404;Apodiformes;Trochilidae
Heliangelus amethysticollis;4408;Apodiformes;Trochilidae
Heliangelus strophianus;4413;Apodiformes;Trochilidae
Heliangelus exortis;4414;Apodiformes;Trochilidae
Heliangelus micraster;4415;Apodiformes;Trochilidae
Heliangelus viola;4418;Apodiformes;Trochilidae
Heliangelus regalis;4424;Apodiformes;Trochilidae
Sephanoides sephaniodes;4428;Apodiformes;Trochilidae
Sephanoides fernandensis;4429;Apodiformes;Trochilidae
Discosura popelairii;4433;Apodiformes;Trochilidae
Discosura langsdorffi;4434;Apodiformes;Trochilidae
Discosura conversii;4438;Apodiformes;Trochilidae
Lophornis ornatus;4440;Apodiformes;Trochilidae
Lophornis magnificus;4442;Apodiformes;Trochilidae
Lophornis delattrei;4444;Apodiformes;Trochilidae
Lophornis stictolophus;4447;Apodiformes;Trochilidae
Lophornis verreauxii;4448;Apodiformes;Trochilidae
Lophornis chalybeus;4451;Apodiformes;Trochilidae
Phlogophilus hemileucurus;4458;Apodiformes;Trochilidae
Adelomyia melanogenys;4460;Apodiformes;Trochilidae
Aglaiocercus kingii;4471;Apodiformes;Trochilidae
Aglaiocercus coelestis;4478;Apodiformes;Trochilidae
Sappho sparganurus;4482;Apodiformes;Trochilidae
Polyonymus caroli;4485;Apodiformes;Trochilidae
Oreotrochilus chimborazo;4487;Apodiformes;Trochilidae
Oreotrochilus stolzmanni;4491;Apodiformes;Trochilidae
Oreotrochilus estella;4494;Apodiformes;Trochilidae
Oreotrochilus leucopleurus;4497;Apodiformes;Trochilidae
Oreotrochilus adela;4499;Apodiformes;Trochilidae
Opisthoprora euryptera;4501;Apodiformes;Trochilidae
Lesbia victoriae;4502;Apodiformes;Trochilidae
Lesbia nuna;4506;Apodiformes;Trochilidae
Ramphomicron microrhynchum;4516;Apodiformes;Trochilidae
Chalcostigma ruficeps;4521;Apodiformes;Trochilidae
Chalcostigma stanleyi;4525;Apodiformes;Trochilidae
Chalcostigma heteropogon;4529;Apodiformes;Trochilidae
Chalcostigma herrani;4530;Apodiformes;Trochilidae
Oxypogon guerinii;4536;Apodiformes;Trochilidae
Oreonympha nobilis;4538;Apodiformes;Trochilidae
Metallura tyrianthina;4542;Apodiformes;Trochilidae
Metallura williami;4552;Apodiformes;Trochilidae
Metallura odomae;4558;Apodiformes;Trochilidae
Metallura theresiae;4559;Apodiformes;Trochilidae
Metallura eupogon;4562;Apodiformes;Trochilidae
Metallura aeneocauda;4563;Apodiformes;Trochilidae
Metallura phoebe;4566;Apodiformes;Trochilidae
Haplophaedia aureliae;4568;Apodiformes;Trochilidae
Haplophaedia assimilis;4575;Apodiformes;Trochilidae
Haplophaedia lugens;4578;Apodiformes;Trochilidae
Eriocnemis vestita;4581;Apodiformes;Trochilidae
Eriocnemis derbyi;4586;Apodiformes;Trochilidae
Eriocnemis cupreoventris;4588;Apodiformes;Trochilidae
Eriocnemis luciani;4589;Apodiformes;Trochilidae
Eriocnemis aline;4600;Apodiformes;Trochilidae
Aglaeactis cupripennis;4604;Apodiformes;Trochilidae
Aglaeactis pamela;4613;Apodiformes;Trochilidae
Coeligena coeligena;4614;Apodiformes;Trochilidae
Coeligena wilsoni;4621;Apodiformes;Trochilidae
Coeligena prunellei;4622;Apodiformes;Trochilidae
Coeligena torquata;4623;Apodiformes;Trochilidae
Coeligena violifer;4634;Apodiformes;Trochilidae
Coeligena iris;4639;Apodiformes;Trochilidae
Coeligena lutetiae;4648;Apodiformes;Trochilidae
Coeligena bonapartei;4652;Apodiformes;Trochilidae
Lafresnaya lafresnayi;4659;Apodiformes;Trochilidae
Ensifera ensifera;4667;Apodiformes;Trochilidae
Pterophanes cyanopterus;4668;Apodiformes;Trochilidae
Boissonneaua flavescens;4672;Apodiformes;Trochilidae
Boissonneaua matthewsii;4675;Apodiformes;Trochilidae
Boissonneaua jardini;4676;Apodiformes;Trochilidae
Ocreatus underwoodii;4678;Apodiformes;Trochilidae
Ocreatus peruanus;4684;Apodiformes;Trochilidae
Ocreatus addae;4685;Apodiformes;Trochilidae
Urochroa bougueri;4689;Apodiformes;Trochilidae
Urochroa leucura;4690;Apodiformes;Trochilidae
Urosticte benjamini;4691;Apodiformes;Trochilidae
Urosticte ruficrissa;4692;Apodiformes;Trochilidae
Heliodoxa xanthogonys;4693;Apodiformes;Trochilidae
Heliodoxa schreibersii;4698;Apodiformes;Trochilidae
Heliodoxa aurescens;4701;Apodiformes;Trochilidae
Heliodoxa rubinoides;4702;Apodiformes;Trochilidae
Heliodoxa jacula;4706;Apodiformes;Trochilidae
Heliodoxa imperatrix;4710;Apodiformes;Trochilidae
Heliodoxa leadbeateri;4712;Apodiformes;Trochilidae
Heliodoxa rubricauda;4717;Apodiformes;Trochilidae
Patagona gigas;4718;Apodiformes;Trochilidae
Sternoclyta cyanopectus;4721;Apodiformes;Trochilidae
Eugenes fulgens;4723;Apodiformes;Trochilidae
Eugenes spectabilis;4724;Apodiformes;Trochilidae
Heliomaster longirostris;4725;Apodiformes;Trochilidae
Heliomaster constantii;4729;Apodiformes;Trochilidae
Heliomaster squamosus;4734;Apodiformes;Trochilidae
Heliomaster furcifer;4735;Apodiformes;Trochilidae
Panterpe insignis;4736;Apodiformes;Trochilidae
Lampornis viridipallens;4739;Apodiformes;Trochilidae
Lampornis sybillae;4744;Apodiformes;Trochilidae
Lampornis amethystinus;4745;Apodiformes;Trochilidae
Lampornis clemenciae;4752;Apodiformes;Trochilidae
Lampornis hemileucus;4756;Apodiformes;Trochilidae
Lampornis calolaemus;4757;Apodiformes;Trochilidae
Lampornis castaneoventris;4762;Apodiformes;Trochilidae
Lamprolaima rhami;4767;Apodiformes;Trochilidae
Tilmatura dupontii;4768;Apodiformes;Trochilidae
Calliphlox amethystina;4769;Apodiformes;Trochilidae
Thaumastura cora;4770;Apodiformes;Trochilidae
Myrmia micrura;4771;Apodiformes;Trochilidae
Myrtis fanny;4772;Apodiformes;Trochilidae
Rhodopis vesper;4775;Apodiformes;Trochilidae
Microstilbon burmeisteri;4781;Apodiformes;Trochilidae
Chaetocercus mulsant;4782;Apodiformes;Trochilidae
Chaetocercus bombus;4783;Apodiformes;Trochilidae
Chaetocercus heliodor;4784;Apodiformes;Trochilidae
Chaetocercus jourdanii;4789;Apodiformes;Trochilidae
Philodice bryantae;4794;Apodiformes;Trochilidae
Philodice mitchellii;4795;Apodiformes;Trochilidae
Doricha enicura;4797;Apodiformes;Trochilidae
Doricha eliza;4798;Apodiformes;Trochilidae
Calothorax lucifer;4799;Apodiformes;Trochilidae
Archilochus colubris;4802;Apodiformes;Trochilidae
Archilochus alexandri;4803;Apodiformes;Trochilidae
Nesophlox evelynae;4808;Apodiformes;Trochilidae
Mellisuga minima;4810;Apodiformes;Trochilidae
Mellisuga helenae;4813;Apodiformes;Trochilidae
Calypte anna;4814;Apodiformes;Trochilidae
Calypte costae;4818;Apodiformes;Trochilidae
Selasphorus calliope;4823;Apodiformes;Trochilidae
Selasphorus rufus;4826;Apodiformes;Trochilidae
Selasphorus sasin;4831;Apodiformes;Trochilidae
Selasphorus platycercus;4839;Apodiformes;Trochilidae
Selasphorus heloisa;4846;Apodiformes;Trochilidae
Selasphorus ellioti;4849;Apodiformes;Trochilidae
Selasphorus flammula;4852;Apodiformes;Trochilidae
Selasphorus scintilla;4856;Apodiformes;Trochilidae
Phaeoptila sordida;4860;Apodiformes;Trochilidae
Riccordia ricordii;4861;Apodiformes;Trochilidae
Riccordia swainsonii;4864;Apodiformes;Trochilidae
Riccordia maugaeus;4865;Apodiformes;Trochilidae
Cynanthus latirostris;4867;Apodiformes;Trochilidae
Cynanthus doubledayi;4877;Apodiformes;Trochilidae
Cynanthus auriceps;4881;Apodiformes;Trochilidae
Cynanthus canivetii;4883;Apodiformes;Trochilidae
Chlorostilbon canivetii;4888;Apodiformes;Trochilidae
Chlorostilbon mellisugus;4888;Apodiformes;Trochilidae
Chlorostilbon gibsoni;4896;Apodiformes;Trochilidae
Chlorostilbon lucidus;4900;Apodiformes;Trochilidae
Chlorostilbon poortmani;4905;Apodiformes;Trochilidae
Chlorostilbon alice;4911;Apodiformes;Trochilidae
Chlorostilbon assimilis;4913;Apodiformes;Trochilidae
Chlorostilbon melanorhynchus;4914;Apodiformes;Trochilidae
Basilinna leucotis;4918;Apodiformes;Trochilidae
Basilinna xantusii;4925;Apodiformes;Trochilidae
Pampa curvipennis;4926;Apodiformes;Trochilidae
Pampa rufa;4930;Apodiformes;Trochilidae
Klais guimeti;4931;Apodiformes;Trochilidae
Abeillia abeillei;4935;Apodiformes;Trochilidae
Orthorhyncus cristatus;4938;Apodiformes;Trochilidae
Stephanoxis lalandi;4943;Apodiformes;Trochilidae
Stephanoxis loddigesii;4944;Apodiformes;Trochilidae
Campylopterus curvipennis;4947;Apodiformes;Trochilidae
Campylopterus excellens;4947;Apodiformes;Trochilidae
Campylopterus largipennis;4947;Apodiformes;Trochilidae
Campylopterus rufus;4947;Apodiformes;Trochilidae
Campylopterus calcirupicola;4950;Apodiformes;Trochilidae
Campylopterus hemileucurus;4952;Apodiformes;Trochilidae
Campylopterus hyperythrus;4955;Apodiformes;Trochilidae
Campylopterus villaviscensio;4959;Apodiformes;Trochilidae
Campylopterus falcatus;4960;Apodiformes;Trochilidae
Campylopterus ensipennis;4962;Apodiformes;Trochilidae
Chalybura urochrysia;4963;Apodiformes;Trochilidae
Chalybura buffonii;4967;Apodiformes;Trochilidae
Thalurania glaucopis;4974;Apodiformes;Trochilidae
Thalurania watertonii;4975;Apodiformes;Trochilidae
Thalurania colombica;4976;Apodiformes;Trochilidae
Thalurania furcata;4990;Apodiformes;Trochilidae
Microchera albocoronata;5005;Apodiformes;Trochilidae
Microchera cupreiceps;5008;Apodiformes;Trochilidae
Microchera chionura;5009;Apodiformes;Trochilidae
Eupherusa ridgwayi;5012;Apodiformes;Trochilidae
Eupherusa poliocerca;5013;Apodiformes;Trochilidae
Eupherusa eximia;5015;Apodiformes;Trochilidae
Eupherusa nigriventris;5019;Apodiformes;Trochilidae
Phaeochroa cuvierii;5020;Apodiformes;Trochilidae
Leucippus baeri;5028;Apodiformes;Trochilidae
Leucippus chlorocercus;5028;Apodiformes;Trochilidae
Leucippus fallax;5028;Apodiformes;Trochilidae
Thaumasius baeri;5029;Apodiformes;Trochilidae
Thaumasius taczanowskii;5030;Apodiformes;Trochilidae
Taphrospilus hypostictus;5031;Apodiformes;Trochilidae
Eupetomena macroura;5032;Apodiformes;Trochilidae
Eupetomena cirrochloris;5038;Apodiformes;Trochilidae
Talaphorus chlorocercus;5039;Apodiformes;Trochilidae
Trochilus polytmus;5040;Apodiformes;Trochilidae
Ramosomyia violiceps;5044;Apodiformes;Trochilidae
Ramosomyia viridifrons;5048;Apodiformes;Trochilidae
Saucerottia cyanocephala;5053;Apodiformes;Trochilidae
Saucerottia hoffmanni;5056;Apodiformes;Trochilidae
Saucerottia beryllina;5057;Apodiformes;Trochilidae
Saucerottia cyanura;5067;Apodiformes;Trochilidae
Saucerottia edward;5071;Apodiformes;Trochilidae
Saucerottia saucerottei;5076;Apodiformes;Trochilidae
Saucerottia cyanifrons;5081;Apodiformes;Trochilidae
Saucerottia castaneiventris;5082;Apodiformes;Trochilidae
Saucerottia viridigaster;5083;Apodiformes;Trochilidae
Saucerottia tobaci;5091;Apodiformes;Trochilidae
Amazilia amabilis;5100;Apodiformes;Trochilidae
Amazilia amazilia;5100;Apodiformes;Trochilidae
Amazilia beryllina;5100;Apodiformes;Trochilidae
Amazilia brevirostris;5100;Apodiformes;Trochilidae
Amazilia candida;5100;Apodiformes;Trochilidae
Amazilia castaneiventris;5100;Apodiformes;Trochilidae
Amazilia chionogaster;5100;Apodiformes;Trochilidae
Amazilia cyanifrons;5100;Apodiformes;Trochilidae
Amazilia cyanocephala;5100;Apodiformes;Trochilidae
Amazilia decora;5100;Apodiformes;Trochilidae
Amazilia edward;5100;Apodiformes;Trochilidae
Amazilia fimbriata;5100;Apodiformes;Trochilidae
Amazilia franciae;5100;Apodiformes;Trochilidae
Amazilia lactea;5100;Apodiformes;Trochilidae
Amazilia leucogaster;5100;Apodiformes;Trochilidae
Amazilia rosenbergi;5100;Apodiformes;Trochilidae
Amazilia rutila;5100;Apodiformes;Trochilidae
Amazilia saucerottei;5100;Apodiformes;Trochilidae
Amazilia tobaci;5100;Apodiformes;Trochilidae
Amazilia versicolor;5100;Apodiformes;Trochilidae
Amazilia violiceps;5100;Apodiformes;Trochilidae
Amazilia viridicauda;5100;Apodiformes;Trochilidae
Amazilia yucatanensis;5106;Apodiformes;Trochilidae
Amazilia tzacatl;5111;Apodiformes;Trochilidae
Amazilia luciae;5120;Apodiformes;Trochilidae
Amazilis amazilia;5123;Apodiformes;Trochilidae
Uranomitra franciae;5130;Apodiformes;Trochilidae
Chrysuronia versicolor;5134;Apodiformes;Trochilidae
Chrysuronia goudoti;5142;Apodiformes;Trochilidae
Chrysuronia oenone;5147;Apodiformes;Trochilidae
Chrysuronia boucardi;5151;Apodiformes;Trochilidae
Chrysuronia coeruleogularis;5152;Apodiformes;Trochilidae
Chrysuronia humboldtii;5158;Apodiformes;Trochilidae
Chrysuronia grayi;5159;Apodiformes;Trochilidae
Chrysuronia brevirostris;5160;Apodiformes;Trochilidae
Chrysuronia leucogaster;5164;Apodiformes;Trochilidae
Leucochloris albicollis;5167;Apodiformes;Trochilidae
Chionomesa fimbriata;5168;Apodiformes;Trochilidae
Chionomesa lactea;5176;Apodiformes;Trochilidae
Hylocharis cyanus;5182;Apodiformes;Trochilidae
Hylocharis eliciae;5182;Apodiformes;Trochilidae
Hylocharis leucotis;5182;Apodiformes;Trochilidae
Hylocharis sapphirina;5182;Apodiformes;Trochilidae
Hylocharis xantusii;5182;Apodiformes;Trochilidae
Hylocharis chrysura;5183;Apodiformes;Trochilidae
Elliotomyia chionogaster;5184;Apodiformes;Trochilidae
Elliotomyia viridicauda;5187;Apodiformes;Trochilidae
Polyerata rosenbergi;5189;Apodiformes;Trochilidae
Polyerata amabilis;5190;Apodiformes;Trochilidae
Polyerata decora;5191;Apodiformes;Trochilidae
Chlorestes candida;5192;Apodiformes;Trochilidae
Chlorestes eliciae;5196;Apodiformes;Trochilidae
Chlorestes cyanus;5199;Apodiformes;Trochilidae
Chlorestes julie;5205;Apodiformes;Trochilidae
Chlorestes notata;5209;Apodiformes;Trochilidae
Mentocrex kioloides;5216;Gruiformes;Sarothruridae
Sarothrura pulchra;5220;Gruiformes;Sarothruridae
Sarothrura elegans;5226;Gruiformes;Sarothruridae
Sarothrura rufa;5229;Gruiformes;Sarothruridae
Sarothrura affinis;5237;Gruiformes;Sarothruridae
Sarothrura insularis;5240;Gruiformes;Sarothruridae
Rallicula rubra;5244;Gruiformes;Sarothruridae
Rallicula forbesi;5248;Gruiformes;Sarothruridae
Rallus obsoletus;5256;Gruiformes;Rallidae
Rallus tenuirostris;5261;Gruiformes;Rallidae
Rallus longirostris;5262;Gruiformes;Rallidae
Rallus elegans;5272;Gruiformes;Rallidae
Rallus crepitans;5276;Gruiformes;Rallidae
Rallus wetmorei;5296;Gruiformes;Rallidae
Rallus limicola;5297;Gruiformes;Rallidae
Rallus aequatorialis;5300;Gruiformes;Rallidae
Rallus semiplumbeus;5304;Gruiformes;Rallidae
Rallus antarcticus;5307;Gruiformes;Rallidae
Rallus aquaticus;5308;Gruiformes;Rallidae
Rallus indicus;5312;Gruiformes;Rallidae
Rallus caerulescens;5314;Gruiformes;Rallidae
Rallus madagascariensis;5315;Gruiformes;Rallidae
Dryolimnas cuvieri;5317;Gruiformes;Rallidae
Crex crex;5324;Gruiformes;Rallidae
Crecopsis egregia;5325;Gruiformes;Rallidae
Rougetius rougetii;5326;Gruiformes;Rallidae
Lewinia striata;5330;Gruiformes;Rallidae
Lewinia pectoralis;5339;Gruiformes;Rallidae
Gallirallus castaneoventris;5357;Gruiformes;Rallidae
Gallirallus australis;5360;Gruiformes;Rallidae
Gallirallus okinawae;5367;Gruiformes;Rallidae
Gallirallus philippensis;5369;Gruiformes;Rallidae
Gallirallus torquatus;5401;Gruiformes;Rallidae
Pardirallus maculatus;5409;Gruiformes;Rallidae
Pardirallus nigricans;5412;Gruiformes;Rallidae
Pardirallus sanguinolentus;5415;Gruiformes;Rallidae
Mustelirallus albicollis;5422;Gruiformes;Rallidae
Mustelirallus erythrops;5429;Gruiformes;Rallidae
Amaurolimnas concolor;5432;Gruiformes;Rallidae
Aramides ypecaha;5436;Gruiformes;Rallidae
Aramides wolfi;5437;Gruiformes;Rallidae
Aramides mangle;5438;Gruiformes;Rallidae
Aramides axillaris;5439;Gruiformes;Rallidae
Aramides albiventris;5440;Gruiformes;Rallidae
Aramides cajaneus;5441;Gruiformes;Rallidae
Aramides saracura;5446;Gruiformes;Rallidae
Tribonyx ventralis;5448;Gruiformes;Rallidae
Tribonyx mortierii;5450;Gruiformes;Rallidae
Porphyriops melanops;5451;Gruiformes;Rallidae
Porzana carolina;5455;Gruiformes;Rallidae
Porzana spiloptera;5455;Gruiformes;Rallidae
Porzana porzana;5456;Gruiformes;Rallidae
Porzana fluminea;5457;Gruiformes;Rallidae
Paragallinula angulata;5458;Gruiformes;Rallidae
Gallinula chloropus;5462;Gruiformes;Rallidae
Gallinula galeata;5468;Gruiformes;Rallidae
Gallinula tenebrosa;5478;Gruiformes;Rallidae
Fulica rufifrons;5483;Gruiformes;Rallidae
Fulica cornuta;5484;Gruiformes;Rallidae
Fulica gigantea;5485;Gruiformes;Rallidae
Fulica armillata;5486;Gruiformes;Rallidae
Fulica atra;5487;Gruiformes;Rallidae
Fulica cristata;5494;Gruiformes;Rallidae
Fulica alai;5497;Gruiformes;Rallidae
Fulica americana;5500;Gruiformes;Rallidae
Fulica ardesiaca;5506;Gruiformes;Rallidae
Fulica leucoptera;5512;Gruiformes;Rallidae
Porphyrio alleni;5514;Gruiformes;Rallidae
Porphyrio martinica;5515;Gruiformes;Rallidae
Porphyrio flavirostris;5516;Gruiformes;Rallidae
Porphyrio porphyrio;5520;Gruiformes;Rallidae
Porphyrio madagascariensis;5522;Gruiformes;Rallidae
Porphyrio hochstetteri;5523;Gruiformes;Rallidae
Porphyrio melanotus;5525;Gruiformes;Rallidae
Porphyrio poliocephalus;5533;Gruiformes;Rallidae
Himantornis haematopus;5544;Gruiformes;Rallidae
Poliolimnas cinereus;5545;Gruiformes;Rallidae
Gallicrex cinerea;5549;Gruiformes;Rallidae
Amaurornis cinerea;5550;Gruiformes;Rallidae
Amaurornis isabellina;5550;Gruiformes;Rallidae
Amaurornis olivacea;5551;Gruiformes;Rallidae
Amaurornis phoenicurus;5552;Gruiformes;Rallidae
Amaurornis moluccana;5559;Gruiformes;Rallidae
Aenigmatolimnas marginalis;5564;Gruiformes;Rallidae
Rallina tricolor;5565;Gruiformes;Rallidae
Rallina canningi;5566;Gruiformes;Rallidae
Rallina fasciata;5568;Gruiformes;Rallidae
Rallina eurizonoides;5569;Gruiformes;Rallidae
Zapornia fusca;5578;Gruiformes;Rallidae
Zapornia paykullii;5583;Gruiformes;Rallidae
Zapornia akool;5584;Gruiformes;Rallidae
Zapornia flavirostra;5587;Gruiformes;Rallidae
Zapornia parva;5588;Gruiformes;Rallidae
Zapornia pusilla;5589;Gruiformes;Rallidae
Zapornia bicolor;5602;Gruiformes;Rallidae
Zapornia tabuensis;5606;Gruiformes;Rallidae
Rufirallus schomburgkii;5613;Gruiformes;Rallidae
Rufirallus viridis;5616;Gruiformes;Rallidae
Rufirallus fasciatus;5619;Gruiformes;Rallidae
Rufirallus leucopyrrhus;5620;Gruiformes;Rallidae
Rufirallus xenopterus;5621;Gruiformes;Rallidae
Anurolimnas castaneiceps;5622;Gruiformes;Rallidae
Anurolimnas fasciatus;5622;Gruiformes;Rallidae
Anurolimnas viridis;5622;Gruiformes;Rallidae
Coturnicops exquisitus;5625;Gruiformes;Rallidae
Coturnicops noveboracensis;5626;Gruiformes;Rallidae
Laterallus leucopyrrhus;5629;Gruiformes;Rallidae
Laterallus xenopterus;5629;Gruiformes;Rallidae
Laterallus flaviventer;5631;Gruiformes;Rallidae
Laterallus levraudi;5637;Gruiformes;Rallidae
Laterallus melanophaius;5638;Gruiformes;Rallidae
Laterallus ruber;5642;Gruiformes;Rallidae
Laterallus albigularis;5643;Gruiformes;Rallidae
Laterallus exilis;5649;Gruiformes;Rallidae
Laterallus spilonota;5650;Gruiformes;Rallidae
Laterallus jamaicensis;5651;Gruiformes;Rallidae
Podica senegalensis;5663;Gruiformes;Heliornithidae
Heliornis fulica;5669;Gruiformes;Heliornithidae
Aramus guarauna;5671;Gruiformes;Aramidae
Psophia crepitans;5678;Gruiformes;Psophiidae
Psophia leucoptera;5682;Gruiformes;Psophiidae
Psophia viridis;5683;Gruiformes;Psophiidae
Balearica regulorum;5690;Gruiformes;Gruidae
Balearica pavonina;5693;Gruiformes;Gruidae
Leucogeranus leucogeranus;5696;Gruiformes;Gruidae
Antigone canadensis;5697;Gruiformes;Gruidae
Antigone vipio;5705;Gruiformes;Gruidae
Antigone rubicunda;5706;Gruiformes;Gruidae
Antigone antigone;5707;Gruiformes;Gruidae
Grus virgo;5713;Gruiformes;Gruidae
Grus paradiseus;5714;Gruiformes;Gruidae
Grus japonensis;5715;Gruiformes;Gruidae
Grus americana;5716;Gruiformes;Gruidae
Grus grus;5718;Gruiformes;Gruidae
Grus nigricollis;5720;Gruiformes;Gruidae
Grus monacha;5721;Gruiformes;Gruidae
Pluvianellus socialis;5725;Charadriiformes;Pluvianellidae
Chionis albus;5732;Charadriiformes;Chionidae
Hesperoburhinus bistriatus;5734;Charadriiformes;Burhinidae
Hesperoburhinus superciliaris;5739;Charadriiformes;Burhinidae
Esacus recurvirostris;5740;Charadriiformes;Burhinidae
Esacus magnirostris;5741;Charadriiformes;Burhinidae
Burhinus bistriatus;5742;Charadriiformes;Burhinidae
Burhinus capensis;5742;Charadriiformes;Burhinidae
Burhinus superciliaris;5742;Charadriiformes;Burhinidae
Burhinus vermiculatus;5747;Charadriiformes;Burhinidae
Burhinus grallarius;5750;Charadriiformes;Burhinidae
Burhinus oedicnemus;5751;Charadriiformes;Burhinidae
Burhinus indicus;5757;Charadriiformes;Burhinidae
Burhinus senegalensis;5758;Charadriiformes;Burhinidae
Pluvianus aegyptius;5761;Charadriiformes;Pluvianidae
Himantopus himantopus;5763;Charadriiformes;Recurvirostridae
Himantopus melanurus;5763;Charadriiformes;Recurvirostridae
Himantopus leucocephalus;5764;Charadriiformes;Recurvirostridae
Himantopus novaezelandiae;5767;Charadriiformes;Recurvirostridae
Himantopus mexicanus;5770;Charadriiformes;Recurvirostridae
Cladorhynchus leucocephalus;5776;Charadriiformes;Recurvirostridae
Recurvirostra avosetta;5777;Charadriiformes;Recurvirostridae
Recurvirostra novaehollandiae;5778;Charadriiformes;Recurvirostridae
Recurvirostra andina;5779;Charadriiformes;Recurvirostridae
Recurvirostra americana;5780;Charadriiformes;Recurvirostridae
Ibidorhyncha struthersii;5784;Charadriiformes;Ibidorhynchidae
Haematopus ostralegus;5786;Charadriiformes;Haematopodidae
Haematopus longirostris;5791;Charadriiformes;Haematopodidae
Haematopus finschi;5792;Charadriiformes;Haematopodidae
Haematopus unicolor;5794;Charadriiformes;Haematopodidae
Haematopus fuliginosus;5796;Charadriiformes;Haematopodidae
Haematopus palliatus;5799;Charadriiformes;Haematopodidae
Haematopus moquini;5802;Charadriiformes;Haematopodidae
Haematopus ater;5804;Charadriiformes;Haematopodidae
Haematopus leucopodus;5805;Charadriiformes;Haematopodidae
Haematopus bachmani;5806;Charadriiformes;Haematopodidae
Pluvialis squatarola;5811;Charadriiformes;Charadriidae
Pluvialis apricaria;5812;Charadriiformes;Charadriidae
Pluvialis dominica;5815;Charadriiformes;Charadriidae
Pluvialis fulva;5816;Charadriiformes;Charadriidae
Oreopholus ruficollis;5820;Charadriiformes;Charadriidae
Hoploxypterus cayanus;5823;Charadriiformes;Charadriidae
Phegornis mitchellii;5824;Charadriiformes;Charadriidae
Zonibyx modestus;5825;Charadriiformes;Charadriidae
Eudromias morinellus;5826;Charadriiformes;Charadriidae
Charadrius alexandrinus;5827;Charadriiformes;Charadriidae
Charadrius bicinctus;5827;Charadriiformes;Charadriidae
Charadrius collaris;5827;Charadriiformes;Charadriidae
Charadrius dubius;5827;Charadriiformes;Charadriidae
Charadrius falklandicus;5827;Charadriiformes;Charadriidae
Charadrius javanicus;5827;Charadriiformes;Charadriidae
Charadrius leschenaultii;5827;Charadriiformes;Charadriidae
Charadrius modestus;5827;Charadriiformes;Charadriidae
Charadrius mongolus;5827;Charadriiformes;Charadriidae
Charadrius montanus;5827;Charadriiformes;Charadriidae
Charadrius morinellus;5827;Charadriiformes;Charadriidae
Charadrius nivosus;5827;Charadriiformes;Charadriidae
Charadrius peronii;5827;Charadriiformes;Charadriidae
Charadrius placidus;5827;Charadriiformes;Charadriidae
Charadrius tricollaris;5827;Charadriiformes;Charadriidae
Charadrius veredus;5827;Charadriiformes;Charadriidae
Charadrius vociferus;5827;Charadriiformes;Charadriidae
Charadrius wilsonia;5827;Charadriiformes;Charadriidae
Charadrius hiaticula;5831;Charadriiformes;Charadriidae
Charadrius semipalmatus;5834;Charadriiformes;Charadriidae
Charadrius melodus;5836;Charadriiformes;Charadriidae
Thinornis cucullatus;5837;Charadriiformes;Charadriidae
Thinornis melanops;5840;Charadriiformes;Charadriidae
Thinornis novaeseelandiae;5841;Charadriiformes;Charadriidae
Thinornis forbesi;5844;Charadriiformes;Charadriidae
Thinornis tricollaris;5845;Charadriiformes;Charadriidae
Thinornis dubius;5848;Charadriiformes;Charadriidae
Thinornis placidus;5854;Charadriiformes;Charadriidae
Vanellus cayanus;5856;Charadriiformes;Charadriidae
Vanellus vanellus;5856;Charadriiformes;Charadriidae
Vanellus crassirostris;5857;Charadriiformes;Charadriidae
Vanellus armatus;5860;Charadriiformes;Charadriidae
Vanellus spinosus;5861;Charadriiformes;Charadriidae
Vanellus duvaucelii;5862;Charadriiformes;Charadriidae
Vanellus malabaricus;5863;Charadriiformes;Charadriidae
Vanellus tectus;5864;Charadriiformes;Charadriidae
Vanellus albiceps;5867;Charadriiformes;Charadriidae
Vanellus lugubris;5869;Charadriiformes;Charadriidae
Vanellus melanopterus;5870;Charadriiformes;Charadriidae
Vanellus coronatus;5873;Charadriiformes;Charadriidae
Vanellus senegallus;5876;Charadriiformes;Charadriidae
Vanellus melanocephalus;5880;Charadriiformes;Charadriidae
Vanellus cinereus;5882;Charadriiformes;Charadriidae
Vanellus indicus;5883;Charadriiformes;Charadriidae
Vanellus tricolor;5890;Charadriiformes;Charadriidae
Vanellus miles;5891;Charadriiformes;Charadriidae
Vanellus gregarius;5894;Charadriiformes;Charadriidae
Vanellus leucurus;5895;Charadriiformes;Charadriidae
Vanellus chilensis;5896;Charadriiformes;Charadriidae
Vanellus resplendens;5902;Charadriiformes;Charadriidae
Erythrogonys cinctus;5904;Charadriiformes;Charadriidae
Anarhynchus veredus;5907;Charadriiformes;Charadriidae
Anarhynchus mongolus;5908;Charadriiformes;Charadriidae
Anarhynchus atrifrons;5911;Charadriiformes;Charadriidae
Anarhynchus leschenaultii;5916;Charadriiformes;Charadriidae
Anarhynchus bicinctus;5921;Charadriiformes;Charadriidae
Anarhynchus frontalis;5924;Charadriiformes;Charadriidae
Anarhynchus obscurus;5925;Charadriiformes;Charadriidae
Anarhynchus wilsonia;5928;Charadriiformes;Charadriidae
Anarhynchus collaris;5933;Charadriiformes;Charadriidae
Anarhynchus montanus;5934;Charadriiformes;Charadriidae
Anarhynchus alticola;5935;Charadriiformes;Charadriidae
Anarhynchus falklandicus;5936;Charadriiformes;Charadriidae
Anarhynchus thoracicus;5937;Charadriiformes;Charadriidae
Anarhynchus pecuarius;5938;Charadriiformes;Charadriidae
Anarhynchus ruficapillus;5940;Charadriiformes;Charadriidae
Anarhynchus nivosus;5941;Charadriiformes;Charadriidae
Anarhynchus pallidus;5944;Charadriiformes;Charadriidae
Anarhynchus peronii;5947;Charadriiformes;Charadriidae
Anarhynchus marginatus;5948;Charadriiformes;Charadriidae
Anarhynchus javanicus;5953;Charadriiformes;Charadriidae
Anarhynchus alexandrinus;5954;Charadriiformes;Charadriidae
Anarhynchus dealbatus;5960;Charadriiformes;Charadriidae
Pedionomus torquatus;5966;Charadriiformes;Pedionomidae
Attagis gayi;5968;Charadriiformes;Thinocoridae
Attagis malouinus;5972;Charadriiformes;Thinocoridae
Thinocorus orbignyianus;5973;Charadriiformes;Thinocoridae
Thinocorus rumicivorus;5976;Charadriiformes;Thinocoridae
Rostratula benghalensis;5983;Charadriiformes;Rostratulidae
Nycticryphes semicollaris;5985;Charadriiformes;Rostratulidae
Hydrophasianus chirurgus;5987;Charadriiformes;Jacanidae
Jacana spinosa;5988;Charadriiformes;Jacanidae
Jacana jacana;5989;Charadriiformes;Jacanidae
Irediparra gallinacea;6000;Charadriiformes;Jacanidae
Metopidius indicus;6004;Charadriiformes;Jacanidae
Actophilornis africanus;6005;Charadriiformes;Jacanidae
Bartramia longicauda;6009;Charadriiformes;Scolopacidae
Numenius tahitiensis;6010;Charadriiformes;Scolopacidae
Numenius hudsonicus;6011;Charadriiformes;Scolopacidae
Numenius phaeopus;6012;Charadriiformes;Scolopacidae
Numenius minutus;6019;Charadriiformes;Scolopacidae
Numenius americanus;6021;Charadriiformes;Scolopacidae
Numenius madagascariensis;6024;Charadriiformes;Scolopacidae
Numenius arquata;6026;Charadriiformes;Scolopacidae
Limosa lapponica;6033;Charadriiformes;Scolopacidae
Limosa limosa;6042;Charadriiformes;Scolopacidae
Limosa haemastica;6048;Charadriiformes;Scolopacidae
Limosa fedoa;6051;Charadriiformes;Scolopacidae
Limnodromus semipalmatus;6056;Charadriiformes;Scolopacidae
Limnodromus griseus;6057;Charadriiformes;Scolopacidae
Limnodromus scolopaceus;6061;Charadriiformes;Scolopacidae
Lymnocryptes minimus;6063;Charadriiformes;Scolopacidae
Scolopax minor;6064;Charadriiformes;Scolopacidae
Scolopax rusticola;6065;Charadriiformes;Scolopacidae
Scolopax bukidnonensis;6068;Charadriiformes;Scolopacidae
Scolopax rosenbergii;6070;Charadriiformes;Scolopacidae
Gallinago imperialis;6083;Charadriiformes;Scolopacidae
Gallinago jamesoni;6084;Charadriiformes;Scolopacidae
Gallinago stricklandii;6085;Charadriiformes;Scolopacidae
Gallinago solitaria;6086;Charadriiformes;Scolopacidae
Gallinago nemoricola;6089;Charadriiformes;Scolopacidae
Gallinago media;6090;Charadriiformes;Scolopacidae
Gallinago megala;6091;Charadriiformes;Scolopacidae
Gallinago stenura;6092;Charadriiformes;Scolopacidae
Gallinago hardwickii;6094;Charadriiformes;Scolopacidae
Gallinago nigripennis;6095;Charadriiformes;Scolopacidae
Gallinago gallinago;6099;Charadriiformes;Scolopacidae
Gallinago delicata;6104;Charadriiformes;Scolopacidae
Gallinago undulata;6106;Charadriiformes;Scolopacidae
Gallinago nobilis;6109;Charadriiformes;Scolopacidae
Gallinago andina;6110;Charadriiformes;Scolopacidae
Gallinago macrodactyla;6113;Charadriiformes;Scolopacidae
Gallinago paraguaiae;6114;Charadriiformes;Scolopacidae
Gallinago magellanica;6116;Charadriiformes;Scolopacidae
Phalaropus tricolor;6119;Charadriiformes;Scolopacidae
Phalaropus fulicarius;6120;Charadriiformes;Scolopacidae
Phalaropus lobatus;6121;Charadriiformes;Scolopacidae
Xenus cinereus;6124;Charadriiformes;Scolopacidae
Actitis hypoleucos;6125;Charadriiformes;Scolopacidae
Actitis macularius;6126;Charadriiformes;Scolopacidae
Tringa ochropus;6128;Charadriiformes;Scolopacidae
Tringa solitaria;6129;Charadriiformes;Scolopacidae
Tringa brevipes;6133;Charadriiformes;Scolopacidae
Tringa incana;6134;Charadriiformes;Scolopacidae
Tringa stagnatilis;6136;Charadriiformes;Scolopacidae
Tringa glareola;6137;Charadriiformes;Scolopacidae
Tringa totanus;6138;Charadriiformes;Scolopacidae
Tringa flavipes;6145;Charadriiformes;Scolopacidae
Tringa guttifer;6146;Charadriiformes;Scolopacidae
Tringa semipalmata;6147;Charadriiformes;Scolopacidae
Tringa erythropus;6150;Charadriiformes;Scolopacidae
Tringa nebularia;6152;Charadriiformes;Scolopacidae
Tringa melanoleuca;6154;Charadriiformes;Scolopacidae
Prosobonia parvirostris;6160;Charadriiformes;Scolopacidae
Arenaria interpres;6161;Charadriiformes;Scolopacidae
Arenaria melanocephala;6164;Charadriiformes;Scolopacidae
Calidris tenuirostris;6165;Charadriiformes;Scolopacidae
Calidris canutus;6166;Charadriiformes;Scolopacidae
Calidris virgata;6174;Charadriiformes;Scolopacidae
Calidris pugnax;6177;Charadriiformes;Scolopacidae
Calidris falcinellus;6178;Charadriiformes;Scolopacidae
Calidris acuminata;6181;Charadriiformes;Scolopacidae
Calidris ferruginea;6182;Charadriiformes;Scolopacidae
Calidris himantopus;6183;Charadriiformes;Scolopacidae
Calidris temminckii;6184;Charadriiformes;Scolopacidae
Calidris subminuta;6185;Charadriiformes;Scolopacidae
Calidris ruficollis;6186;Charadriiformes;Scolopacidae
Calidris pygmaea;6187;Charadriiformes;Scolopacidae
Calidris subruficollis;6188;Charadriiformes;Scolopacidae
Calidris alba;6189;Charadriiformes;Scolopacidae
Calidris alpina;6192;Charadriiformes;Scolopacidae
Calidris maritima;6207;Charadriiformes;Scolopacidae
Calidris ptilocnemis;6209;Charadriiformes;Scolopacidae
Calidris bairdii;6217;Charadriiformes;Scolopacidae
Calidris minuta;6219;Charadriiformes;Scolopacidae
Calidris fuscicollis;6221;Charadriiformes;Scolopacidae
Calidris minutilla;6226;Charadriiformes;Scolopacidae
Calidris melanotos;6227;Charadriiformes;Scolopacidae
Calidris mauri;6231;Charadriiformes;Scolopacidae
Calidris pusilla;6232;Charadriiformes;Scolopacidae
Turnix tanki;6240;Charadriiformes;Turnicidae
Turnix maculosus;6243;Charadriiformes;Turnicidae
Turnix suscitator;6258;Charadriiformes;Turnicidae
Turnix ocellatus;6276;Charadriiformes;Turnicidae
Turnix sylvaticus;6279;Charadriiformes;Turnicidae
Turnix velox;6289;Charadriiformes;Turnicidae
Turnix castanotus;6295;Charadriiformes;Turnicidae
Turnix varius;6297;Charadriiformes;Turnicidae
Turnix melanogaster;6301;Charadriiformes;Turnicidae
Dromas ardeola;6306;Charadriiformes;Dromadidae
Smutsornis africanus;6308;Charadriiformes;Glareolidae
Rhinoptilus chalcopterus;6317;Charadriiformes;Glareolidae
Rhinoptilus cinctus;6319;Charadriiformes;Glareolidae
Cursorius temminckii;6325;Charadriiformes;Glareolidae
Cursorius coromandelicus;6329;Charadriiformes;Glareolidae
Cursorius cursor;6330;Charadriiformes;Glareolidae
Cursorius somalensis;6334;Charadriiformes;Glareolidae
Cursorius rufus;6337;Charadriiformes;Glareolidae
Glareola nuchalis;6340;Charadriiformes;Glareolidae
Glareola isabella;6343;Charadriiformes;Glareolidae
Glareola lactea;6345;Charadriiformes;Glareolidae
Glareola ocularis;6346;Charadriiformes;Glareolidae
Glareola pratincola;6347;Charadriiformes;Glareolidae
Glareola nordmanni;6351;Charadriiformes;Glareolidae
Glareola maldivarum;6353;Charadriiformes;Glareolidae
Stercorarius longicaudus;6358;Charadriiformes;Stercorariidae
Stercorarius parasiticus;6361;Charadriiformes;Stercorariidae
Stercorarius pomarinus;6363;Charadriiformes;Stercorariidae
Stercorarius skua;6366;Charadriiformes;Stercorariidae
Stercorarius chilensis;6367;Charadriiformes;Stercorariidae
Stercorarius antarcticus;6368;Charadriiformes;Stercorariidae
Stercorarius maccormicki;6372;Charadriiformes;Stercorariidae
Cerorhinca monocerata;6377;Charadriiformes;Alcidae
Fratercula arctica;6379;Charadriiformes;Alcidae
Ptychoramphus aleuticus;6385;Charadriiformes;Alcidae
Aethia pusilla;6388;Charadriiformes;Alcidae
Aethia pygmaea;6389;Charadriiformes;Alcidae
Aethia cristatella;6390;Charadriiformes;Alcidae
Aethia psittacula;6391;Charadriiformes;Alcidae
Brachyramphus brevirostris;6394;Charadriiformes;Alcidae
Brachyramphus marmoratus;6395;Charadriiformes;Alcidae
Cepphus grylle;6396;Charadriiformes;Alcidae
Cepphus columba;6404;Charadriiformes;Alcidae
Alca torda;6412;Charadriiformes;Alcidae
Alle alle;6416;Charadriiformes;Alcidae
Uria lomvia;6419;Charadriiformes;Alcidae
Uria aalge;6424;Charadriiformes;Alcidae
Synthliboramphus antiquus;6433;Charadriiformes;Alcidae
Synthliboramphus scrippsi;6437;Charadriiformes;Alcidae
Synthliboramphus craveri;6440;Charadriiformes;Alcidae
Creagrus furcatus;6446;Charadriiformes;Laridae
Hydrocoloeus minutus;6447;Charadriiformes;Laridae
Rhodostethia rosea;6448;Charadriiformes;Laridae
Rissa tridactyla;6449;Charadriiformes;Laridae
Rissa brevirostris;6452;Charadriiformes;Laridae
Pagophila eburnea;6454;Charadriiformes;Laridae
Xema sabini;6455;Charadriiformes;Laridae
Saundersilarus saundersi;6460;Charadriiformes;Laridae
Chroicocephalus genei;6461;Charadriiformes;Laridae
Chroicocephalus philadelphia;6462;Charadriiformes;Laridae
Chroicocephalus novaehollandiae;6463;Charadriiformes;Laridae
Chroicocephalus bulleri;6468;Charadriiformes;Laridae
Chroicocephalus serranus;6470;Charadriiformes;Laridae
Chroicocephalus maculipennis;6471;Charadriiformes;Laridae
Chroicocephalus ridibundus;6474;Charadriiformes;Laridae
Chroicocephalus brunnicephalus;6477;Charadriiformes;Laridae
Chroicocephalus cirrocephalus;6480;Charadriiformes;Laridae
Chroicocephalus hartlaubii;6484;Charadriiformes;Laridae
Leucophaeus modestus;6488;Charadriiformes;Laridae
Leucophaeus scoresbii;6489;Charadriiformes;Laridae
Leucophaeus atricilla;6490;Charadriiformes;Laridae
Leucophaeus pipixcan;6494;Charadriiformes;Laridae
Leucophaeus fuliginosus;6497;Charadriiformes;Laridae
Ichthyaetus ichthyaetus;6498;Charadriiformes;Laridae
Ichthyaetus relictus;6499;Charadriiformes;Laridae
Ichthyaetus audouinii;6500;Charadriiformes;Laridae
Ichthyaetus melanocephalus;6501;Charadriiformes;Laridae
Ichthyaetus hemprichii;6504;Charadriiformes;Laridae
Ichthyaetus leucophthalmus;6505;Charadriiformes;Laridae
Larus pacificus;6506;Charadriiformes;Laridae
Larus belcheri;6509;Charadriiformes;Laridae
Larus crassirostris;6510;Charadriiformes;Laridae
Larus atlanticus;6511;Charadriiformes;Laridae
Larus heermanni;6512;Charadriiformes;Laridae
Larus canus;6513;Charadriiformes;Laridae
Larus brachyrhynchus;6519;Charadriiformes;Laridae
Larus delawarensis;6521;Charadriiformes;Laridae
Larus livens;6527;Charadriiformes;Laridae
Larus occidentalis;6528;Charadriiformes;Laridae
Larus cachinnans;6532;Charadriiformes;Laridae
Larus dominicanus;6533;Charadriiformes;Laridae
Larus smithsonianus;6539;Charadriiformes;Laridae
Larus vegae;6541;Charadriiformes;Laridae
Larus mongolicus;6543;Charadriiformes;Laridae
Larus argentatus;6545;Charadriiformes;Laridae
Larus michahellis;6552;Charadriiformes;Laridae
Larus armenicus;6560;Charadriiformes;Laridae
Larus marinus;6562;Charadriiformes;Laridae
Larus hyperboreus;6566;Charadriiformes;Laridae
Larus fuscus;6576;Charadriiformes;Laridae
Larus californicus;6591;Charadriiformes;Laridae
Larus glaucescens;6596;Charadriiformes;Laridae
Larus schistisagus;6602;Charadriiformes;Laridae
Larus glaucoides;6606;Charadriiformes;Laridae
Rynchops flavirostris;6620;Charadriiformes;Laridae
Rynchops albicollis;6621;Charadriiformes;Laridae
Rynchops niger;6622;Charadriiformes;Laridae
Gygis alba;6626;Charadriiformes;Laridae
Anous stolidus;6634;Charadriiformes;Laridae
Anous tenuirostris;6639;Charadriiformes;Laridae
Anous minutus;6642;Charadriiformes;Laridae
Anous ceruleus;6657;Charadriiformes;Laridae
Onychoprion aleuticus;6664;Charadriiformes;Laridae
Onychoprion fuscatus;6665;Charadriiformes;Laridae
Onychoprion anaethetus;6673;Charadriiformes;Laridae
Onychoprion lunatus;6679;Charadriiformes;Laridae
Sternula albifrons;6682;Charadriiformes;Laridae
Sternula saundersi;6688;Charadriiformes;Laridae
Sternula balaenarum;6690;Charadriiformes;Laridae
Sternula nereis;6692;Charadriiformes;Laridae
Sternula antillarum;6699;Charadriiformes;Laridae
Sternula superciliaris;6704;Charadriiformes;Laridae
Sternula lorata;6705;Charadriiformes;Laridae
Phaetusa simplex;6707;Charadriiformes;Laridae
Gelochelidon nilotica;6710;Charadriiformes;Laridae
Gelochelidon macrotarsa;6716;Charadriiformes;Laridae
Hydroprogne caspia;6718;Charadriiformes;Laridae
Larosterna inca;6719;Charadriiformes;Laridae
Chlidonias hybrida;6720;Charadriiformes;Laridae
Chlidonias albostriatus;6724;Charadriiformes;Laridae
Chlidonias niger;6725;Charadriiformes;Laridae
Chlidonias leucopterus;6728;Charadriiformes;Laridae
Sterna aurantia;6730;Charadriiformes;Laridae
Sterna forsteri;6731;Charadriiformes;Laridae
Sterna trudeaui;6732;Charadriiformes;Laridae
Sterna paradisaea;6733;Charadriiformes;Laridae
Sterna hirundinacea;6735;Charadriiformes;Laridae
Sterna vittata;6736;Charadriiformes;Laridae
Sterna hirundo;6748;Charadriiformes;Laridae
Sterna repressa;6757;Charadriiformes;Laridae
Sterna sumatrana;6758;Charadriiformes;Laridae
Sterna dougallii;6761;Charadriiformes;Laridae
Sterna striata;6768;Charadriiformes;Laridae
Sterna acuticauda;6772;Charadriiformes;Laridae
Thalasseus acuflavidus;6775;Charadriiformes;Laridae
Thalasseus sandvicensis;6775;Charadriiformes;Laridae
Thalasseus elegans;6780;Charadriiformes;Laridae
Thalasseus bengalensis;6783;Charadriiformes;Laridae
Thalasseus albididorsalis;6788;Charadriiformes;Laridae
Thalasseus maximus;6789;Charadriiformes;Laridae
Thalasseus bergii;6792;Charadriiformes;Laridae
Thalasseus bernsteini;6799;Charadriiformes;Laridae
Phoenicopterus chilensis;6806;Phoenicopteriformes;Phoenicopteridae
Phoenicopterus ruber;6807;Phoenicopteriformes;Phoenicopteridae
Phoenicopterus roseus;6811;Phoenicopteriformes;Phoenicopteridae
Phoeniconaias minor;6815;Phoenicopteriformes;Phoenicopteridae
Phoenicoparrus andinus;6817;Phoenicopteriformes;Phoenicopteridae
Phoenicoparrus jamesi;6818;Phoenicopteriformes;Phoenicopteridae
Rollandia rolland;6821;Podicipediformes;Podicipedidae
Rollandia microptera;6825;Podicipediformes;Podicipedidae
Tachybaptus ruficollis;6827;Podicipediformes;Podicipedidae
Tachybaptus novaehollandiae;6840;Podicipediformes;Podicipedidae
Tachybaptus pelzelnii;6848;Podicipediformes;Podicipedidae
Tachybaptus dominicus;6849;Podicipediformes;Podicipedidae
Podilymbus podiceps;6855;Podicipediformes;Podicipedidae
Poliocephalus poliocephalus;6860;Podicipediformes;Podicipedidae
Podiceps major;6863;Podicipediformes;Podicipedidae
Podiceps auritus;6866;Podicipediformes;Podicipedidae
Podiceps grisegena;6869;Podicipediformes;Podicipedidae
Podiceps cristatus;6872;Podicipediformes;Podicipedidae
Podiceps nigricollis;6876;Podicipediformes;Podicipedidae
Podiceps occipitalis;6882;Podicipediformes;Podicipedidae
Podiceps taczanowskii;6885;Podicipediformes;Podicipedidae
Podiceps gallardoi;6886;Podicipediformes;Podicipedidae
Aechmophorus occidentalis;6888;Podicipediformes;Podicipedidae
Aechmophorus clarkii;6891;Podicipediformes;Podicipedidae
Opisthocomus hoazin;6898;Opisthocomiformes;Opisthocomidae
Rhynochetos jubatus;6900;Eurypygiformes;Rhynochetidae
Eurypyga helias;6902;Eurypygiformes;Eurypygidae
Phaethon lepturus;6908;Phaethontiformes;Phaethontidae
Phaethon aethereus;6915;Phaethontiformes;Phaethontidae
Phaethon rubricauda;6919;Phaethontiformes;Phaethontidae
Gavia stellata;6927;Gaviiformes;Gaviidae
Gavia arctica;6928;Gaviiformes;Gaviidae
Gavia pacifica;6931;Gaviiformes;Gaviidae
Gavia immer;6933;Gaviiformes;Gaviidae
Gavia adamsii;6934;Gaviiformes;Gaviidae
Aptenodytes patagonicus;6939;Sphenisciformes;Spheniscidae
Aptenodytes forsteri;6940;Sphenisciformes;Spheniscidae
Pygoscelis adeliae;6941;Sphenisciformes;Spheniscidae
Pygoscelis papua;6942;Sphenisciformes;Spheniscidae
Pygoscelis antarcticus;6947;Sphenisciformes;Spheniscidae
Megadyptes antipodes;6948;Sphenisciformes;Spheniscidae
Eudyptula minor;6949;Sphenisciformes;Spheniscidae
Spheniscus demersus;6956;Sphenisciformes;Spheniscidae
Spheniscus magellanicus;6959;Sphenisciformes;Spheniscidae
Eudyptes pachyrhynchus;6961;Sphenisciformes;Spheniscidae
Eudyptes chrysolophus;6963;Sphenisciformes;Spheniscidae
Eudyptes schlegeli;6964;Sphenisciformes;Spheniscidae
Eudyptes chrysocome;6965;Sphenisciformes;Spheniscidae
Diomedea epomophora;6974;Procellariiformes;Diomedeidae
Diomedea exulans;6976;Procellariiformes;Diomedeidae
Diomedea antipodensis;6979;Procellariiformes;Diomedeidae
Phoebastria irrorata;6986;Procellariiformes;Diomedeidae
Phoebastria immutabilis;6987;Procellariiformes;Diomedeidae
Phoebastria nigripes;6988;Procellariiformes;Diomedeidae
Phoebetria palpebrata;6992;Procellariiformes;Diomedeidae
Thalassarche chlororhynchos;6993;Procellariiformes;Diomedeidae
Thalassarche bulleri;6997;Procellariiformes;Diomedeidae
Thalassarche cauta;7000;Procellariiformes;Diomedeidae
Thalassarche salvini;7003;Procellariiformes;Diomedeidae
Thalassarche melanophris;7006;Procellariiformes;Diomedeidae
Oceanites oceanicus;7013;Procellariiformes;Oceanitidae
Oceanites pincoyae;7018;Procellariiformes;Oceanitidae
Oceanites gracilis;7020;Procellariiformes;Oceanitidae
Fregetta tropica;7040;Procellariiformes;Oceanitidae
Hydrobates pelagicus;7046;Procellariiformes;Hydrobatidae
Hydrobates furcatus;7049;Procellariiformes;Hydrobatidae
Hydrobates hornbyi;7052;Procellariiformes;Hydrobatidae
Hydrobates leucorhous;7053;Procellariiformes;Hydrobatidae
Hydrobates monorhis;7062;Procellariiformes;Hydrobatidae
Hydrobates homochroa;7063;Procellariiformes;Hydrobatidae
Hydrobates castro;7064;Procellariiformes;Hydrobatidae
Hydrobates melania;7074;Procellariiformes;Hydrobatidae
Hydrobates markhami;7076;Procellariiformes;Hydrobatidae
Hydrobates tristrami;7080;Procellariiformes;Hydrobatidae
Macronectes giganteus;7087;Procellariiformes;Procellariidae
Macronectes halli;7088;Procellariiformes;Procellariidae
Fulmarus glacialis;7090;Procellariiformes;Procellariidae
Fulmarus glacialoides;7095;Procellariiformes;Procellariidae
Daption capense;7097;Procellariiformes;Procellariidae
Pagodroma nivea;7100;Procellariiformes;Procellariidae
Pterodroma gouldi;7106;Procellariiformes;Procellariidae
Pterodroma neglecta;7108;Procellariiformes;Procellariidae
Pterodroma magentae;7111;Procellariiformes;Procellariidae
Pterodroma heraldica;7113;Procellariiformes;Procellariidae
Pterodroma madeira;7118;Procellariiformes;Procellariidae
Pterodroma mollis;7123;Procellariiformes;Procellariidae
Pterodroma inexpectata;7128;Procellariiformes;Procellariidae
Pterodroma cahow;7129;Procellariiformes;Procellariidae
Pterodroma externa;7135;Procellariiformes;Procellariidae
Pterodroma phaeopygia;7137;Procellariiformes;Procellariidae
Pterodroma sandwichensis;7138;Procellariiformes;Procellariidae
Pterodroma cervicalis;7140;Procellariiformes;Procellariidae
Pterodroma hypoleuca;7142;Procellariiformes;Procellariidae
Pterodroma nigripennis;7143;Procellariiformes;Procellariidae
Pterodroma cookii;7145;Procellariiformes;Procellariidae
Halobaena caerulea;7159;Procellariiformes;Procellariidae
Pachyptila turtur;7160;Procellariiformes;Procellariidae
Pachyptila vittata;7161;Procellariiformes;Procellariidae
Pachyptila desolata;7167;Procellariiformes;Procellariidae
Pachyptila belcheri;7171;Procellariiformes;Procellariidae
Bulweria bulwerii;7178;Procellariiformes;Procellariidae
Procellaria cinerea;7191;Procellariiformes;Procellariidae
Procellaria aequinoctialis;7192;Procellariiformes;Procellariidae
Procellaria parkinsoni;7196;Procellariiformes;Procellariidae
Procellaria westlandica;7197;Procellariiformes;Procellariidae
Calonectris leucomelas;7199;Procellariiformes;Procellariidae
Calonectris borealis;7200;Procellariiformes;Procellariidae
Calonectris diomedea;7201;Procellariiformes;Procellariidae
Ardenna creatopus;7205;Procellariiformes;Procellariidae
Ardenna carneipes;7206;Procellariiformes;Procellariidae
Ardenna gravis;7207;Procellariiformes;Procellariidae
Ardenna pacifica;7209;Procellariiformes;Procellariidae
Ardenna bulleri;7212;Procellariiformes;Procellariidae
Ardenna grisea;7213;Procellariiformes;Procellariidae
Ardenna tenuirostris;7214;Procellariiformes;Procellariidae
Puffinus nativitatis;7216;Procellariiformes;Procellariidae
Puffinus subalaris;7217;Procellariiformes;Procellariidae
Puffinus puffinus;7220;Procellariiformes;Procellariidae
Puffinus yelkouan;7223;Procellariiformes;Procellariidae
Puffinus mauretanicus;7224;Procellariiformes;Procellariidae
Puffinus newelli;7229;Procellariiformes;Procellariidae
Puffinus opisthomelas;7234;Procellariiformes;Procellariidae
Puffinus gavia;7235;Procellariiformes;Procellariidae
Puffinus assimilis;7237;Procellariiformes;Procellariidae
Puffinus baroli;7244;Procellariiformes;Procellariidae
Puffinus boydi;7245;Procellariiformes;Procellariidae
Puffinus lherminieri;7247;Procellariiformes;Procellariidae
Puffinus bailloni;7250;Procellariiformes;Procellariidae
Pelecanoides urinatrix;7264;Procellariiformes;Procellariidae
Anastomus oscitans;7279;Ciconiiformes;Ciconiidae
Anastomus lamelligerus;7280;Ciconiiformes;Ciconiidae
Ciconia nigra;7283;Ciconiiformes;Ciconiidae
Ciconia maguari;7290;Ciconiiformes;Ciconiidae
Ciconia ciconia;7291;Ciconiiformes;Ciconiidae
Jabiru mycteria;7301;Ciconiiformes;Ciconiidae
Leptoptilos crumenifer;7303;Ciconiiformes;Ciconiidae
Leptoptilos dubius;7304;Ciconiiformes;Ciconiidae
Mycteria americana;7306;Ciconiiformes;Ciconiidae
Mycteria leucocephala;7309;Ciconiiformes;Ciconiidae
Fregata magnificens;7315;Suliformes;Fregatidae
Fregata ariel;7318;Suliformes;Fregatidae
Fregata minor;7323;Suliformes;Fregatidae
Fregata andrewsi;7329;Suliformes;Fregatidae
Morus bassanus;7333;Suliformes;Sulidae
Morus capensis;7334;Suliformes;Sulidae
Morus serrator;7335;Suliformes;Sulidae
Sula sula;7338;Suliformes;Sulidae
Sula leucogaster;7342;Suliformes;Sulidae
Sula brewsteri;7345;Suliformes;Sulidae
Sula dactylatra;7349;Suliformes;Sulidae
Sula granti;7355;Suliformes;Sulidae
Sula nebouxii;7358;Suliformes;Sulidae
Sula variegata;7362;Suliformes;Sulidae
Anhinga anhinga;7367;Suliformes;Anhingidae
Anhinga rufa;7370;Suliformes;Anhingidae
Anhinga melanogaster;7374;Suliformes;Anhingidae
Anhinga novaehollandiae;7375;Suliformes;Anhingidae
Microcarbo melanoleucos;7377;Suliformes;Phalacrocoracidae
Microcarbo africanus;7381;Suliformes;Phalacrocoracidae
Microcarbo niger;7386;Suliformes;Phalacrocoracidae
Microcarbo pygmaeus;7387;Suliformes;Phalacrocoracidae
Poikilocarbo gaimardi;7388;Suliformes;Phalacrocoracidae
Urile penicillatus;7389;Suliformes;Phalacrocoracidae
Urile urile;7390;Suliformes;Phalacrocoracidae
Urile pelagicus;7391;Suliformes;Phalacrocoracidae
Phalacrocorax auritus;7395;Suliformes;Phalacrocoracidae
Phalacrocorax brasilianus;7395;Suliformes;Phalacrocoracidae
Phalacrocorax carbo;7397;Suliformes;Phalacrocoracidae
Phalacrocorax punctatus;7409;Suliformes;Phalacrocoracidae
Phalacrocorax fuscicollis;7411;Suliformes;Phalacrocoracidae
Phalacrocorax sulcirostris;7413;Suliformes;Phalacrocoracidae
Phalacrocorax varius;7414;Suliformes;Phalacrocoracidae
Gulosus aristotelis;7418;Suliformes;Phalacrocoracidae
Nannopterum auritum;7424;Suliformes;Phalacrocoracidae
Nannopterum brasilianum;7431;Suliformes;Phalacrocoracidae
Leucocarbo magellanicus;7436;Suliformes;Phalacrocoracidae
Eudocimus albus;7462;Pelecaniformes;Threskiornithidae
Eudocimus ruber;7465;Pelecaniformes;Threskiornithidae
Plegadis falcinellus;7467;Pelecaniformes;Threskiornithidae
Plegadis chihi;7468;Pelecaniformes;Threskiornithidae
Plegadis ridgwayi;7471;Pelecaniformes;Threskiornithidae
Lophotibis cristata;7473;Pelecaniformes;Threskiornithidae
Cercibis oxycerca;7476;Pelecaniformes;Threskiornithidae
Mesembrinibis cayennensis;7477;Pelecaniformes;Threskiornithidae
Phimosus infuscatus;7478;Pelecaniformes;Threskiornithidae
Theristicus caerulescens;7483;Pelecaniformes;Threskiornithidae
Theristicus caudatus;7484;Pelecaniformes;Threskiornithidae
Theristicus melanopis;7487;Pelecaniformes;Threskiornithidae
Theristicus branickii;7488;Pelecaniformes;Threskiornithidae
Threskiornis aethiopicus;7491;Pelecaniformes;Threskiornithidae
Threskiornis melanocephalus;7497;Pelecaniformes;Threskiornithidae
Threskiornis molucca;7498;Pelecaniformes;Threskiornithidae
Threskiornis spinicollis;7501;Pelecaniformes;Threskiornithidae
Pseudibis papillosa;7503;Pelecaniformes;Threskiornithidae
Pseudibis davisoni;7504;Pelecaniformes;Threskiornithidae
Pseudibis gigantea;7505;Pelecaniformes;Threskiornithidae
Geronticus eremita;7506;Pelecaniformes;Threskiornithidae
Nipponia nippon;7508;Pelecaniformes;Threskiornithidae
Bostrychia olivacea;7509;Pelecaniformes;Threskiornithidae
Bostrychia rara;7515;Pelecaniformes;Threskiornithidae
Bostrychia hagedash;7516;Pelecaniformes;Threskiornithidae
Bostrychia carunculata;7522;Pelecaniformes;Threskiornithidae
Platalea leucorodia;7524;Pelecaniformes;Threskiornithidae
Platalea regia;7528;Pelecaniformes;Threskiornithidae
Platalea alba;7529;Pelecaniformes;Threskiornithidae
Platalea minor;7530;Pelecaniformes;Threskiornithidae
Platalea ajaja;7533;Pelecaniformes;Threskiornithidae
Tigriornis leucolopha;7536;Pelecaniformes;Ardeidae
Tigrisoma lineatum;7537;Pelecaniformes;Ardeidae
Tigrisoma mexicanum;7540;Pelecaniformes;Ardeidae
Cochlearius cochlearius;7546;Pelecaniformes;Ardeidae
Agamia agami;7554;Pelecaniformes;Ardeidae
Zebrilus undulatus;7555;Pelecaniformes;Ardeidae
Botaurus stellaris;7556;Pelecaniformes;Ardeidae
Botaurus poiciloptilus;7559;Pelecaniformes;Ardeidae
Botaurus lentiginosus;7560;Pelecaniformes;Ardeidae
Botaurus pinnatus;7561;Pelecaniformes;Ardeidae
Botaurus involucris;7564;Pelecaniformes;Ardeidae
Botaurus exilis;7565;Pelecaniformes;Ardeidae
Botaurus flavicollis;7574;Pelecaniformes;Ardeidae
Botaurus cinnamomeus;7578;Pelecaniformes;Ardeidae
Botaurus eurhythmus;7579;Pelecaniformes;Ardeidae
Botaurus sturmii;7581;Pelecaniformes;Ardeidae
Botaurus minutus;7582;Pelecaniformes;Ardeidae
Botaurus sinensis;7586;Pelecaniformes;Ardeidae
Botaurus dubius;7588;Pelecaniformes;Ardeidae
Nyctanassa violacea;7591;Pelecaniformes;Ardeidae
Nycticorax nycticorax;7600;Pelecaniformes;Ardeidae
Nycticorax caledonicus;7610;Pelecaniformes;Ardeidae
Gorsachius melanolophus;7620;Pelecaniformes;Ardeidae
Gorsachius goisagi;7623;Pelecaniformes;Ardeidae
Pilherodius pileatus;7625;Pelecaniformes;Ardeidae
Syrigma sibilatrix;7626;Pelecaniformes;Ardeidae
Egretta caerulea;7629;Pelecaniformes;Ardeidae
Egretta tricolor;7630;Pelecaniformes;Ardeidae
Egretta rufescens;7634;Pelecaniformes;Ardeidae
Egretta sacra;7641;Pelecaniformes;Ardeidae
Egretta eulophotes;7644;Pelecaniformes;Ardeidae
Egretta thula;7645;Pelecaniformes;Ardeidae
Egretta garzetta;7650;Pelecaniformes;Ardeidae
Egretta gularis;7655;Pelecaniformes;Ardeidae
Egretta picata;7660;Pelecaniformes;Ardeidae
Egretta novaehollandiae;7661;Pelecaniformes;Ardeidae
Calherodius leuconotus;7665;Pelecaniformes;Ardeidae
Butorides striata;7669;Pelecaniformes;Ardeidae
Butorides virescens;7704;Pelecaniformes;Ardeidae
Ardeola rufiventris;7713;Pelecaniformes;Ardeidae
Ardeola ralloides;7714;Pelecaniformes;Ardeidae
Ardeola grayii;7716;Pelecaniformes;Ardeidae
Ardeola bacchus;7717;Pelecaniformes;Ardeidae
Ardeola speciosa;7719;Pelecaniformes;Ardeidae
Ardea ibis;7724;Pelecaniformes;Ardeidae
Ardea coromanda;7726;Pelecaniformes;Ardeidae
Ardea pacifica;7728;Pelecaniformes;Ardeidae
Ardea alba;7729;Pelecaniformes;Ardeidae
Ardea intermedia;7737;Pelecaniformes;Ardeidae
Ardea cinerea;7745;Pelecaniformes;Ardeidae
Ardea herodias;7753;Pelecaniformes;Ardeidae
Ardea cocoi;7762;Pelecaniformes;Ardeidae
Ardea purpurea;7766;Pelecaniformes;Ardeidae
Ardea sumatrana;7776;Pelecaniformes;Ardeidae
Ardea melanocephala;7779;Pelecaniformes;Ardeidae
Ardea goliath;7780;Pelecaniformes;Ardeidae
Scopus umbretta;7785;Pelecaniformes;Scopidae
Pelecanus erythrorhynchos;7791;Pelecaniformes;Pelecanidae
Pelecanus occidentalis;7792;Pelecaniformes;Pelecanidae
Pelecanus onocrotalus;7800;Pelecaniformes;Pelecanidae
Pelecanus conspicillatus;7801;Pelecaniformes;Pelecanidae
Vultur gryphus;7810;Cathartiformes;Cathartidae
Coragyps atratus;7811;Cathartiformes;Cathartidae
Cathartes aura;7815;Cathartiformes;Cathartidae
Sagittarius serpentarius;7830;Accipitriformes;Sagittariidae
Pandion haliaetus;7832;Accipitriformes;Pandionidae
Gampsonyx swainsonii;7838;Accipitriformes;Accipitridae
Chelictinia riocourii;7842;Accipitriformes;Accipitridae
Elanus leucurus;7843;Accipitriformes;Accipitridae
Elanus caeruleus;7846;Accipitriformes;Accipitridae
Elanus axillaris;7852;Accipitriformes;Accipitridae
Polyboroides typus;7854;Accipitriformes;Accipitridae
Polyboroides radiatus;7857;Accipitriformes;Accipitridae
Gypohierax angolensis;7858;Accipitriformes;Accipitridae
Gypaetus barbatus;7859;Accipitriformes;Accipitridae
Neophron percnopterus;7862;Accipitriformes;Accipitridae
Chondrohierax uncinatus;7867;Accipitriformes;Accipitridae
Leptodon cayanensis;7871;Accipitriformes;Accipitridae
Leptodon forbesi;7874;Accipitriformes;Accipitridae
Aviceda cuculoides;7875;Accipitriformes;Accipitridae
Aviceda jerdoni;7880;Accipitriformes;Accipitridae
Aviceda subcristata;7886;Accipitriformes;Accipitridae
Aviceda leuphotes;7900;Accipitriformes;Accipitridae
Pernis apivorus;7905;Accipitriformes;Accipitridae
Pernis ptilorhynchus;7906;Accipitriformes;Accipitridae
Elanoides forficatus;7921;Accipitriformes;Accipitridae
Lophoictinia isura;7925;Accipitriformes;Accipitridae
Aegypius monachus;7930;Accipitriformes;Accipitridae
Gyps himalayensis;7936;Accipitriformes;Accipitridae
Gyps bengalensis;7937;Accipitriformes;Accipitridae
Gyps africanus;7938;Accipitriformes;Accipitridae
Gyps rueppelli;7943;Accipitriformes;Accipitridae
Gyps fulvus;7947;Accipitriformes;Accipitridae
Spilornis rufipectus;7955;Accipitriformes;Accipitridae
Spilornis kinabaluensis;7958;Accipitriformes;Accipitridae
Spilornis cheela;7959;Accipitriformes;Accipitridae
Spilornis holospilus;7982;Accipitriformes;Accipitridae
Spilornis elgini;7983;Accipitriformes;Accipitridae
Pithecophaga jefferyi;7984;Accipitriformes;Accipitridae
Terathopius ecaudatus;7985;Accipitriformes;Accipitridae
Circaetus cinerascens;7986;Accipitriformes;Accipitridae
Circaetus fasciolatus;7987;Accipitriformes;Accipitridae
Circaetus spectabilis;7988;Accipitriformes;Accipitridae
Circaetus gallicus;7993;Accipitriformes;Accipitridae
Circaetus cinereus;7996;Accipitriformes;Accipitridae
Stephanoaetus coronatus;7998;Accipitriformes;Accipitridae
Nisaetus nanus;7999;Accipitriformes;Accipitridae
Nisaetus kelaarti;8002;Accipitriformes;Accipitridae
Nisaetus nipalensis;8003;Accipitriformes;Accipitridae
Nisaetus alboniger;8006;Accipitriformes;Accipitridae
Nisaetus bartelsi;8007;Accipitriformes;Accipitridae
Nisaetus lanceolatus;8008;Accipitriformes;Accipitridae
Nisaetus philippensis;8010;Accipitriformes;Accipitridae
Nisaetus cirrhatus;8011;Accipitriformes;Accipitridae
Nisaetus floris;8019;Accipitriformes;Accipitridae
Spizaetus tyrannus;8021;Accipitriformes;Accipitridae
Spizaetus melanoleucus;8024;Accipitriformes;Accipitridae
Spizaetus ornatus;8025;Accipitriformes;Accipitridae
Spizaetus isidori;8028;Accipitriformes;Accipitridae
Lophotriorchis kienerii;8030;Accipitriformes;Accipitridae
Polemaetus bellicosus;8033;Accipitriformes;Accipitridae
Lophaetus occipitalis;8034;Accipitriformes;Accipitridae
Ictinaetus malaiensis;8035;Accipitriformes;Accipitridae
Clanga hastata;8038;Accipitriformes;Accipitridae
Clanga pomarina;8039;Accipitriformes;Accipitridae
Clanga clanga;8040;Accipitriformes;Accipitridae
Hieraaetus wahlbergi;8044;Accipitriformes;Accipitridae
Hieraaetus pennatus;8047;Accipitriformes;Accipitridae
Hieraaetus morphnoides;8048;Accipitriformes;Accipitridae
Aquila nipalensis;8049;Accipitriformes;Accipitridae
Aquila heliaca;8052;Accipitriformes;Accipitridae
Aquila adalberti;8053;Accipitriformes;Accipitridae
Aquila rapax;8054;Accipitriformes;Accipitridae
Aquila africana;8059;Accipitriformes;Accipitridae
Aquila audax;8061;Accipitriformes;Accipitridae
Aquila chrysaetos;8064;Accipitriformes;Accipitridae
Aquila verreauxii;8071;Accipitriformes;Accipitridae
Aquila fasciata;8072;Accipitriformes;Accipitridae
Harpyopsis novaeguineae;8078;Accipitriformes;Accipitridae
Macheiramphus alcinus;8079;Accipitriformes;Accipitridae
Morphnus guianensis;8083;Accipitriformes;Accipitridae
Harpia harpyja;8084;Accipitriformes;Accipitridae
Lophospiza trivirgata;8085;Accipitriformes;Accipitridae
Micronisus gabar;8098;Accipitriformes;Accipitridae
Urotriorchis macrourus;8102;Accipitriformes;Accipitridae
Melierax metabates;8103;Accipitriformes;Accipitridae
Melierax poliopterus;8109;Accipitriformes;Accipitridae
Melierax canorus;8111;Accipitriformes;Accipitridae
Kaupifalco monogrammicus;8115;Accipitriformes;Accipitridae
Aerospiza tachiro;8118;Accipitriformes;Accipitridae
Tachyspiza minulla;8134;Accipitriformes;Accipitridae
Tachyspiza virgata;8135;Accipitriformes;Accipitridae
Tachyspiza erythrauchen;8148;Accipitriformes;Accipitridae
Tachyspiza cirrocephala;8151;Accipitriformes;Accipitridae
Tachyspiza rhodogaster;8155;Accipitriformes;Accipitridae
Tachyspiza gularis;8159;Accipitriformes;Accipitridae
Tachyspiza badia;8164;Accipitriformes;Accipitridae
Tachyspiza brevipes;8176;Accipitriformes;Accipitridae
Tachyspiza soloensis;8177;Accipitriformes;Accipitridae
Tachyspiza francesiae;8179;Accipitriformes;Accipitridae
Tachyspiza trinotata;8184;Accipitriformes;Accipitridae
Tachyspiza novaehollandiae;8187;Accipitriformes;Accipitridae
Tachyspiza hiogaster;8188;Accipitriformes;Accipitridae
Tachyspiza albogularis;8215;Accipitriformes;Accipitridae
Tachyspiza rufitorques;8221;Accipitriformes;Accipitridae
Tachyspiza henicogramma;8222;Accipitriformes;Accipitridae
Tachyspiza haplochroa;8224;Accipitriformes;Accipitridae
Tachyspiza fasciata;8225;Accipitriformes;Accipitridae
Erythrotriorchis radiatus;8241;Accipitriformes;Accipitridae
Accipiter badius;8242;Accipitriformes;Accipitridae
Accipiter bicolor;8242;Accipitriformes;Accipitridae
Accipiter cirrocephalus;8242;Accipitriformes;Accipitridae
Accipiter cooperii;8242;Accipitriformes;Accipitridae
Accipiter erythronemius;8242;Accipitriformes;Accipitridae
Accipiter fasciatus;8242;Accipitriformes;Accipitridae
Accipiter gentilis;8242;Accipitriformes;Accipitridae
Accipiter gularis;8242;Accipitriformes;Accipitridae
Accipiter hiogaster;8242;Accipitriformes;Accipitridae
Accipiter melanoleucus;8242;Accipitriformes;Accipitridae
Accipiter minullus;8242;Accipitriformes;Accipitridae
Accipiter novaehollandiae;8242;Accipitriformes;Accipitridae
Accipiter poliogaster;8242;Accipitriformes;Accipitridae
Accipiter soloensis;8242;Accipitriformes;Accipitridae
Accipiter superciliosus;8242;Accipitriformes;Accipitridae
Accipiter tachiro;8242;Accipitriformes;Accipitridae
Accipiter trinotatus;8242;Accipitriformes;Accipitridae
Accipiter trivirgatus;8242;Accipitriformes;Accipitridae
Accipiter ventralis;8242;Accipitriformes;Accipitridae
Accipiter virgatus;8242;Accipitriformes;Accipitridae
Accipiter ovampensis;8243;Accipitriformes;Accipitridae
Accipiter madagascariensis;8244;Accipitriformes;Accipitridae
Accipiter nisus;8245;Accipitriformes;Accipitridae
Accipiter rufiventris;8253;Accipitriformes;Accipitridae
Accipiter striatus;8256;Accipitriformes;Accipitridae
Astur bicolor;8269;Accipitriformes;Accipitridae
Astur chilensis;8276;Accipitriformes;Accipitridae
Astur cooperii;8278;Accipitriformes;Accipitridae
Astur gundlachi;8280;Accipitriformes;Accipitridae
Astur gentilis;8283;Accipitriformes;Accipitridae
Astur atricapillus;8292;Accipitriformes;Accipitridae
Astur melanoleucus;8300;Accipitriformes;Accipitridae
Astur henstii;8303;Accipitriformes;Accipitridae
Circus aeruginosus;8306;Accipitriformes;Accipitridae
Circus spilonotus;8311;Accipitriformes;Accipitridae
Circus approximans;8315;Accipitriformes;Accipitridae
Circus buffoni;8318;Accipitriformes;Accipitridae
Circus maurus;8321;Accipitriformes;Accipitridae
Circus cinereus;8322;Accipitriformes;Accipitridae
Circus cyaneus;8323;Accipitriformes;Accipitridae
Circus hudsonius;8324;Accipitriformes;Accipitridae
Circus macrourus;8326;Accipitriformes;Accipitridae
Circus melanoleucos;8328;Accipitriformes;Accipitridae
Circus pygargus;8329;Accipitriformes;Accipitridae
Microspizias superciliosus;8334;Accipitriformes;Accipitridae
Microspizias collaris;8337;Accipitriformes;Accipitridae
Harpagus bidentatus;8338;Accipitriformes;Accipitridae
Harpagus diodon;8341;Accipitriformes;Accipitridae
Milvus aegyptius;8342;Accipitriformes;Accipitridae
Milvus milvus;8342;Accipitriformes;Accipitridae
Milvus migrans;8345;Accipitriformes;Accipitridae
Haliastur indus;8357;Accipitriformes;Accipitridae
Haliastur sphenurus;8363;Accipitriformes;Accipitridae
Haliaeetus albicilla;8364;Accipitriformes;Accipitridae
Haliaeetus humilis;8364;Accipitriformes;Accipitridae
Haliaeetus ichthyaetus;8364;Accipitriformes;Accipitridae
Haliaeetus leucogaster;8364;Accipitriformes;Accipitridae
Haliaeetus vocifer;8364;Accipitriformes;Accipitridae
Haliaeetus leucocephalus;8367;Accipitriformes;Accipitridae
Haliaeetus leucoryphus;8370;Accipitriformes;Accipitridae
Haliaeetus pelagicus;8371;Accipitriformes;Accipitridae
Icthyophaga vocifer;8374;Accipitriformes;Accipitridae
Icthyophaga vociferoides;8375;Accipitriformes;Accipitridae
Icthyophaga leucogaster;8376;Accipitriformes;Accipitridae
Icthyophaga humilis;8378;Accipitriformes;Accipitridae
Icthyophaga ichthyaetus;8381;Accipitriformes;Accipitridae
Butastur liventer;8384;Accipitriformes;Accipitridae
Butastur rufipennis;8385;Accipitriformes;Accipitridae
Butastur teesa;8386;Accipitriformes;Accipitridae
Butastur indicus;8387;Accipitriformes;Accipitridae
Ictinia mississippiensis;8388;Accipitriformes;Accipitridae
Ictinia plumbea;8389;Accipitriformes;Accipitridae
Geranospiza caerulescens;8391;Accipitriformes;Accipitridae
Busarellus nigricollis;8400;Accipitriformes;Accipitridae
Rostrhamus sociabilis;8403;Accipitriformes;Accipitridae
Helicolestes hamatus;8407;Accipitriformes;Accipitridae
Morphnarchus princeps;8408;Accipitriformes;Accipitridae
Cryptoleucopteryx plumbea;8409;Accipitriformes;Accipitridae
Buteogallus schistaceus;8410;Accipitriformes;Accipitridae
Buteogallus anthracinus;8411;Accipitriformes;Accipitridae
Buteogallus gundlachii;8417;Accipitriformes;Accipitridae
Buteogallus aequinoctialis;8418;Accipitriformes;Accipitridae
Buteogallus meridionalis;8419;Accipitriformes;Accipitridae
Buteogallus lacernulatus;8420;Accipitriformes;Accipitridae
Buteogallus urubitinga;8421;Accipitriformes;Accipitridae
Buteogallus solitarius;8425;Accipitriformes;Accipitridae
Buteogallus coronatus;8428;Accipitriformes;Accipitridae
Rupornis magnirostris;8430;Accipitriformes;Accipitridae
Parabuteo unicinctus;8445;Accipitriformes;Accipitridae
Parabuteo leucorrhous;8448;Accipitriformes;Accipitridae
Geranoaetus albicaudatus;8449;Accipitriformes;Accipitridae
Geranoaetus polyosoma;8453;Accipitriformes;Accipitridae
Geranoaetus melanoleucus;8458;Accipitriformes;Accipitridae
Pseudastur occidentalis;8462;Accipitriformes;Accipitridae
Pseudastur albicollis;8463;Accipitriformes;Accipitridae
Pseudastur polionotus;8468;Accipitriformes;Accipitridae
Leucopternis semiplumbeus;8469;Accipitriformes;Accipitridae
Leucopternis melanops;8470;Accipitriformes;Accipitridae
Leucopternis kuhli;8471;Accipitriformes;Accipitridae
Buteo plagiatus;8473;Accipitriformes;Accipitridae
Buteo nitidus;8474;Accipitriformes;Accipitridae
Buteo platypterus;8479;Accipitriformes;Accipitridae
Buteo lineatus;8487;Accipitriformes;Accipitridae
Buteo ridgwayi;8495;Accipitriformes;Accipitridae
Buteo albonotatus;8498;Accipitriformes;Accipitridae
Buteo solitarius;8499;Accipitriformes;Accipitridae
Buteo albigula;8500;Accipitriformes;Accipitridae
Buteo brachyurus;8501;Accipitriformes;Accipitridae
Buteo swainsoni;8504;Accipitriformes;Accipitridae
Buteo galapagoensis;8505;Accipitriformes;Accipitridae
Buteo jamaicensis;8506;Accipitriformes;Accipitridae
Buteo ventralis;8527;Accipitriformes;Accipitridae
Buteo lagopus;8528;Accipitriformes;Accipitridae
Buteo regalis;8535;Accipitriformes;Accipitridae
Buteo augur;8538;Accipitriformes;Accipitridae
Buteo rufofuscus;8541;Accipitriformes;Accipitridae
Buteo oreophilus;8542;Accipitriformes;Accipitridae
Buteo buteo;8543;Accipitriformes;Accipitridae
Buteo trizonatus;8552;Accipitriformes;Accipitridae
Buteo brachypterus;8554;Accipitriformes;Accipitridae
Buteo rufinus;8556;Accipitriformes;Accipitridae
Buteo hemilasius;8561;Accipitriformes;Accipitridae
Buteo japonicus;8566;Accipitriformes;Accipitridae
Tyto tenebricosa;8579;Strigiformes;Tytonidae
Tyto novaehollandiae;8584;Strigiformes;Tytonidae
Tyto inexspectata;8598;Strigiformes;Tytonidae
Tyto rosenbergii;8599;Strigiformes;Tytonidae
Tyto longimembris;8603;Strigiformes;Tytonidae
Tyto alba;8612;Strigiformes;Tytonidae
Tyto javanica;8623;Strigiformes;Tytonidae
Tyto furcata;8633;Strigiformes;Tytonidae
Tyto deroepstorffi;8647;Strigiformes;Tytonidae
Tyto glaucops;8648;Strigiformes;Tytonidae
Phodilus badius;8651;Strigiformes;Tytonidae
Phodilus assimilis;8656;Strigiformes;Tytonidae
Otus madagascariensis;8660;Strigiformes;Strigidae
Otus sagittatus;8660;Strigiformes;Strigidae
Otus balli;8661;Strigiformes;Strigidae
Otus rufescens;8662;Strigiformes;Strigidae
Otus alfredi;8670;Strigiformes;Strigidae
Otus spilocephalus;8671;Strigiformes;Strigidae
Otus bakkamoena;8685;Strigiformes;Strigidae
Otus lettia;8690;Strigiformes;Strigidae
Otus gurneyi;8697;Strigiformes;Strigidae
Otus lempiji;8698;Strigiformes;Strigidae
Otus semitorques;8705;Strigiformes;Strigidae
Otus fuliginosus;8710;Strigiformes;Strigidae
Otus megalotis;8711;Strigiformes;Strigidae
Otus everetti;8712;Strigiformes;Strigidae
Otus nigrorum;8713;Strigiformes;Strigidae
Otus magicus;8715;Strigiformes;Strigidae
Otus podarginus;8726;Strigiformes;Strigidae
Otus mantananensis;8727;Strigiformes;Strigidae
Otus elegans;8732;Strigiformes;Strigidae
Otus manadensis;8737;Strigiformes;Strigidae
Otus umbra;8743;Strigiformes;Strigidae
Otus pamelae;8746;Strigiformes;Strigidae
Otus scops;8747;Strigiformes;Strigidae
Otus cyprius;8753;Strigiformes;Strigidae
Otus hartlaubi;8757;Strigiformes;Strigidae
Otus senegalensis;8758;Strigiformes;Strigidae
Otus brucei;8762;Strigiformes;Strigidae
Otus mirus;8768;Strigiformes;Strigidae
Otus longicornis;8769;Strigiformes;Strigidae
Otus insularis;8772;Strigiformes;Strigidae
Otus sunia;8773;Strigiformes;Strigidae
Otus rutilus;8791;Strigiformes;Strigidae
Psiloscops flammeolus;8795;Strigiformes;Strigidae
Gymnasio nudipes;8796;Strigiformes;Strigidae
Megascops clarkii;8799;Strigiformes;Strigidae
Megascops nudipes;8799;Strigiformes;Strigidae
Megascops trichopsis;8800;Strigiformes;Strigidae
Megascops albogularis;8804;Strigiformes;Strigidae
Megascops choliba;8810;Strigiformes;Strigidae
Megascops koepckeae;8820;Strigiformes;Strigidae
Megascops ingens;8823;Strigiformes;Strigidae
Megascops petersoni;8828;Strigiformes;Strigidae
Megascops marshalli;8829;Strigiformes;Strigidae
Megascops hoyi;8830;Strigiformes;Strigidae
Megascops guatemalae;8831;Strigiformes;Strigidae
Megascops centralis;8840;Strigiformes;Strigidae
Megascops roraimae;8842;Strigiformes;Strigidae
Megascops sanctaecatarinae;8849;Strigiformes;Strigidae
Megascops seductus;8851;Strigiformes;Strigidae
Megascops cooperi;8852;Strigiformes;Strigidae
Megascops kennicottii;8855;Strigiformes;Strigidae
Megascops asio;8866;Strigiformes;Strigidae
Megascops gilesi;8875;Strigiformes;Strigidae
Megascops roboratus;8876;Strigiformes;Strigidae
Megascops watsonii;8879;Strigiformes;Strigidae
Megascops atricapilla;8885;Strigiformes;Strigidae
Margarobyas lawrencii;8887;Strigiformes;Strigidae
Ptilopsis leucotis;8890;Strigiformes;Strigidae
Ptilopsis granti;8891;Strigiformes;Strigidae
Lophostrix cristata;8892;Strigiformes;Strigidae
Pulsatrix perspicillata;8897;Strigiformes;Strigidae
Pulsatrix koeniswaldiana;8904;Strigiformes;Strigidae
Pulsatrix melanota;8905;Strigiformes;Strigidae
Bubo coromandus;8909;Strigiformes;Strigidae
Bubo lacteus;8909;Strigiformes;Strigidae
Bubo nipalensis;8909;Strigiformes;Strigidae
Bubo scandiacus;8909;Strigiformes;Strigidae
Bubo sumatranus;8909;Strigiformes;Strigidae
Bubo virginianus;8910;Strigiformes;Strigidae
Bubo magellanicus;8928;Strigiformes;Strigidae
Bubo bengalensis;8930;Strigiformes;Strigidae
Bubo cinerascens;8931;Strigiformes;Strigidae
Bubo africanus;8932;Strigiformes;Strigidae
Bubo milesi;8935;Strigiformes;Strigidae
Bubo capensis;8936;Strigiformes;Strigidae
Bubo ascalaphus;8941;Strigiformes;Strigidae
Bubo bubo;8944;Strigiformes;Strigidae
Ketupa poensis;8962;Strigiformes;Strigidae
Ketupa leucosticta;8965;Strigiformes;Strigidae
Ketupa lactea;8966;Strigiformes;Strigidae
Ketupa blakistoni;8968;Strigiformes;Strigidae
Ketupa ketupu;8971;Strigiformes;Strigidae
Ketupa zeylonensis;8976;Strigiformes;Strigidae
Ketupa flavipes;8983;Strigiformes;Strigidae
Ketupa coromanda;8984;Strigiformes;Strigidae
Ketupa nipalensis;8987;Strigiformes;Strigidae
Ketupa sumatrana;8990;Strigiformes;Strigidae
Scotopelia peli;8996;Strigiformes;Strigidae
Scotopelia bouvieri;8998;Strigiformes;Strigidae
Surnia ulula;8999;Strigiformes;Strigidae
Glaucidium brodiei;9004;Strigiformes;Strigidae
Glaucidium californicum;9004;Strigiformes;Strigidae
Glaucidium hoskinsii;9004;Strigiformes;Strigidae
Glaucidium passerinum;9004;Strigiformes;Strigidae
Glaucidium perlatum;9007;Strigiformes;Strigidae
Glaucidium gnoma;9011;Strigiformes;Strigidae
Glaucidium costaricanum;9020;Strigiformes;Strigidae
Glaucidium nubicola;9021;Strigiformes;Strigidae
Glaucidium jardinii;9022;Strigiformes;Strigidae
Glaucidium bolivianum;9023;Strigiformes;Strigidae
Glaucidium parkeri;9024;Strigiformes;Strigidae
Glaucidium griseiceps;9025;Strigiformes;Strigidae
Glaucidium sanchezi;9029;Strigiformes;Strigidae
Glaucidium palmarum;9030;Strigiformes;Strigidae
Glaucidium hardyi;9034;Strigiformes;Strigidae
Glaucidium minutissimum;9036;Strigiformes;Strigidae
Glaucidium brasilianum;9037;Strigiformes;Strigidae
Glaucidium nana;9053;Strigiformes;Strigidae
Glaucidium peruanum;9055;Strigiformes;Strigidae
Glaucidium siju;9056;Strigiformes;Strigidae
Glaucidium tephronotum;9060;Strigiformes;Strigidae
Glaucidium sjostedti;9064;Strigiformes;Strigidae
Glaucidium cuculoides;9065;Strigiformes;Strigidae
Glaucidium castanopterum;9074;Strigiformes;Strigidae
Glaucidium radiatum;9075;Strigiformes;Strigidae
Glaucidium castanotum;9079;Strigiformes;Strigidae
Glaucidium capense;9080;Strigiformes;Strigidae
Taenioptynx brodiei;9089;Strigiformes;Strigidae
Taenioptynx sylvaticus;9092;Strigiformes;Strigidae
Micrathene whitneyi;9095;Strigiformes;Strigidae
Xenoglaux loweryi;9100;Strigiformes;Strigidae
Athene brama;9101;Strigiformes;Strigidae
Athene noctua;9107;Strigiformes;Strigidae
Athene blewitti;9123;Strigiformes;Strigidae
Athene superciliaris;9132;Strigiformes;Strigidae
Athene cunicularia;9133;Strigiformes;Strigidae
Strix virgata;9157;Strigiformes;Strigidae
Strix nigrolineata;9167;Strigiformes;Strigidae
Strix huhula;9168;Strigiformes;Strigidae
Strix albitarsis;9172;Strigiformes;Strigidae
Strix seloputo;9174;Strigiformes;Strigidae
Strix ocellata;9178;Strigiformes;Strigidae
Strix leptogrammica;9182;Strigiformes;Strigidae
Strix aluco;9199;Strigiformes;Strigidae
Strix nivicolum;9209;Strigiformes;Strigidae
Strix hadorami;9213;Strigiformes;Strigidae
Strix occidentalis;9215;Strigiformes;Strigidae
Strix varia;9219;Strigiformes;Strigidae
Strix fulvescens;9226;Strigiformes;Strigidae
Strix hylophila;9227;Strigiformes;Strigidae
Strix rufipes;9228;Strigiformes;Strigidae
Strix chacoensis;9231;Strigiformes;Strigidae
Strix uralensis;9232;Strigiformes;Strigidae
Strix nebulosa;9243;Strigiformes;Strigidae
Strix woodfordii;9246;Strigiformes;Strigidae
Asio grammicus;9252;Strigiformes;Strigidae
Asio otus;9253;Strigiformes;Strigidae
Asio madagascariensis;9263;Strigiformes;Strigidae
Asio clamator;9264;Strigiformes;Strigidae
Asio stygius;9269;Strigiformes;Strigidae
Asio flammeus;9276;Strigiformes;Strigidae
Asio capensis;9290;Strigiformes;Strigidae
Aegolius funereus;9296;Strigiformes;Strigidae
Aegolius acadicus;9304;Strigiformes;Strigidae
Aegolius ridgwayi;9309;Strigiformes;Strigidae
Aegolius harrisii;9314;Strigiformes;Strigidae
Ninox jacquinoti;9318;Strigiformes;Strigidae
Ninox rufa;9318;Strigiformes;Strigidae
Ninox strenua;9323;Strigiformes;Strigidae
Ninox connivens;9324;Strigiformes;Strigidae
Ninox affinis;9331;Strigiformes;Strigidae
Ninox boobook;9332;Strigiformes;Strigidae
Ninox fusca;9341;Strigiformes;Strigidae
Ninox plesseni;9342;Strigiformes;Strigidae
Ninox leucopsis;9343;Strigiformes;Strigidae
Ninox novaeseelandiae;9345;Strigiformes;Strigidae
Ninox sumbaensis;9350;Strigiformes;Strigidae
Ninox scutulata;9351;Strigiformes;Strigidae
Ninox obscura;9361;Strigiformes;Strigidae
Ninox japonica;9362;Strigiformes;Strigidae
Ninox randi;9366;Strigiformes;Strigidae
Ninox philippensis;9367;Strigiformes;Strigidae
Ninox spilocephala;9371;Strigiformes;Strigidae
Ninox rumseyi;9376;Strigiformes;Strigidae
Ninox ochracea;9379;Strigiformes;Strigidae
Ninox ios;9381;Strigiformes;Strigidae
Ninox hypogramma;9383;Strigiformes;Strigidae
Ninox theomacha;9388;Strigiformes;Strigidae
Ninox punctulata;9394;Strigiformes;Strigidae
Uroglaux dimorpha;9400;Strigiformes;Strigidae
Colius striatus;9403;Coliiformes;Coliidae
Colius leucocephalus;9421;Coliiformes;Coliidae
Colius castanotus;9424;Coliiformes;Coliidae
Colius colius;9425;Coliiformes;Coliidae
Urocolius macrourus;9428;Coliiformes;Coliidae
Urocolius indicus;9436;Coliiformes;Coliidae
Leptosomus discolor;9444;Leptosomiformes;Leptosomidae
Apaloderma narina;9449;Trogoniformes;Trogonidae
Apaloderma aequatoriale;9454;Trogoniformes;Trogonidae
Apaloderma vittatum;9455;Trogoniformes;Trogonidae
Apalharpactes reinwardtii;9461;Trogoniformes;Trogonidae
Apalharpactes mackloti;9462;Trogoniformes;Trogonidae
Harpactes oreskios;9463;Trogoniformes;Trogonidae
Harpactes fasciatus;9470;Trogoniformes;Trogonidae
Harpactes kasumba;9474;Trogoniformes;Trogonidae
Harpactes diardii;9477;Trogoniformes;Trogonidae
Harpactes ardens;9480;Trogoniformes;Trogonidae
Harpactes whiteheadi;9486;Trogoniformes;Trogonidae
Harpactes orrhophaeus;9487;Trogoniformes;Trogonidae
Harpactes duvaucelii;9490;Trogoniformes;Trogonidae
Harpactes erythrocephalus;9491;Trogoniformes;Trogonidae
Harpactes wardi;9501;Trogoniformes;Trogonidae
Euptilotis neoxenus;9503;Trogoniformes;Trogonidae
Pharomachrus pavoninus;9504;Trogoniformes;Trogonidae
Pharomachrus auriceps;9505;Trogoniformes;Trogonidae
Pharomachrus mocinno;9508;Trogoniformes;Trogonidae
Pharomachrus fulgidus;9511;Trogoniformes;Trogonidae
Pharomachrus antisianus;9514;Trogoniformes;Trogonidae
Priotelus temnurus;9517;Trogoniformes;Trogonidae
Priotelus roseigaster;9520;Trogoniformes;Trogonidae
Trogon clathratus;9521;Trogoniformes;Trogonidae
Trogon massena;9522;Trogoniformes;Trogonidae
Trogon comptus;9527;Trogoniformes;Trogonidae
Trogon mesurus;9528;Trogoniformes;Trogonidae
Trogon melanurus;9529;Trogoniformes;Trogonidae
Trogon melanocephalus;9534;Trogoniformes;Trogonidae
Trogon citreolus;9537;Trogoniformes;Trogonidae
Trogon chionurus;9540;Trogoniformes;Trogonidae
Trogon viridis;9541;Trogoniformes;Trogonidae
Trogon bairdii;9542;Trogoniformes;Trogonidae
Trogon caligatus;9543;Trogoniformes;Trogonidae
Trogon violaceus;9547;Trogoniformes;Trogonidae
Trogon ramonianus;9548;Trogoniformes;Trogonidae
Trogon curucui;9552;Trogoniformes;Trogonidae
Trogon surrucura;9556;Trogoniformes;Trogonidae
Trogon tenellus;9560;Trogoniformes;Trogonidae
Trogon cupreicauda;9561;Trogoniformes;Trogonidae
Trogon rufus;9562;Trogoniformes;Trogonidae
Trogon chrysochloros;9566;Trogoniformes;Trogonidae
Trogon elegans;9573;Trogoniformes;Trogonidae
Trogon mexicanus;9576;Trogoniformes;Trogonidae
Trogon collaris;9579;Trogoniformes;Trogonidae
Trogon personatus;9592;Trogoniformes;Trogonidae
Upupa africana;9604;Bucerotiformes;Upupidae
Upupa epops;9604;Bucerotiformes;Upupidae
Upupa marginata;9615;Bucerotiformes;Upupidae
Phoeniculus purpureus;9618;Bucerotiformes;Phoeniculidae
Phoeniculus damarensis;9625;Bucerotiformes;Phoeniculidae
Phoeniculus somaliensis;9629;Bucerotiformes;Phoeniculidae
Phoeniculus bollei;9633;Bucerotiformes;Phoeniculidae
Rhinopomastus castaneiceps;9639;Bucerotiformes;Phoeniculidae
Rhinopomastus aterrimus;9642;Bucerotiformes;Phoeniculidae
Rhinopomastus cyanomelas;9647;Bucerotiformes;Phoeniculidae
Rhinopomastus minor;9650;Bucerotiformes;Phoeniculidae
Bucorvus leadbeateri;9655;Bucerotiformes;Bucerotidae
Lophoceros camurus;9657;Bucerotiformes;Bucerotidae
Lophoceros alboterminatus;9658;Bucerotiformes;Bucerotidae
Lophoceros bradfieldi;9659;Bucerotiformes;Bucerotidae
Lophoceros semifasciatus;9660;Bucerotiformes;Bucerotidae
Lophoceros fasciatus;9661;Bucerotiformes;Bucerotidae
Lophoceros hemprichii;9663;Bucerotiformes;Bucerotidae
Lophoceros nasutus;9664;Bucerotiformes;Bucerotidae
Lophoceros pallidirostris;9667;Bucerotiformes;Bucerotidae
Tockus flavirostris;9671;Bucerotiformes;Bucerotidae
Tockus leucomelas;9672;Bucerotiformes;Bucerotidae
Tockus jacksoni;9675;Bucerotiformes;Bucerotidae
Tockus deckeni;9676;Bucerotiformes;Bucerotidae
Tockus monteiri;9677;Bucerotiformes;Bucerotidae
Tockus rufirostris;9678;Bucerotiformes;Bucerotidae
Tockus damarensis;9679;Bucerotiformes;Bucerotidae
Tockus ruahae;9682;Bucerotiformes;Bucerotidae
Tockus kempi;9683;Bucerotiformes;Bucerotidae
Tockus erythrorhynchus;9684;Bucerotiformes;Bucerotidae
Berenicornis comatus;9686;Bucerotiformes;Bucerotidae
Horizocerus albocristatus;9687;Bucerotiformes;Bucerotidae
Horizocerus cassini;9690;Bucerotiformes;Bucerotidae
Horizocerus hartlaubi;9692;Bucerotiformes;Bucerotidae
Ceratogymna elata;9695;Bucerotiformes;Bucerotidae
Ceratogymna atrata;9696;Bucerotiformes;Bucerotidae
Bycanistes brevis;9698;Bucerotiformes;Bucerotidae
Bycanistes subcylindricus;9699;Bucerotiformes;Bucerotidae
Bycanistes cylindricus;9702;Bucerotiformes;Bucerotidae
Bycanistes albotibialis;9703;Bucerotiformes;Bucerotidae
Bycanistes bucinator;9704;Bucerotiformes;Bucerotidae
Bycanistes fistulator;9705;Bucerotiformes;Bucerotidae
Rhinoplax vigil;9710;Bucerotiformes;Bucerotidae
Buceros hydrocorax;9711;Bucerotiformes;Bucerotidae
Buceros vigil;9711;Bucerotiformes;Bucerotidae
Buceros rhinoceros;9715;Bucerotiformes;Bucerotidae
Buceros bicornis;9719;Bucerotiformes;Bucerotidae
Anorrhinus galeritus;9721;Bucerotiformes;Bucerotidae
Anorrhinus austeni;9722;Bucerotiformes;Bucerotidae
Anorrhinus tickelli;9723;Bucerotiformes;Bucerotidae
Ocyceros birostris;9724;Bucerotiformes;Bucerotidae
Ocyceros griseus;9725;Bucerotiformes;Bucerotidae
Ocyceros gingalensis;9727;Bucerotiformes;Bucerotidae
Anthracoceros malayanus;9728;Bucerotiformes;Bucerotidae
Anthracoceros coronatus;9730;Bucerotiformes;Bucerotidae
Anthracoceros albirostris;9731;Bucerotiformes;Bucerotidae
Anthracoceros marchei;9735;Bucerotiformes;Bucerotidae
Aceros nipalensis;9736;Bucerotiformes;Bucerotidae
Rhyticeros cassidix;9737;Bucerotiformes;Bucerotidae
Rhyticeros undulatus;9739;Bucerotiformes;Bucerotidae
Rhyticeros subruficollis;9740;Bucerotiformes;Bucerotidae
Rhyticeros plicatus;9743;Bucerotiformes;Bucerotidae
Rhabdotorrhinus exarhatus;9750;Bucerotiformes;Bucerotidae
Rhabdotorrhinus corrugatus;9753;Bucerotiformes;Bucerotidae
Rhabdotorrhinus leucocephalus;9755;Bucerotiformes;Bucerotidae
Penelopides panini;9756;Bucerotiformes;Bucerotidae
Penelopides manillae;9759;Bucerotiformes;Bucerotidae
Penelopides samarensis;9761;Bucerotiformes;Bucerotidae
Penelopides affinis;9762;Bucerotiformes;Bucerotidae
Nyctyornis amictus;9767;Coraciiformes;Meropidae
Nyctyornis athertoni;9768;Coraciiformes;Meropidae
Meropogon forsteni;9771;Coraciiformes;Meropidae
Merops gularis;9772;Coraciiformes;Meropidae
Merops mentalis;9775;Coraciiformes;Meropidae
Merops muelleri;9776;Coraciiformes;Meropidae
Merops bulocki;9777;Coraciiformes;Meropidae
Merops bullockoides;9780;Coraciiformes;Meropidae
Merops pusillus;9783;Coraciiformes;Meropidae
Merops variegatus;9789;Coraciiformes;Meropidae
Merops lafresnayii;9793;Coraciiformes;Meropidae
Merops oreobates;9794;Coraciiformes;Meropidae
Merops hirundineus;9795;Coraciiformes;Meropidae
Merops albicollis;9802;Coraciiformes;Meropidae
Merops viridissimus;9803;Coraciiformes;Meropidae
Merops cyanophrys;9807;Coraciiformes;Meropidae
Merops orientalis;9811;Coraciiformes;Meropidae
Merops boehmi;9817;Coraciiformes;Meropidae
Merops viridis;9818;Coraciiformes;Meropidae
Merops americanus;9819;Coraciiformes;Meropidae
Merops persicus;9820;Coraciiformes;Meropidae
Merops superciliosus;9823;Coraciiformes;Meropidae
Merops philippinus;9826;Coraciiformes;Meropidae
Merops ornatus;9828;Coraciiformes;Meropidae
Merops apiaster;9829;Coraciiformes;Meropidae
Merops leschenaulti;9830;Coraciiformes;Meropidae
Merops malimbicus;9834;Coraciiformes;Meropidae
Merops nubicus;9835;Coraciiformes;Meropidae
Merops nubicoides;9836;Coraciiformes;Meropidae
Todus multicolor;9839;Coraciiformes;Todidae
Todus subulatus;9840;Coraciiformes;Todidae
Todus angustirostris;9841;Coraciiformes;Todidae
Todus todus;9843;Coraciiformes;Todidae
Todus mexicanus;9844;Coraciiformes;Todidae
Hylomanes momotula;9846;Coraciiformes;Momotidae
Aspatha gularis;9850;Coraciiformes;Momotidae
Momotus mexicanus;9851;Coraciiformes;Momotidae
Momotus coeruliceps;9856;Coraciiformes;Momotidae
Momotus lessonii;9857;Coraciiformes;Momotidae
Momotus subrufescens;9863;Coraciiformes;Momotidae
Momotus bahamensis;9869;Coraciiformes;Momotidae
Momotus momota;9870;Coraciiformes;Momotidae
Momotus aequatorialis;9880;Coraciiformes;Momotidae
Baryphthengus martii;9883;Coraciiformes;Momotidae
Baryphthengus ruficapillus;9888;Coraciiformes;Momotidae
Electron carinatum;9890;Coraciiformes;Momotidae
Electron platyrhynchum;9891;Coraciiformes;Momotidae
Eumomota superciliosa;9901;Coraciiformes;Momotidae
Alcedo atthis;9912;Coraciiformes;Alcedinidae
Alcedo semitorquata;9922;Coraciiformes;Alcedinidae
Alcedo quadribrachys;9926;Coraciiformes;Alcedinidae
Alcedo meninting;9929;Coraciiformes;Alcedinidae
Alcedo peninsulae;9937;Coraciiformes;Alcedinidae
Alcedo euryzona;9938;Coraciiformes;Alcedinidae
Alcedo coerulescens;9939;Coraciiformes;Alcedinidae
Ceyx azureus;9940;Coraciiformes;Alcedinidae
Ceyx cyanopectus;9949;Coraciiformes;Alcedinidae
Ceyx pusillus;9954;Coraciiformes;Alcedinidae
Ceyx erithaca;9964;Coraciiformes;Alcedinidae
Ceyx rufidorsa;9967;Coraciiformes;Alcedinidae
Ceyx melanurus;9973;Coraciiformes;Alcedinidae
Ceyx fallax;9978;Coraciiformes;Alcedinidae
Ceyx margarethae;9979;Coraciiformes;Alcedinidae
Ceyx lepidus;9981;Coraciiformes;Alcedinidae
Ceyx solitarius;9985;Coraciiformes;Alcedinidae
Corythornis cristatus;9997;Coraciiformes;Alcedinidae
Corythornis vintsioides;10004;Coraciiformes;Alcedinidae
Corythornis leucogaster;10007;Coraciiformes;Alcedinidae
Corythornis madagascariensis;10011;Coraciiformes;Alcedinidae
Ispidina picta;10014;Coraciiformes;Alcedinidae
Ispidina lecontei;10019;Coraciiformes;Alcedinidae
Lacedo pulchella;10022;Coraciiformes;Alcedinidae
Dacelo novaeguineae;10028;Coraciiformes;Alcedinidae
Dacelo leachii;10031;Coraciiformes;Alcedinidae
Dacelo gaudichaud;10039;Coraciiformes;Alcedinidae
Dacelo rex;10040;Coraciiformes;Alcedinidae
Cittura cyanotis;10042;Coraciiformes;Alcedinidae
Pelargopsis amauroptera;10043;Coraciiformes;Alcedinidae
Pelargopsis capensis;10044;Coraciiformes;Alcedinidae
Pelargopsis melanorhyncha;10058;Coraciiformes;Alcedinidae
Halcyon coromanda;10062;Coraciiformes;Alcedinidae
Halcyon badia;10073;Coraciiformes;Alcedinidae
Halcyon smyrnensis;10076;Coraciiformes;Alcedinidae
Halcyon gularis;10082;Coraciiformes;Alcedinidae
Halcyon leucocephala;10083;Coraciiformes;Alcedinidae
Halcyon pileata;10089;Coraciiformes;Alcedinidae
Halcyon cyanoventris;10090;Coraciiformes;Alcedinidae
Halcyon senegalensis;10091;Coraciiformes;Alcedinidae
Halcyon senegaloides;10095;Coraciiformes;Alcedinidae
Halcyon malimbica;10098;Coraciiformes;Alcedinidae
Halcyon albiventris;10103;Coraciiformes;Alcedinidae
Halcyon chelicuti;10108;Coraciiformes;Alcedinidae
Todiramphus nigrocyaneus;10111;Coraciiformes;Alcedinidae
Todiramphus winchelli;10115;Coraciiformes;Alcedinidae
Todiramphus diops;10121;Coraciiformes;Alcedinidae
Todiramphus pyrrhopygius;10123;Coraciiformes;Alcedinidae
Todiramphus macleayii;10124;Coraciiformes;Alcedinidae
Todiramphus leucopygius;10129;Coraciiformes;Alcedinidae
Todiramphus veneratus;10133;Coraciiformes;Alcedinidae
Todiramphus tutus;10139;Coraciiformes;Alcedinidae
Todiramphus sacer;10143;Coraciiformes;Alcedinidae
Todiramphus reichenbachii;10172;Coraciiformes;Alcedinidae
Todiramphus recurvirostris;10173;Coraciiformes;Alcedinidae
Todiramphus sordidus;10175;Coraciiformes;Alcedinidae
Todiramphus sanctus;10179;Coraciiformes;Alcedinidae
Todiramphus chloris;10184;Coraciiformes;Alcedinidae
Todiramphus saurophagus;10201;Coraciiformes;Alcedinidae
Todiramphus albicilla;10204;Coraciiformes;Alcedinidae
Todiramphus tristrami;10208;Coraciiformes;Alcedinidae
Todiramphus funebris;10217;Coraciiformes;Alcedinidae
Todiramphus australasia;10219;Coraciiformes;Alcedinidae
Caridonax fulgidus;10226;Coraciiformes;Alcedinidae
Melidora macrorrhina;10229;Coraciiformes;Alcedinidae
Actenoides concretus;10236;Coraciiformes;Alcedinidae
Actenoides lindsayi;10240;Coraciiformes;Alcedinidae
Actenoides hombroni;10243;Coraciiformes;Alcedinidae
Actenoides monachus;10244;Coraciiformes;Alcedinidae
Actenoides princeps;10247;Coraciiformes;Alcedinidae
Syma torotoro;10252;Coraciiformes;Alcedinidae
Syma megarhyncha;10256;Coraciiformes;Alcedinidae
Tanysiptera galatea;10262;Coraciiformes;Alcedinidae
Tanysiptera riedelii;10283;Coraciiformes;Alcedinidae
Tanysiptera nympha;10285;Coraciiformes;Alcedinidae
Tanysiptera danae;10286;Coraciiformes;Alcedinidae
Tanysiptera sylvia;10287;Coraciiformes;Alcedinidae
Tanysiptera nigriceps;10290;Coraciiformes;Alcedinidae
Megaceryle maxima;10293;Coraciiformes;Alcedinidae
Megaceryle lugubris;10296;Coraciiformes;Alcedinidae
Megaceryle torquata;10301;Coraciiformes;Alcedinidae
Megaceryle alcyon;10306;Coraciiformes;Alcedinidae
Ceryle rudis;10307;Coraciiformes;Alcedinidae
Chloroceryle amazona;10312;Coraciiformes;Alcedinidae
Chloroceryle aenea;10313;Coraciiformes;Alcedinidae
Chloroceryle americana;10316;Coraciiformes;Alcedinidae
Chloroceryle inda;10322;Coraciiformes;Alcedinidae
Coracias garrulus;10328;Coraciiformes;Coraciidae
Coracias abyssinicus;10331;Coraciiformes;Coraciidae
Coracias caudatus;10332;Coraciiformes;Coraciidae
Coracias spatulatus;10335;Coraciiformes;Coraciidae
Coracias naevius;10336;Coraciiformes;Coraciidae
Coracias benghalensis;10339;Coraciiformes;Coraciidae
Coracias affinis;10343;Coraciiformes;Coraciidae
Coracias temminckii;10346;Coraciiformes;Coraciidae
Coracias cyanogaster;10347;Coraciiformes;Coraciidae
Eurystomus glaucurus;10349;Coraciiformes;Coraciidae
Eurystomus gularis;10355;Coraciiformes;Coraciidae
Eurystomus orientalis;10358;Coraciiformes;Coraciidae
Eurystomus azureus;10369;Coraciiformes;Coraciidae
Geobiastes squamiger;10371;Coraciiformes;Brachypteraciidae
Brachypteracias leptosomus;10372;Coraciiformes;Brachypteraciidae
Uratelornis chimaera;10373;Coraciiformes;Brachypteraciidae
Atelornis pittoides;10374;Coraciiformes;Brachypteraciidae
Atelornis crossleyi;10375;Coraciiformes;Brachypteraciidae
Notharchus hyperrhynchus;10377;Piciformes;Bucconidae
Notharchus macrorhynchos;10380;Piciformes;Bucconidae
Notharchus swainsoni;10381;Piciformes;Bucconidae
Notharchus pectoralis;10382;Piciformes;Bucconidae
Notharchus ordii;10383;Piciformes;Bucconidae
Notharchus tectus;10384;Piciformes;Bucconidae
Bucco macrodactylus;10389;Piciformes;Bucconidae
Bucco tamatia;10390;Piciformes;Bucconidae
Bucco noanamae;10394;Piciformes;Bucconidae
Bucco capensis;10395;Piciformes;Bucconidae
Nystalus radiatus;10396;Piciformes;Bucconidae
Nystalus striatipectus;10396;Piciformes;Bucconidae
Nystalus obamai;10397;Piciformes;Bucconidae
Nystalus striolatus;10398;Piciformes;Bucconidae
Nystalus chacuru;10401;Piciformes;Bucconidae
Nystalus maculatus;10404;Piciformes;Bucconidae
Hypnelus ruficollis;10407;Piciformes;Bucconidae
Hypnelus bicinctus;10411;Piciformes;Bucconidae
Malacoptila fusca;10416;Piciformes;Bucconidae
Malacoptila semicincta;10417;Piciformes;Bucconidae
Malacoptila striata;10418;Piciformes;Bucconidae
Malacoptila rufa;10421;Piciformes;Bucconidae
Malacoptila panamensis;10424;Piciformes;Bucconidae
Malacoptila fulvogularis;10429;Piciformes;Bucconidae
Malacoptila mystacalis;10433;Piciformes;Bucconidae
Micromonacha lanceolata;10434;Piciformes;Bucconidae
Nonnula rubecula;10435;Piciformes;Bucconidae
Nonnula sclateri;10443;Piciformes;Bucconidae
Nonnula brunnea;10444;Piciformes;Bucconidae
Nonnula frontalis;10445;Piciformes;Bucconidae
Nonnula ruficapilla;10449;Piciformes;Bucconidae
Hapaloptila castanea;10456;Piciformes;Bucconidae
Monasa atra;10457;Piciformes;Bucconidae
Monasa nigrifrons;10458;Piciformes;Bucconidae
Monasa morphoeus;10461;Piciformes;Bucconidae
Monasa flavirostris;10472;Piciformes;Bucconidae
Chelidoptera tenebrosa;10474;Piciformes;Bucconidae
Galbalcyrhynchus leucotis;10480;Piciformes;Galbulidae
Galbalcyrhynchus purusianus;10481;Piciformes;Galbulidae
Brachygalba albogularis;10482;Piciformes;Galbulidae
Brachygalba lugubris;10483;Piciformes;Galbulidae
Brachygalba goeringi;10492;Piciformes;Galbulidae
Brachygalba salmoni;10493;Piciformes;Galbulidae
Jacamaralcyon tridactyla;10494;Piciformes;Galbulidae
Galbula albirostris;10495;Piciformes;Galbulidae
Galbula cyanicollis;10498;Piciformes;Galbulidae
Galbula ruficauda;10499;Piciformes;Galbulidae
Galbula galbula;10508;Piciformes;Galbulidae
Galbula tombacea;10509;Piciformes;Galbulidae
Galbula cyanescens;10512;Piciformes;Galbulidae
Galbula pastazae;10513;Piciformes;Galbulidae
Galbula chalcothorax;10514;Piciformes;Galbulidae
Galbula leucogastra;10515;Piciformes;Galbulidae
Galbula dea;10516;Piciformes;Galbulidae
Jacamerops aureus;10522;Piciformes;Galbulidae
Trachylaemus purpuratus;10532;Piciformes;Lybiidae
Trachyphonus purpuratus;10535;Piciformes;Lybiidae
Trachyphonus vaillantii;10535;Piciformes;Lybiidae
Trachyphonus erythrocephalus;10538;Piciformes;Lybiidae
Trachyphonus margaritatus;10542;Piciformes;Lybiidae
Trachyphonus darnaudii;10545;Piciformes;Lybiidae
Cryptolybia olivacea;10551;Piciformes;Lybiidae
Gymnobucco bonapartei;10557;Piciformes;Lybiidae
Gymnobucco peli;10561;Piciformes;Lybiidae
Gymnobucco calvus;10562;Piciformes;Lybiidae
Stactolaema leucotis;10567;Piciformes;Lybiidae
Stactolaema olivacea;10567;Piciformes;Lybiidae
Stactolaema whytii;10572;Piciformes;Lybiidae
Stactolaema anchietae;10579;Piciformes;Lybiidae
Pogoniulus scolopaceus;10583;Piciformes;Lybiidae
Pogoniulus simplex;10587;Piciformes;Lybiidae
Pogoniulus leucomystax;10588;Piciformes;Lybiidae
Pogoniulus coryphaea;10591;Piciformes;Lybiidae
Pogoniulus atroflavus;10595;Piciformes;Lybiidae
Pogoniulus subsulphureus;10596;Piciformes;Lybiidae
Pogoniulus bilineatus;10600;Piciformes;Lybiidae
Pogoniulus pusillus;10613;Piciformes;Lybiidae
Pogoniulus chrysoconus;10614;Piciformes;Lybiidae
Buccanodon duchaillui;10619;Piciformes;Lybiidae
Tricholaema hirsuta;10622;Piciformes;Lybiidae
Tricholaema diademata;10628;Piciformes;Lybiidae
Tricholaema frontata;10631;Piciformes;Lybiidae
Tricholaema leucomelas;10632;Piciformes;Lybiidae
Tricholaema lacrymosa;10637;Piciformes;Lybiidae
Tricholaema melanocephala;10641;Piciformes;Lybiidae
Lybius bidentatus;10646;Piciformes;Lybiidae
Lybius vieilloti;10651;Piciformes;Lybiidae
Lybius leucocephalus;10655;Piciformes;Lybiidae
Lybius chaplini;10663;Piciformes;Lybiidae
Lybius rubrifacies;10664;Piciformes;Lybiidae
Lybius guifsobalito;10665;Piciformes;Lybiidae
Lybius torquatus;10666;Piciformes;Lybiidae
Pogonornis melanopterus;10674;Piciformes;Lybiidae
Pogonornis minor;10675;Piciformes;Lybiidae
Pogonornis bidentatus;10678;Piciformes;Lybiidae
Pogonornis dubius;10681;Piciformes;Lybiidae
Caloramphus hayii;10685;Piciformes;Megalaimidae
Caloramphus fuliginosus;10688;Piciformes;Megalaimidae
Psilopogon malabaricus;10691;Piciformes;Megalaimidae
Psilopogon rubricapillus;10692;Piciformes;Megalaimidae
Psilopogon haemacephalus;10693;Piciformes;Megalaimidae
Psilopogon cyanotis;10707;Piciformes;Megalaimidae
Psilopogon duvaucelii;10710;Piciformes;Megalaimidae
Psilopogon australis;10716;Piciformes;Megalaimidae
Psilopogon eximius;10717;Piciformes;Megalaimidae
Psilopogon pyrolophus;10720;Piciformes;Megalaimidae
Psilopogon virens;10721;Piciformes;Megalaimidae
Psilopogon lagrandieri;10726;Piciformes;Megalaimidae
Psilopogon rafflesii;10729;Piciformes;Megalaimidae
Psilopogon mystacophanos;10730;Piciformes;Megalaimidae
Psilopogon javensis;10733;Piciformes;Megalaimidae
Psilopogon pulcherrimus;10734;Piciformes;Megalaimidae
Psilopogon henricii;10735;Piciformes;Megalaimidae
Psilopogon armillaris;10738;Piciformes;Megalaimidae
Psilopogon faiostrictus;10741;Piciformes;Megalaimidae
Psilopogon lineatus;10744;Piciformes;Megalaimidae
Psilopogon zeylanicus;10748;Piciformes;Megalaimidae
Psilopogon viridis;10753;Piciformes;Megalaimidae
Psilopogon flavifrons;10755;Piciformes;Megalaimidae
Psilopogon franklinii;10756;Piciformes;Megalaimidae
Psilopogon auricularis;10759;Piciformes;Megalaimidae
Psilopogon monticola;10760;Piciformes;Megalaimidae
Psilopogon corvinus;10762;Piciformes;Megalaimidae
Psilopogon chrysopogon;10763;Piciformes;Megalaimidae
Psilopogon incognitus;10768;Piciformes;Megalaimidae
Psilopogon nuchalis;10772;Piciformes;Megalaimidae
Psilopogon faber;10773;Piciformes;Megalaimidae
Psilopogon asiaticus;10776;Piciformes;Megalaimidae
Psilopogon annamensis;10779;Piciformes;Megalaimidae
Psilopogon oorti;10780;Piciformes;Megalaimidae
Capito aurovirens;10785;Piciformes;Capitonidae
Capito dayi;10786;Piciformes;Capitonidae
Capito maculicoronatus;10787;Piciformes;Capitonidae
Capito squamatus;10790;Piciformes;Capitonidae
Capito hypoleucus;10791;Piciformes;Capitonidae
Capito wallacei;10795;Piciformes;Capitonidae
Capito quinticolor;10797;Piciformes;Capitonidae
Capito brunneipectus;10798;Piciformes;Capitonidae
Capito niger;10799;Piciformes;Capitonidae
Capito auratus;10800;Piciformes;Capitonidae
Eubucco richardsoni;10810;Piciformes;Capitonidae
Eubucco tucinkae;10817;Piciformes;Capitonidae
Eubucco bourcierii;10818;Piciformes;Capitonidae
Eubucco versicolor;10825;Piciformes;Capitonidae
Semnornis frantzii;10831;Piciformes;Semnornithidae
Semnornis ramphastinus;10832;Piciformes;Semnornithidae
Aulacorhynchus atrogularis;10836;Piciformes;Ramphastidae
Aulacorhynchus caeruleogularis;10836;Piciformes;Ramphastidae
Aulacorhynchus prasinus;10836;Piciformes;Ramphastidae
Aulacorhynchus albivitta;10845;Piciformes;Ramphastidae
Aulacorhynchus sulcatus;10855;Piciformes;Ramphastidae
Aulacorhynchus derbianus;10860;Piciformes;Ramphastidae
Aulacorhynchus haematopygus;10865;Piciformes;Ramphastidae
Aulacorhynchus coeruleicinctis;10869;Piciformes;Ramphastidae
Andigena hypoglauca;10871;Piciformes;Ramphastidae
Andigena laminirostris;10874;Piciformes;Ramphastidae
Andigena cucullata;10875;Piciformes;Ramphastidae
Andigena nigrirostris;10876;Piciformes;Ramphastidae
Pteroglossus bailloni;10880;Piciformes;Ramphastidae
Pteroglossus beauharnaesii;10880;Piciformes;Ramphastidae
Pteroglossus sanguineus;10880;Piciformes;Ramphastidae
Pteroglossus viridis;10881;Piciformes;Ramphastidae
Pteroglossus inscriptus;10882;Piciformes;Ramphastidae
Pteroglossus torquatus;10885;Piciformes;Ramphastidae
Pteroglossus erythropygius;10889;Piciformes;Ramphastidae
Pteroglossus frantzii;10894;Piciformes;Ramphastidae
Pteroglossus aracari;10895;Piciformes;Ramphastidae
Pteroglossus castanotis;10899;Piciformes;Ramphastidae
Pteroglossus pluricinctus;10902;Piciformes;Ramphastidae
Pteroglossus azara;10903;Piciformes;Ramphastidae
Pteroglossus beauharnaisii;10907;Piciformes;Ramphastidae
Pteroglossus bitorquatus;10908;Piciformes;Ramphastidae
Selenidera spectabilis;10914;Piciformes;Ramphastidae
Selenidera piperivora;10915;Piciformes;Ramphastidae
Selenidera reinwardtii;10916;Piciformes;Ramphastidae
Selenidera gouldii;10920;Piciformes;Ramphastidae
Selenidera maculirostris;10921;Piciformes;Ramphastidae
Ramphastos citreolaemus;10923;Piciformes;Ramphastidae
Ramphastos toco;10923;Piciformes;Ramphastidae
Ramphastos ambiguus;10926;Piciformes;Ramphastidae
Ramphastos tucanus;10931;Piciformes;Ramphastidae
Ramphastos sulfuratus;10936;Piciformes;Ramphastidae
Ramphastos brevis;10939;Piciformes;Ramphastidae
Ramphastos vitellinus;10940;Piciformes;Ramphastidae
Ramphastos dicolorus;10950;Piciformes;Ramphastidae
Prodotiscus zambesiae;10956;Piciformes;Indicatoridae
Prodotiscus regulus;10960;Piciformes;Indicatoridae
Melignomon eisentrauti;10965;Piciformes;Indicatoridae
Indicator pumilio;10966;Piciformes;Indicatoridae
Indicator willcocksi;10967;Piciformes;Indicatoridae
Indicator meliphilus;10971;Piciformes;Indicatoridae
Indicator exilis;10974;Piciformes;Indicatoridae
Indicator minor;10979;Piciformes;Indicatoridae
Indicator maculatus;10990;Piciformes;Indicatoridae
Indicator variegatus;10993;Piciformes;Indicatoridae
Indicator xanthonotus;10994;Piciformes;Indicatoridae
Indicator archipelagicus;10997;Piciformes;Indicatoridae
Indicator indicator;10998;Piciformes;Indicatoridae
Melichneutes robustus;11000;Piciformes;Indicatoridae
Jynx torquilla;11003;Piciformes;Picidae
Jynx ruficollis;11010;Piciformes;Picidae
Picumnus fulvescens;11014;Piciformes;Picidae
Picumnus innominatus;11014;Piciformes;Picidae
Picumnus aurifrons;11018;Piciformes;Picidae
Picumnus pumilus;11026;Piciformes;Picidae
Picumnus lafresnayi;11027;Piciformes;Picidae
Picumnus exilis;11032;Piciformes;Picidae
Picumnus sclateri;11037;Piciformes;Picidae
Picumnus squamulatus;11041;Piciformes;Picidae
Picumnus spilogaster;11048;Piciformes;Picidae
Picumnus pygmaeus;11055;Piciformes;Picidae
Picumnus steindachneri;11056;Piciformes;Picidae
Picumnus varzeae;11057;Piciformes;Picidae
Picumnus cirratus;11058;Piciformes;Picidae
Picumnus dorbignyanus;11067;Piciformes;Picidae
Picumnus temminckii;11071;Piciformes;Picidae
Picumnus albosquamatus;11074;Piciformes;Picidae
Picumnus rufiventris;11080;Piciformes;Picidae
Picumnus limae;11084;Piciformes;Picidae
Picumnus nebulosus;11087;Piciformes;Picidae
Picumnus castelnau;11088;Piciformes;Picidae
Picumnus subtilis;11089;Piciformes;Picidae
Picumnus olivaceus;11090;Piciformes;Picidae
Picumnus granadensis;11097;Piciformes;Picidae
Picumnus cinnamomeus;11100;Piciformes;Picidae
Verreauxia africana;11107;Piciformes;Picidae
Sasia abnormis;11108;Piciformes;Picidae
Sasia ochracea;11111;Piciformes;Picidae
Nesoctites micromegas;11116;Piciformes;Picidae
Hemicircus concretus;11119;Piciformes;Picidae
Hemicircus canente;11122;Piciformes;Picidae
Sphyrapicus thyroideus;11123;Piciformes;Picidae
Sphyrapicus varius;11126;Piciformes;Picidae
Sphyrapicus nuchalis;11127;Piciformes;Picidae
Sphyrapicus ruber;11130;Piciformes;Picidae
Xiphidiopicus percussus;11138;Piciformes;Picidae
Melanerpes candidus;11141;Piciformes;Picidae
Melanerpes santacruzi;11141;Piciformes;Picidae
Melanerpes lewis;11142;Piciformes;Picidae
Melanerpes portoricensis;11144;Piciformes;Picidae
Melanerpes erythrocephalus;11145;Piciformes;Picidae
Melanerpes formicivorus;11146;Piciformes;Picidae
Melanerpes chrysauchen;11155;Piciformes;Picidae
Melanerpes cruentatus;11156;Piciformes;Picidae
Melanerpes flavifrons;11157;Piciformes;Picidae
Melanerpes pulcher;11158;Piciformes;Picidae
Melanerpes pucherani;11159;Piciformes;Picidae
Melanerpes cactorum;11160;Piciformes;Picidae
Melanerpes striatus;11161;Piciformes;Picidae
Melanerpes radiolatus;11162;Piciformes;Picidae
Melanerpes chrysogenys;11163;Piciformes;Picidae
Melanerpes hypopolius;11166;Piciformes;Picidae
Melanerpes pygmaeus;11167;Piciformes;Picidae
Melanerpes rubricapillus;11171;Piciformes;Picidae
Melanerpes uropygialis;11176;Piciformes;Picidae
Melanerpes hoffmannii;11180;Piciformes;Picidae
Melanerpes aurifrons;11183;Piciformes;Picidae
Melanerpes carolinus;11199;Piciformes;Picidae
Melanerpes superciliaris;11202;Piciformes;Picidae
Picoides tridactylus;11209;Piciformes;Picidae
Picoides dorsalis;11216;Piciformes;Picidae
Picoides arcticus;11220;Piciformes;Picidae
Yungipicus temminckii;11222;Piciformes;Picidae
Yungipicus maculatus;11223;Piciformes;Picidae
Yungipicus nanus;11228;Piciformes;Picidae
Yungipicus moluccensis;11233;Piciformes;Picidae
Yungipicus canicapillus;11236;Piciformes;Picidae
Yungipicus kizuki;11249;Piciformes;Picidae
Leiopicus mahrattensis;11263;Piciformes;Picidae
Dendrocoptes medius;11266;Piciformes;Picidae
Dendrocoptes auriceps;11271;Piciformes;Picidae
Dendrocoptes dorae;11272;Piciformes;Picidae
Chloropicus fuscescens;11273;Piciformes;Picidae
Chloropicus goertae;11273;Piciformes;Picidae
Chloropicus griseocephalus;11273;Piciformes;Picidae
Chloropicus pyrrhogaster;11273;Piciformes;Picidae
Chloropicus spodocephalus;11273;Piciformes;Picidae
Chloropicus xantholophus;11274;Piciformes;Picidae
Chloropicus namaquus;11275;Piciformes;Picidae
Dendropicos lugubris;11280;Piciformes;Picidae
Dendropicos gabonensis;11281;Piciformes;Picidae
Dendropicos fuscescens;11289;Piciformes;Picidae
Dendropicos obsoletus;11300;Piciformes;Picidae
Dendropicos goertae;11305;Piciformes;Picidae
Dendropicos spodocephalus;11311;Piciformes;Picidae
Dendropicos griseocephalus;11314;Piciformes;Picidae
Dendrocopos hyperythrus;11318;Piciformes;Picidae
Dendrocopos macei;11323;Piciformes;Picidae
Dendrocopos analis;11326;Piciformes;Picidae
Dendrocopos atratus;11330;Piciformes;Picidae
Dendrocopos noguchii;11331;Piciformes;Picidae
Dendrocopos leucotos;11332;Piciformes;Picidae
Dendrocopos darjellensis;11346;Piciformes;Picidae
Dendrocopos major;11349;Piciformes;Picidae
Dendrocopos leucopterus;11368;Piciformes;Picidae
Dendrocopos himalayensis;11369;Piciformes;Picidae
Dendrocopos syriacus;11372;Piciformes;Picidae
Dryobates affinis;11377;Piciformes;Picidae
Dryobates albolarvatus;11377;Piciformes;Picidae
Dryobates arizonae;11377;Piciformes;Picidae
Dryobates borealis;11377;Piciformes;Picidae
Dryobates callonotus;11377;Piciformes;Picidae
Dryobates cassini;11377;Piciformes;Picidae
Dryobates dignus;11377;Piciformes;Picidae
Dryobates frontalis;11377;Piciformes;Picidae
Dryobates fumigatus;11377;Piciformes;Picidae
Dryobates kirkii;11377;Piciformes;Picidae
Dryobates lignarius;11377;Piciformes;Picidae
Dryobates maculifrons;11377;Piciformes;Picidae
Dryobates minor;11377;Piciformes;Picidae
Dryobates mixtus;11377;Piciformes;Picidae
Dryobates nigriceps;11377;Piciformes;Picidae
Dryobates passerinus;11377;Piciformes;Picidae
Dryobates spilogaster;11377;Piciformes;Picidae
Dryobates stricklandi;11377;Piciformes;Picidae
Dryobates villosus;11377;Piciformes;Picidae
Dryobates cathpharius;11389;Piciformes;Picidae
Dryobates pernyii;11394;Piciformes;Picidae
Dryobates pubescens;11400;Piciformes;Picidae
Dryobates nuttallii;11410;Piciformes;Picidae
Dryobates scalaris;11412;Piciformes;Picidae
Leuconotopicus borealis;11426;Piciformes;Picidae
Leuconotopicus villosus;11427;Piciformes;Picidae
Leuconotopicus albolarvatus;11451;Piciformes;Picidae
Leuconotopicus fumigatus;11455;Piciformes;Picidae
Leuconotopicus arizonae;11463;Piciformes;Picidae
Veniliornis kirkii;11467;Piciformes;Picidae
Veniliornis cassini;11473;Piciformes;Picidae
Veniliornis spilogaster;11474;Piciformes;Picidae
Veniliornis mixtus;11475;Piciformes;Picidae
Veniliornis lignarius;11480;Piciformes;Picidae
Veniliornis passerinus;11484;Piciformes;Picidae
Veniliornis affinis;11507;Piciformes;Picidae
Veniliornis maculifrons;11514;Piciformes;Picidae
Blythipicus rubiginosus;11516;Piciformes;Picidae
Blythipicus pyrrhotis;11517;Piciformes;Picidae
Chrysocolaptes validus;11523;Piciformes;Picidae
Chrysocolaptes guttacristatus;11526;Piciformes;Picidae
Chrysocolaptes socialis;11531;Piciformes;Picidae
Chrysocolaptes haematribon;11536;Piciformes;Picidae
Chrysocolaptes xanthocephalus;11537;Piciformes;Picidae
Chrysocolaptes lucidus;11538;Piciformes;Picidae
Chrysocolaptes erythrocephalus;11542;Piciformes;Picidae
Chrysocolaptes stricklandi;11543;Piciformes;Picidae
Chrysocolaptes festivus;11544;Piciformes;Picidae
Campephilus pollens;11547;Piciformes;Picidae
Campephilus haematogaster;11550;Piciformes;Picidae
Campephilus rubricollis;11553;Piciformes;Picidae
Campephilus robustus;11557;Piciformes;Picidae
Campephilus melanoleucos;11558;Piciformes;Picidae
Campephilus guatemalensis;11562;Piciformes;Picidae
Campephilus gayaquilensis;11566;Piciformes;Picidae
Campephilus leucopogon;11567;Piciformes;Picidae
Campephilus magellanicus;11569;Piciformes;Picidae
Micropternus brachyurus;11575;Piciformes;Picidae
Meiglyptes tukki;11586;Piciformes;Picidae
Meiglyptes grammithorax;11592;Piciformes;Picidae
Meiglyptes tristis;11593;Piciformes;Picidae
Meiglyptes jugularis;11594;Piciformes;Picidae
Gecinulus grantia;11595;Piciformes;Picidae
Gecinulus viridis;11599;Piciformes;Picidae
Gecinulus rafflesii;11601;Piciformes;Picidae
Dinopium rafflesii;11604;Piciformes;Picidae
Dinopium shorii;11604;Piciformes;Picidae
Dinopium javanense;11607;Piciformes;Picidae
Dinopium everetti;11617;Piciformes;Picidae
Dinopium benghalense;11618;Piciformes;Picidae
Dinopium psarodes;11624;Piciformes;Picidae
Picus chlorolophus;11628;Piciformes;Picidae
Picus puniceus;11642;Piciformes;Picidae
Picus xanthopygaeus;11646;Piciformes;Picidae
Picus squamatus;11647;Piciformes;Picidae
Picus rabieri;11650;Piciformes;Picidae
Picus viridanus;11651;Piciformes;Picidae
Picus vittatus;11652;Piciformes;Picidae
Picus awokera;11654;Piciformes;Picidae
Picus canus;11655;Piciformes;Picidae
Picus erythropygius;11669;Piciformes;Picidae
Picus vaillantii;11672;Piciformes;Picidae
Picus viridis;11673;Piciformes;Picidae
Picus sharpei;11680;Piciformes;Picidae
Chrysophlegma miniaceum;11684;Piciformes;Picidae
Chrysophlegma flavinucha;11689;Piciformes;Picidae
Chrysophlegma mentale;11699;Piciformes;Picidae
Geocolaptes olivaceus;11702;Piciformes;Picidae
Pardipicus caroli;11703;Piciformes;Picidae
Pardipicus nivosus;11706;Piciformes;Picidae
Campethera cailliautii;11711;Piciformes;Picidae
Campethera maculosa;11715;Piciformes;Picidae
Campethera nubica;11722;Piciformes;Picidae
Campethera punctuligera;11725;Piciformes;Picidae
Campethera bennettii;11728;Piciformes;Picidae
Campethera notata;11732;Piciformes;Picidae
Campethera abingoni;11733;Piciformes;Picidae
Campethera mombassica;11741;Piciformes;Picidae
Mulleripicus fulvus;11742;Piciformes;Picidae
Mulleripicus funebris;11745;Piciformes;Picidae
Mulleripicus fuliginosus;11749;Piciformes;Picidae
Mulleripicus pulverulentus;11750;Piciformes;Picidae
Dryocopus lineatus;11754;Piciformes;Picidae
Dryocopus pileatus;11762;Piciformes;Picidae
Dryocopus schulzii;11765;Piciformes;Picidae
Dryocopus javensis;11767;Piciformes;Picidae
Dryocopus hodgei;11783;Piciformes;Picidae
Dryocopus martius;11784;Piciformes;Picidae
Celeus grammicus;11788;Piciformes;Picidae
Celeus loricatus;11788;Piciformes;Picidae
Celeus torquatus;11793;Piciformes;Picidae
Celeus galeatus;11797;Piciformes;Picidae
Celeus castaneus;11798;Piciformes;Picidae
Celeus undatus;11799;Piciformes;Picidae
Celeus flavus;11809;Piciformes;Picidae
Celeus spectabilis;11814;Piciformes;Picidae
Celeus obrieni;11817;Piciformes;Picidae
Celeus ochraceus;11818;Piciformes;Picidae
Celeus elegans;11819;Piciformes;Picidae
Celeus lugubris;11826;Piciformes;Picidae
Celeus flavescens;11830;Piciformes;Picidae
Piculus simplex;11835;Piciformes;Picidae
Piculus callopterus;11836;Piciformes;Picidae
Piculus leucolaemus;11837;Piciformes;Picidae
Piculus litae;11838;Piciformes;Picidae
Piculus flavigula;11839;Piciformes;Picidae
Piculus chrysochloros;11843;Piciformes;Picidae
Piculus aurulentus;11850;Piciformes;Picidae
Colaptes rubiginosus;11852;Piciformes;Picidae
Colaptes auricularis;11873;Piciformes;Picidae
Colaptes rivolii;11874;Piciformes;Picidae
Colaptes atricollis;11882;Piciformes;Picidae
Colaptes punctigula;11885;Piciformes;Picidae
Colaptes melanochloros;11892;Piciformes;Picidae
Colaptes auratus;11900;Piciformes;Picidae
Colaptes mexicanoides;11913;Piciformes;Picidae
Colaptes chrysoides;11914;Piciformes;Picidae
Colaptes fernandinae;11922;Piciformes;Picidae
Colaptes pitius;11923;Piciformes;Picidae
Colaptes rupicola;11924;Piciformes;Picidae
Colaptes campestris;11929;Piciformes;Picidae
Cariama cristata;11936;Cariamiformes;Cariamidae
Chunga burmeisteri;11937;Cariamiformes;Cariamidae
Herpetotheres cachinnans;11939;Falconiformes;Falconidae
Micrastur buckleyi;11942;Falconiformes;Falconidae
Micrastur semitorquatus;11943;Falconiformes;Falconidae
Micrastur mirandollei;11946;Falconiformes;Falconidae
Micrastur ruficollis;11947;Falconiformes;Falconidae
Micrastur mintoni;11954;Falconiformes;Falconidae
Micrastur plumbeus;11955;Falconiformes;Falconidae
Micrastur gilvicollis;11957;Falconiformes;Falconidae
Spiziapteryx circumcincta;11960;Falconiformes;Falconidae
Caracara cheriway;11961;Falconiformes;Falconidae
Caracara plancus;11962;Falconiformes;Falconidae
Ibycter americanus;11965;Falconiformes;Falconidae
Daptrius chimachima;11966;Falconiformes;Falconidae
Daptrius ater;11969;Falconiformes;Falconidae
Daptrius chimango;11970;Falconiformes;Falconidae
Daptrius carunculatus;11973;Falconiformes;Falconidae
Daptrius megalopterus;11974;Falconiformes;Falconidae
Daptrius australis;11977;Falconiformes;Falconidae
Polihierax semitorquatus;11978;Falconiformes;Falconidae
Microhierax erythrogenys;11979;Falconiformes;Falconidae
Microhierax melanoleucos;11982;Falconiformes;Falconidae
Microhierax fringillarius;11986;Falconiformes;Falconidae
Neohierax insignis;11988;Falconiformes;Falconidae
Falco naumanni;11992;Falconiformes;Falconidae
Falco tinnunculus;11993;Falconiformes;Falconidae
Falco rupicolus;12009;Falconiformes;Falconidae
Falco newtoni;12012;Falconiformes;Falconidae
Falco araeus;12016;Falconiformes;Falconidae
Falco moluccensis;12018;Falconiformes;Falconidae
Falco cenchroides;12021;Falconiformes;Falconidae
Falco sparverius;12028;Falconiformes;Falconidae
Falco ardosiaceus;12049;Falconiformes;Falconidae
Falco zoniventris;12051;Falconiformes;Falconidae
Falco chicquera;12052;Falconiformes;Falconidae
Falco vespertinus;12057;Falconiformes;Falconidae
Falco amurensis;12058;Falconiformes;Falconidae
Falco eleonorae;12060;Falconiformes;Falconidae
Falco concolor;12061;Falconiformes;Falconidae
Falco columbarius;12062;Falconiformes;Falconidae
Falco subbuteo;12073;Falconiformes;Falconidae
Falco cuvierii;12077;Falconiformes;Falconidae
Falco severus;12079;Falconiformes;Falconidae
Falco longipennis;12080;Falconiformes;Falconidae
Falco novaeseelandiae;12085;Falconiformes;Falconidae
Falco berigora;12086;Falconiformes;Falconidae
Falco hypoleucos;12090;Falconiformes;Falconidae
Falco femoralis;12092;Falconiformes;Falconidae
Falco rufigularis;12096;Falconiformes;Falconidae
Falco deiroleucus;12100;Falconiformes;Falconidae
Falco biarmicus;12101;Falconiformes;Falconidae
Falco jugger;12107;Falconiformes;Falconidae
Falco cherrug;12108;Falconiformes;Falconidae
Falco rusticolus;12113;Falconiformes;Falconidae
Falco peregrinus;12114;Falconiformes;Falconidae
Falco mexicanus;12136;Falconiformes;Falconidae
Nestor notabilis;12144;Psittaciformes;Strigopidae
Nestor meridionalis;12146;Psittaciformes;Strigopidae
Zanda funerea;12151;Psittaciformes;Cacatuidae
Zanda latirostris;12155;Psittaciformes;Cacatuidae
Zanda baudinii;12156;Psittaciformes;Cacatuidae
Calyptorhynchus banksii;12157;Psittaciformes;Cacatuidae
Calyptorhynchus baudinii;12157;Psittaciformes;Cacatuidae
Calyptorhynchus funereus;12157;Psittaciformes;Cacatuidae
Calyptorhynchus latirostris;12157;Psittaciformes;Cacatuidae
Calyptorhynchus lathami;12163;Psittaciformes;Cacatuidae
Nymphicus hollandicus;12168;Psittaciformes;Cacatuidae
Probosciger aterrimus;12170;Psittaciformes;Cacatuidae
Callocephalon fimbriatum;12175;Psittaciformes;Cacatuidae
Eolophus roseicapilla;12176;Psittaciformes;Cacatuidae
Cacatua leadbeateri;12180;Psittaciformes;Cacatuidae
Cacatua goffiniana;12184;Psittaciformes;Cacatuidae
Cacatua ducorpsii;12185;Psittaciformes;Cacatuidae
Cacatua pastinator;12186;Psittaciformes;Cacatuidae
Cacatua sanguinea;12189;Psittaciformes;Cacatuidae
Cacatua tenuirostris;12196;Psittaciformes;Cacatuidae
Cacatua alba;12199;Psittaciformes;Cacatuidae
Cacatua ophthalmica;12200;Psittaciformes;Cacatuidae
Cacatua galerita;12212;Psittaciformes;Cacatuidae
Psittrichas fulgidus;12221;Psittaciformes;Psittaculidae
Coracopsis vasa;12222;Psittaciformes;Psittaculidae
Coracopsis nigra;12226;Psittaciformes;Psittaculidae
Coracopsis barklyi;12232;Psittaciformes;Psittaculidae
Micropsitta keiensis;12233;Psittaciformes;Psittaculidae
Micropsitta pusio;12240;Psittaciformes;Psittaculidae
Micropsitta bruijnii;12245;Psittaciformes;Psittaculidae
Micropsitta finschii;12253;Psittaciformes;Psittaculidae
Polytelis swainsonii;12260;Psittaciformes;Psittaculidae
Polytelis anthopeplus;12261;Psittaciformes;Psittaculidae
Alisterus scapularis;12265;Psittaciformes;Psittaculidae
Alisterus chloropterus;12275;Psittaciformes;Psittaculidae
Aprosmictus erythropterus;12282;Psittaciformes;Psittaculidae
Prioniturus platenae;12293;Psittaciformes;Psittaculidae
Prioniturus discurus;12298;Psittaciformes;Psittaculidae
Eclectus roratus;12302;Psittaciformes;Psittaculidae
Eclectus polychloros;12307;Psittaciformes;Psittaculidae
Geoffroyus geoffroyi;12315;Psittaciformes;Psittaculidae
Geoffroyus simplex;12332;Psittaciformes;Psittaculidae
Geoffroyus heteroclitus;12335;Psittaciformes;Psittaculidae
Psittinus cyanurus;12338;Psittaciformes;Psittaculidae
Psittacula eupatria;12343;Psittaciformes;Psittaculidae
Psittacula krameri;12350;Psittaciformes;Psittaculidae
Psittacula eques;12356;Psittaciformes;Psittaculidae
Psittacula himalayana;12359;Psittaciformes;Psittaculidae
Psittacula finschii;12360;Psittaciformes;Psittaculidae
Psittacula cyanocephala;12361;Psittaciformes;Psittaculidae
Psittacula roseata;12364;Psittaciformes;Psittaculidae
Psittacula columboides;12367;Psittaciformes;Psittaculidae
Psittacula calthrapae;12368;Psittaciformes;Psittaculidae
Psittacula alexandri;12370;Psittaciformes;Psittaculidae
Psittacula caniceps;12379;Psittaciformes;Psittaculidae
Psittacula longicauda;12381;Psittaciformes;Psittaculidae
Psittacella picta;12392;Psittaciformes;Psittaculidae
Psittacella brehmii;12397;Psittaciformes;Psittaculidae
Tanygnathus lucionensis;12419;Psittaciformes;Psittaculidae
Tanygnathus sumatranus;12429;Psittaciformes;Psittaculidae
Pezoporus wallicus;12433;Psittaciformes;Psittaculidae
Neopsephotus bourkii;12437;Psittaciformes;Psittaculidae
Neophema chrysostoma;12438;Psittaciformes;Psittaculidae
Neophema elegans;12439;Psittaciformes;Psittaculidae
Neophema petrophila;12440;Psittaciformes;Psittaculidae
Neophema pulchella;12442;Psittaciformes;Psittaculidae
Neophema splendida;12443;Psittaciformes;Psittaculidae
Lathamus discolor;12445;Psittaciformes;Psittaculidae
Prosopeia splendens;12446;Psittaciformes;Psittaculidae
Prosopeia tabuensis;12447;Psittaciformes;Psittaculidae
Prosopeia personata;12450;Psittaciformes;Psittaculidae
Eunymphicus cornutus;12451;Psittaciformes;Psittaculidae
Cyanoramphus novaezelandiae;12456;Psittaciformes;Psittaculidae
Cyanoramphus saisseti;12462;Psittaciformes;Psittaculidae
Cyanoramphus auriceps;12466;Psittaciformes;Psittaculidae
Barnardius zonarius;12472;Psittaciformes;Psittaculidae
Platycercus caledonicus;12479;Psittaciformes;Psittaculidae
Platycercus elegans;12480;Psittaciformes;Psittaculidae
Platycercus venustus;12491;Psittaciformes;Psittaculidae
Platycercus eximius;12492;Psittaciformes;Psittaculidae
Platycercus adscitus;12499;Psittaciformes;Psittaculidae
Platycercus icterotis;12504;Psittaciformes;Psittaculidae
Northiella haematogaster;12508;Psittaciformes;Psittaculidae
Psephotus haematonotus;12514;Psittaciformes;Psittaculidae
Psephotus varius;12514;Psittaciformes;Psittaculidae
Psephotellus varius;12517;Psittaciformes;Psittaculidae
Psephotellus dissimilis;12518;Psittaciformes;Psittaculidae
Psephotellus chrysopterygius;12519;Psittaciformes;Psittaculidae
Purpureicephalus spurius;12521;Psittaciformes;Psittaculidae
Nannopsittacus melanogenia;12522;Psittaciformes;Psittaculidae
Cyclopsitta diophthalma;12532;Psittaciformes;Psittaculidae
Bolbopsittacus lunulatus;12553;Psittaciformes;Psittaculidae
Melopsittacus undulatus;12558;Psittaciformes;Psittaculidae
Oreopsittacus arfaki;12560;Psittaciformes;Psittaculidae
Hypocharmosyna placentis;12568;Psittaciformes;Psittaculidae
Charmosynopsis pulchella;12575;Psittaciformes;Psittaculidae
Charmosyna margarethae;12578;Psittaciformes;Psittaculidae
Charmosyna placentis;12578;Psittaciformes;Psittaculidae
Charmosyna papou;12583;Psittaciformes;Psittaculidae
Charmosyna stellae;12584;Psittaciformes;Psittaculidae
Vini margarethae;12588;Psittaciformes;Psittaculidae
Vini solitaria;12594;Psittaciformes;Psittaculidae
Vini australis;12595;Psittaciformes;Psittaculidae
Vini kuhlii;12598;Psittaciformes;Psittaculidae
Vini peruviana;12599;Psittaciformes;Psittaculidae
Neopsittacus musschenbroekii;12600;Psittaciformes;Psittaculidae
Neopsittacus pullicauda;12603;Psittaciformes;Psittaculidae
Lorius chlorocercus;12609;Psittaciformes;Psittaculidae
Lorius hypoinochrous;12615;Psittaciformes;Psittaculidae
Lorius lory;12619;Psittaciformes;Psittaculidae
Psitteuteles versicolor;12628;Psittaciformes;Psittaculidae
Psitteuteles pusillus;12629;Psittaciformes;Psittaculidae
Psitteuteles porphyrocephalus;12630;Psittaciformes;Psittaculidae
Chalcopsitta fuscata;12631;Psittaciformes;Psittaculidae
Chalcopsitta cardinalis;12632;Psittaciformes;Psittaculidae
Chalcopsitta duivenbodei;12633;Psittaciformes;Psittaculidae
Chalcopsitta atra;12636;Psittaciformes;Psittaculidae
Glossoptilus goldiei;12644;Psittaciformes;Psittaculidae
Trichoglossus concinnus;12645;Psittaciformes;Psittaculidae
Trichoglossus ornatus;12650;Psittaciformes;Psittaculidae
Trichoglossus meyeri;12651;Psittaciformes;Psittaculidae
Trichoglossus rubiginosus;12667;Psittaciformes;Psittaculidae
Trichoglossus chlorolepidotus;12668;Psittaciformes;Psittaculidae
Trichoglossus haematodus;12669;Psittaciformes;Psittaculidae
Trichoglossus moluccanus;12680;Psittaciformes;Psittaculidae
Trichoglossus rubritorquis;12687;Psittaciformes;Psittaculidae
Trichoglossus euteles;12690;Psittaciformes;Psittaculidae
Loriculus vernalis;12703;Psittaciformes;Psittaculidae
Loriculus beryllinus;12706;Psittaciformes;Psittaculidae
Loriculus philippensis;12707;Psittaciformes;Psittaculidae
Loriculus galgulus;12719;Psittaciformes;Psittaculidae
Loriculus stigmatus;12720;Psittaciformes;Psittaculidae
Loriculus sclateri;12721;Psittaciformes;Psittaculidae
Loriculus amabilis;12722;Psittaciformes;Psittaculidae
Agapornis canus;12737;Psittaciformes;Psittaculidae
Agapornis pullarius;12740;Psittaciformes;Psittaculidae
Agapornis taranta;12743;Psittaciformes;Psittaculidae
Agapornis roseicollis;12744;Psittaciformes;Psittaculidae
Agapornis fischeri;12748;Psittaciformes;Psittaculidae
Agapornis personatus;12750;Psittaciformes;Psittaculidae
Agapornis lilianae;12754;Psittaciformes;Psittaculidae
Agapornis nigrigenis;12755;Psittaciformes;Psittaculidae
Psittacus timneh;12759;Psittaciformes;Psittacidae
Psittacus erithacus;12760;Psittaciformes;Psittacidae
Poicephalus fuscicollis;12764;Psittaciformes;Psittacidae
Poicephalus robustus;12767;Psittaciformes;Psittacidae
Poicephalus gulielmi;12768;Psittaciformes;Psittacidae
Poicephalus meyeri;12773;Psittaciformes;Psittacidae
Poicephalus rueppellii;12780;Psittaciformes;Psittacidae
Poicephalus cryptoxanthus;12781;Psittaciformes;Psittacidae
Poicephalus rufiventris;12786;Psittaciformes;Psittacidae
Poicephalus senegalus;12789;Psittaciformes;Psittacidae
Poicephalus flavifrons;12792;Psittaciformes;Psittacidae
Touit batavicus;12794;Psittaciformes;Psittacidae
Touit huetii;12795;Psittaciformes;Psittacidae
Touit costaricensis;12796;Psittaciformes;Psittacidae
Touit dilectissimus;12797;Psittaciformes;Psittacidae
Touit purpuratus;12798;Psittaciformes;Psittacidae
Touit melanonotus;12801;Psittaciformes;Psittacidae
Touit surdus;12802;Psittaciformes;Psittacidae
Touit stictopterus;12803;Psittaciformes;Psittacidae
Psilopsiagon aymara;12805;Psittaciformes;Psittacidae
Psilopsiagon aurifrons;12806;Psittaciformes;Psittacidae
Bolborhynchus lineola;12811;Psittaciformes;Psittacidae
Bolborhynchus ferrugineifrons;12814;Psittaciformes;Psittacidae
Bolborhynchus orbygnesius;12815;Psittaciformes;Psittacidae
Nannopsittaca panychlora;12817;Psittaciformes;Psittacidae
Nannopsittaca dachilleae;12818;Psittaciformes;Psittacidae
Myiopsitta monachus;12819;Psittaciformes;Psittacidae
Brotogeris sanctithomae;12825;Psittaciformes;Psittacidae
Brotogeris tirica;12828;Psittaciformes;Psittacidae
Brotogeris versicolurus;12829;Psittaciformes;Psittacidae
Brotogeris chiriri;12830;Psittaciformes;Psittacidae
Brotogeris pyrrhoptera;12835;Psittaciformes;Psittacidae
Brotogeris jugularis;12836;Psittaciformes;Psittacidae
Brotogeris cyanoptera;12839;Psittaciformes;Psittacidae
Brotogeris chrysoptera;12843;Psittaciformes;Psittacidae
Pionopsitta pileata;12850;Psittaciformes;Psittacidae
Triclaria malachitacea;12851;Psittaciformes;Psittacidae
Hapalopsittaca amazonina;12852;Psittaciformes;Psittacidae
Hapalopsittaca fuertesi;12856;Psittaciformes;Psittacidae
Hapalopsittaca pyrrhops;12857;Psittaciformes;Psittacidae
Hapalopsittaca melanotis;12858;Psittaciformes;Psittacidae
Pyrilia haematotis;12861;Psittaciformes;Psittacidae
Pyrilia pulchra;12864;Psittaciformes;Psittacidae
Pyrilia pyrilia;12865;Psittaciformes;Psittacidae
Pyrilia barrabandi;12866;Psittaciformes;Psittacidae
Pyrilia caica;12869;Psittaciformes;Psittacidae
Pyrilia aurantiocephala;12870;Psittaciformes;Psittacidae
Pyrilia vulturina;12871;Psittaciformes;Psittacidae
Pionus fuscus;12873;Psittaciformes;Psittacidae
Pionus seniloides;12873;Psittaciformes;Psittacidae
Pionus sordidus;12874;Psittaciformes;Psittacidae
Pionus maximiliani;12881;Psittaciformes;Psittacidae
Pionus tumultuosus;12886;Psittaciformes;Psittacidae
Pionus menstruus;12889;Psittaciformes;Psittacidae
Pionus senilis;12894;Psittaciformes;Psittacidae
Pionus chalcopterus;12895;Psittaciformes;Psittacidae
Graydidascalus brachyurus;12897;Psittaciformes;Psittacidae
Alipiopsitta xanthops;12898;Psittaciformes;Psittacidae
Amazona festiva;12899;Psittaciformes;Psittacidae
Amazona guatemalae;12899;Psittaciformes;Psittacidae
Amazona vinacea;12902;Psittaciformes;Psittacidae
Amazona tucumana;12903;Psittaciformes;Psittacidae
Amazona pretrei;12904;Psittaciformes;Psittacidae
Amazona viridigenalis;12905;Psittaciformes;Psittacidae
Amazona finschi;12906;Psittaciformes;Psittacidae
Amazona autumnalis;12909;Psittaciformes;Psittacidae
Amazona dufresniana;12916;Psittaciformes;Psittacidae
Amazona rhodocorytha;12917;Psittaciformes;Psittacidae
Amazona auropalliata;12921;Psittaciformes;Psittacidae
Amazona oratrix;12925;Psittaciformes;Psittacidae
Amazona ochrocephala;12933;Psittaciformes;Psittacidae
Amazona barbadensis;12938;Psittaciformes;Psittacidae
Amazona aestiva;12939;Psittaciformes;Psittacidae
Amazona agilis;12942;Psittaciformes;Psittacidae
Amazona albifrons;12943;Psittaciformes;Psittacidae
Amazona xantholora;12947;Psittaciformes;Psittacidae
Amazona collaria;12948;Psittaciformes;Psittacidae
Amazona leucocephala;12950;Psittaciformes;Psittacidae
Amazona ventralis;12956;Psittaciformes;Psittacidae
Amazona farinosa;12960;Psittaciformes;Psittacidae
Amazona kawalli;12965;Psittaciformes;Psittacidae
Amazona brasiliensis;12968;Psittaciformes;Psittacidae
Amazona amazonica;12970;Psittaciformes;Psittacidae
Amazona mercenarius;12974;Psittaciformes;Psittacidae
Forpus modestus;12978;Psittaciformes;Psittacidae
Forpus cyanopygius;12981;Psittaciformes;Psittacidae
Forpus spengeli;12984;Psittaciformes;Psittacidae
Forpus crassirostris;12985;Psittaciformes;Psittacidae
Forpus xanthopterygius;12986;Psittaciformes;Psittacidae
Forpus passerinus;12990;Psittaciformes;Psittacidae
Forpus conspicillatus;12996;Psittaciformes;Psittacidae
Forpus coelestis;13000;Psittaciformes;Psittacidae
Pionites melanocephalus;13003;Psittaciformes;Psittacidae
Pionites leucogaster;13006;Psittaciformes;Psittacidae
Deroptyus accipitrinus;13010;Psittaciformes;Psittacidae
Pyrrhura cruentata;13013;Psittaciformes;Psittacidae
Pyrrhura devillei;13014;Psittaciformes;Psittacidae
Pyrrhura frontalis;13015;Psittaciformes;Psittacidae
Pyrrhura lepida;13018;Psittaciformes;Psittacidae
Pyrrhura perlata;13022;Psittaciformes;Psittacidae
Pyrrhura molinae;13023;Psittaciformes;Psittacidae
Pyrrhura pfrimeri;13030;Psittaciformes;Psittacidae
Pyrrhura griseipectus;13031;Psittaciformes;Psittacidae
Pyrrhura leucotis;13032;Psittaciformes;Psittacidae
Pyrrhura picta;13039;Psittaciformes;Psittacidae
Pyrrhura amazonum;13040;Psittaciformes;Psittacidae
Pyrrhura lucianii;13044;Psittaciformes;Psittacidae
Pyrrhura roseifrons;13045;Psittaciformes;Psittacidae
Pyrrhura viridicata;13051;Psittaciformes;Psittacidae
Pyrrhura egregia;13052;Psittaciformes;Psittacidae
Pyrrhura melanura;13055;Psittaciformes;Psittacidae
Pyrrhura orcesi;13062;Psittaciformes;Psittacidae
Pyrrhura rupicola;13063;Psittaciformes;Psittacidae
Pyrrhura albipectus;13066;Psittaciformes;Psittacidae
Pyrrhura calliptera;13067;Psittaciformes;Psittacidae
Pyrrhura hoematotis;13068;Psittaciformes;Psittacidae
Pyrrhura rhodocephala;13071;Psittaciformes;Psittacidae
Pyrrhura hoffmanni;13072;Psittaciformes;Psittacidae
Enicognathus ferrugineus;13076;Psittaciformes;Psittacidae
Enicognathus leptorhynchus;13079;Psittaciformes;Psittacidae
Cyanoliseus patagonus;13081;Psittaciformes;Psittacidae
Anodorhynchus hyacinthinus;13087;Psittaciformes;Psittacidae
Anodorhynchus leari;13089;Psittaciformes;Psittacidae
Rhynchopsitta pachyrhyncha;13090;Psittaciformes;Psittacidae
Rhynchopsitta terrisi;13091;Psittaciformes;Psittacidae
Eupsittula nana;13092;Psittaciformes;Psittacidae
Eupsittula canicularis;13097;Psittaciformes;Psittacidae
Eupsittula aurea;13101;Psittaciformes;Psittacidae
Eupsittula pertinax;13102;Psittaciformes;Psittacidae
Eupsittula cactorum;13121;Psittaciformes;Psittacidae
Aratinga weddellii;13127;Psittaciformes;Psittacidae
Aratinga nenday;13128;Psittaciformes;Psittacidae
Aratinga jandaya;13131;Psittaciformes;Psittacidae
Aratinga auricapillus;13132;Psittaciformes;Psittacidae
Orthopsittaca manilatus;13136;Psittaciformes;Psittacidae
Primolius maracana;13137;Psittaciformes;Psittacidae
Primolius couloni;13138;Psittaciformes;Psittacidae
Primolius auricollis;13139;Psittaciformes;Psittacidae
Ara ararauna;13140;Psittaciformes;Psittacidae
Ara glaucogularis;13141;Psittaciformes;Psittacidae
Ara severus;13142;Psittaciformes;Psittacidae
Ara militaris;13145;Psittaciformes;Psittacidae
Ara ambiguus;13149;Psittaciformes;Psittacidae
Ara macao;13152;Psittaciformes;Psittacidae
Ara chloropterus;13157;Psittaciformes;Psittacidae
Leptosittaca branickii;13161;Psittaciformes;Psittacidae
Ognorhynchus icterotis;13162;Psittaciformes;Psittacidae
Guaruba guarouba;13163;Psittaciformes;Psittacidae
Thectocercus acuticaudatus;13164;Psittaciformes;Psittacidae
Diopsittaca nobilis;13172;Psittaciformes;Psittacidae
Psittacara holochlorus;13178;Psittaciformes;Psittacidae
Psittacara strenuus;13184;Psittaciformes;Psittacidae
Psittacara finschi;13187;Psittaciformes;Psittacidae
Psittacara wagleri;13189;Psittaciformes;Psittacidae
Psittacara frontatus;13192;Psittaciformes;Psittacidae
Psittacara mitratus;13196;Psittaciformes;Psittacidae
Psittacara erythrogenys;13203;Psittaciformes;Psittacidae
Psittacara leucophthalmus;13205;Psittaciformes;Psittacidae
Psittacara euops;13209;Psittaciformes;Psittacidae
Psittacara chloropterus;13210;Psittaciformes;Psittacidae
Acanthisitta chloris;13219;Passeriformes;Acanthisittidae
Xenicus gilviventris;13226;Passeriformes;Acanthisittidae
Smithornis capensis;13228;Passeriformes;Calyptomenidae
Smithornis sharpei;13238;Passeriformes;Calyptomenidae
Smithornis rufolateralis;13242;Passeriformes;Calyptomenidae
Calyptomena viridis;13246;Passeriformes;Calyptomenidae
Calyptomena hosii;13250;Passeriformes;Calyptomenidae
Calyptomena whiteheadi;13251;Passeriformes;Calyptomenidae
Psarisomus dalhousiae;13254;Passeriformes;Eurylaimidae
Corydon sumatranus;13260;Passeriformes;Eurylaimidae
Sarcophanops samarensis;13265;Passeriformes;Eurylaimidae
Sarcophanops steerii;13266;Passeriformes;Eurylaimidae
Serilophus lunatus;13269;Passeriformes;Eurylaimidae
Serilophus rubropygius;13279;Passeriformes;Eurylaimidae
Cymbirhynchus macrorhynchos;13281;Passeriformes;Eurylaimidae
Eurylaimus javanicus;13287;Passeriformes;Eurylaimidae
Eurylaimus ochromalus;13294;Passeriformes;Eurylaimidae
Sapayoa aenigma;13298;Passeriformes;Sapayoidae
Philepitta castanea;13300;Passeriformes;Philepittidae
Philepitta schlegeli;13301;Passeriformes;Philepittidae
Neodrepanis coruscans;13302;Passeriformes;Philepittidae
Erythropitta kochi;13306;Passeriformes;Pittidae
Erythropitta erythrogaster;13307;Passeriformes;Pittidae
Erythropitta celebensis;13314;Passeriformes;Pittidae
Erythropitta rufiventris;13318;Passeriformes;Pittidae
Erythropitta rubrinucha;13323;Passeriformes;Pittidae
Erythropitta macklotii;13326;Passeriformes;Pittidae
Erythropitta novaehibernicae;13333;Passeriformes;Pittidae
Erythropitta venusta;13340;Passeriformes;Pittidae
Erythropitta ussheri;13341;Passeriformes;Pittidae
Erythropitta arquata;13342;Passeriformes;Pittidae
Erythropitta granatina;13343;Passeriformes;Pittidae
Hydrornis phayrei;13347;Passeriformes;Pittidae
Hydrornis oatesi;13348;Passeriformes;Pittidae
Hydrornis nipalensis;13353;Passeriformes;Pittidae
Hydrornis soror;13356;Passeriformes;Pittidae
Hydrornis caeruleus;13362;Passeriformes;Pittidae
Hydrornis schneideri;13365;Passeriformes;Pittidae
Hydrornis irena;13366;Passeriformes;Pittidae
Hydrornis guajanus;13367;Passeriformes;Pittidae
Hydrornis schwaneri;13368;Passeriformes;Pittidae
Hydrornis baudii;13369;Passeriformes;Pittidae
Hydrornis cyaneus;13370;Passeriformes;Pittidae
Hydrornis elliotii;13374;Passeriformes;Pittidae
Pitta angolensis;13377;Passeriformes;Pittidae
Pitta reichenowi;13381;Passeriformes;Pittidae
Pitta brachyura;13382;Passeriformes;Pittidae
Pitta moluccensis;13383;Passeriformes;Pittidae
Pitta nympha;13384;Passeriformes;Pittidae
Pitta sordida;13386;Passeriformes;Pittidae
Pitta novaeguineae;13397;Passeriformes;Pittidae
Pitta steerii;13403;Passeriformes;Pittidae
Pitta versicolor;13406;Passeriformes;Pittidae
Pitta maxima;13410;Passeriformes;Pittidae
Pitta concinna;13413;Passeriformes;Pittidae
Pitta elegans;13414;Passeriformes;Pittidae
Pitta vigorsii;13418;Passeriformes;Pittidae
Pitta anerythra;13420;Passeriformes;Pittidae
Pitta megarhyncha;13425;Passeriformes;Pittidae
Pitta iris;13427;Passeriformes;Pittidae
Euchrepomis callinota;13433;Passeriformes;Thamnophilidae
Euchrepomis humeralis;13438;Passeriformes;Thamnophilidae
Euchrepomis spodioptila;13440;Passeriformes;Thamnophilidae
Cymbilaimus lineatus;13445;Passeriformes;Thamnophilidae
Cymbilaimus sanctaemariae;13449;Passeriformes;Thamnophilidae
Hypoedaleus guttatus;13450;Passeriformes;Thamnophilidae
Batara cinerea;13451;Passeriformes;Thamnophilidae
Mackenziaena leachii;13455;Passeriformes;Thamnophilidae
Mackenziaena severa;13456;Passeriformes;Thamnophilidae
Frederickena viridis;13457;Passeriformes;Thamnophilidae
Frederickena unduliger;13458;Passeriformes;Thamnophilidae
Frederickena fulva;13462;Passeriformes;Thamnophilidae
Taraba major;13464;Passeriformes;Thamnophilidae
Sakesphorus canadensis;13475;Passeriformes;Thamnophilidae
Sakesphorus cristatus;13475;Passeriformes;Thamnophilidae
Sakesphorus luctuosus;13483;Passeriformes;Thamnophilidae
Sakesphoroides cristatus;13486;Passeriformes;Thamnophilidae
Radinopsyche sellowi;13489;Passeriformes;Thamnophilidae
Biatas nigropectus;13490;Passeriformes;Thamnophilidae
Thamnophilus doliatus;13491;Passeriformes;Thamnophilidae
Thamnophilus ruficapillus;13505;Passeriformes;Thamnophilidae
Thamnophilus torquatus;13513;Passeriformes;Thamnophilidae
Thamnophilus zarumae;13515;Passeriformes;Thamnophilidae
Thamnophilus multistriatus;13518;Passeriformes;Thamnophilidae
Thamnophilus tenuepunctatus;13523;Passeriformes;Thamnophilidae
Thamnophilus palliatus;13527;Passeriformes;Thamnophilidae
Thamnophilus bernardi;13532;Passeriformes;Thamnophilidae
Thamnophilus atrinucha;13536;Passeriformes;Thamnophilidae
Thamnophilus bridgesi;13539;Passeriformes;Thamnophilidae
Thamnophilus schistaceus;13540;Passeriformes;Thamnophilidae
Thamnophilus murinus;13544;Passeriformes;Thamnophilidae
Thamnophilus nigriceps;13549;Passeriformes;Thamnophilidae
Thamnophilus praecox;13550;Passeriformes;Thamnophilidae
Thamnophilus cryptoleucus;13551;Passeriformes;Thamnophilidae
Thamnophilus nigrocinereus;13552;Passeriformes;Thamnophilidae
Thamnophilus punctatus;13558;Passeriformes;Thamnophilidae
Thamnophilus stictocephalus;13565;Passeriformes;Thamnophilidae
Thamnophilus sticturus;13568;Passeriformes;Thamnophilidae
Thamnophilus pelzelni;13569;Passeriformes;Thamnophilidae
Thamnophilus ambiguus;13570;Passeriformes;Thamnophilidae
Thamnophilus caerulescens;13571;Passeriformes;Thamnophilidae
Thamnophilus unicolor;13580;Passeriformes;Thamnophilidae
Thamnophilus aethiops;13584;Passeriformes;Thamnophilidae
Thamnophilus aroyae;13595;Passeriformes;Thamnophilidae
Thamnophilus melanonotus;13596;Passeriformes;Thamnophilidae
Thamnophilus melanothorax;13597;Passeriformes;Thamnophilidae
Thamnophilus amazonicus;13598;Passeriformes;Thamnophilidae
Thamnophilus insignis;13604;Passeriformes;Thamnophilidae
Rhopias gularis;13609;Passeriformes;Thamnophilidae
Megastictus margaritatus;13610;Passeriformes;Thamnophilidae
Neoctantes niger;13611;Passeriformes;Thamnophilidae
Clytoctantes alixii;13612;Passeriformes;Thamnophilidae
Clytoctantes atrogularis;13613;Passeriformes;Thamnophilidae
Thamnistes anabatinus;13614;Passeriformes;Thamnophilidae
Thamnistes rufescens;13623;Passeriformes;Thamnophilidae
Dysithamnus stictothorax;13626;Passeriformes;Thamnophilidae
Dysithamnus mentalis;13627;Passeriformes;Thamnophilidae
Dysithamnus striaticeps;13646;Passeriformes;Thamnophilidae
Dysithamnus puncticeps;13647;Passeriformes;Thamnophilidae
Dysithamnus xanthopterus;13648;Passeriformes;Thamnophilidae
Dysithamnus occidentalis;13649;Passeriformes;Thamnophilidae
Dysithamnus plumbeus;13652;Passeriformes;Thamnophilidae
Dysithamnus leucostictus;13653;Passeriformes;Thamnophilidae
Thamnomanes ardesiacus;13657;Passeriformes;Thamnophilidae
Thamnomanes saturninus;13660;Passeriformes;Thamnophilidae
Thamnomanes caesius;13664;Passeriformes;Thamnophilidae
Thamnomanes schistogynus;13670;Passeriformes;Thamnophilidae
Xenornis setifrons;13674;Passeriformes;Thamnophilidae
Isleria hauxwelli;13675;Passeriformes;Thamnophilidae
Isleria guttata;13679;Passeriformes;Thamnophilidae
Pygiptila stellaris;13680;Passeriformes;Thamnophilidae
Epinecrophylla fulviventris;13685;Passeriformes;Thamnophilidae
Epinecrophylla gutturalis;13686;Passeriformes;Thamnophilidae
Epinecrophylla leucophthalma;13687;Passeriformes;Thamnophilidae
Epinecrophylla haematonota;13692;Passeriformes;Thamnophilidae
Epinecrophylla amazonica;13697;Passeriformes;Thamnophilidae
Epinecrophylla spodionota;13701;Passeriformes;Thamnophilidae
Epinecrophylla ornata;13704;Passeriformes;Thamnophilidae
Epinecrophylla erythrura;13711;Passeriformes;Thamnophilidae
Myrmotherula brachyura;13715;Passeriformes;Thamnophilidae
Myrmotherula luctuosa;13715;Passeriformes;Thamnophilidae
Myrmotherula ignota;13716;Passeriformes;Thamnophilidae
Myrmotherula ambigua;13719;Passeriformes;Thamnophilidae
Myrmotherula sclateri;13720;Passeriformes;Thamnophilidae
Myrmotherula surinamensis;13721;Passeriformes;Thamnophilidae
Myrmotherula multostriata;13722;Passeriformes;Thamnophilidae
Myrmotherula pacifica;13723;Passeriformes;Thamnophilidae
Myrmotherula cherriei;13724;Passeriformes;Thamnophilidae
Myrmotherula klagesi;13725;Passeriformes;Thamnophilidae
Myrmotherula longicauda;13726;Passeriformes;Thamnophilidae
Myrmotherula axillaris;13731;Passeriformes;Thamnophilidae
Myrmotherula schisticolor;13740;Passeriformes;Thamnophilidae
Myrmotherula sunensis;13745;Passeriformes;Thamnophilidae
Myrmotherula minor;13748;Passeriformes;Thamnophilidae
Myrmotherula longipennis;13749;Passeriformes;Thamnophilidae
Myrmotherula urosticta;13758;Passeriformes;Thamnophilidae
Myrmotherula iheringi;13759;Passeriformes;Thamnophilidae
Myrmotherula unicolor;13765;Passeriformes;Thamnophilidae
Myrmotherula snowi;13766;Passeriformes;Thamnophilidae
Myrmotherula menetriesii;13773;Passeriformes;Thamnophilidae
Myrmotherula assimilis;13781;Passeriformes;Thamnophilidae
Dichrozona cincta;13785;Passeriformes;Thamnophilidae
Myrmorchilus strigilatus;13786;Passeriformes;Thamnophilidae
Herpsilochmus pileatus;13789;Passeriformes;Thamnophilidae
Herpsilochmus sellowi;13789;Passeriformes;Thamnophilidae
Herpsilochmus atricapillus;13790;Passeriformes;Thamnophilidae
Herpsilochmus praedictus;13791;Passeriformes;Thamnophilidae
Herpsilochmus stotzi;13792;Passeriformes;Thamnophilidae
Herpsilochmus motacilloides;13793;Passeriformes;Thamnophilidae
Herpsilochmus parkeri;13794;Passeriformes;Thamnophilidae
Herpsilochmus sticturus;13797;Passeriformes;Thamnophilidae
Herpsilochmus dugandi;13798;Passeriformes;Thamnophilidae
Herpsilochmus stictocephalus;13799;Passeriformes;Thamnophilidae
Herpsilochmus gentryi;13800;Passeriformes;Thamnophilidae
Herpsilochmus dorsimaculatus;13801;Passeriformes;Thamnophilidae
Herpsilochmus roraimae;13802;Passeriformes;Thamnophilidae
Herpsilochmus pectoralis;13805;Passeriformes;Thamnophilidae
Herpsilochmus longirostris;13806;Passeriformes;Thamnophilidae
Herpsilochmus axillaris;13807;Passeriformes;Thamnophilidae
Herpsilochmus frater;13812;Passeriformes;Thamnophilidae
Herpsilochmus rufimarginatus;13815;Passeriformes;Thamnophilidae
Microrhopias quixensis;13817;Passeriformes;Thamnophilidae
Formicivora iheringi;13830;Passeriformes;Thamnophilidae
Formicivora erythronotos;13831;Passeriformes;Thamnophilidae
Formicivora intermedia;13832;Passeriformes;Thamnophilidae
Formicivora grisea;13839;Passeriformes;Thamnophilidae
Formicivora serrana;13843;Passeriformes;Thamnophilidae
Formicivora melanogaster;13848;Passeriformes;Thamnophilidae
Formicivora rufa;13851;Passeriformes;Thamnophilidae
Formicivora grantsaui;13855;Passeriformes;Thamnophilidae
Formicivora acutirostris;13856;Passeriformes;Thamnophilidae
Drymophila ferruginea;13860;Passeriformes;Thamnophilidae
Drymophila rubricollis;13861;Passeriformes;Thamnophilidae
Drymophila genei;13862;Passeriformes;Thamnophilidae
Drymophila ochropyga;13863;Passeriformes;Thamnophilidae
Drymophila malura;13864;Passeriformes;Thamnophilidae
Drymophila squamata;13865;Passeriformes;Thamnophilidae
Drymophila devillei;13868;Passeriformes;Thamnophilidae
Drymophila caudata;13871;Passeriformes;Thamnophilidae
Drymophila klagesi;13872;Passeriformes;Thamnophilidae
Drymophila hellmayri;13873;Passeriformes;Thamnophilidae
Drymophila striaticeps;13874;Passeriformes;Thamnophilidae
Hypocnemis cantator;13880;Passeriformes;Thamnophilidae
Hypocnemis flavescens;13881;Passeriformes;Thamnophilidae
Hypocnemis peruviana;13882;Passeriformes;Thamnophilidae
Hypocnemis subflava;13885;Passeriformes;Thamnophilidae
Hypocnemis ochrogyna;13888;Passeriformes;Thamnophilidae
Hypocnemis striata;13889;Passeriformes;Thamnophilidae
Hypocnemis rondoni;13894;Passeriformes;Thamnophilidae
Hypocnemis hypoxantha;13896;Passeriformes;Thamnophilidae
Terenura sicki;13899;Passeriformes;Thamnophilidae
Terenura maculata;13900;Passeriformes;Thamnophilidae
Cercomacroides laeta;13901;Passeriformes;Thamnophilidae
Cercomacroides parkeri;13905;Passeriformes;Thamnophilidae
Cercomacroides tyrannina;13906;Passeriformes;Thamnophilidae
Cercomacroides serva;13913;Passeriformes;Thamnophilidae
Cercomacroides nigrescens;13914;Passeriformes;Thamnophilidae
Cercomacroides fuscicauda;13922;Passeriformes;Thamnophilidae
Cercomacra manu;13925;Passeriformes;Thamnophilidae
Cercomacra cinerascens;13926;Passeriformes;Thamnophilidae
Cercomacra brasiliana;13933;Passeriformes;Thamnophilidae
Cercomacra melanaria;13934;Passeriformes;Thamnophilidae
Cercomacra ferdinandi;13935;Passeriformes;Thamnophilidae
Cercomacra nigricans;13936;Passeriformes;Thamnophilidae
Cercomacra carbonaria;13937;Passeriformes;Thamnophilidae
Pyriglena maura;13938;Passeriformes;Thamnophilidae
Pyriglena similis;13946;Passeriformes;Thamnophilidae
Pyriglena leuconota;13947;Passeriformes;Thamnophilidae
Pyriglena atra;13951;Passeriformes;Thamnophilidae
Pyriglena leucoptera;13952;Passeriformes;Thamnophilidae
Rhopornis ardesiacus;13953;Passeriformes;Thamnophilidae
Myrmoborus leucophrys;13954;Passeriformes;Thamnophilidae
Myrmoborus lugubris;13959;Passeriformes;Thamnophilidae
Myrmoborus myotherinus;13964;Passeriformes;Thamnophilidae
Myrmoborus melanurus;13972;Passeriformes;Thamnophilidae
Myrmoborus lophotes;13973;Passeriformes;Thamnophilidae
Hypocnemoides melanopogon;13974;Passeriformes;Thamnophilidae
Hypocnemoides maculicauda;13977;Passeriformes;Thamnophilidae
Myrmochanes hemileucus;13978;Passeriformes;Thamnophilidae
Gymnocichla nudiceps;13979;Passeriformes;Thamnophilidae
Sclateria naevia;13984;Passeriformes;Thamnophilidae
Percnostola rufifrons;13990;Passeriformes;Thamnophilidae
Percnostola arenarum;13997;Passeriformes;Thamnophilidae
Myrmelastes schistaceus;13998;Passeriformes;Thamnophilidae
Myrmelastes saturatus;13999;Passeriformes;Thamnophilidae
Myrmelastes hyperythrus;14002;Passeriformes;Thamnophilidae
Myrmelastes leucostigma;14003;Passeriformes;Thamnophilidae
Myrmelastes humaythae;14008;Passeriformes;Thamnophilidae
Myrmelastes rufifacies;14010;Passeriformes;Thamnophilidae
Myrmeciza longipes;14015;Passeriformes;Thamnophilidae
Poliocrania exsul;14020;Passeriformes;Thamnophilidae
Ampelornis griseiceps;14028;Passeriformes;Thamnophilidae
Sipia laemosticta;14029;Passeriformes;Thamnophilidae
Sipia palliata;14030;Passeriformes;Thamnophilidae
Sipia nigricauda;14031;Passeriformes;Thamnophilidae
Sipia berlepschi;14032;Passeriformes;Thamnophilidae
Sciaphylax hemimelaena;14033;Passeriformes;Thamnophilidae
Sciaphylax castanea;14037;Passeriformes;Thamnophilidae
Myrmoderus ferrugineus;14041;Passeriformes;Thamnophilidae
Myrmoderus eowilsoni;14044;Passeriformes;Thamnophilidae
Myrmoderus ruficauda;14045;Passeriformes;Thamnophilidae
Myrmoderus loricatus;14048;Passeriformes;Thamnophilidae
Myrmoderus squamosus;14049;Passeriformes;Thamnophilidae
Akletos melanoceps;14050;Passeriformes;Thamnophilidae
Akletos goeldii;14051;Passeriformes;Thamnophilidae
Hafferia fortis;14052;Passeriformes;Thamnophilidae
Hafferia zeledoni;14055;Passeriformes;Thamnophilidae
Hafferia immaculata;14058;Passeriformes;Thamnophilidae
Aprositornis disjuncta;14061;Passeriformes;Thamnophilidae
Myrmophylax atrothorax;14062;Passeriformes;Thamnophilidae
Ammonastes pelzelni;14068;Passeriformes;Thamnophilidae
Myrmornis torquata;14069;Passeriformes;Thamnophilidae
Pithys albifrons;14072;Passeriformes;Thamnophilidae
Pithys castaneus;14075;Passeriformes;Thamnophilidae
Gymnopithys bicolor;14076;Passeriformes;Thamnophilidae
Gymnopithys leucaspis;14082;Passeriformes;Thamnophilidae
Gymnopithys rufigula;14087;Passeriformes;Thamnophilidae
Oneillornis salvini;14091;Passeriformes;Thamnophilidae
Oneillornis lunulatus;14092;Passeriformes;Thamnophilidae
Rhegmatorhina gymnops;14093;Passeriformes;Thamnophilidae
Rhegmatorhina berlepschi;14094;Passeriformes;Thamnophilidae
Rhegmatorhina hoffmannsi;14095;Passeriformes;Thamnophilidae
Rhegmatorhina cristata;14098;Passeriformes;Thamnophilidae
Rhegmatorhina melanosticta;14099;Passeriformes;Thamnophilidae
Hylophylax naevioides;14104;Passeriformes;Thamnophilidae
Hylophylax naevius;14107;Passeriformes;Thamnophilidae
Hylophylax punctulatus;14113;Passeriformes;Thamnophilidae
Willisornis poecilinotus;14114;Passeriformes;Thamnophilidae
Willisornis vidua;14121;Passeriformes;Thamnophilidae
Phlegopsis nigromaculata;14126;Passeriformes;Thamnophilidae
Phlegopsis erythroptera;14131;Passeriformes;Thamnophilidae
Phlegopsis borbae;14134;Passeriformes;Thamnophilidae
Phaenostictus mcleannani;14135;Passeriformes;Thamnophilidae
Melanopareia torquata;14140;Passeriformes;Melanopareiidae
Melanopareia maximiliani;14145;Passeriformes;Melanopareiidae
Melanopareia maranonica;14150;Passeriformes;Melanopareiidae
Melanopareia elegans;14151;Passeriformes;Melanopareiidae
Pittasoma michleri;14155;Passeriformes;Conopophagidae
Pittasoma rufopileatum;14158;Passeriformes;Conopophagidae
Conopophaga melanogaster;14162;Passeriformes;Conopophagidae
Conopophaga melanops;14163;Passeriformes;Conopophagidae
Conopophaga aurita;14167;Passeriformes;Conopophagidae
Conopophaga snethlageae;14172;Passeriformes;Conopophagidae
Conopophaga peruviana;14175;Passeriformes;Conopophagidae
Conopophaga cearae;14176;Passeriformes;Conopophagidae
Conopophaga roberti;14177;Passeriformes;Conopophagidae
Conopophaga lineata;14178;Passeriformes;Conopophagidae
Conopophaga castaneiceps;14181;Passeriformes;Conopophagidae
Conopophaga ardesiaca;14186;Passeriformes;Conopophagidae
Grallaria squamigera;14190;Passeriformes;Grallariidae
Grallaria gigantea;14193;Passeriformes;Grallariidae
Grallaria varia;14201;Passeriformes;Grallariidae
Grallaria alleni;14209;Passeriformes;Grallariidae
Grallaria guatimalensis;14212;Passeriformes;Grallariidae
Grallaria haplonota;14227;Passeriformes;Grallariidae
Grallaria dignissima;14232;Passeriformes;Grallariidae
Grallaria ruficapilla;14234;Passeriformes;Grallariidae
Grallaria watkinsi;14242;Passeriformes;Grallariidae
Grallaria bangsi;14243;Passeriformes;Grallariidae
Grallaria kaestneri;14244;Passeriformes;Grallariidae
Grallaria andicolus;14245;Passeriformes;Grallariidae
Grallaria griseonucha;14248;Passeriformes;Grallariidae
Grallaria ridgelyi;14251;Passeriformes;Grallariidae
Grallaria nuchalis;14252;Passeriformes;Grallariidae
Grallaria carrikeri;14256;Passeriformes;Grallariidae
Grallaria albigula;14257;Passeriformes;Grallariidae
Grallaria flavotincta;14258;Passeriformes;Grallariidae
Grallaria hypoleuca;14259;Passeriformes;Grallariidae
Grallaria przewalskii;14262;Passeriformes;Grallariidae
Grallaria capitalis;14263;Passeriformes;Grallariidae
Grallaria erythroleuca;14264;Passeriformes;Grallariidae
Grallaria rufocinerea;14267;Passeriformes;Grallariidae
Grallaria rufula;14268;Passeriformes;Grallariidae
Grallaria occabambae;14271;Passeriformes;Grallariidae
Grallaria cochabambae;14275;Passeriformes;Grallariidae
Grallaria alvarezi;14276;Passeriformes;Grallariidae
Grallaria saturata;14277;Passeriformes;Grallariidae
Grallaria cajamarcae;14279;Passeriformes;Grallariidae
Grallaria blakei;14280;Passeriformes;Grallariidae
Grallaria gravesi;14281;Passeriformes;Grallariidae
Grallaria alticola;14285;Passeriformes;Grallariidae
Grallaria quitensis;14286;Passeriformes;Grallariidae
Grallaria urraoensis;14289;Passeriformes;Grallariidae
Grallaria milleri;14290;Passeriformes;Grallariidae
Grallaria erythrotis;14293;Passeriformes;Grallariidae
Cryptopezus nattereri;14295;Passeriformes;Grallariidae
Hylopezus berlepschi;14296;Passeriformes;Grallariidae
Hylopezus dives;14296;Passeriformes;Grallariidae
Hylopezus fulviventris;14296;Passeriformes;Grallariidae
Hylopezus nattereri;14296;Passeriformes;Grallariidae
Hylopezus perspicillatus;14296;Passeriformes;Grallariidae
Hylopezus macularius;14302;Passeriformes;Grallariidae
Hylopezus paraensis;14305;Passeriformes;Grallariidae
Hylopezus whittakeri;14306;Passeriformes;Grallariidae
Hylopezus auricularis;14307;Passeriformes;Grallariidae
Hylopezus ochroleucus;14308;Passeriformes;Grallariidae
Myrmothera fulviventris;14309;Passeriformes;Grallariidae
Myrmothera berlepschi;14312;Passeriformes;Grallariidae
Myrmothera dives;14315;Passeriformes;Grallariidae
Myrmothera campanisona;14319;Passeriformes;Grallariidae
Myrmothera subcanescens;14325;Passeriformes;Grallariidae
Myrmothera simplex;14326;Passeriformes;Grallariidae
Grallaricula flavirostris;14332;Passeriformes;Grallariidae
Grallaricula cucullata;14342;Passeriformes;Grallariidae
Grallaricula peruviana;14346;Passeriformes;Grallariidae
Grallaricula ochraceifrons;14347;Passeriformes;Grallariidae
Grallaricula ferrugineipectus;14348;Passeriformes;Grallariidae
Grallaricula leymebambae;14351;Passeriformes;Grallariidae
Grallaricula nana;14352;Passeriformes;Grallariidae
Grallaricula lineifrons;14363;Passeriformes;Grallariidae
Pteroptochos castaneus;14365;Passeriformes;Rhinocryptidae
Pteroptochos tarnii;14366;Passeriformes;Rhinocryptidae
Pteroptochos megapodius;14367;Passeriformes;Rhinocryptidae
Scelorchilus albicollis;14370;Passeriformes;Rhinocryptidae
Scelorchilus rubecula;14373;Passeriformes;Rhinocryptidae
Liosceles thoracicus;14376;Passeriformes;Rhinocryptidae
Acropternis orthonyx;14380;Passeriformes;Rhinocryptidae
Rhinocrypta lanceolata;14383;Passeriformes;Rhinocryptidae
Teledromas fuscus;14386;Passeriformes;Rhinocryptidae
Psilorhamphus guttatus;14387;Passeriformes;Rhinocryptidae
Merulaxis ater;14388;Passeriformes;Rhinocryptidae
Merulaxis stresemanni;14389;Passeriformes;Rhinocryptidae
Eugralla paradoxa;14390;Passeriformes;Rhinocryptidae
Myornis senilis;14391;Passeriformes;Rhinocryptidae
Eleoscytalopus indigoticus;14392;Passeriformes;Rhinocryptidae
Scytalopus iraiensis;14394;Passeriformes;Rhinocryptidae
Scytalopus diamantinensis;14395;Passeriformes;Rhinocryptidae
Scytalopus novacapitalis;14396;Passeriformes;Rhinocryptidae
Scytalopus petrophilus;14397;Passeriformes;Rhinocryptidae
Scytalopus pachecoi;14398;Passeriformes;Rhinocryptidae
Scytalopus speluncae;14400;Passeriformes;Rhinocryptidae
Scytalopus fuscus;14401;Passeriformes;Rhinocryptidae
Scytalopus magellanicus;14402;Passeriformes;Rhinocryptidae
Scytalopus affinis;14403;Passeriformes;Rhinocryptidae
Scytalopus androstictus;14405;Passeriformes;Rhinocryptidae
Scytalopus opacus;14406;Passeriformes;Rhinocryptidae
Scytalopus canus;14407;Passeriformes;Rhinocryptidae
Scytalopus superciliaris;14408;Passeriformes;Rhinocryptidae
Scytalopus zimmeri;14412;Passeriformes;Rhinocryptidae
Scytalopus simonsi;14413;Passeriformes;Rhinocryptidae
Scytalopus schulenbergi;14414;Passeriformes;Rhinocryptidae
Scytalopus urubambae;14415;Passeriformes;Rhinocryptidae
Scytalopus frankeae;14419;Passeriformes;Rhinocryptidae
Scytalopus altirostris;14420;Passeriformes;Rhinocryptidae
Scytalopus parvirostris;14421;Passeriformes;Rhinocryptidae
Scytalopus bolivianus;14422;Passeriformes;Rhinocryptidae
Scytalopus atratus;14423;Passeriformes;Rhinocryptidae
Scytalopus sanctaemartae;14427;Passeriformes;Rhinocryptidae
Scytalopus micropterus;14428;Passeriformes;Rhinocryptidae
Scytalopus femoralis;14429;Passeriformes;Rhinocryptidae
Scytalopus intermedius;14430;Passeriformes;Rhinocryptidae
Scytalopus macropus;14431;Passeriformes;Rhinocryptidae
Scytalopus gettyae;14432;Passeriformes;Rhinocryptidae
Scytalopus unicolor;14433;Passeriformes;Rhinocryptidae
Scytalopus acutirostris;14434;Passeriformes;Rhinocryptidae
Scytalopus latrans;14435;Passeriformes;Rhinocryptidae
Scytalopus argentifrons;14439;Passeriformes;Rhinocryptidae
Scytalopus vicinior;14442;Passeriformes;Rhinocryptidae
Scytalopus chocoensis;14444;Passeriformes;Rhinocryptidae
Scytalopus rodriguezi;14445;Passeriformes;Rhinocryptidae
Scytalopus stilesi;14448;Passeriformes;Rhinocryptidae
Scytalopus alvarezlopezi;14449;Passeriformes;Rhinocryptidae
Scytalopus robbinsi;14450;Passeriformes;Rhinocryptidae
Scytalopus caracae;14451;Passeriformes;Rhinocryptidae
Scytalopus griseicollis;14453;Passeriformes;Rhinocryptidae
Scytalopus latebricola;14457;Passeriformes;Rhinocryptidae
Scytalopus perijanus;14458;Passeriformes;Rhinocryptidae
Scytalopus meridanus;14459;Passeriformes;Rhinocryptidae
Scytalopus parkeri;14462;Passeriformes;Rhinocryptidae
Scytalopus spillmanni;14463;Passeriformes;Rhinocryptidae
Formicarius colma;14467;Passeriformes;Formicariidae
Formicarius moniliger;14473;Passeriformes;Formicariidae
Formicarius analis;14477;Passeriformes;Formicariidae
Formicarius rufifrons;14491;Passeriformes;Formicariidae
Formicarius nigricapillus;14492;Passeriformes;Formicariidae
Formicarius rufipectus;14494;Passeriformes;Formicariidae
Chamaeza campanisona;14501;Passeriformes;Formicariidae
Chamaeza nobilis;14518;Passeriformes;Formicariidae
Chamaeza meruloides;14523;Passeriformes;Formicariidae
Chamaeza turdina;14524;Passeriformes;Formicariidae
Chamaeza ruficauda;14527;Passeriformes;Formicariidae
Chamaeza mollissima;14528;Passeriformes;Formicariidae
Sclerurus mexicanus;14534;Passeriformes;Furnariidae
Sclerurus obscurior;14537;Passeriformes;Furnariidae
Sclerurus rufigularis;14544;Passeriformes;Furnariidae
Sclerurus guatemalensis;14549;Passeriformes;Furnariidae
Sclerurus caudacutus;14553;Passeriformes;Furnariidae
Sclerurus albigularis;14560;Passeriformes;Furnariidae
Sclerurus scansor;14569;Passeriformes;Furnariidae
Geositta peruviana;14573;Passeriformes;Furnariidae
Geositta tenuirostris;14577;Passeriformes;Furnariidae
Geositta cunicularia;14580;Passeriformes;Furnariidae
Geositta punensis;14592;Passeriformes;Furnariidae
Geositta poeciloptera;14594;Passeriformes;Furnariidae
Geositta crassirostris;14595;Passeriformes;Furnariidae
Geositta rufipennis;14596;Passeriformes;Furnariidae
Geositta maritima;14604;Passeriformes;Furnariidae
Geositta antarctica;14605;Passeriformes;Furnariidae
Geositta saxicolina;14606;Passeriformes;Furnariidae
Geositta isabellina;14607;Passeriformes;Furnariidae
Certhiasomus stictolaemus;14609;Passeriformes;Furnariidae
Sittasomus griseicapillus;14613;Passeriformes;Furnariidae
Deconychura typica;14632;Passeriformes;Furnariidae
Deconychura longicauda;14636;Passeriformes;Furnariidae
Deconychura pallida;14637;Passeriformes;Furnariidae
Dendrocincla tyrannina;14642;Passeriformes;Furnariidae
Dendrocincla merula;14645;Passeriformes;Furnariidae
Dendrocincla homochroa;14655;Passeriformes;Furnariidae
Dendrocincla anabatina;14660;Passeriformes;Furnariidae
Dendrocincla fuliginosa;14664;Passeriformes;Furnariidae
Dendrocincla turdina;14679;Passeriformes;Furnariidae
Glyphorynchus spirurus;14683;Passeriformes;Furnariidae
Dendrexetastes rufigula;14700;Passeriformes;Furnariidae
Nasica longirostris;14706;Passeriformes;Furnariidae
Dendrocolaptes sanctithomae;14707;Passeriformes;Furnariidae
Dendrocolaptes certhia;14713;Passeriformes;Furnariidae
Dendrocolaptes picumnus;14723;Passeriformes;Furnariidae
Dendrocolaptes hoffmannsi;14736;Passeriformes;Furnariidae
Dendrocolaptes platyrostris;14737;Passeriformes;Furnariidae
Hylexetastes stresemanni;14741;Passeriformes;Furnariidae
Hylexetastes perrotii;14745;Passeriformes;Furnariidae
Hylexetastes uniformis;14746;Passeriformes;Furnariidae
Xiphocolaptes promeropirhynchus;14749;Passeriformes;Furnariidae
Xiphocolaptes falcirostris;14778;Passeriformes;Furnariidae
Xiphocolaptes albicollis;14781;Passeriformes;Furnariidae
Xiphocolaptes major;14785;Passeriformes;Furnariidae
Xiphorhynchus chunchotambo;14790;Passeriformes;Furnariidae
Xiphorhynchus obsoletus;14790;Passeriformes;Furnariidae
Xiphorhynchus atlanticus;14795;Passeriformes;Furnariidae
Xiphorhynchus fuscus;14796;Passeriformes;Furnariidae
Xiphorhynchus pardalotus;14800;Passeriformes;Furnariidae
Xiphorhynchus ocellatus;14803;Passeriformes;Furnariidae
Xiphorhynchus elegans;14814;Passeriformes;Furnariidae
Xiphorhynchus spixii;14820;Passeriformes;Furnariidae
Xiphorhynchus susurrans;14821;Passeriformes;Furnariidae
Xiphorhynchus guttatus;14832;Passeriformes;Furnariidae
Xiphorhynchus flavigaster;14844;Passeriformes;Furnariidae
Xiphorhynchus lachrymosus;14853;Passeriformes;Furnariidae
Xiphorhynchus erythropygius;14857;Passeriformes;Furnariidae
Xiphorhynchus triangularis;14865;Passeriformes;Furnariidae
Dendroplex picus;14871;Passeriformes;Furnariidae
Dendroplex kienerii;14885;Passeriformes;Furnariidae
Campylorhamphus trochilirostris;14887;Passeriformes;Furnariidae
Campylorhamphus falcularius;14903;Passeriformes;Furnariidae
Campylorhamphus procurvoides;14904;Passeriformes;Furnariidae
Campylorhamphus probatus;14908;Passeriformes;Furnariidae
Campylorhamphus multostriatus;14911;Passeriformes;Furnariidae
Campylorhamphus pusillus;14912;Passeriformes;Furnariidae
Drymornis bridgesii;14920;Passeriformes;Furnariidae
Lepidocolaptes layardi;14921;Passeriformes;Furnariidae
Lepidocolaptes souleyetii;14921;Passeriformes;Furnariidae
Lepidocolaptes angustirostris;14929;Passeriformes;Furnariidae
Lepidocolaptes leucogaster;14938;Passeriformes;Furnariidae
Lepidocolaptes affinis;14941;Passeriformes;Furnariidae
Lepidocolaptes lacrymiger;14946;Passeriformes;Furnariidae
Lepidocolaptes squamatus;14956;Passeriformes;Furnariidae
Lepidocolaptes falcinellus;14959;Passeriformes;Furnariidae
Lepidocolaptes duidae;14960;Passeriformes;Furnariidae
Lepidocolaptes albolineatus;14961;Passeriformes;Furnariidae
Lepidocolaptes fatimalimae;14962;Passeriformes;Furnariidae
Lepidocolaptes fuscicapillus;14964;Passeriformes;Furnariidae
Xenops tenuirostris;14969;Passeriformes;Furnariidae
Xenops mexicanus;14973;Passeriformes;Furnariidae
Xenops genibarbis;14979;Passeriformes;Furnariidae
Xenops minutus;14985;Passeriformes;Furnariidae
Xenops rutilans;14986;Passeriformes;Furnariidae
Berlepschia rikeri;15000;Passeriformes;Furnariidae
Microxenops milleri;15001;Passeriformes;Furnariidae
Pygarrhichas albogularis;15002;Passeriformes;Furnariidae
Ochetorhynchus andaecola;15003;Passeriformes;Furnariidae
Ochetorhynchus ruficaudus;15004;Passeriformes;Furnariidae
Ochetorhynchus phoenicurus;15008;Passeriformes;Furnariidae
Ochetorhynchus melanurus;15009;Passeriformes;Furnariidae
Pseudocolaptes lawrencii;15012;Passeriformes;Furnariidae
Pseudocolaptes johnsoni;15013;Passeriformes;Furnariidae
Pseudocolaptes boissonneautii;15014;Passeriformes;Furnariidae
Premnornis guttuliger;15025;Passeriformes;Furnariidae
Tarphonomus harterti;15028;Passeriformes;Furnariidae
Tarphonomus certhioides;15029;Passeriformes;Furnariidae
Furnarius figulus;15033;Passeriformes;Furnariidae
Furnarius cinnamomeus;15036;Passeriformes;Furnariidae
Furnarius longirostris;15037;Passeriformes;Furnariidae
Furnarius leucopus;15040;Passeriformes;Furnariidae
Furnarius torridus;15045;Passeriformes;Furnariidae
Furnarius minor;15046;Passeriformes;Furnariidae
Furnarius rufus;15047;Passeriformes;Furnariidae
Furnarius cristatus;15053;Passeriformes;Furnariidae
Lochmias nematura;15055;Passeriformes;Furnariidae
Phleocryptes melanops;15062;Passeriformes;Furnariidae
Limnornis curvirostris;15067;Passeriformes;Furnariidae
Geocerthia serrana;15068;Passeriformes;Furnariidae
Upucerthia saturatior;15071;Passeriformes;Furnariidae
Upucerthia dumetaria;15072;Passeriformes;Furnariidae
Upucerthia albigula;15077;Passeriformes;Furnariidae
Upucerthia validirostris;15078;Passeriformes;Furnariidae
Cinclodes pabsti;15084;Passeriformes;Furnariidae
Cinclodes fuscus;15087;Passeriformes;Furnariidae
Cinclodes antarcticus;15088;Passeriformes;Furnariidae
Cinclodes comechingonus;15091;Passeriformes;Furnariidae
Cinclodes albidiventris;15092;Passeriformes;Furnariidae
Cinclodes olrogi;15096;Passeriformes;Furnariidae
Cinclodes albiventris;15097;Passeriformes;Furnariidae
Cinclodes oustaleti;15104;Passeriformes;Furnariidae
Cinclodes excelsior;15108;Passeriformes;Furnariidae
Cinclodes aricomae;15111;Passeriformes;Furnariidae
Cinclodes palliatus;15112;Passeriformes;Furnariidae
Cinclodes atacamensis;15113;Passeriformes;Furnariidae
Cinclodes patagonicus;15116;Passeriformes;Furnariidae
Cinclodes taczanowskii;15119;Passeriformes;Furnariidae
Cinclodes nigrofumosus;15120;Passeriformes;Furnariidae
Anabazenops dorsalis;15122;Passeriformes;Furnariidae
Anabazenops fuscus;15123;Passeriformes;Furnariidae
Megaxenops parnaguae;15124;Passeriformes;Furnariidae
Cichlocolaptes leucophrus;15125;Passeriformes;Furnariidae
Heliobletus contaminatus;15129;Passeriformes;Furnariidae
Neophilydor fuscipenne;15133;Passeriformes;Furnariidae
Neophilydor erythrocercum;15136;Passeriformes;Furnariidae
Philydor erythrocercum;15142;Passeriformes;Furnariidae
Philydor erythropterum;15142;Passeriformes;Furnariidae
Philydor fuscipenne;15142;Passeriformes;Furnariidae
Philydor novaesi;15142;Passeriformes;Furnariidae
Philydor rufum;15142;Passeriformes;Furnariidae
Philydor atricapillus;15144;Passeriformes;Furnariidae
Philydor pyrrhodes;15145;Passeriformes;Furnariidae
Anabacerthia variegaticeps;15147;Passeriformes;Furnariidae
Anabacerthia striaticollis;15150;Passeriformes;Furnariidae
Anabacerthia ruficaudata;15157;Passeriformes;Furnariidae
Anabacerthia amaurotis;15160;Passeriformes;Furnariidae
Anabacerthia lichtensteini;15161;Passeriformes;Furnariidae
Syndactyla guttulata;15163;Passeriformes;Furnariidae
Syndactyla subalaris;15166;Passeriformes;Furnariidae
Syndactyla rufosuperciliata;15174;Passeriformes;Furnariidae
Syndactyla ruficollis;15180;Passeriformes;Furnariidae
Syndactyla dimidiata;15183;Passeriformes;Furnariidae
Syndactyla roraimae;15184;Passeriformes;Furnariidae
Syndactyla ucayalae;15189;Passeriformes;Furnariidae
Syndactyla striata;15190;Passeriformes;Furnariidae
Ancistrops strigilatus;15192;Passeriformes;Furnariidae
Dendroma rufa;15195;Passeriformes;Furnariidae
Dendroma erythroptera;15203;Passeriformes;Furnariidae
Clibanornis rectirostris;15206;Passeriformes;Furnariidae
Clibanornis dendrocolaptoides;15207;Passeriformes;Furnariidae
Clibanornis erythrocephalus;15208;Passeriformes;Furnariidae
Clibanornis rubiginosus;15211;Passeriformes;Furnariidae
Clibanornis rufipectus;15230;Passeriformes;Furnariidae
Thripadectes ignobilis;15231;Passeriformes;Furnariidae
Thripadectes flammulatus;15232;Passeriformes;Furnariidae
Thripadectes scrutator;15235;Passeriformes;Furnariidae
Thripadectes holostictus;15236;Passeriformes;Furnariidae
Thripadectes virgaticeps;15240;Passeriformes;Furnariidae
Thripadectes rufobrunneus;15247;Passeriformes;Furnariidae
Thripadectes melanorhynchus;15248;Passeriformes;Furnariidae
Automolus rufipileatus;15251;Passeriformes;Furnariidae
Automolus melanopezus;15254;Passeriformes;Furnariidae
Automolus cervinigularis;15255;Passeriformes;Furnariidae
Automolus exsertus;15258;Passeriformes;Furnariidae
Automolus ochrolaemus;15259;Passeriformes;Furnariidae
Automolus virgatus;15265;Passeriformes;Furnariidae
Automolus subulatus;15270;Passeriformes;Furnariidae
Automolus infuscatus;15273;Passeriformes;Furnariidae
Automolus paraensis;15280;Passeriformes;Furnariidae
Automolus lammi;15281;Passeriformes;Furnariidae
Automolus leucophthalmus;15282;Passeriformes;Furnariidae
Premnoplex brunnescens;15287;Passeriformes;Furnariidae
Margarornis rubiginosus;15300;Passeriformes;Furnariidae
Margarornis stellatus;15303;Passeriformes;Furnariidae
Margarornis squamiger;15304;Passeriformes;Furnariidae
Aphrastura spinicauda;15308;Passeriformes;Furnariidae
Sylviorthorhynchus desmursii;15314;Passeriformes;Furnariidae
Sylviorthorhynchus yanacensis;15315;Passeriformes;Furnariidae
Leptasthenura fuliginiceps;15316;Passeriformes;Furnariidae
Leptasthenura platensis;15319;Passeriformes;Furnariidae
Leptasthenura aegithaloides;15320;Passeriformes;Furnariidae
Leptasthenura striolata;15325;Passeriformes;Furnariidae
Leptasthenura pileata;15326;Passeriformes;Furnariidae
Leptasthenura xenothorax;15330;Passeriformes;Furnariidae
Leptasthenura striata;15331;Passeriformes;Furnariidae
Leptasthenura andicola;15336;Passeriformes;Furnariidae
Leptasthenura setaria;15342;Passeriformes;Furnariidae
Phacellodomus inornatus;15344;Passeriformes;Furnariidae
Phacellodomus rufifrons;15347;Passeriformes;Furnariidae
Phacellodomus striaticeps;15354;Passeriformes;Furnariidae
Phacellodomus sibilatrix;15357;Passeriformes;Furnariidae
Phacellodomus dorsalis;15358;Passeriformes;Furnariidae
Phacellodomus maculipectus;15359;Passeriformes;Furnariidae
Phacellodomus striaticollis;15360;Passeriformes;Furnariidae
Phacellodomus ruber;15361;Passeriformes;Furnariidae
Phacellodomus erythrophthalmus;15362;Passeriformes;Furnariidae
Phacellodomus ferrugineigula;15363;Passeriformes;Furnariidae
Hellmayrea gularis;15366;Passeriformes;Furnariidae
Anumbius annumbi;15371;Passeriformes;Furnariidae
Coryphistera alaudina;15372;Passeriformes;Furnariidae
Asthenes huancavelicae;15375;Passeriformes;Furnariidae
Asthenes sclateri;15375;Passeriformes;Furnariidae
Asthenes arequipae;15379;Passeriformes;Furnariidae
Asthenes dorbignyi;15382;Passeriformes;Furnariidae
Asthenes baeri;15386;Passeriformes;Furnariidae
Asthenes luizae;15389;Passeriformes;Furnariidae
Asthenes hudsoni;15390;Passeriformes;Furnariidae
Asthenes anthoides;15391;Passeriformes;Furnariidae
Asthenes urubambensis;15392;Passeriformes;Furnariidae
Asthenes flammulata;15395;Passeriformes;Furnariidae
Asthenes virgata;15401;Passeriformes;Furnariidae
Asthenes maculicauda;15402;Passeriformes;Furnariidae
Asthenes wyatti;15403;Passeriformes;Furnariidae
Asthenes humilis;15418;Passeriformes;Furnariidae
Asthenes modesta;15422;Passeriformes;Furnariidae
Asthenes moreirae;15430;Passeriformes;Furnariidae
Asthenes pyrrholeuca;15431;Passeriformes;Furnariidae
Asthenes harterti;15436;Passeriformes;Furnariidae
Asthenes helleri;15439;Passeriformes;Furnariidae
Asthenes pudibunda;15442;Passeriformes;Furnariidae
Asthenes ottonis;15446;Passeriformes;Furnariidae
Asthenes heterura;15447;Passeriformes;Furnariidae
Asthenes palpebralis;15448;Passeriformes;Furnariidae
Asthenes coryi;15449;Passeriformes;Furnariidae
Asthenes perijana;15450;Passeriformes;Furnariidae
Asthenes fuliginosa;15451;Passeriformes;Furnariidae
Asthenes griseomurina;15457;Passeriformes;Furnariidae
Acrobatornis fonsecai;15459;Passeriformes;Furnariidae
Metopothrix aurantiaca;15460;Passeriformes;Furnariidae
Xenerpestes minlosi;15461;Passeriformes;Furnariidae
Xenerpestes singularis;15464;Passeriformes;Furnariidae
Roraimia adusta;15468;Passeriformes;Furnariidae
Thripophaga berlepschi;15472;Passeriformes;Furnariidae
Thripophaga gutturata;15472;Passeriformes;Furnariidae
Thripophaga macroura;15473;Passeriformes;Furnariidae
Thripophaga cherriei;15474;Passeriformes;Furnariidae
Thripophaga fusciceps;15476;Passeriformes;Furnariidae
Limnoctites rectirostris;15481;Passeriformes;Furnariidae
Limnoctites sulphuriferus;15483;Passeriformes;Furnariidae
Cranioleuca gutturata;15484;Passeriformes;Furnariidae
Cranioleuca marcapatae;15486;Passeriformes;Furnariidae
Cranioleuca albiceps;15487;Passeriformes;Furnariidae
Cranioleuca vulpina;15490;Passeriformes;Furnariidae
Cranioleuca vulpecula;15496;Passeriformes;Furnariidae
Cranioleuca subcristata;15497;Passeriformes;Furnariidae
Cranioleuca pyrrhophia;15500;Passeriformes;Furnariidae
Cranioleuca henricae;15504;Passeriformes;Furnariidae
Cranioleuca obsoleta;15505;Passeriformes;Furnariidae
Cranioleuca pallida;15507;Passeriformes;Furnariidae
Cranioleuca semicinerea;15508;Passeriformes;Furnariidae
Cranioleuca albicapilla;15511;Passeriformes;Furnariidae
Cranioleuca erythrops;15514;Passeriformes;Furnariidae
Cranioleuca demissa;15518;Passeriformes;Furnariidae
Cranioleuca hellmayri;15521;Passeriformes;Furnariidae
Cranioleuca curtata;15522;Passeriformes;Furnariidae
Cranioleuca antisiensis;15526;Passeriformes;Furnariidae
Cranioleuca muelleri;15534;Passeriformes;Furnariidae
Pseudasthenes humicola;15536;Passeriformes;Furnariidae
Pseudasthenes patagonica;15540;Passeriformes;Furnariidae
Pseudasthenes steinbachi;15541;Passeriformes;Furnariidae
Pseudasthenes cactorum;15542;Passeriformes;Furnariidae
Spartonoica maluroides;15545;Passeriformes;Furnariidae
Pseudoseisura cristata;15546;Passeriformes;Furnariidae
Pseudoseisura unirufa;15547;Passeriformes;Furnariidae
Pseudoseisura lophotes;15548;Passeriformes;Furnariidae
Pseudoseisura gutturalis;15551;Passeriformes;Furnariidae
Certhiaxis cinnamomeus;15554;Passeriformes;Furnariidae
Certhiaxis mustelinus;15563;Passeriformes;Furnariidae
Mazaria propinqua;15566;Passeriformes;Furnariidae
Schoeniophylax phryganophilus;15567;Passeriformes;Furnariidae
Synallaxis scutata;15570;Passeriformes;Furnariidae
Synallaxis cinerascens;15574;Passeriformes;Furnariidae
Synallaxis gujanensis;15575;Passeriformes;Furnariidae
Synallaxis albilora;15582;Passeriformes;Furnariidae
Synallaxis maranonica;15584;Passeriformes;Furnariidae
Synallaxis hypochondriaca;15585;Passeriformes;Furnariidae
Synallaxis stictothorax;15586;Passeriformes;Furnariidae
Synallaxis brachyura;15592;Passeriformes;Furnariidae
Synallaxis subpudica;15597;Passeriformes;Furnariidae
Synallaxis hellmayri;15598;Passeriformes;Furnariidae
Synallaxis ruficapilla;15599;Passeriformes;Furnariidae
Synallaxis cinerea;15600;Passeriformes;Furnariidae
Synallaxis infuscata;15601;Passeriformes;Furnariidae
Synallaxis moesta;15603;Passeriformes;Furnariidae
Synallaxis macconnelli;15607;Passeriformes;Furnariidae
Synallaxis cabanisi;15608;Passeriformes;Furnariidae
Synallaxis hypospodia;15611;Passeriformes;Furnariidae
Synallaxis spixi;15612;Passeriformes;Furnariidae
Synallaxis albigularis;15613;Passeriformes;Furnariidae
Synallaxis albescens;15617;Passeriformes;Furnariidae
Synallaxis frontalis;15632;Passeriformes;Furnariidae
Synallaxis azarae;15635;Passeriformes;Furnariidae
Synallaxis courseni;15646;Passeriformes;Furnariidae
Synallaxis kollari;15648;Passeriformes;Furnariidae
Synallaxis erythrothorax;15649;Passeriformes;Furnariidae
Synallaxis candei;15652;Passeriformes;Furnariidae
Synallaxis tithys;15656;Passeriformes;Furnariidae
Synallaxis fuscorufa;15657;Passeriformes;Furnariidae
Synallaxis unirufa;15658;Passeriformes;Furnariidae
Synallaxis castanea;15663;Passeriformes;Furnariidae
Synallaxis cinnamomea;15664;Passeriformes;Furnariidae
Synallaxis rutilans;15672;Passeriformes;Furnariidae
Synallaxis cherriei;15681;Passeriformes;Furnariidae
Tyranneutes stolzmanni;15688;Passeriformes;Pipridae
Tyranneutes virescens;15689;Passeriformes;Pipridae
Neopelma chrysolophum;15690;Passeriformes;Pipridae
Neopelma pallescens;15690;Passeriformes;Pipridae
Neopelma chrysocephalum;15691;Passeriformes;Pipridae
Neopelma aurifrons;15692;Passeriformes;Pipridae
Neopelma sulphureiventer;15693;Passeriformes;Pipridae
Chloropipo flavicapilla;15695;Passeriformes;Pipridae
Chloropipo unicolor;15696;Passeriformes;Pipridae
Chiroxiphia galeata;15698;Passeriformes;Pipridae
Chiroxiphia lanceolata;15699;Passeriformes;Pipridae
Chiroxiphia linearis;15700;Passeriformes;Pipridae
Chiroxiphia pareola;15701;Passeriformes;Pipridae
Chiroxiphia boliviana;15708;Passeriformes;Pipridae
Chiroxiphia caudata;15709;Passeriformes;Pipridae
Ilicura militaris;15711;Passeriformes;Pipridae
Masius chrysopterus;15712;Passeriformes;Pipridae
Corapipo altera;15718;Passeriformes;Pipridae
Corapipo leucorrhoa;15721;Passeriformes;Pipridae
Corapipo gutturalis;15722;Passeriformes;Pipridae
Xenopipo uniformis;15723;Passeriformes;Pipridae
Xenopipo atronitens;15726;Passeriformes;Pipridae
Cryptopipo holochlora;15730;Passeriformes;Pipridae
Lepidothrix velutina;15733;Passeriformes;Pipridae
Lepidothrix coronata;15736;Passeriformes;Pipridae
Lepidothrix nattereri;15745;Passeriformes;Pipridae
Lepidothrix iris;15749;Passeriformes;Pipridae
Lepidothrix suavissima;15752;Passeriformes;Pipridae
Lepidothrix serena;15753;Passeriformes;Pipridae
Lepidothrix isidorei;15755;Passeriformes;Pipridae
Lepidothrix coeruleocapilla;15758;Passeriformes;Pipridae
Heterocercus aurantiivertex;15760;Passeriformes;Pipridae
Heterocercus flavivertex;15761;Passeriformes;Pipridae
Heterocercus linteatus;15762;Passeriformes;Pipridae
Manacus candei;15764;Passeriformes;Pipridae
Manacus aurantiacus;15765;Passeriformes;Pipridae
Manacus vitellinus;15766;Passeriformes;Pipridae
Manacus manacus;15772;Passeriformes;Pipridae
Pipra aureola;15790;Passeriformes;Pipridae
Pipra filicauda;15795;Passeriformes;Pipridae
Pipra fasciicauda;15798;Passeriformes;Pipridae
Machaeropterus deliciosus;15804;Passeriformes;Pipridae
Machaeropterus striolatus;15805;Passeriformes;Pipridae
Machaeropterus regulus;15814;Passeriformes;Pipridae
Machaeropterus pyrocephalus;15815;Passeriformes;Pipridae
Pseudopipra pipra;15818;Passeriformes;Pipridae
Ceratopipra cornuta;15835;Passeriformes;Pipridae
Ceratopipra mentalis;15836;Passeriformes;Pipridae
Ceratopipra erythrocephala;15840;Passeriformes;Pipridae
Ceratopipra rubrocapilla;15843;Passeriformes;Pipridae
Ceratopipra chloromeros;15844;Passeriformes;Pipridae
Carpornis cucullata;15847;Passeriformes;Cotingidae
Carpornis melanocephala;15848;Passeriformes;Cotingidae
Pipreola riefferii;15849;Passeriformes;Cotingidae
Pipreola intermedia;15856;Passeriformes;Cotingidae
Pipreola arcuata;15859;Passeriformes;Cotingidae
Pipreola aureopectus;15862;Passeriformes;Cotingidae
Pipreola jucunda;15866;Passeriformes;Cotingidae
Pipreola lubomirskii;15867;Passeriformes;Cotingidae
Pipreola pulchra;15868;Passeriformes;Cotingidae
Pipreola frontalis;15869;Passeriformes;Cotingidae
Pipreola chlorolepidota;15872;Passeriformes;Cotingidae
Pipreola formosa;15873;Passeriformes;Cotingidae
Pipreola whitelyi;15877;Passeriformes;Cotingidae
Ampelioides tschudii;15881;Passeriformes;Cotingidae
Zaratornis stresemanni;15882;Passeriformes;Cotingidae
Phytotoma raimondii;15883;Passeriformes;Cotingidae
Phytotoma rutila;15884;Passeriformes;Cotingidae
Phytotoma rara;15887;Passeriformes;Cotingidae
Phibalura flavirostris;15888;Passeriformes;Cotingidae
Ampelion rubrocristatus;15893;Passeriformes;Cotingidae
Ampelion rufaxilla;15894;Passeriformes;Cotingidae
Phoenicircus carnifex;15897;Passeriformes;Cotingidae
Phoenicircus nigricollis;15898;Passeriformes;Cotingidae
Rupicola rupicola;15899;Passeriformes;Cotingidae
Rupicola peruvianus;15900;Passeriformes;Cotingidae
Snowornis subalaris;15905;Passeriformes;Cotingidae
Snowornis cryptolophus;15906;Passeriformes;Cotingidae
Haematoderus militaris;15909;Passeriformes;Cotingidae
Querula purpurata;15910;Passeriformes;Cotingidae
Pyroderus scutatus;15911;Passeriformes;Cotingidae
Cephalopterus glabricollis;15917;Passeriformes;Cotingidae
Cephalopterus ornatus;15918;Passeriformes;Cotingidae
Cephalopterus penduliger;15919;Passeriformes;Cotingidae
Perissocephalus tricolor;15920;Passeriformes;Cotingidae
Cotinga amabilis;15921;Passeriformes;Cotingidae
Cotinga ridgwayi;15922;Passeriformes;Cotingidae
Cotinga nattererii;15923;Passeriformes;Cotingidae
Cotinga maynana;15924;Passeriformes;Cotingidae
Cotinga cayana;15927;Passeriformes;Cotingidae
Lipaugus unirufus;15929;Passeriformes;Cotingidae
Lipaugus vociferans;15933;Passeriformes;Cotingidae
Lipaugus lanioides;15934;Passeriformes;Cotingidae
Lipaugus ater;15935;Passeriformes;Cotingidae
Lipaugus weberi;15937;Passeriformes;Cotingidae
Lipaugus fuscocinereus;15938;Passeriformes;Cotingidae
Procnias tricarunculatus;15940;Passeriformes;Cotingidae
Procnias albus;15941;Passeriformes;Cotingidae
Procnias averano;15944;Passeriformes;Cotingidae
Procnias nudicollis;15947;Passeriformes;Cotingidae
Porphyrolaema porphyrolaema;15948;Passeriformes;Cotingidae
Xipholena punicea;15952;Passeriformes;Cotingidae
Xipholena lamellipennis;15953;Passeriformes;Cotingidae
Xipholena atropurpurea;15954;Passeriformes;Cotingidae
Conioptilon mcilhennyi;15956;Passeriformes;Cotingidae
Tityra cayana;15958;Passeriformes;Tityridae
Tityra inquisitor;15961;Passeriformes;Tityridae
Tityra semifasciata;15969;Passeriformes;Tityridae
Schiffornis major;15980;Passeriformes;Tityridae
Schiffornis olivacea;15983;Passeriformes;Tityridae
Schiffornis veraepacis;15984;Passeriformes;Tityridae
Schiffornis aenea;15990;Passeriformes;Tityridae
Schiffornis stenorhyncha;15991;Passeriformes;Tityridae
Schiffornis turdina;15994;Passeriformes;Tityridae
Schiffornis virescens;16001;Passeriformes;Tityridae
Laniocera hypopyrra;16003;Passeriformes;Tityridae
Laniocera rufescens;16004;Passeriformes;Tityridae
Iodopleura isabellae;16008;Passeriformes;Tityridae
Iodopleura fusca;16011;Passeriformes;Tityridae
Iodopleura pipra;16012;Passeriformes;Tityridae
Laniisoma elegans;16019;Passeriformes;Tityridae
Xenopsaris albinucha;16020;Passeriformes;Tityridae
Pachyramphus viridis;16023;Passeriformes;Tityridae
Pachyramphus xanthogenys;16023;Passeriformes;Tityridae
Pachyramphus versicolor;16029;Passeriformes;Tityridae
Pachyramphus spodiurus;16033;Passeriformes;Tityridae
Pachyramphus rufus;16034;Passeriformes;Tityridae
Pachyramphus cinnamomeus;16037;Passeriformes;Tityridae
Pachyramphus castaneus;16042;Passeriformes;Tityridae
Pachyramphus polychopterus;16048;Passeriformes;Tityridae
Pachyramphus albogriseus;16057;Passeriformes;Tityridae
Pachyramphus salvini;16060;Passeriformes;Tityridae
Pachyramphus major;16062;Passeriformes;Tityridae
Pachyramphus marginatus;16069;Passeriformes;Tityridae
Pachyramphus surinamus;16072;Passeriformes;Tityridae
Pachyramphus aglaiae;16073;Passeriformes;Tityridae
Pachyramphus niger;16082;Passeriformes;Tityridae
Pachyramphus homochrous;16083;Passeriformes;Tityridae
Pachyramphus minor;16087;Passeriformes;Tityridae
Pachyramphus validus;16088;Passeriformes;Tityridae
Oxyruncus cristatus;16093;Passeriformes;Oxyruncidae
Onychorhynchus coronatus;16101;Passeriformes;Onychorhynchidae
Onychorhynchus swainsoni;16109;Passeriformes;Onychorhynchidae
Terenotriccus erythrurus;16110;Passeriformes;Onychorhynchidae
Myiobius villosus;16119;Passeriformes;Onychorhynchidae
Myiobius sulphureipygius;16124;Passeriformes;Onychorhynchidae
Myiobius barbatus;16127;Passeriformes;Onychorhynchidae
Myiobius atricaudus;16134;Passeriformes;Onychorhynchidae
Piprites chloris;16147;Passeriformes;Tyrannidae
Piprites griseiceps;16155;Passeriformes;Tyrannidae
Piprites pileata;16156;Passeriformes;Tyrannidae
Neopipo cinnamomea;16157;Passeriformes;Tyrannidae
Platyrinchus saturatus;16161;Passeriformes;Tyrannidae
Platyrinchus cancrominus;16164;Passeriformes;Tyrannidae
Platyrinchus mystaceus;16165;Passeriformes;Tyrannidae
Platyrinchus coronatus;16182;Passeriformes;Tyrannidae
Platyrinchus flavigularis;16186;Passeriformes;Tyrannidae
Platyrinchus platyrhynchos;16189;Passeriformes;Tyrannidae
Platyrinchus leucoryphus;16194;Passeriformes;Tyrannidae
Tachuris rubrigastra;16196;Passeriformes;Tyrannidae
Mionectes striaticollis;16201;Passeriformes;Tyrannidae
Mionectes olivaceus;16206;Passeriformes;Tyrannidae
Mionectes galbinus;16207;Passeriformes;Tyrannidae
Mionectes oleagineus;16214;Passeriformes;Tyrannidae
Mionectes macconnelli;16223;Passeriformes;Tyrannidae
Mionectes roraimae;16229;Passeriformes;Tyrannidae
Mionectes rufiventris;16231;Passeriformes;Tyrannidae
Leptopogon amaurocephalus;16233;Passeriformes;Tyrannidae
Leptopogon superciliaris;16240;Passeriformes;Tyrannidae
Leptopogon rufipectus;16244;Passeriformes;Tyrannidae
Leptopogon taczanowskii;16245;Passeriformes;Tyrannidae
Pogonotriccus difficilis;16246;Passeriformes;Tyrannidae
Pogonotriccus eximius;16247;Passeriformes;Tyrannidae
Pogonotriccus ophthalmicus;16248;Passeriformes;Tyrannidae
Pogonotriccus paulista;16253;Passeriformes;Tyrannidae
Pogonotriccus poecilotis;16254;Passeriformes;Tyrannidae
Pogonotriccus orbitalis;16256;Passeriformes;Tyrannidae
Phylloscartes difficilis;16260;Passeriformes;Tyrannidae
Phylloscartes eximius;16260;Passeriformes;Tyrannidae
Phylloscartes lanyoni;16260;Passeriformes;Tyrannidae
Phylloscartes ophthalmicus;16260;Passeriformes;Tyrannidae
Phylloscartes oustaleti;16260;Passeriformes;Tyrannidae
Phylloscartes paulista;16260;Passeriformes;Tyrannidae
Phylloscartes poecilotis;16260;Passeriformes;Tyrannidae
Phylloscartes flavovirens;16261;Passeriformes;Tyrannidae
Phylloscartes virescens;16262;Passeriformes;Tyrannidae
Phylloscartes ventralis;16263;Passeriformes;Tyrannidae
Phylloscartes beckeri;16267;Passeriformes;Tyrannidae
Phylloscartes kronei;16268;Passeriformes;Tyrannidae
Phylloscartes sylviolus;16269;Passeriformes;Tyrannidae
Phylloscartes ceciliae;16270;Passeriformes;Tyrannidae
Phylloscartes roquettei;16271;Passeriformes;Tyrannidae
Phylloscartes superciliaris;16272;Passeriformes;Tyrannidae
Phylloscartes gualaquizae;16278;Passeriformes;Tyrannidae
Phylloscartes parkeri;16279;Passeriformes;Tyrannidae
Pseudotriccus pelzelni;16281;Passeriformes;Tyrannidae
Pseudotriccus ruficeps;16289;Passeriformes;Tyrannidae
Corythopis torquatus;16290;Passeriformes;Tyrannidae
Corythopis delalandi;16294;Passeriformes;Tyrannidae
Myiornis auricularis;16295;Passeriformes;Tyrannidae
Myiornis albiventris;16300;Passeriformes;Tyrannidae
Myiornis atricapillus;16301;Passeriformes;Tyrannidae
Myiornis ecaudatus;16302;Passeriformes;Tyrannidae
Lophotriccus pileatus;16305;Passeriformes;Tyrannidae
Lophotriccus vitiosus;16311;Passeriformes;Tyrannidae
Lophotriccus eulophotes;16316;Passeriformes;Tyrannidae
Lophotriccus galeatus;16317;Passeriformes;Tyrannidae
Atalotriccus pilaris;16319;Passeriformes;Tyrannidae
Oncostoma cinereigulare;16324;Passeriformes;Tyrannidae
Oncostoma olivaceum;16325;Passeriformes;Tyrannidae
Hemitriccus minor;16326;Passeriformes;Tyrannidae
Hemitriccus spodiops;16332;Passeriformes;Tyrannidae
Hemitriccus cohnhafti;16333;Passeriformes;Tyrannidae
Hemitriccus flammulatus;16334;Passeriformes;Tyrannidae
Hemitriccus diops;16337;Passeriformes;Tyrannidae
Hemitriccus obsoletus;16338;Passeriformes;Tyrannidae
Hemitriccus josephinae;16341;Passeriformes;Tyrannidae
Hemitriccus zosterops;16342;Passeriformes;Tyrannidae
Hemitriccus griseipectus;16347;Passeriformes;Tyrannidae
Hemitriccus orbitatus;16350;Passeriformes;Tyrannidae
Hemitriccus iohannis;16351;Passeriformes;Tyrannidae
Hemitriccus striaticollis;16352;Passeriformes;Tyrannidae
Hemitriccus nidipendulus;16355;Passeriformes;Tyrannidae
Hemitriccus margaritaceiventer;16358;Passeriformes;Tyrannidae
Hemitriccus inornatus;16368;Passeriformes;Tyrannidae
Hemitriccus minimus;16369;Passeriformes;Tyrannidae
Hemitriccus granadensis;16370;Passeriformes;Tyrannidae
Hemitriccus cinnamomeipectus;16378;Passeriformes;Tyrannidae
Hemitriccus mirandae;16379;Passeriformes;Tyrannidae
Hemitriccus kaempferi;16380;Passeriformes;Tyrannidae
Hemitriccus rufigularis;16381;Passeriformes;Tyrannidae
Hemitriccus furcatus;16382;Passeriformes;Tyrannidae
Poecilotriccus ruficeps;16384;Passeriformes;Tyrannidae
Poecilotriccus luluae;16389;Passeriformes;Tyrannidae
Poecilotriccus albifacies;16390;Passeriformes;Tyrannidae
Poecilotriccus capitalis;16391;Passeriformes;Tyrannidae
Poecilotriccus senex;16392;Passeriformes;Tyrannidae
Poecilotriccus russatus;16393;Passeriformes;Tyrannidae
Poecilotriccus plumbeiceps;16394;Passeriformes;Tyrannidae
Poecilotriccus fumifrons;16399;Passeriformes;Tyrannidae
Poecilotriccus latirostris;16402;Passeriformes;Tyrannidae
Poecilotriccus sylvia;16410;Passeriformes;Tyrannidae
Poecilotriccus calopterus;16416;Passeriformes;Tyrannidae
Taeniotriccus andrei;16419;Passeriformes;Tyrannidae
Todirostrum maculatum;16422;Passeriformes;Tyrannidae
Todirostrum poliocephalum;16428;Passeriformes;Tyrannidae
Todirostrum cinereum;16429;Passeriformes;Tyrannidae
Todirostrum viridanum;16439;Passeriformes;Tyrannidae
Todirostrum nigriceps;16440;Passeriformes;Tyrannidae
Todirostrum pictum;16441;Passeriformes;Tyrannidae
Todirostrum chrysocrotaphum;16442;Passeriformes;Tyrannidae
Cnipodectes subbrunneus;16449;Passeriformes;Tyrannidae
Cnipodectes superrufus;16452;Passeriformes;Tyrannidae
Rhynchocyclus brevirostris;16453;Passeriformes;Tyrannidae
Rhynchocyclus aequinoctialis;16457;Passeriformes;Tyrannidae
Rhynchocyclus olivaceus;16466;Passeriformes;Tyrannidae
Rhynchocyclus pacificus;16472;Passeriformes;Tyrannidae
Rhynchocyclus fulvipectus;16473;Passeriformes;Tyrannidae
Tolmomyias sulphurescens;16475;Passeriformes;Tyrannidae
Tolmomyias traylori;16493;Passeriformes;Tyrannidae
Tolmomyias flavotectus;16494;Passeriformes;Tyrannidae
Tolmomyias assimilis;16495;Passeriformes;Tyrannidae
Tolmomyias poliocephalus;16505;Passeriformes;Tyrannidae
Tolmomyias viridiceps;16509;Passeriformes;Tyrannidae
Tolmomyias flaviventris;16513;Passeriformes;Tyrannidae
Pyrrhomyias cinnamomeus;16519;Passeriformes;Tyrannidae
Hirundinea ferruginea;16528;Passeriformes;Tyrannidae
Myiotriccus ornatus;16535;Passeriformes;Tyrannidae
Nephelomyias pulcher;16542;Passeriformes;Tyrannidae
Nephelomyias lintoni;16546;Passeriformes;Tyrannidae
Nephelomyias ochraceiventris;16547;Passeriformes;Tyrannidae
Ornithion semiflavum;16548;Passeriformes;Tyrannidae
Ornithion brunneicapillus;16549;Passeriformes;Tyrannidae
Ornithion inerme;16550;Passeriformes;Tyrannidae
Camptostoma imberbe;16551;Passeriformes;Tyrannidae
Camptostoma obsoletum;16554;Passeriformes;Tyrannidae
Suiriri affinis;16572;Passeriformes;Tyrannidae
Suiriri suiriri;16572;Passeriformes;Tyrannidae
Mecocerculus poecilocercus;16576;Passeriformes;Tyrannidae
Mecocerculus hellmayri;16577;Passeriformes;Tyrannidae
Mecocerculus stictopterus;16578;Passeriformes;Tyrannidae
Mecocerculus leucophrys;16582;Passeriformes;Tyrannidae
Mecocerculus calopterus;16594;Passeriformes;Tyrannidae
Mecocerculus minor;16595;Passeriformes;Tyrannidae
Anairetes nigrocristatus;16596;Passeriformes;Tyrannidae
Anairetes reguloides;16597;Passeriformes;Tyrannidae
Anairetes alpinus;16600;Passeriformes;Tyrannidae
Anairetes flavirostris;16604;Passeriformes;Tyrannidae
Anairetes parulus;16609;Passeriformes;Tyrannidae
Anairetes fernandezianus;16613;Passeriformes;Tyrannidae
Uromyias agilis;16615;Passeriformes;Tyrannidae
Uromyias agraphia;16616;Passeriformes;Tyrannidae
Nesotriccus tumbezanus;16620;Passeriformes;Tyrannidae
Nesotriccus maranonicus;16623;Passeriformes;Tyrannidae
Nesotriccus murinus;16626;Passeriformes;Tyrannidae
Capsiempis flaveola;16634;Passeriformes;Tyrannidae
Polystictus pectoralis;16640;Passeriformes;Tyrannidae
Polystictus superciliaris;16644;Passeriformes;Tyrannidae
Culicivora caudacuta;16645;Passeriformes;Tyrannidae
Pseudocolopteryx sclateri;16646;Passeriformes;Tyrannidae
Pseudocolopteryx acutipennis;16647;Passeriformes;Tyrannidae
Pseudocolopteryx dinelliana;16648;Passeriformes;Tyrannidae
Pseudocolopteryx flaviventris;16649;Passeriformes;Tyrannidae
Pseudocolopteryx citreola;16650;Passeriformes;Tyrannidae
Tyrannulus elatus;16653;Passeriformes;Tyrannidae
Myiopagis gaimardii;16654;Passeriformes;Tyrannidae
Myiopagis parambae;16660;Passeriformes;Tyrannidae
Myiopagis cinerea;16663;Passeriformes;Tyrannidae
Myiopagis olallai;16664;Passeriformes;Tyrannidae
Myiopagis caniceps;16668;Passeriformes;Tyrannidae
Myiopagis subplacens;16669;Passeriformes;Tyrannidae
Myiopagis flavivertex;16670;Passeriformes;Tyrannidae
Myiopagis cotta;16671;Passeriformes;Tyrannidae
Myiopagis viridicata;16672;Passeriformes;Tyrannidae
Elaenia chilensis;16686;Passeriformes;Tyrannidae
Elaenia cristata;16686;Passeriformes;Tyrannidae
Elaenia ruficeps;16689;Passeriformes;Tyrannidae
Elaenia strepera;16690;Passeriformes;Tyrannidae
Elaenia gigas;16691;Passeriformes;Tyrannidae
Elaenia sordida;16692;Passeriformes;Tyrannidae
Elaenia dayi;16693;Passeriformes;Tyrannidae
Elaenia obscura;16697;Passeriformes;Tyrannidae
Elaenia flavogaster;16698;Passeriformes;Tyrannidae
Elaenia parvirostris;16703;Passeriformes;Tyrannidae
Elaenia pelzelni;16704;Passeriformes;Tyrannidae
Elaenia spectabilis;16705;Passeriformes;Tyrannidae
Elaenia ridleyana;16706;Passeriformes;Tyrannidae
Elaenia mesoleuca;16707;Passeriformes;Tyrannidae
Elaenia chiriquensis;16708;Passeriformes;Tyrannidae
Elaenia brachyptera;16711;Passeriformes;Tyrannidae
Elaenia albiceps;16712;Passeriformes;Tyrannidae
Elaenia pallatangae;16721;Passeriformes;Tyrannidae
Elaenia frantzii;16725;Passeriformes;Tyrannidae
Elaenia olivina;16730;Passeriformes;Tyrannidae
Elaenia martinica;16733;Passeriformes;Tyrannidae
Elaenia fallax;16743;Passeriformes;Tyrannidae
Serpophaga cinerea;16746;Passeriformes;Tyrannidae
Serpophaga munda;16746;Passeriformes;Tyrannidae
Serpophaga hypoleuca;16749;Passeriformes;Tyrannidae
Serpophaga nigricans;16753;Passeriformes;Tyrannidae
Serpophaga subcristata;16754;Passeriformes;Tyrannidae
Serpophaga griseicapilla;16759;Passeriformes;Tyrannidae
Phyllomyias burmeisteri;16762;Passeriformes;Tyrannidae
Phyllomyias cinereiceps;16762;Passeriformes;Tyrannidae
Phyllomyias nigrocapillus;16762;Passeriformes;Tyrannidae
Phyllomyias uropygialis;16762;Passeriformes;Tyrannidae
Phyllomyias virescens;16762;Passeriformes;Tyrannidae
Phyllomyias zeledoni;16762;Passeriformes;Tyrannidae
Phyllomyias reiseri;16763;Passeriformes;Tyrannidae
Phyllomyias sclateri;16765;Passeriformes;Tyrannidae
Phyllomyias fasciatus;16768;Passeriformes;Tyrannidae
Phyllomyias weedeni;16772;Passeriformes;Tyrannidae
Phyllomyias griseiceps;16773;Passeriformes;Tyrannidae
Phyllomyias plumbeiceps;16778;Passeriformes;Tyrannidae
Phyllomyias griseocapilla;16779;Passeriformes;Tyrannidae
Acrochordopus zeledoni;16781;Passeriformes;Tyrannidae
Acrochordopus burmeisteri;16788;Passeriformes;Tyrannidae
Tyranniscus nigrocapillus;16789;Passeriformes;Tyrannidae
Tyranniscus cinereiceps;16793;Passeriformes;Tyrannidae
Tyranniscus uropygialis;16794;Passeriformes;Tyrannidae
Zimmerius cinereicapilla;16795;Passeriformes;Tyrannidae
Zimmerius flavidifrons;16795;Passeriformes;Tyrannidae
Zimmerius villarejoi;16796;Passeriformes;Tyrannidae
Zimmerius acer;16798;Passeriformes;Tyrannidae
Zimmerius vilissimus;16799;Passeriformes;Tyrannidae
Zimmerius parvus;16800;Passeriformes;Tyrannidae
Zimmerius albigularis;16802;Passeriformes;Tyrannidae
Zimmerius improbus;16803;Passeriformes;Tyrannidae
Zimmerius chrysops;16806;Passeriformes;Tyrannidae
Zimmerius viridiflavus;16811;Passeriformes;Tyrannidae
Zimmerius bolivianus;16815;Passeriformes;Tyrannidae
Zimmerius petersi;16816;Passeriformes;Tyrannidae
Zimmerius gracilipes;16817;Passeriformes;Tyrannidae
Euscarthmus fulviceps;16821;Passeriformes;Tyrannidae
Euscarthmus meloryphus;16822;Passeriformes;Tyrannidae
Euscarthmus rufomarginatus;16825;Passeriformes;Tyrannidae
Pseudelaenia leucospodia;16826;Passeriformes;Tyrannidae
Stigmatura napensis;16827;Passeriformes;Tyrannidae
Stigmatura bahiae;16828;Passeriformes;Tyrannidae
Stigmatura budytoides;16830;Passeriformes;Tyrannidae
Inezia tenuirostris;16836;Passeriformes;Tyrannidae
Inezia inornata;16837;Passeriformes;Tyrannidae
Inezia subflava;16838;Passeriformes;Tyrannidae
Inezia caudata;16841;Passeriformes;Tyrannidae
Myiophobus flavicans;16844;Passeriformes;Tyrannidae
Myiophobus phoenicomitra;16850;Passeriformes;Tyrannidae
Myiophobus roraimae;16854;Passeriformes;Tyrannidae
Myiophobus cryptoxanthus;16858;Passeriformes;Tyrannidae
Myiophobus fasciatus;16859;Passeriformes;Tyrannidae
Myiophobus crypterythrus;16865;Passeriformes;Tyrannidae
Myiophobus rufescens;16867;Passeriformes;Tyrannidae
Lathrotriccus euleri;16870;Passeriformes;Tyrannidae
Lathrotriccus griseipectus;16878;Passeriformes;Tyrannidae
Aphanotriccus capitalis;16879;Passeriformes;Tyrannidae
Aphanotriccus audax;16880;Passeriformes;Tyrannidae
Xenotriccus callizonus;16881;Passeriformes;Tyrannidae
Xenotriccus mexicanus;16882;Passeriformes;Tyrannidae
Mitrephanes phaeocercus;16883;Passeriformes;Tyrannidae
Mitrephanes olivaceus;16889;Passeriformes;Tyrannidae
Contopus cooperi;16890;Passeriformes;Tyrannidae
Contopus ochraceus;16891;Passeriformes;Tyrannidae
Contopus pertinax;16892;Passeriformes;Tyrannidae
Contopus lugubris;16895;Passeriformes;Tyrannidae
Contopus fumigatus;16896;Passeriformes;Tyrannidae
Contopus pallidus;16903;Passeriformes;Tyrannidae
Contopus punensis;16904;Passeriformes;Tyrannidae
Contopus albogularis;16905;Passeriformes;Tyrannidae
Contopus nigrescens;16906;Passeriformes;Tyrannidae
Contopus cinereus;16909;Passeriformes;Tyrannidae
Contopus sordidulus;16912;Passeriformes;Tyrannidae
Contopus bogotensis;16917;Passeriformes;Tyrannidae
Contopus virens;16924;Passeriformes;Tyrannidae
Contopus caribaeus;16927;Passeriformes;Tyrannidae
Contopus hispaniolensis;16932;Passeriformes;Tyrannidae
Contopus latirostris;16935;Passeriformes;Tyrannidae
Cnemotriccus fuscatus;16940;Passeriformes;Tyrannidae
Empidonax flaviventris;16949;Passeriformes;Tyrannidae
Empidonax occidentalis;16949;Passeriformes;Tyrannidae
Empidonax virescens;16950;Passeriformes;Tyrannidae
Empidonax alnorum;16951;Passeriformes;Tyrannidae
Empidonax traillii;16952;Passeriformes;Tyrannidae
Empidonax albigularis;16959;Passeriformes;Tyrannidae
Empidonax minimus;16963;Passeriformes;Tyrannidae
Empidonax hammondii;16964;Passeriformes;Tyrannidae
Empidonax wrightii;16965;Passeriformes;Tyrannidae
Empidonax oberholseri;16966;Passeriformes;Tyrannidae
Empidonax affinis;16969;Passeriformes;Tyrannidae
Empidonax difficilis;16975;Passeriformes;Tyrannidae
Empidonax flavescens;16984;Passeriformes;Tyrannidae
Empidonax fulvifrons;16989;Passeriformes;Tyrannidae
Empidonax atriceps;16996;Passeriformes;Tyrannidae
Sayornis nigricans;16998;Passeriformes;Tyrannidae
Sayornis phoebe;17007;Passeriformes;Tyrannidae
Sayornis saya;17010;Passeriformes;Tyrannidae
Guyramemua affine;17015;Passeriformes;Tyrannidae
Sublegatus arenarum;17017;Passeriformes;Tyrannidae
Sublegatus obscurior;17024;Passeriformes;Tyrannidae
Sublegatus modestus;17025;Passeriformes;Tyrannidae
Pyrocephalus obscurus;17029;Passeriformes;Tyrannidae
Pyrocephalus rubinus;17029;Passeriformes;Tyrannidae
Pyrocephalus nanus;17043;Passeriformes;Tyrannidae
Lessonia rufa;17046;Passeriformes;Tyrannidae
Lessonia oreas;17047;Passeriformes;Tyrannidae
Knipolegus orenocensis;17049;Passeriformes;Tyrannidae
Knipolegus poecilurus;17053;Passeriformes;Tyrannidae
Knipolegus poecilocercus;17059;Passeriformes;Tyrannidae
Knipolegus lophotes;17061;Passeriformes;Tyrannidae
Knipolegus nigerrimus;17062;Passeriformes;Tyrannidae
Knipolegus cabanisi;17064;Passeriformes;Tyrannidae
Knipolegus cyanirostris;17066;Passeriformes;Tyrannidae
Knipolegus striaticeps;17067;Passeriformes;Tyrannidae
Knipolegus aterrimus;17068;Passeriformes;Tyrannidae
Knipolegus hudsoni;17073;Passeriformes;Tyrannidae
Hymenops perspicillatus;17076;Passeriformes;Tyrannidae
Ochthornis littoralis;17079;Passeriformes;Tyrannidae
Satrapa icterophrys;17080;Passeriformes;Tyrannidae
Muscisaxicola maculirostris;17082;Passeriformes;Tyrannidae
Muscisaxicola juninensis;17087;Passeriformes;Tyrannidae
Muscisaxicola cinereus;17088;Passeriformes;Tyrannidae
Muscisaxicola albifrons;17091;Passeriformes;Tyrannidae
Muscisaxicola flavinucha;17092;Passeriformes;Tyrannidae
Muscisaxicola rufivertex;17095;Passeriformes;Tyrannidae
Muscisaxicola maclovianus;17099;Passeriformes;Tyrannidae
Muscisaxicola albilora;17102;Passeriformes;Tyrannidae
Muscisaxicola alpinus;17103;Passeriformes;Tyrannidae
Muscisaxicola capistratus;17107;Passeriformes;Tyrannidae
Muscisaxicola frontalis;17108;Passeriformes;Tyrannidae
Cnemarchus erythropygius;17110;Passeriformes;Tyrannidae
Cnemarchus rufipennis;17113;Passeriformes;Tyrannidae
Pyrope pyrope;17116;Passeriformes;Tyrannidae
Xolmis cinereus;17119;Passeriformes;Tyrannidae
Xolmis pyrope;17119;Passeriformes;Tyrannidae
Xolmis velatus;17119;Passeriformes;Tyrannidae
Xolmis irupero;17120;Passeriformes;Tyrannidae
Nengetus cinereus;17123;Passeriformes;Tyrannidae
Neoxolmis coronatus;17126;Passeriformes;Tyrannidae
Neoxolmis rufiventris;17129;Passeriformes;Tyrannidae
Agriornis montanus;17130;Passeriformes;Tyrannidae
Agriornis albicauda;17136;Passeriformes;Tyrannidae
Agriornis lividus;17139;Passeriformes;Tyrannidae
Agriornis micropterus;17142;Passeriformes;Tyrannidae
Myiotheretes striaticollis;17148;Passeriformes;Tyrannidae
Myiotheretes pernix;17151;Passeriformes;Tyrannidae
Myiotheretes fumigatus;17152;Passeriformes;Tyrannidae
Myiotheretes fuscorufus;17157;Passeriformes;Tyrannidae
Arundinicola leucocephala;17159;Passeriformes;Tyrannidae
Fluvicola pica;17160;Passeriformes;Tyrannidae
Fluvicola albiventer;17161;Passeriformes;Tyrannidae
Fluvicola nengeta;17162;Passeriformes;Tyrannidae
Muscipipra vetula;17165;Passeriformes;Tyrannidae
Gubernetes yetapa;17166;Passeriformes;Tyrannidae
Heteroxolmis dominicana;17167;Passeriformes;Tyrannidae
Alectrurus tricolor;17168;Passeriformes;Tyrannidae
Alectrurus risora;17169;Passeriformes;Tyrannidae
Silvicultrix frontalis;17170;Passeriformes;Tyrannidae
Silvicultrix jelskii;17177;Passeriformes;Tyrannidae
Silvicultrix pulchella;17178;Passeriformes;Tyrannidae
Silvicultrix diadema;17181;Passeriformes;Tyrannidae
Colorhamphus parvirostris;17187;Passeriformes;Tyrannidae
Ochthoeca diadema;17188;Passeriformes;Tyrannidae
Ochthoeca frontalis;17188;Passeriformes;Tyrannidae
Ochthoeca jelskii;17188;Passeriformes;Tyrannidae
Ochthoeca pulchella;17188;Passeriformes;Tyrannidae
Ochthoeca salvini;17188;Passeriformes;Tyrannidae
Ochthoeca cinnamomeiventris;17189;Passeriformes;Tyrannidae
Ochthoeca thoracica;17191;Passeriformes;Tyrannidae
Ochthoeca rufipectoralis;17194;Passeriformes;Tyrannidae
Ochthoeca fumicolor;17202;Passeriformes;Tyrannidae
Ochthoeca superciliosa;17207;Passeriformes;Tyrannidae
Ochthoeca oenanthoides;17208;Passeriformes;Tyrannidae
Ochthoeca piurae;17211;Passeriformes;Tyrannidae
Ochthoeca leucophrys;17212;Passeriformes;Tyrannidae
Colonia colonus;17220;Passeriformes;Tyrannidae
Muscigralla brevicauda;17226;Passeriformes;Tyrannidae
Ramphotrigon megacephalum;17227;Passeriformes;Tyrannidae
Ramphotrigon ruficauda;17232;Passeriformes;Tyrannidae
Ramphotrigon flammulatum;17233;Passeriformes;Tyrannidae
Ramphotrigon fuscicauda;17234;Passeriformes;Tyrannidae
Attila phoenicurus;17236;Passeriformes;Tyrannidae
Attila cinnamomeus;17237;Passeriformes;Tyrannidae
Attila torridus;17238;Passeriformes;Tyrannidae
Attila citriniventris;17239;Passeriformes;Tyrannidae
Attila bolivianus;17240;Passeriformes;Tyrannidae
Attila rufus;17243;Passeriformes;Tyrannidae
Attila spadiceus;17246;Passeriformes;Tyrannidae
Sirystes albogriseus;17262;Passeriformes;Tyrannidae
Sirystes albocinereus;17263;Passeriformes;Tyrannidae
Sirystes subcanescens;17264;Passeriformes;Tyrannidae
Sirystes sibilator;17265;Passeriformes;Tyrannidae
Casiornis rufus;17269;Passeriformes;Tyrannidae
Casiornis fuscus;17270;Passeriformes;Tyrannidae
Rhytipterna holerythra;17271;Passeriformes;Tyrannidae
Rhytipterna simplex;17274;Passeriformes;Tyrannidae
Rhytipterna immunda;17277;Passeriformes;Tyrannidae
Myiarchus semirufus;17278;Passeriformes;Tyrannidae
Myiarchus yucatanensis;17279;Passeriformes;Tyrannidae
Myiarchus barbirostris;17283;Passeriformes;Tyrannidae
Myiarchus tuberculifer;17284;Passeriformes;Tyrannidae
Myiarchus swainsoni;17301;Passeriformes;Tyrannidae
Myiarchus venezuelensis;17307;Passeriformes;Tyrannidae
Myiarchus panamensis;17308;Passeriformes;Tyrannidae
Myiarchus ferox;17312;Passeriformes;Tyrannidae
Myiarchus apicalis;17316;Passeriformes;Tyrannidae
Myiarchus phaeocephalus;17317;Passeriformes;Tyrannidae
Myiarchus cephalotes;17320;Passeriformes;Tyrannidae
Myiarchus cinerascens;17323;Passeriformes;Tyrannidae
Myiarchus nuttingi;17326;Passeriformes;Tyrannidae
Myiarchus crinitus;17334;Passeriformes;Tyrannidae
Myiarchus tyrannulus;17335;Passeriformes;Tyrannidae
Myiarchus magnirostris;17345;Passeriformes;Tyrannidae
Myiarchus nugator;17346;Passeriformes;Tyrannidae
Myiarchus validus;17347;Passeriformes;Tyrannidae
Myiarchus sagrae;17348;Passeriformes;Tyrannidae
Myiarchus stolidus;17351;Passeriformes;Tyrannidae
Myiarchus antillarum;17354;Passeriformes;Tyrannidae
Myiarchus oberi;17355;Passeriformes;Tyrannidae
Machetornis rixosa;17361;Passeriformes;Tyrannidae
Philohydor lictor;17365;Passeriformes;Tyrannidae
Pitangus lictor;17368;Passeriformes;Tyrannidae
Pitangus sulphuratus;17368;Passeriformes;Tyrannidae
Megarynchus pitangua;17379;Passeriformes;Tyrannidae
Myiozetetes cayanensis;17387;Passeriformes;Tyrannidae
Myiozetetes similis;17392;Passeriformes;Tyrannidae
Myiozetetes granadensis;17403;Passeriformes;Tyrannidae
Myiozetetes luteiventris;17407;Passeriformes;Tyrannidae
Phelpsia inornata;17411;Passeriformes;Tyrannidae
Conopias albovittatus;17412;Passeriformes;Tyrannidae
Conopias parvus;17415;Passeriformes;Tyrannidae
Conopias trivirgatus;17416;Passeriformes;Tyrannidae
Conopias cinchoneti;17420;Passeriformes;Tyrannidae
Myiodynastes hemichrysus;17423;Passeriformes;Tyrannidae
Myiodynastes chrysocephalus;17427;Passeriformes;Tyrannidae
Myiodynastes bairdii;17428;Passeriformes;Tyrannidae
Myiodynastes maculatus;17429;Passeriformes;Tyrannidae
Myiodynastes luteiventris;17438;Passeriformes;Tyrannidae
Legatus leucophaius;17440;Passeriformes;Tyrannidae
Empidonomus varius;17443;Passeriformes;Tyrannidae
Empidonomus aurantioatrocristatus;17446;Passeriformes;Tyrannidae
Tyrannopsis sulphurea;17449;Passeriformes;Tyrannidae
Tyrannus niveigularis;17450;Passeriformes;Tyrannidae
Tyrannus albogularis;17451;Passeriformes;Tyrannidae
Tyrannus melancholicus;17452;Passeriformes;Tyrannidae
Tyrannus couchii;17459;Passeriformes;Tyrannidae
Tyrannus vociferans;17461;Passeriformes;Tyrannidae
Tyrannus crassirostris;17464;Passeriformes;Tyrannidae
Tyrannus verticalis;17467;Passeriformes;Tyrannidae
Tyrannus tyrannus;17472;Passeriformes;Tyrannidae
Tyrannus dominicensis;17474;Passeriformes;Tyrannidae
Tyrannus caudifasciatus;17479;Passeriformes;Tyrannidae
Tyrannus cubensis;17488;Passeriformes;Tyrannidae
Tyrannus forficatus;17489;Passeriformes;Tyrannidae
Tyrannus savana;17494;Passeriformes;Tyrannidae
Menura alberti;17503;Passeriformes;Menuridae
Menura novaehollandiae;17504;Passeriformes;Menuridae
Atrichornis rufescens;17509;Passeriformes;Atrichornithidae
Atrichornis clamosus;17512;Passeriformes;Atrichornithidae
Ailuroedus stonii;17515;Passeriformes;Ptilonorhynchidae
Ailuroedus geislerorum;17518;Passeriformes;Ptilonorhynchidae
Ailuroedus maculosus;17521;Passeriformes;Ptilonorhynchidae
Ailuroedus melanotis;17522;Passeriformes;Ptilonorhynchidae
Ailuroedus crassirostris;17533;Passeriformes;Ptilonorhynchidae
Scenopoeetes dentirostris;17535;Passeriformes;Ptilonorhynchidae
Archboldia papuensis;17536;Passeriformes;Ptilonorhynchidae
Amblyornis inornata;17539;Passeriformes;Ptilonorhynchidae
Amblyornis newtoniana;17539;Passeriformes;Ptilonorhynchidae
Amblyornis macgregoriae;17540;Passeriformes;Ptilonorhynchidae
Prionodura newtoniana;17549;Passeriformes;Ptilonorhynchidae
Sericulus ardens;17551;Passeriformes;Ptilonorhynchidae
Sericulus chrysocephalus;17553;Passeriformes;Ptilonorhynchidae
Ptilonorhynchus violaceus;17554;Passeriformes;Ptilonorhynchidae
Chlamydera guttata;17558;Passeriformes;Ptilonorhynchidae
Chlamydera maculata;17561;Passeriformes;Ptilonorhynchidae
Chlamydera nuchalis;17562;Passeriformes;Ptilonorhynchidae
Chlamydera cerviniventris;17568;Passeriformes;Ptilonorhynchidae
Cormobates placens;17570;Passeriformes;Climacteridae
Cormobates leucophaea;17575;Passeriformes;Climacteridae
Climacteris affinis;17582;Passeriformes;Climacteridae
Climacteris erythrops;17585;Passeriformes;Climacteridae
Climacteris picumnus;17586;Passeriformes;Climacteridae
Climacteris melanurus;17591;Passeriformes;Climacteridae
Climacteris rufus;17594;Passeriformes;Climacteridae
Amytornis barbatus;17597;Passeriformes;Maluridae
Amytornis whitei;17600;Passeriformes;Maluridae
Amytornis oweni;17603;Passeriformes;Maluridae
Amytornis striatus;17607;Passeriformes;Maluridae
Amytornis dorotheae;17611;Passeriformes;Maluridae
Amytornis textilis;17613;Passeriformes;Maluridae
Amytornis modestus;17616;Passeriformes;Maluridae
Amytornis housei;17624;Passeriformes;Maluridae
Amytornis goyderi;17625;Passeriformes;Maluridae
Amytornis purnelli;17626;Passeriformes;Maluridae
Amytornis ballarae;17627;Passeriformes;Maluridae
Stipiturus malachurus;17628;Passeriformes;Maluridae
Stipiturus ruficeps;17637;Passeriformes;Maluridae
Stipiturus mallee;17638;Passeriformes;Maluridae
Sipodotus wallacii;17639;Passeriformes;Maluridae
Clytomyias insignis;17640;Passeriformes;Maluridae
Malurus cyanocephalus;17645;Passeriformes;Maluridae
Malurus coronatus;17649;Passeriformes;Maluridae
Malurus elegans;17652;Passeriformes;Maluridae
Malurus pulcherrimus;17653;Passeriformes;Maluridae
Malurus assimilis;17654;Passeriformes;Maluridae
Malurus lamberti;17661;Passeriformes;Maluridae
Malurus amabilis;17663;Passeriformes;Maluridae
Malurus splendens;17664;Passeriformes;Maluridae
Malurus cyaneus;17670;Passeriformes;Maluridae
Malurus leucopterus;17677;Passeriformes;Maluridae
Malurus melanocephalus;17683;Passeriformes;Maluridae
Malurus alboscapulatus;17687;Passeriformes;Maluridae
Myza celebensis;17698;Passeriformes;Meliphagidae
Myza sarasinorum;17701;Passeriformes;Meliphagidae
Acanthorhynchus tenuirostris;17706;Passeriformes;Meliphagidae
Acanthorhynchus superciliosus;17711;Passeriformes;Meliphagidae
Certhionyx variegatus;17712;Passeriformes;Meliphagidae
Pycnopygius cinereus;17721;Passeriformes;Meliphagidae
Pycnopygius stictocephalus;17726;Passeriformes;Meliphagidae
Prosthemadera novaeseelandiae;17727;Passeriformes;Meliphagidae
Anthornis melanura;17731;Passeriformes;Meliphagidae
Meliphaga aruensis;17737;Passeriformes;Meliphagidae
Meliphaga notata;17740;Passeriformes;Meliphagidae
Meliphaga lewinii;17743;Passeriformes;Meliphagidae
Meliphaga reticulata;17747;Passeriformes;Meliphagidae
Meliphaga fordiana;17748;Passeriformes;Meliphagidae
Meliphaga albilineata;17749;Passeriformes;Meliphagidae
Meliphaga orientalis;17765;Passeriformes;Meliphagidae
Meliphaga analoga;17770;Passeriformes;Meliphagidae
Meliphaga gracilis;17777;Passeriformes;Meliphagidae
Meliphaga imitatrix;17778;Passeriformes;Meliphagidae
Stomiopera flava;17782;Passeriformes;Meliphagidae
Stomiopera unicolor;17785;Passeriformes;Meliphagidae
Purnella albifrons;17786;Passeriformes;Meliphagidae
Caligavis chrysops;17787;Passeriformes;Meliphagidae
Caligavis subfrenata;17791;Passeriformes;Meliphagidae
Caligavis obscura;17796;Passeriformes;Meliphagidae
Lichenostomus melanops;17799;Passeriformes;Meliphagidae
Lichenostomus cratitius;17804;Passeriformes;Meliphagidae
Manorina melanophrys;17807;Passeriformes;Meliphagidae
Manorina melanocephala;17808;Passeriformes;Meliphagidae
Manorina flavigula;17813;Passeriformes;Meliphagidae
Melidectes torquatus;17828;Passeriformes;Meliphagidae
Melidectes ochromelas;17836;Passeriformes;Meliphagidae
Melidectes leucostephes;17840;Passeriformes;Meliphagidae
Melidectes belfordi;17842;Passeriformes;Meliphagidae
Melidectes rufocrissalis;17850;Passeriformes;Meliphagidae
Bolemoreus frenatus;17856;Passeriformes;Meliphagidae
Acanthagenys rufogularis;17858;Passeriformes;Meliphagidae
Anthochaera chrysoptera;17859;Passeriformes;Meliphagidae
Anthochaera lunulata;17863;Passeriformes;Meliphagidae
Anthochaera phrygia;17864;Passeriformes;Meliphagidae
Anthochaera carunculata;17865;Passeriformes;Meliphagidae
Anthochaera paradoxa;17869;Passeriformes;Meliphagidae
Gavicalis versicolor;17873;Passeriformes;Meliphagidae
Gavicalis fasciogularis;17876;Passeriformes;Meliphagidae
Gavicalis virescens;17877;Passeriformes;Meliphagidae
Ptilotula ornata;17883;Passeriformes;Meliphagidae
Ptilotula penicillata;17884;Passeriformes;Meliphagidae
Ptilotula flavescens;17889;Passeriformes;Meliphagidae
Ptilotula fusca;17892;Passeriformes;Meliphagidae
Ptilotula keartlandi;17895;Passeriformes;Meliphagidae
Ptilotula plumula;17896;Passeriformes;Meliphagidae
Ramsayornis modestus;17901;Passeriformes;Meliphagidae
Ramsayornis fasciatus;17902;Passeriformes;Meliphagidae
Conopophila albogularis;17903;Passeriformes;Meliphagidae
Conopophila rufogularis;17906;Passeriformes;Meliphagidae
Conopophila whitei;17907;Passeriformes;Meliphagidae
Epthianura crocea;17909;Passeriformes;Meliphagidae
Epthianura tricolor;17913;Passeriformes;Meliphagidae
Epthianura aurifrons;17914;Passeriformes;Meliphagidae
Epthianura albifrons;17915;Passeriformes;Meliphagidae
Melipotes fumigatus;17917;Passeriformes;Meliphagidae
Melilestes megarhynchus;17929;Passeriformes;Meliphagidae
Sugomel nigrum;17942;Passeriformes;Meliphagidae
Myzomela obscura;17959;Passeriformes;Meliphagidae
Myzomela cruentata;17963;Passeriformes;Meliphagidae
Myzomela erythrocephala;17982;Passeriformes;Meliphagidae
Myzomela adolphinae;17987;Passeriformes;Meliphagidae
Myzomela chloroptera;17988;Passeriformes;Meliphagidae
Myzomela caledonica;18003;Passeriformes;Meliphagidae
Myzomela sanguinolenta;18004;Passeriformes;Meliphagidae
Myzomela rubratra;18005;Passeriformes;Meliphagidae
Myzomela cardinalis;18013;Passeriformes;Meliphagidae
Myzomela nigriventris;18022;Passeriformes;Meliphagidae
Myzomela sclateri;18024;Passeriformes;Meliphagidae
Myzomela lafargei;18031;Passeriformes;Meliphagidae
Myzomela jugularis;18039;Passeriformes;Meliphagidae
Myzomela rosenbergii;18042;Passeriformes;Meliphagidae
Gliciphila undulata;18047;Passeriformes;Meliphagidae
Gliciphila melanops;18048;Passeriformes;Meliphagidae
Glycichaera fallax;18054;Passeriformes;Meliphagidae
Ptiloprora guisei;18071;Passeriformes;Meliphagidae
Ptiloprora perstriata;18072;Passeriformes;Meliphagidae
Cissomela pectoralis;18076;Passeriformes;Meliphagidae
Lichmera limbata;18077;Passeriformes;Meliphagidae
Lichmera argentauris;18078;Passeriformes;Meliphagidae
Lichmera indistincta;18079;Passeriformes;Meliphagidae
Lichmera incana;18085;Passeriformes;Meliphagidae
Lichmera squamata;18091;Passeriformes;Meliphagidae
Lichmera alboauricularis;18092;Passeriformes;Meliphagidae
Lichmera flavicans;18097;Passeriformes;Meliphagidae
Phylidonyris pyrrhopterus;18099;Passeriformes;Meliphagidae
Phylidonyris novaehollandiae;18102;Passeriformes;Meliphagidae
Phylidonyris niger;18108;Passeriformes;Meliphagidae
Trichodere cockerelli;18112;Passeriformes;Meliphagidae
Nesoptilotis leucotis;18113;Passeriformes;Meliphagidae
Nesoptilotis flavicollis;18119;Passeriformes;Meliphagidae
Entomyzon cyanotis;18120;Passeriformes;Meliphagidae
Melithreptus albogularis;18126;Passeriformes;Meliphagidae
Melithreptus chloropsis;18129;Passeriformes;Meliphagidae
Melithreptus lunatus;18130;Passeriformes;Meliphagidae
Melithreptus affinis;18131;Passeriformes;Meliphagidae
Melithreptus brevirostris;18132;Passeriformes;Meliphagidae
Melithreptus gularis;18138;Passeriformes;Meliphagidae
Melithreptus validirostris;18141;Passeriformes;Meliphagidae
Meliarchus sclateri;18143;Passeriformes;Meliphagidae
Meliphacator provocator;18145;Passeriformes;Meliphagidae
Gymnomyza brunneirostris;18147;Passeriformes;Meliphagidae
Gymnomyza samoensis;18148;Passeriformes;Meliphagidae
Foulehaio procerior;18150;Passeriformes;Meliphagidae
Foulehaio carunculatus;18151;Passeriformes;Meliphagidae
Foulehaio taviunensis;18152;Passeriformes;Meliphagidae
Xanthotis flaviventer;18153;Passeriformes;Meliphagidae
Xanthotis macleayanus;18177;Passeriformes;Meliphagidae
Plectorhyncha lanceolata;18178;Passeriformes;Meliphagidae
Grantiella picta;18179;Passeriformes;Meliphagidae
Philemon citreogularis;18181;Passeriformes;Meliphagidae
Philemon novaeguineae;18181;Passeriformes;Meliphagidae
Philemon yorki;18181;Passeriformes;Meliphagidae
Philemon meyeri;18185;Passeriformes;Meliphagidae
Philemon inornatus;18186;Passeriformes;Meliphagidae
Philemon fuscicapillus;18189;Passeriformes;Meliphagidae
Philemon plumigenis;18191;Passeriformes;Meliphagidae
Philemon subcorniculatus;18192;Passeriformes;Meliphagidae
Philemon buceroides;18194;Passeriformes;Meliphagidae
Philemon cockerelli;18204;Passeriformes;Meliphagidae
Philemon argenticeps;18207;Passeriformes;Meliphagidae
Philemon corniculatus;18210;Passeriformes;Meliphagidae
Philemon diemenensis;18214;Passeriformes;Meliphagidae
Dasyornis longirostris;18218;Passeriformes;Dasyornithidae
Dasyornis brachypterus;18219;Passeriformes;Dasyornithidae
Dasyornis broadbenti;18222;Passeriformes;Dasyornithidae
Pardalotus punctatus;18227;Passeriformes;Pardalotidae
Pardalotus quadragintus;18231;Passeriformes;Pardalotidae
Pardalotus rubricatus;18232;Passeriformes;Pardalotidae
Pardalotus striatus;18235;Passeriformes;Pardalotidae
Pachycare flavogriseum;18245;Passeriformes;Acanthizidae
Oreoscopus gutturalis;18251;Passeriformes;Acanthizidae
Pycnoptilus floccosus;18252;Passeriformes;Acanthizidae
Pyrrholaemus brunneus;18255;Passeriformes;Acanthizidae
Pyrrholaemus sagittatus;18256;Passeriformes;Acanthizidae
Hylacola cauta;18257;Passeriformes;Acanthizidae
Hylacola pyrrhopygia;18262;Passeriformes;Acanthizidae
Calamanthus fuliginosus;18266;Passeriformes;Acanthizidae
Calamanthus campestris;18271;Passeriformes;Acanthizidae
Calamanthus montanellus;18279;Passeriformes;Acanthizidae
Smicrornis brevirostris;18281;Passeriformes;Acanthizidae
Neosericornis citreogularis;18287;Passeriformes;Acanthizidae
Origma robusta;18291;Passeriformes;Acanthizidae
Origma murina;18299;Passeriformes;Acanthizidae
Origma solitaria;18305;Passeriformes;Acanthizidae
Sericornis citreogularis;18306;Passeriformes;Acanthizidae
Sericornis humilis;18306;Passeriformes;Acanthizidae
Sericornis papuensis;18306;Passeriformes;Acanthizidae
Sericornis frontalis;18309;Passeriformes;Acanthizidae
Sericornis maculatus;18317;Passeriformes;Acanthizidae
Sericornis keri;18323;Passeriformes;Acanthizidae
Sericornis beccarii;18324;Passeriformes;Acanthizidae
Sericornis magnirostra;18331;Passeriformes;Acanthizidae
Sericornis nouhuysi;18336;Passeriformes;Acanthizidae
Aethomyias nigrorufus;18356;Passeriformes;Acanthizidae
Aethomyias rufescens;18360;Passeriformes;Acanthizidae
Aethomyias perspicillatus;18361;Passeriformes;Acanthizidae
Aethomyias arfakianus;18363;Passeriformes;Acanthizidae
Aethomyias papuensis;18364;Passeriformes;Acanthizidae
Acanthornis magna;18369;Passeriformes;Acanthizidae
Aphelocephala leucopsis;18372;Passeriformes;Acanthizidae
Aphelocephala nigricincta;18375;Passeriformes;Acanthizidae
Aphelocephala pectoralis;18376;Passeriformes;Acanthizidae
Acanthiza chrysorrhoa;18377;Passeriformes;Acanthizidae
Acanthiza cinerea;18382;Passeriformes;Acanthizidae
Acanthiza murina;18383;Passeriformes;Acanthizidae
Acanthiza nana;18384;Passeriformes;Acanthizidae
Acanthiza lineata;18388;Passeriformes;Acanthizidae
Acanthiza apicalis;18393;Passeriformes;Acanthizidae
Acanthiza ewingii;18398;Passeriformes;Acanthizidae
Acanthiza katherina;18401;Passeriformes;Acanthizidae
Acanthiza pusilla;18402;Passeriformes;Acanthizidae
Acanthiza robustirostris;18410;Passeriformes;Acanthizidae
Acanthiza iredalei;18411;Passeriformes;Acanthizidae
Acanthiza uropygialis;18415;Passeriformes;Acanthizidae
Acanthiza inornata;18416;Passeriformes;Acanthizidae
Acanthiza reguloides;18417;Passeriformes;Acanthizidae
Gerygone chrysogaster;18424;Passeriformes;Acanthizidae
Gerygone mouki;18428;Passeriformes;Acanthizidae
Gerygone chloronota;18432;Passeriformes;Acanthizidae
Gerygone palpebrosa;18437;Passeriformes;Acanthizidae
Gerygone magnirostris;18445;Passeriformes;Acanthizidae
Gerygone inornata;18459;Passeriformes;Acanthizidae
Gerygone olivacea;18466;Passeriformes;Acanthizidae
Gerygone sulphurea;18470;Passeriformes;Acanthizidae
Gerygone tenebrosa;18475;Passeriformes;Acanthizidae
Gerygone flavolateralis;18478;Passeriformes;Acanthizidae
Gerygone levigaster;18484;Passeriformes;Acanthizidae
Gerygone fusca;18488;Passeriformes;Acanthizidae
Gerygone ruficollis;18492;Passeriformes;Acanthizidae
Gerygone igata;18497;Passeriformes;Acanthizidae
Gerygone albofrontata;18498;Passeriformes;Acanthizidae
Garritornis isidorei;18501;Passeriformes;Pomatostomidae
Pomatostomus temporalis;18504;Passeriformes;Pomatostomidae
Pomatostomus superciliosus;18509;Passeriformes;Pomatostomidae
Pomatostomus halli;18514;Passeriformes;Pomatostomidae
Pomatostomus ruficeps;18515;Passeriformes;Pomatostomidae
Orthonyx novaeguineae;18518;Passeriformes;Orthonychidae
Orthonyx temminckii;18523;Passeriformes;Orthonychidae
Orthonyx spaldingii;18524;Passeriformes;Orthonychidae
Cinclosoma punctatum;18528;Passeriformes;Cinclosomatidae
Cinclosoma castanotum;18532;Passeriformes;Cinclosomatidae
Cinclosoma clarum;18533;Passeriformes;Cinclosomatidae
Cinclosoma castaneothorax;18537;Passeriformes;Cinclosomatidae
Cinclosoma marginatum;18538;Passeriformes;Cinclosomatidae
Cinclosoma cinnamomeum;18539;Passeriformes;Cinclosomatidae
Cinclosoma ajax;18541;Passeriformes;Cinclosomatidae
Ptilorrhoa leucosticta;18547;Passeriformes;Cinclosomatidae
Ptilorrhoa caerulescens;18555;Passeriformes;Cinclosomatidae
Ptilorrhoa castanonota;18562;Passeriformes;Cinclosomatidae
Pericrocotus erythropygius;18572;Passeriformes;Campephagidae
Pericrocotus igneus;18574;Passeriformes;Campephagidae
Pericrocotus cinnamomeus;18577;Passeriformes;Campephagidae
Pericrocotus solaris;18587;Passeriformes;Campephagidae
Pericrocotus miniatus;18598;Passeriformes;Campephagidae
Pericrocotus brevirostris;18599;Passeriformes;Campephagidae
Pericrocotus lansbergei;18604;Passeriformes;Campephagidae
Pericrocotus ethologus;18605;Passeriformes;Campephagidae
Pericrocotus flammeus;18613;Passeriformes;Campephagidae
Pericrocotus speciosus;18614;Passeriformes;Campephagidae
Pericrocotus tegimae;18637;Passeriformes;Campephagidae
Pericrocotus divaricatus;18638;Passeriformes;Campephagidae
Pericrocotus cantonensis;18640;Passeriformes;Campephagidae
Pericrocotus roseus;18642;Passeriformes;Campephagidae
Ceblepyris cinereus;18650;Passeriformes;Campephagidae
Ceblepyris caesius;18654;Passeriformes;Campephagidae
Ceblepyris pectoralis;18658;Passeriformes;Campephagidae
Coracina caeruleogrisea;18659;Passeriformes;Campephagidae
Coracina caesia;18659;Passeriformes;Campephagidae
Coracina cinerea;18659;Passeriformes;Campephagidae
Coracina pectoralis;18659;Passeriformes;Campephagidae
Coracina longicauda;18663;Passeriformes;Campephagidae
Coracina bicolor;18666;Passeriformes;Campephagidae
Coracina temminckii;18667;Passeriformes;Campephagidae
Coracina maxima;18671;Passeriformes;Campephagidae
Coracina lineata;18672;Passeriformes;Campephagidae
Coracina boyeri;18683;Passeriformes;Campephagidae
Coracina novaehollandiae;18686;Passeriformes;Campephagidae
Coracina papuensis;18695;Passeriformes;Campephagidae
Coracina atriceps;18711;Passeriformes;Campephagidae
Coracina caledonica;18714;Passeriformes;Campephagidae
Coracina macei;18719;Passeriformes;Campephagidae
Coracina javensis;18722;Passeriformes;Campephagidae
Coracina larutensis;18731;Passeriformes;Campephagidae
Coracina striata;18732;Passeriformes;Campephagidae
Coracina larvata;18752;Passeriformes;Campephagidae
Coracina personata;18756;Passeriformes;Campephagidae
Coracina parvula;18763;Passeriformes;Campephagidae
Campephaga flava;18770;Passeriformes;Campephagidae
Campephaga petiti;18771;Passeriformes;Campephagidae
Campephaga phoenicea;18772;Passeriformes;Campephagidae
Campephaga quiscalina;18773;Passeriformes;Campephagidae
Campochaera sloetii;18778;Passeriformes;Campephagidae
Malindangia mcgregori;18781;Passeriformes;Campephagidae
Lalage maculosa;18782;Passeriformes;Campephagidae
Lalage sharpei;18799;Passeriformes;Campephagidae
Lalage leucopyga;18802;Passeriformes;Campephagidae
Lalage sueurii;18809;Passeriformes;Campephagidae
Lalage tricolor;18810;Passeriformes;Campephagidae
Lalage atrovirens;18811;Passeriformes;Campephagidae
Lalage leucomela;18814;Passeriformes;Campephagidae
Lalage melanoleuca;18831;Passeriformes;Campephagidae
Lalage leucopygialis;18834;Passeriformes;Campephagidae
Lalage nigra;18835;Passeriformes;Campephagidae
Lalage aurea;18839;Passeriformes;Campephagidae
Lalage melaschistos;18842;Passeriformes;Campephagidae
Lalage melanoptera;18847;Passeriformes;Campephagidae
Lalage fimbriata;18851;Passeriformes;Campephagidae
Lalage polioptera;18857;Passeriformes;Campephagidae
Celebesica abbotti;18862;Passeriformes;Campephagidae
Cyanograucalus azureus;18863;Passeriformes;Campephagidae
Edolisoma anale;18864;Passeriformes;Campephagidae
Edolisoma coerulescens;18865;Passeriformes;Campephagidae
Edolisoma ostentum;18869;Passeriformes;Campephagidae
Edolisoma montanum;18870;Passeriformes;Campephagidae
Edolisoma dohertyi;18873;Passeriformes;Campephagidae
Edolisoma mindanense;18884;Passeriformes;Campephagidae
Edolisoma schisticeps;18891;Passeriformes;Campephagidae
Edolisoma melas;18896;Passeriformes;Campephagidae
Edolisoma holopolium;18903;Passeriformes;Campephagidae
Edolisoma salomonis;18907;Passeriformes;Campephagidae
Edolisoma morio;18920;Passeriformes;Campephagidae
Edolisoma incertum;18932;Passeriformes;Campephagidae
Edolisoma tenuirostre;18940;Passeriformes;Campephagidae
Mohoua albicilla;18951;Passeriformes;Mohouidae
Mohoua ochrocephala;18952;Passeriformes;Mohouidae
Mohoua novaeseelandiae;18953;Passeriformes;Mohouidae
Daphoenositta miranda;18955;Passeriformes;Neosittidae
Daphoenositta chrysoptera;18964;Passeriformes;Neosittidae
Psophodes olivaceus;18972;Passeriformes;Psophodidae
Psophodes nigrogularis;18975;Passeriformes;Psophodidae
Psophodes occidentalis;18982;Passeriformes;Psophodidae
Psophodes cristatus;18983;Passeriformes;Psophodidae
Eulacestoma nigropectus;18985;Passeriformes;Eulacestomatidae
Oreoica gutturalis;18989;Passeriformes;Oreoicidae
Aleadryas rufinucha;18992;Passeriformes;Oreoicidae
Ornorectes cristatus;18997;Passeriformes;Oreoicidae
Falcunculus frontatus;19002;Passeriformes;Falcunculidae
Falcunculus leucogaster;19003;Passeriformes;Falcunculidae
Falcunculus whitei;19004;Passeriformes;Falcunculidae
Oreocharis arfaki;19006;Passeriformes;Paramythiidae
Paramythia montium;19010;Passeriformes;Paramythiidae
Pteruthius ripleyi;19015;Passeriformes;Vireonidae
Pteruthius rufiventer;19015;Passeriformes;Vireonidae
Pteruthius flaviscapis;19016;Passeriformes;Vireonidae
Pteruthius aeralatus;19017;Passeriformes;Vireonidae
Pteruthius xanthochlorus;19027;Passeriformes;Vireonidae
Pteruthius melanotis;19034;Passeriformes;Vireonidae
Pteruthius aenobarbus;19037;Passeriformes;Vireonidae
Pteruthius intermedius;19038;Passeriformes;Vireonidae
Erpornis zantholeuca;19042;Passeriformes;Vireonidae
Cyclarhis gujanensis;19051;Passeriformes;Vireonidae
Cyclarhis nigrirostris;19076;Passeriformes;Vireonidae
Hylophilus amaurocephalus;19080;Passeriformes;Vireonidae
Hylophilus poicilotis;19082;Passeriformes;Vireonidae
Hylophilus olivaceus;19083;Passeriformes;Vireonidae
Hylophilus pectoralis;19084;Passeriformes;Vireonidae
Hylophilus flavipes;19085;Passeriformes;Vireonidae
Hylophilus semicinereus;19095;Passeriformes;Vireonidae
Hylophilus brunneiceps;19099;Passeriformes;Vireonidae
Hylophilus thoracicus;19100;Passeriformes;Vireonidae
Vireolanius melitophrys;19105;Passeriformes;Vireonidae
Vireolanius pulchellus;19108;Passeriformes;Vireonidae
Vireolanius eximius;19113;Passeriformes;Vireonidae
Vireolanius leucotis;19116;Passeriformes;Vireonidae
Tunchiornis ochraceiceps;19122;Passeriformes;Vireonidae
Pachysylvia decurtata;19136;Passeriformes;Vireonidae
Pachysylvia hypoxantha;19141;Passeriformes;Vireonidae
Pachysylvia muscicapina;19148;Passeriformes;Vireonidae
Pachysylvia aurantiifrons;19151;Passeriformes;Vireonidae
Pachysylvia semibrunnea;19155;Passeriformes;Vireonidae
Vireo hypochryseus;19157;Passeriformes;Vireonidae
Vireo osburni;19161;Passeriformes;Vireonidae
Vireo brevipennis;19162;Passeriformes;Vireonidae
Vireo atricapilla;19163;Passeriformes;Vireonidae
Vireo nelsoni;19164;Passeriformes;Vireonidae
Vireo griseus;19165;Passeriformes;Vireonidae
Vireo crassirostris;19174;Passeriformes;Vireonidae
Vireo pallens;19180;Passeriformes;Vireonidae
Vireo bairdi;19191;Passeriformes;Vireonidae
Vireo caribaeus;19192;Passeriformes;Vireonidae
Vireo modestus;19193;Passeriformes;Vireonidae
Vireo gundlachii;19194;Passeriformes;Vireonidae
Vireo latimeri;19195;Passeriformes;Vireonidae
Vireo nanus;19196;Passeriformes;Vireonidae
Vireo bellii;19197;Passeriformes;Vireonidae
Vireo vicinior;19203;Passeriformes;Vireonidae
Vireo huttoni;19204;Passeriformes;Vireonidae
Vireo flavifrons;19220;Passeriformes;Vireonidae
Vireo carmioli;19221;Passeriformes;Vireonidae
Vireo masteri;19222;Passeriformes;Vireonidae
Vireo cassinii;19223;Passeriformes;Vireonidae
Vireo solitarius;19226;Passeriformes;Vireonidae
Vireo plumbeus;19231;Passeriformes;Vireonidae
Vireo sclateri;19243;Passeriformes;Vireonidae
Vireo philadelphicus;19244;Passeriformes;Vireonidae
Vireo gilvus;19245;Passeriformes;Vireonidae
Vireo leucophrys;19253;Passeriformes;Vireonidae
Vireo olivaceus;19267;Passeriformes;Vireonidae
Vireo chivi;19273;Passeriformes;Vireonidae
Vireo gracilirostris;19286;Passeriformes;Vireonidae
Vireo flavoviridis;19287;Passeriformes;Vireonidae
Vireo altiloquus;19294;Passeriformes;Vireonidae
Vireo magister;19302;Passeriformes;Vireonidae
Pseudorectes ferrugineus;19308;Passeriformes;Pachycephalidae
Colluricincla rufogaster;19316;Passeriformes;Pachycephalidae
Colluricincla woodwardi;19316;Passeriformes;Pachycephalidae
Colluricincla boweri;19317;Passeriformes;Pachycephalidae
Colluricincla harmonica;19318;Passeriformes;Pachycephalidae
Colluricincla megarhyncha;19329;Passeriformes;Pachycephalidae
Melanorectes nigrescens;19365;Passeriformes;Pachycephalidae
Pachycephala fuliginosa;19374;Passeriformes;Pachycephalidae
Pachycephala fulvotincta;19374;Passeriformes;Pachycephalidae
Pachycephala occidentalis;19374;Passeriformes;Pachycephalidae
Pachycephala olivacea;19374;Passeriformes;Pachycephalidae
Pachycephala rufogularis;19380;Passeriformes;Pachycephalidae
Pachycephala inornata;19381;Passeriformes;Pachycephalidae
Pachycephala nudigula;19382;Passeriformes;Pachycephalidae
Pachycephala schlegelii;19390;Passeriformes;Pachycephalidae
Pachycephala chlorura;19394;Passeriformes;Pachycephalidae
Pachycephala soror;19401;Passeriformes;Pachycephalidae
Pachycephala vitiensis;19409;Passeriformes;Pachycephalidae
Pachycephala graeffii;19413;Passeriformes;Pachycephalidae
Pachycephala flavifrons;19423;Passeriformes;Pachycephalidae
Pachycephala jacquinoti;19424;Passeriformes;Pachycephalidae
Pachycephala caledonica;19425;Passeriformes;Pachycephalidae
Pachycephala citreogaster;19428;Passeriformes;Pachycephalidae
Pachycephala orioloides;19442;Passeriformes;Pachycephalidae
Pachycephala feminina;19453;Passeriformes;Pachycephalidae
Pachycephala macrorhyncha;19462;Passeriformes;Pachycephalidae
Pachycephala mentalis;19470;Passeriformes;Pachycephalidae
Pachycephala balim;19475;Passeriformes;Pachycephalidae
Pachycephala pectoralis;19476;Passeriformes;Pachycephalidae
Pachycephala melanura;19486;Passeriformes;Pachycephalidae
Pachycephala tenebrosa;19494;Passeriformes;Pachycephalidae
Pachycephala modesta;19495;Passeriformes;Pachycephalidae
Pachycephala lorentzi;19499;Passeriformes;Pachycephalidae
Pachycephala philippinensis;19501;Passeriformes;Pachycephalidae
Pachycephala hypoxantha;19510;Passeriformes;Pachycephalidae
Pachycephala sulfuriventer;19513;Passeriformes;Pachycephalidae
Pachycephala cinerea;19514;Passeriformes;Pachycephalidae
Pachycephala albiventris;19517;Passeriformes;Pachycephalidae
Pachycephala homeyeri;19518;Passeriformes;Pachycephalidae
Pachycephala hyperythra;19524;Passeriformes;Pachycephalidae
Pachycephala simplex;19529;Passeriformes;Pachycephalidae
Pachycephala arctitorquis;19540;Passeriformes;Pachycephalidae
Pachycephala griseonota;19545;Passeriformes;Pachycephalidae
Pachycephala leucogastra;19552;Passeriformes;Pachycephalidae
Pachycephala monacha;19555;Passeriformes;Pachycephalidae
Pachycephala rufiventris;19558;Passeriformes;Pachycephalidae
Pachycephala lanioides;19565;Passeriformes;Pachycephalidae
Pitohui dichrous;19571;Passeriformes;Oriolidae
Pitohui kirhocephalus;19577;Passeriformes;Oriolidae
Pitohui uropygialis;19589;Passeriformes;Oriolidae
Oriolus melanotis;19597;Passeriformes;Oriolidae
Oriolus decipiens;19600;Passeriformes;Oriolidae
Oriolus phaeochromus;19602;Passeriformes;Oriolidae
Oriolus szalayi;19603;Passeriformes;Oriolidae
Oriolus sagittatus;19604;Passeriformes;Oriolidae
Oriolus flavocinctus;19609;Passeriformes;Oriolidae
Oriolus xanthonotus;19614;Passeriformes;Oriolidae
Oriolus consobrinus;19617;Passeriformes;Oriolidae
Oriolus albiloris;19620;Passeriformes;Oriolidae
Oriolus steerii;19621;Passeriformes;Oriolidae
Oriolus oriolus;19629;Passeriformes;Oriolidae
Oriolus kundoo;19630;Passeriformes;Oriolidae
Oriolus auratus;19632;Passeriformes;Oriolidae
Oriolus chinensis;19636;Passeriformes;Oriolidae
Oriolus tenuirostris;19661;Passeriformes;Oriolidae
Oriolus chlorocephalus;19664;Passeriformes;Oriolidae
Oriolus crassirostris;19669;Passeriformes;Oriolidae
Oriolus brachyrynchus;19670;Passeriformes;Oriolidae
Oriolus monacha;19673;Passeriformes;Oriolidae
Oriolus larvatus;19676;Passeriformes;Oriolidae
Oriolus percivali;19683;Passeriformes;Oriolidae
Oriolus nigripennis;19684;Passeriformes;Oriolidae
Oriolus xanthornus;19685;Passeriformes;Oriolidae
Oriolus consanguineus;19692;Passeriformes;Oriolidae
Oriolus cruentus;19696;Passeriformes;Oriolidae
Oriolus traillii;19697;Passeriformes;Oriolidae
Sphecotheres vieilloti;19708;Passeriformes;Oriolidae
Machaerirhynchus nigripectus;19720;Passeriformes;Machaerirhynchidae
Machaerirhynchus flaviventer;19724;Passeriformes;Machaerirhynchidae
Artamus fuscus;19734;Passeriformes;Artamidae
Artamus mentalis;19735;Passeriformes;Artamidae
Artamus monachus;19736;Passeriformes;Artamidae
Artamus maximus;19737;Passeriformes;Artamidae
Artamus leucorynchus;19738;Passeriformes;Artamidae
Artamus personatus;19749;Passeriformes;Artamidae
Artamus superciliosus;19750;Passeriformes;Artamidae
Artamus cinereus;19753;Passeriformes;Artamidae
Artamus cyanopterus;19761;Passeriformes;Artamidae
Artamus minor;19764;Passeriformes;Artamidae
Peltops montanus;19768;Passeriformes;Artamidae
Peltops blainvillii;19769;Passeriformes;Artamidae
Cracticus mentalis;19770;Passeriformes;Artamidae
Cracticus quoyi;19770;Passeriformes;Artamidae
Cracticus torquatus;19773;Passeriformes;Artamidae
Cracticus argenteus;19777;Passeriformes;Artamidae
Cracticus cassicus;19780;Passeriformes;Artamidae
Cracticus nigrogularis;19784;Passeriformes;Artamidae
Melloria quoyi;19787;Passeriformes;Artamidae
Gymnorhina tibicen;19793;Passeriformes;Artamidae
Strepera graculina;19807;Passeriformes;Artamidae
Strepera fuliginosa;19814;Passeriformes;Artamidae
Strepera versicolor;19818;Passeriformes;Artamidae
Rhagologus leucostigma;19828;Passeriformes;Rhagologidae
Lanioturdus torquatus;19833;Passeriformes;Platysteiridae
Dyaphorophyia castanea;19834;Passeriformes;Platysteiridae
Dyaphorophyia hormophora;19835;Passeriformes;Platysteiridae
Dyaphorophyia tonsa;19836;Passeriformes;Platysteiridae
Platysteira castanea;19837;Passeriformes;Platysteiridae
Platysteira cyanea;19837;Passeriformes;Platysteiridae
Platysteira hormophora;19837;Passeriformes;Platysteiridae
Platysteira peltata;19842;Passeriformes;Platysteiridae
Platysteira blissetti;19847;Passeriformes;Platysteiridae
Platysteira chalybea;19848;Passeriformes;Platysteiridae
Platysteira jamesoni;19849;Passeriformes;Platysteiridae
Platysteira concreta;19850;Passeriformes;Platysteiridae
Batis margaritae;19856;Passeriformes;Platysteiridae
Batis mixta;19859;Passeriformes;Platysteiridae
Batis crypta;19862;Passeriformes;Platysteiridae
Batis diops;19863;Passeriformes;Platysteiridae
Batis capensis;19864;Passeriformes;Platysteiridae
Batis fratrum;19874;Passeriformes;Platysteiridae
Batis molitor;19875;Passeriformes;Platysteiridae
Batis soror;19880;Passeriformes;Platysteiridae
Batis pririt;19881;Passeriformes;Platysteiridae
Batis senegalensis;19884;Passeriformes;Platysteiridae
Batis orientalis;19885;Passeriformes;Platysteiridae
Batis erlangeri;19890;Passeriformes;Platysteiridae
Batis minor;19893;Passeriformes;Platysteiridae
Batis perkeo;19897;Passeriformes;Platysteiridae
Batis occulta;19901;Passeriformes;Platysteiridae
Batis minulla;19902;Passeriformes;Platysteiridae
Prionops plumatus;19905;Passeriformes;Vangidae
Prionops caniceps;19914;Passeriformes;Vangidae
Prionops rufiventris;19917;Passeriformes;Vangidae
Prionops retzii;19920;Passeriformes;Vangidae
Prionops scopifrons;19926;Passeriformes;Vangidae
Megabyas flammulatus;19930;Passeriformes;Vangidae
Bias musicus;19933;Passeriformes;Vangidae
Tephrodornis sylvicola;19937;Passeriformes;Vangidae
Tephrodornis virgatus;19938;Passeriformes;Vangidae
Tephrodornis pondicerianus;19949;Passeriformes;Vangidae
Tephrodornis affinis;19955;Passeriformes;Vangidae
Hemipus picatus;19956;Passeriformes;Vangidae
Hemipus hirundinaceus;19961;Passeriformes;Vangidae
Philentoma pyrhoptera;19962;Passeriformes;Vangidae
Philentoma velata;19965;Passeriformes;Vangidae
Newtonia archboldi;19969;Passeriformes;Vangidae
Newtonia brunneicauda;19970;Passeriformes;Vangidae
Newtonia amphichroa;19973;Passeriformes;Vangidae
Tylas eduardi;19977;Passeriformes;Vangidae
Calicalicus madagascariensis;19980;Passeriformes;Vangidae
Calicalicus rufocarpalis;19981;Passeriformes;Vangidae
Hypositta corallirostris;19982;Passeriformes;Vangidae
Leptopterus chabert;19983;Passeriformes;Vangidae
Mystacornis crossleyi;19986;Passeriformes;Vangidae
Cyanolanius madagascarinus;19990;Passeriformes;Vangidae
Vanga curvirostris;19991;Passeriformes;Vangidae
Pseudobias wardi;19994;Passeriformes;Vangidae
Schetba rufa;19995;Passeriformes;Vangidae
Euryceros prevostii;19998;Passeriformes;Vangidae
Oriolia bernieri;19999;Passeriformes;Vangidae
Falculea palliata;20000;Passeriformes;Vangidae
Artamella viridis;20001;Passeriformes;Vangidae
Xenopirostris polleni;20004;Passeriformes;Vangidae
Xenopirostris xenopirostris;20005;Passeriformes;Vangidae
Xenopirostris damii;20006;Passeriformes;Vangidae
Pityriasis gymnocephala;20009;Passeriformes;Pityriasidae
Aegithina tiphia;20011;Passeriformes;Aegithinidae
Aegithina nigrolutea;20023;Passeriformes;Aegithinidae
Aegithina viridissima;20025;Passeriformes;Aegithinidae
Aegithina lafresnayei;20028;Passeriformes;Aegithinidae
Nilaus afer;20034;Passeriformes;Malaconotidae
Dryoscopus gambensis;20044;Passeriformes;Malaconotidae
Dryoscopus pringlii;20049;Passeriformes;Malaconotidae
Dryoscopus cubla;20050;Passeriformes;Malaconotidae
Dryoscopus senegalensis;20057;Passeriformes;Malaconotidae
Dryoscopus angolensis;20058;Passeriformes;Malaconotidae
Dryoscopus sabini;20062;Passeriformes;Malaconotidae
Bocagia minuta;20066;Passeriformes;Malaconotidae
Tchagra senegalus;20071;Passeriformes;Malaconotidae
Tchagra australis;20083;Passeriformes;Malaconotidae
Tchagra jamesi;20093;Passeriformes;Malaconotidae
Tchagra tchagra;20096;Passeriformes;Malaconotidae
Laniarius ruficeps;20101;Passeriformes;Malaconotidae
Laniarius luehderi;20106;Passeriformes;Malaconotidae
Laniarius turatii;20109;Passeriformes;Malaconotidae
Laniarius aethiopicus;20110;Passeriformes;Malaconotidae
Laniarius major;20111;Passeriformes;Malaconotidae
Laniarius sublacteus;20116;Passeriformes;Malaconotidae
Laniarius bicolor;20117;Passeriformes;Malaconotidae
Laniarius ferrugineus;20122;Passeriformes;Malaconotidae
Laniarius barbarus;20129;Passeriformes;Malaconotidae
Laniarius erythrogaster;20132;Passeriformes;Malaconotidae
Laniarius atrococcineus;20133;Passeriformes;Malaconotidae
Laniarius mufumbiri;20134;Passeriformes;Malaconotidae
Laniarius atroflavus;20135;Passeriformes;Malaconotidae
Laniarius funebris;20136;Passeriformes;Malaconotidae
Laniarius leucorhynchus;20139;Passeriformes;Malaconotidae
Laniarius willardi;20140;Passeriformes;Malaconotidae
Laniarius poensis;20141;Passeriformes;Malaconotidae
Laniarius holomelas;20144;Passeriformes;Malaconotidae
Laniarius fuelleborni;20145;Passeriformes;Malaconotidae
Rhodophoneus cruentus;20149;Passeriformes;Malaconotidae
Telophorus bocagei;20153;Passeriformes;Malaconotidae
Telophorus nigrifrons;20153;Passeriformes;Malaconotidae
Telophorus olivaceus;20153;Passeriformes;Malaconotidae
Telophorus sulfureopectus;20153;Passeriformes;Malaconotidae
Telophorus zeylonus;20153;Passeriformes;Malaconotidae
Telophorus viridis;20159;Passeriformes;Malaconotidae
Telophorus dohertyi;20165;Passeriformes;Malaconotidae
Chlorophoneus bocagei;20166;Passeriformes;Malaconotidae
Chlorophoneus sulfureopectus;20169;Passeriformes;Malaconotidae
Chlorophoneus olivaceus;20172;Passeriformes;Malaconotidae
Chlorophoneus multicolor;20178;Passeriformes;Malaconotidae
Chlorophoneus nigrifrons;20182;Passeriformes;Malaconotidae
Malaconotus cruentus;20187;Passeriformes;Malaconotidae
Malaconotus lagdeni;20188;Passeriformes;Malaconotidae
Malaconotus blanchoti;20192;Passeriformes;Malaconotidae
Chaetorhynchus papuensis;20206;Passeriformes;Rhipiduridae
Rhipidura atra;20210;Passeriformes;Rhipiduridae
Rhipidura nigrocinnamomea;20213;Passeriformes;Rhipiduridae
Rhipidura superciliaris;20216;Passeriformes;Rhipiduridae
Rhipidura samarensis;20219;Passeriformes;Rhipiduridae
Rhipidura albiventris;20221;Passeriformes;Rhipiduridae
Rhipidura cyaniceps;20222;Passeriformes;Rhipiduridae
Rhipidura perlata;20225;Passeriformes;Rhipiduridae
Rhipidura cockerelli;20227;Passeriformes;Rhipiduridae
Rhipidura rufiventris;20236;Passeriformes;Rhipiduridae
Rhipidura diluta;20260;Passeriformes;Rhipiduridae
Rhipidura threnothorax;20263;Passeriformes;Rhipiduridae
Rhipidura maculipectus;20266;Passeriformes;Rhipiduridae
Rhipidura leucothorax;20267;Passeriformes;Rhipiduridae
Rhipidura leucophrys;20270;Passeriformes;Rhipiduridae
Rhipidura javanica;20274;Passeriformes;Rhipiduridae
Rhipidura nigritorquis;20277;Passeriformes;Rhipiduridae
Rhipidura albicollis;20278;Passeriformes;Rhipiduridae
Rhipidura albogularis;20288;Passeriformes;Rhipiduridae
Rhipidura phoenicura;20293;Passeriformes;Rhipiduridae
Rhipidura euryura;20294;Passeriformes;Rhipiduridae
Rhipidura aureola;20295;Passeriformes;Rhipiduridae
Rhipidura rufidorsa;20301;Passeriformes;Rhipiduridae
Rhipidura brachyrhyncha;20305;Passeriformes;Rhipiduridae
Rhipidura teysmanni;20311;Passeriformes;Rhipiduridae
Rhipidura lepida;20320;Passeriformes;Rhipiduridae
Rhipidura semicollaris;20322;Passeriformes;Rhipiduridae
Rhipidura dryas;20334;Passeriformes;Rhipiduridae
Rhipidura rufifrons;20338;Passeriformes;Rhipiduridae
Rhipidura versicolor;20348;Passeriformes;Rhipiduridae
Rhipidura rufofronta;20354;Passeriformes;Rhipiduridae
Rhipidura kubaryi;20364;Passeriformes;Rhipiduridae
Rhipidura albolimbata;20365;Passeriformes;Rhipiduridae
Rhipidura hyperythra;20368;Passeriformes;Rhipiduridae
Rhipidura layardi;20375;Passeriformes;Rhipiduridae
Rhipidura verreauxi;20379;Passeriformes;Rhipiduridae
Rhipidura personata;20382;Passeriformes;Rhipiduridae
Rhipidura nebulosa;20383;Passeriformes;Rhipiduridae
Rhipidura albiscapa;20386;Passeriformes;Rhipiduridae
Rhipidura phasiana;20396;Passeriformes;Rhipiduridae
Rhipidura fuliginosa;20397;Passeriformes;Rhipiduridae
Dicrurus divaricatus;20405;Passeriformes;Dicruridae
Dicrurus sharpei;20405;Passeriformes;Dicruridae
Dicrurus ludwigii;20408;Passeriformes;Dicruridae
Dicrurus atripennis;20414;Passeriformes;Dicruridae
Dicrurus adsimilis;20415;Passeriformes;Dicruridae
Dicrurus modestus;20424;Passeriformes;Dicruridae
Dicrurus forficatus;20430;Passeriformes;Dicruridae
Dicrurus macrocercus;20434;Passeriformes;Dicruridae
Dicrurus leucophaeus;20442;Passeriformes;Dicruridae
Dicrurus caerulescens;20464;Passeriformes;Dicruridae
Dicrurus annectens;20469;Passeriformes;Dicruridae
Dicrurus aeneus;20470;Passeriformes;Dicruridae
Dicrurus remifer;20474;Passeriformes;Dicruridae
Dicrurus hottentottus;20479;Passeriformes;Dicruridae
Dicrurus striatus;20494;Passeriformes;Dicruridae
Dicrurus palawanensis;20497;Passeriformes;Dicruridae
Dicrurus balicassius;20500;Passeriformes;Dicruridae
Dicrurus montanus;20505;Passeriformes;Dicruridae
Dicrurus densus;20507;Passeriformes;Dicruridae
Dicrurus bracteatus;20515;Passeriformes;Dicruridae
Dicrurus andamanensis;20530;Passeriformes;Dicruridae
Dicrurus paradiseus;20533;Passeriformes;Dicruridae
Dicrurus lophorinus;20548;Passeriformes;Dicruridae
Lycocorax pyrrhopterus;20551;Passeriformes;Paradisaeidae
Phonygammus keraudrenii;20555;Passeriformes;Paradisaeidae
Manucodia chalybatus;20568;Passeriformes;Paradisaeidae
Manucodia ater;20570;Passeriformes;Paradisaeidae
Pteridophora alberti;20575;Passeriformes;Paradisaeidae
Parotia carolae;20576;Passeriformes;Paradisaeidae
Parotia sefilata;20583;Passeriformes;Paradisaeidae
Parotia lawesii;20585;Passeriformes;Paradisaeidae
Seleucidis melanoleucus;20588;Passeriformes;Paradisaeidae
Drepanornis albertisi;20591;Passeriformes;Paradisaeidae
Drepanornis bruijnii;20594;Passeriformes;Paradisaeidae
Semioptera wallacii;20595;Passeriformes;Paradisaeidae
Lophorina superba;20598;Passeriformes;Paradisaeidae
Ptiloris paradiseus;20609;Passeriformes;Paradisaeidae
Ptiloris victoriae;20610;Passeriformes;Paradisaeidae
Ptiloris magnificus;20611;Passeriformes;Paradisaeidae
Ptiloris intercedens;20614;Passeriformes;Paradisaeidae
Epimachus fastosus;20615;Passeriformes;Paradisaeidae
Epimachus meyeri;20619;Passeriformes;Paradisaeidae
Astrapia splendidissima;20625;Passeriformes;Paradisaeidae
Astrapia stephaniae;20630;Passeriformes;Paradisaeidae
Astrapia mayeri;20633;Passeriformes;Paradisaeidae
Cicinnurus magnificus;20636;Passeriformes;Paradisaeidae
Cicinnurus regius;20636;Passeriformes;Paradisaeidae
Cicinnurus respublica;20636;Passeriformes;Paradisaeidae
Diphyllodes respublica;20639;Passeriformes;Paradisaeidae
Diphyllodes magnificus;20640;Passeriformes;Paradisaeidae
Paradisornis rudolphi;20644;Passeriformes;Paradisaeidae
Paradisaea rubra;20648;Passeriformes;Paradisaeidae
Paradisaea minor;20650;Passeriformes;Paradisaeidae
Paradisaea raggiana;20654;Passeriformes;Paradisaeidae
Paradisaea apoda;20661;Passeriformes;Paradisaeidae
Ifrita kowaldi;20668;Passeriformes;Ifritidae
Trochocercus nitens;20672;Passeriformes;Monarchidae
Trochocercus cyanomelas;20675;Passeriformes;Monarchidae
Hypothymis helenae;20683;Passeriformes;Monarchidae
Hypothymis azurea;20687;Passeriformes;Monarchidae
Hypothymis puella;20711;Passeriformes;Monarchidae
Hypothymis coelestis;20714;Passeriformes;Monarchidae
Terpsiphone cyanescens;20715;Passeriformes;Monarchidae
Terpsiphone cinnamomea;20716;Passeriformes;Monarchidae
Terpsiphone atrocaudata;20721;Passeriformes;Monarchidae
Terpsiphone incei;20726;Passeriformes;Monarchidae
Terpsiphone affinis;20728;Passeriformes;Monarchidae
Terpsiphone floris;20737;Passeriformes;Monarchidae
Terpsiphone bourbonnensis;20742;Passeriformes;Monarchidae
Terpsiphone paradisi;20745;Passeriformes;Monarchidae
Terpsiphone atrochalybeia;20751;Passeriformes;Monarchidae
Terpsiphone corvina;20752;Passeriformes;Monarchidae
Terpsiphone mutata;20753;Passeriformes;Monarchidae
Terpsiphone rufiventer;20762;Passeriformes;Monarchidae
Terpsiphone rufocinerea;20777;Passeriformes;Monarchidae
Terpsiphone viridis;20781;Passeriformes;Monarchidae
Chasiempis sandwichensis;20796;Passeriformes;Monarchidae
Chasiempis sclateri;20800;Passeriformes;Monarchidae
Chasiempis ibidis;20801;Passeriformes;Monarchidae
Pomarea dimidiata;20804;Passeriformes;Monarchidae
Mayrornis lessoni;20814;Passeriformes;Monarchidae
Neolalage banksiana;20818;Passeriformes;Monarchidae
Clytorhynchus pachycephaloides;20819;Passeriformes;Monarchidae
Clytorhynchus hamlini;20822;Passeriformes;Monarchidae
Clytorhynchus vitiensis;20823;Passeriformes;Monarchidae
Clytorhynchus nigrogularis;20837;Passeriformes;Monarchidae
Carterornis pileatus;20842;Passeriformes;Monarchidae
Carterornis leucotis;20846;Passeriformes;Monarchidae
Carterornis chrysomela;20847;Passeriformes;Monarchidae
Monarcha cinerascens;20860;Passeriformes;Monarchidae
Monarcha richardsii;20871;Passeriformes;Monarchidae
Monarcha castaneiventris;20872;Passeriformes;Monarchidae
Monarcha melanopsis;20879;Passeriformes;Monarchidae
Monarcha frater;20880;Passeriformes;Monarchidae
Symposiachrus axillaris;20888;Passeriformes;Monarchidae
Symposiachrus trivirgatus;20900;Passeriformes;Monarchidae
Symposiachrus manadensis;20913;Passeriformes;Monarchidae
Symposiachrus verticalis;20918;Passeriformes;Monarchidae
Symposiachrus barbatus;20921;Passeriformes;Monarchidae
Symposiachrus mundus;20929;Passeriformes;Monarchidae
Symposiachrus guttula;20933;Passeriformes;Monarchidae
Arses telescopthalmus;20934;Passeriformes;Monarchidae
Arses lorealis;20941;Passeriformes;Monarchidae
Arses insularis;20942;Passeriformes;Monarchidae
Arses kaupi;20944;Passeriformes;Monarchidae
Grallina cyanoleuca;20947;Passeriformes;Monarchidae
Grallina bruijnii;20950;Passeriformes;Monarchidae
Myiagra erythrops;20951;Passeriformes;Monarchidae
Myiagra pluto;20953;Passeriformes;Monarchidae
Myiagra atra;20955;Passeriformes;Monarchidae
Myiagra galeata;20956;Passeriformes;Monarchidae
Myiagra rubecula;20961;Passeriformes;Monarchidae
Myiagra ferrocyanea;20968;Passeriformes;Monarchidae
Myiagra caledonica;20974;Passeriformes;Monarchidae
Myiagra vanikorensis;20980;Passeriformes;Monarchidae
Myiagra albiventris;20986;Passeriformes;Monarchidae
Myiagra castaneigularis;20988;Passeriformes;Monarchidae
Myiagra ruficollis;20991;Passeriformes;Monarchidae
Myiagra cyanoleuca;20995;Passeriformes;Monarchidae
Myiagra inquieta;20997;Passeriformes;Monarchidae
Myiagra nana;20998;Passeriformes;Monarchidae
Myiagra alecto;21000;Passeriformes;Monarchidae
Corcorax melanorhamphos;21014;Passeriformes;Corcoracidae
Struthidea cinerea;21017;Passeriformes;Corcoracidae
Melampitta lugubris;21021;Passeriformes;Melampittidae
Platylophus galericulatus;21027;Passeriformes;Platylophidae
Corvinella corvina;21032;Passeriformes;Laniidae
Corvinella melanoleuca;21032;Passeriformes;Laniidae
Urolestes melanoleucus;21037;Passeriformes;Laniidae
Lanius corvinus;21041;Passeriformes;Laniidae
Lanius tigrinus;21041;Passeriformes;Laniidae
Lanius bucephalus;21042;Passeriformes;Laniidae
Lanius collurio;21045;Passeriformes;Laniidae
Lanius phoenicuroides;21046;Passeriformes;Laniidae
Lanius isabellinus;21048;Passeriformes;Laniidae
Lanius cristatus;21054;Passeriformes;Laniidae
Lanius collurioides;21062;Passeriformes;Laniidae
Lanius vittatus;21066;Passeriformes;Laniidae
Lanius schach;21069;Passeriformes;Laniidae
Lanius tephronotus;21084;Passeriformes;Laniidae
Lanius validirostris;21087;Passeriformes;Laniidae
Lanius ludovicianus;21091;Passeriformes;Laniidae
Lanius borealis;21103;Passeriformes;Laniidae
Lanius meridionalis;21111;Passeriformes;Laniidae
Lanius excubitor;21112;Passeriformes;Laniidae
Lanius minor;21130;Passeriformes;Laniidae
Lanius sphenocercus;21131;Passeriformes;Laniidae
Lanius excubitoroides;21134;Passeriformes;Laniidae
Lanius cabanisi;21138;Passeriformes;Laniidae
Lanius dorsalis;21139;Passeriformes;Laniidae
Lanius somalicus;21140;Passeriformes;Laniidae
Lanius mackinnoni;21141;Passeriformes;Laniidae
Lanius humeralis;21142;Passeriformes;Laniidae
Lanius collaris;21146;Passeriformes;Laniidae
Lanius souzae;21155;Passeriformes;Laniidae
Lanius nubicus;21160;Passeriformes;Laniidae
Lanius senator;21161;Passeriformes;Laniidae
Eurocephalus ruppelli;21167;Passeriformes;Laniidae
Eurocephalus anguitimens;21168;Passeriformes;Laniidae
Platysmurus leucopterus;21172;Passeriformes;Corvidae
Platysmurus aterrimus;21173;Passeriformes;Corvidae
Perisoreus infaustus;21174;Passeriformes;Corvidae
Perisoreus internigrans;21180;Passeriformes;Corvidae
Perisoreus canadensis;21181;Passeriformes;Corvidae
Cyanolyca mirabilis;21193;Passeriformes;Corvidae
Cyanolyca nanus;21194;Passeriformes;Corvidae
Cyanolyca pumilo;21195;Passeriformes;Corvidae
Cyanolyca argentigula;21196;Passeriformes;Corvidae
Cyanolyca cucullata;21199;Passeriformes;Corvidae
Cyanolyca pulchra;21204;Passeriformes;Corvidae
Cyanolyca armillata;21205;Passeriformes;Corvidae
Cyanolyca turcosa;21210;Passeriformes;Corvidae
Cyanolyca viridicyanus;21211;Passeriformes;Corvidae
Cyanocorax colliei;21215;Passeriformes;Corvidae
Cyanocorax luxuosus;21215;Passeriformes;Corvidae
Cyanocorax formosus;21216;Passeriformes;Corvidae
Cyanocorax morio;21222;Passeriformes;Corvidae
Cyanocorax caeruleus;21227;Passeriformes;Corvidae
Cyanocorax violaceus;21228;Passeriformes;Corvidae
Cyanocorax cyanomelas;21231;Passeriformes;Corvidae
Cyanocorax cristatellus;21232;Passeriformes;Corvidae
Cyanocorax yncas;21233;Passeriformes;Corvidae
Cyanocorax mystacalis;21247;Passeriformes;Corvidae
Cyanocorax melanocyaneus;21248;Passeriformes;Corvidae
Cyanocorax yucatanicus;21251;Passeriformes;Corvidae
Cyanocorax beecheii;21254;Passeriformes;Corvidae
Cyanocorax sanblasianus;21255;Passeriformes;Corvidae
Cyanocorax dickeyi;21258;Passeriformes;Corvidae
Cyanocorax affinis;21259;Passeriformes;Corvidae
Cyanocorax heilprini;21262;Passeriformes;Corvidae
Cyanocorax cayanus;21265;Passeriformes;Corvidae
Cyanocorax chrysops;21266;Passeriformes;Corvidae
Cyanocorax cyanopogon;21271;Passeriformes;Corvidae
Gymnorhinus cyanocephalus;21273;Passeriformes;Corvidae
Cyanocitta stelleri;21274;Passeriformes;Corvidae
Cyanocitta cristata;21294;Passeriformes;Corvidae
Aphelocoma coerulescens;21301;Passeriformes;Corvidae
Aphelocoma insularis;21302;Passeriformes;Corvidae
Aphelocoma californica;21303;Passeriformes;Corvidae
Aphelocoma woodhouseii;21309;Passeriformes;Corvidae
Aphelocoma wollweberi;21321;Passeriformes;Corvidae
Aphelocoma ultramarina;21328;Passeriformes;Corvidae
Aphelocoma unicolor;21332;Passeriformes;Corvidae
Garrulus glandarius;21339;Passeriformes;Corvidae
Garrulus lanceolatus;21387;Passeriformes;Corvidae
Garrulus lidthi;21388;Passeriformes;Corvidae
Cyanopica cooki;21390;Passeriformes;Corvidae
Cyanopica cyanus;21391;Passeriformes;Corvidae
Urocissa ornata;21401;Passeriformes;Corvidae
Urocissa caerulea;21402;Passeriformes;Corvidae
Urocissa flavirostris;21403;Passeriformes;Corvidae
Urocissa erythroryncha;21408;Passeriformes;Corvidae
Urocissa whiteheadi;21415;Passeriformes;Corvidae
Cissa chinensis;21418;Passeriformes;Corvidae
Cissa hypoleuca;21425;Passeriformes;Corvidae
Cissa jefferyi;21432;Passeriformes;Corvidae
Dendrocitta vagabunda;21434;Passeriformes;Corvidae
Dendrocitta formosae;21444;Passeriformes;Corvidae
Dendrocitta cinerascens;21455;Passeriformes;Corvidae
Dendrocitta leucogastra;21456;Passeriformes;Corvidae
Dendrocitta frontalis;21457;Passeriformes;Corvidae
Dendrocitta bayleii;21458;Passeriformes;Corvidae
Crypsirina temia;21459;Passeriformes;Corvidae
Crypsirina cucullata;21460;Passeriformes;Corvidae
Temnurus temnurus;21461;Passeriformes;Corvidae
Pica mauritanica;21463;Passeriformes;Corvidae
Pica bottanensis;21465;Passeriformes;Corvidae
Pica serica;21466;Passeriformes;Corvidae
Pica pica;21467;Passeriformes;Corvidae
Pica hudsonia;21476;Passeriformes;Corvidae
Pica nuttalli;21477;Passeriformes;Corvidae
Zavattariornis stresemanni;21479;Passeriformes;Corvidae
Podoces hendersoni;21480;Passeriformes;Corvidae
Podoces panderi;21482;Passeriformes;Corvidae
Podoces pleskei;21483;Passeriformes;Corvidae
Nucifraga columbiana;21484;Passeriformes;Corvidae
Nucifraga caryocatactes;21485;Passeriformes;Corvidae
Nucifraga hemispila;21490;Passeriformes;Corvidae
Nucifraga multipunctata;21497;Passeriformes;Corvidae
Pyrrhocorax pyrrhocorax;21498;Passeriformes;Corvidae
Pyrrhocorax graculus;21508;Passeriformes;Corvidae
Ptilostomus afer;21513;Passeriformes;Corvidae
Coloeus monedula;21514;Passeriformes;Corvidae
Coloeus dauuricus;21519;Passeriformes;Corvidae
Corvus caurinus;21521;Passeriformes;Corvidae
Corvus culminatus;21521;Passeriformes;Corvidae
Corvus dauuricus;21521;Passeriformes;Corvidae
Corvus monedula;21521;Passeriformes;Corvidae
Corvus splendens;21521;Passeriformes;Corvidae
Corvus moneduloides;21527;Passeriformes;Corvidae
Corvus unicolor;21528;Passeriformes;Corvidae
Corvus enca;21529;Passeriformes;Corvidae
Corvus celebensis;21534;Passeriformes;Corvidae
Corvus pusillus;21537;Passeriformes;Corvidae
Corvus typicus;21539;Passeriformes;Corvidae
Corvus florensis;21540;Passeriformes;Corvidae
Corvus kubaryi;21541;Passeriformes;Corvidae
Corvus validus;21542;Passeriformes;Corvidae
Corvus woodfordi;21543;Passeriformes;Corvidae
Corvus fuscicapillus;21547;Passeriformes;Corvidae
Corvus tristis;21550;Passeriformes;Corvidae
Corvus capensis;21551;Passeriformes;Corvidae
Corvus frugilegus;21554;Passeriformes;Corvidae
Corvus brachyrhynchos;21557;Passeriformes;Corvidae
Corvus minutus;21563;Passeriformes;Corvidae
Corvus palmarum;21564;Passeriformes;Corvidae
Corvus nasicus;21565;Passeriformes;Corvidae
Corvus leucognaphalus;21566;Passeriformes;Corvidae
Corvus jamaicensis;21567;Passeriformes;Corvidae
Corvus imparatus;21568;Passeriformes;Corvidae
Corvus sinaloae;21569;Passeriformes;Corvidae
Corvus ossifragus;21570;Passeriformes;Corvidae
Corvus hawaiiensis;21573;Passeriformes;Corvidae
Corvus cryptoleucus;21574;Passeriformes;Corvidae
Corvus corone;21575;Passeriformes;Corvidae
Corvus cornix;21578;Passeriformes;Corvidae
Corvus macrorhynchos;21586;Passeriformes;Corvidae
Corvus philippinus;21601;Passeriformes;Corvidae
Corvus orru;21602;Passeriformes;Corvidae
Corvus insularis;21606;Passeriformes;Corvidae
Corvus bennetti;21607;Passeriformes;Corvidae
Corvus coronoides;21608;Passeriformes;Corvidae
Corvus mellori;21611;Passeriformes;Corvidae
Corvus tasmanicus;21612;Passeriformes;Corvidae
Corvus torquatus;21615;Passeriformes;Corvidae
Corvus albus;21616;Passeriformes;Corvidae
Corvus ruficollis;21617;Passeriformes;Corvidae
Corvus edithae;21618;Passeriformes;Corvidae
Corvus rhipidurus;21621;Passeriformes;Corvidae
Corvus albicollis;21622;Passeriformes;Corvidae
Corvus crassirostris;21623;Passeriformes;Corvidae
Corvus corax;21624;Passeriformes;Corvidae
Cnemophilus loriae;21637;Passeriformes;Cnemophilidae
Cnemophilus macgregorii;21641;Passeriformes;Cnemophilidae
Melanocharis arfakiana;21648;Passeriformes;Melanocharitidae
Melanocharis nigra;21649;Passeriformes;Melanocharitidae
Melanocharis longicauda;21654;Passeriformes;Melanocharitidae
Melanocharis versteri;21660;Passeriformes;Melanocharitidae
Toxorhamphus novaeguineae;21676;Passeriformes;Melanocharitidae
Toxorhamphus poliopterus;21679;Passeriformes;Melanocharitidae
Oedistoma iliolophus;21683;Passeriformes;Melanocharitidae
Oedistoma pygmaeum;21689;Passeriformes;Melanocharitidae
Callaeas wilsoni;21696;Passeriformes;Callaeidae
Philesturnus rufusater;21698;Passeriformes;Callaeidae
Philesturnus carunculatus;21699;Passeriformes;Callaeidae
Notiomystis cincta;21702;Passeriformes;Notiomystidae
Amalocichla incerta;21709;Passeriformes;Petroicidae
Pachycephalopsis poliosoma;21713;Passeriformes;Petroicidae
Pachycephalopsis hattamensis;21721;Passeriformes;Petroicidae
Eugerygone rubra;21727;Passeriformes;Petroicidae
Petroica macrocephala;21730;Passeriformes;Petroicidae
Petroica traversi;21737;Passeriformes;Petroicidae
Petroica longipes;21738;Passeriformes;Petroicidae
Petroica australis;21739;Passeriformes;Petroicidae
Petroica goodenovii;21747;Passeriformes;Petroicidae
Petroica pusilla;21753;Passeriformes;Petroicidae
Petroica rosea;21765;Passeriformes;Petroicidae
Petroica rodinogaster;21766;Passeriformes;Petroicidae
Petroica phoenicea;21769;Passeriformes;Petroicidae
Petroica boodang;21770;Passeriformes;Petroicidae
Devioeca papuana;21776;Passeriformes;Petroicidae
Kempiella flavovirescens;21777;Passeriformes;Petroicidae
Kempiella griseoceps;21780;Passeriformes;Petroicidae
Cryptomicroeca flaviventris;21784;Passeriformes;Petroicidae
Monachella muelleriana;21785;Passeriformes;Petroicidae
Microeca flavigaster;21789;Passeriformes;Petroicidae
Microeca fascinans;21798;Passeriformes;Petroicidae
Drymodes brunneopygia;21804;Passeriformes;Petroicidae
Drymodes superciliaris;21805;Passeriformes;Petroicidae
Drymodes beccarii;21806;Passeriformes;Petroicidae
Heteromyias cinereifrons;21810;Passeriformes;Petroicidae
Heteromyias armiti;21811;Passeriformes;Petroicidae
Heteromyias albispecularis;21816;Passeriformes;Petroicidae
Plesiodryas albonotata;21821;Passeriformes;Petroicidae
Poecilodryas hypoleuca;21825;Passeriformes;Petroicidae
Poecilodryas superciliosa;21829;Passeriformes;Petroicidae
Poecilodryas cerviniventris;21830;Passeriformes;Petroicidae
Melanodryas vittata;21831;Passeriformes;Petroicidae
Melanodryas cucullata;21834;Passeriformes;Petroicidae
Melanodryas bimaculata;21839;Passeriformes;Petroicidae
Melanodryas pulverulenta;21842;Passeriformes;Petroicidae
Melanodryas sigillata;21847;Passeriformes;Petroicidae
Melanodryas cyanus;21852;Passeriformes;Petroicidae
Melanodryas cryptoleuca;21856;Passeriformes;Petroicidae
Eopsaltria australis;21861;Passeriformes;Petroicidae
Eopsaltria griseogularis;21864;Passeriformes;Petroicidae
Eopsaltria georgiana;21867;Passeriformes;Petroicidae
Eopsaltria capito;21868;Passeriformes;Petroicidae
Eopsaltria leucops;21871;Passeriformes;Petroicidae
Picathartes gymnocephalus;21883;Passeriformes;Picathartidae
Chaetops frenatus;21886;Passeriformes;Chaetopidae
Chaetops aurantius;21887;Passeriformes;Chaetopidae
Eupetes macrocerus;21889;Passeriformes;Eupetidae
Hyliota flavigaster;21893;Passeriformes;Hyliotidae
Hyliota australis;21896;Passeriformes;Hyliotidae
Stenostira scita;21905;Passeriformes;Stenostiridae
Chelidorhynx hypoxanthus;21909;Passeriformes;Stenostiridae
Elminia longicauda;21910;Passeriformes;Stenostiridae
Elminia albicauda;21913;Passeriformes;Stenostiridae
Elminia nigromitrata;21914;Passeriformes;Stenostiridae
Elminia albiventris;21917;Passeriformes;Stenostiridae
Elminia albonotata;21920;Passeriformes;Stenostiridae
Culicicapa ceylonensis;21924;Passeriformes;Stenostiridae
Culicicapa helianthea;21930;Passeriformes;Stenostiridae
Cephalopyrus flammiceps;21937;Passeriformes;Paridae
Sylviparus modestus;21940;Passeriformes;Paridae
Melanochlora sultanea;21944;Passeriformes;Paridae
Periparus ater;21950;Passeriformes;Paridae
Periparus rufonuchalis;21978;Passeriformes;Paridae
Periparus rubidiventris;21979;Passeriformes;Paridae
Periparus venustulus;21984;Passeriformes;Paridae
Periparus elegans;21985;Passeriformes;Paridae
Periparus amabilis;21995;Passeriformes;Paridae
Lophophanes cristatus;21996;Passeriformes;Paridae
Lophophanes dichrous;22003;Passeriformes;Paridae
Sittiparus castaneoventris;22008;Passeriformes;Paridae
Sittiparus varius;22010;Passeriformes;Paridae
Sittiparus owstoni;22018;Passeriformes;Paridae
Sittiparus semilarvatus;22019;Passeriformes;Paridae
Poecile superciliosus;22023;Passeriformes;Paridae
Poecile lugubris;22024;Passeriformes;Paridae
Poecile davidi;22029;Passeriformes;Paridae
Poecile palustris;22030;Passeriformes;Paridae
Poecile hyrcanus;22039;Passeriformes;Paridae
Poecile hypermelaenus;22040;Passeriformes;Paridae
Poecile montanus;22041;Passeriformes;Paridae
Poecile weigoldicus;22059;Passeriformes;Paridae
Poecile carolinensis;22060;Passeriformes;Paridae
Poecile atricapillus;22065;Passeriformes;Paridae
Poecile gambeli;22077;Passeriformes;Paridae
Poecile sclateri;22088;Passeriformes;Paridae
Poecile rufescens;22094;Passeriformes;Paridae
Poecile hudsonicus;22099;Passeriformes;Paridae
Poecile cinctus;22107;Passeriformes;Paridae
Cyanistes caeruleus;22114;Passeriformes;Paridae
Cyanistes teneriffae;22124;Passeriformes;Paridae
Cyanistes cyanus;22132;Passeriformes;Paridae
Baeolophus wollweberi;22145;Passeriformes;Paridae
Baeolophus inornatus;22150;Passeriformes;Paridae
Baeolophus ridgwayi;22155;Passeriformes;Paridae
Baeolophus bicolor;22160;Passeriformes;Paridae
Baeolophus atricristatus;22163;Passeriformes;Paridae
Pseudopodoces humilis;22169;Passeriformes;Paridae
Parus minor;22170;Passeriformes;Paridae
Parus monticolus;22170;Passeriformes;Paridae
Parus major;22175;Passeriformes;Paridae
Parus cinereus;22193;Passeriformes;Paridae
Machlolophus nuchalis;22219;Passeriformes;Paridae
Machlolophus holsti;22220;Passeriformes;Paridae
Machlolophus xanthogenys;22221;Passeriformes;Paridae
Machlolophus aplonotus;22222;Passeriformes;Paridae
Machlolophus spilonotus;22225;Passeriformes;Paridae
Melaniparus guineensis;22230;Passeriformes;Paridae
Melaniparus leucomelas;22231;Passeriformes;Paridae
Melaniparus rufiventris;22234;Passeriformes;Paridae
Melaniparus albiventris;22239;Passeriformes;Paridae
Melaniparus niger;22240;Passeriformes;Paridae
Melaniparus carpi;22244;Passeriformes;Paridae
Melaniparus funereus;22246;Passeriformes;Paridae
Melaniparus griseiventris;22249;Passeriformes;Paridae
Melaniparus fasciiventer;22250;Passeriformes;Paridae
Melaniparus thruppi;22254;Passeriformes;Paridae
Melaniparus fringillinus;22257;Passeriformes;Paridae
Melaniparus leuconotus;22258;Passeriformes;Paridae
Melaniparus cinerascens;22259;Passeriformes;Paridae
Melaniparus afer;22262;Passeriformes;Paridae
Auriparus flaviceps;22269;Passeriformes;Remizidae
Remiz pendulinus;22276;Passeriformes;Remizidae
Remiz macronyx;22281;Passeriformes;Remizidae
Remiz coronatus;22288;Passeriformes;Remizidae
Remiz consobrinus;22292;Passeriformes;Remizidae
Anthoscopus punctifrons;22294;Passeriformes;Remizidae
Anthoscopus musculus;22295;Passeriformes;Remizidae
Anthoscopus parvulus;22296;Passeriformes;Remizidae
Anthoscopus flavifrons;22300;Passeriformes;Remizidae
Anthoscopus caroli;22304;Passeriformes;Remizidae
Anthoscopus minutus;22319;Passeriformes;Remizidae
Chersomanes albofasciata;22325;Passeriformes;Alaudidae
Alaemon alaudipes;22337;Passeriformes;Alaudidae
Ammomanopsis grayi;22347;Passeriformes;Alaudidae
Certhilauda chuana;22350;Passeriformes;Alaudidae
Certhilauda subcoronata;22351;Passeriformes;Alaudidae
Certhilauda semitorquata;22360;Passeriformes;Alaudidae
Certhilauda curvirostris;22364;Passeriformes;Alaudidae
Ramphocoris clotbey;22374;Passeriformes;Alaudidae
Ammomanes cinctura;22375;Passeriformes;Alaudidae
Ammomanes phoenicura;22379;Passeriformes;Alaudidae
Ammomanes deserti;22382;Passeriformes;Alaudidae
Eremopterix hova;22407;Passeriformes;Alaudidae
Eremopterix leucotis;22408;Passeriformes;Alaudidae
Eremopterix nigriceps;22414;Passeriformes;Alaudidae
Eremopterix griseus;22419;Passeriformes;Alaudidae
Eremopterix verticalis;22423;Passeriformes;Alaudidae
Eremopterix leucopareia;22428;Passeriformes;Alaudidae
Calendulauda alopex;22430;Passeriformes;Alaudidae
Calendulauda sabota;22434;Passeriformes;Alaudidae
Calendulauda gilletti;22446;Passeriformes;Alaudidae
Calendulauda poecilosterna;22449;Passeriformes;Alaudidae
Calendulauda africanoides;22450;Passeriformes;Alaudidae
Calendulauda albescens;22461;Passeriformes;Alaudidae
Calendulauda burra;22466;Passeriformes;Alaudidae
Calendulauda erythrochlamys;22467;Passeriformes;Alaudidae
Heteromirafra archeri;22473;Passeriformes;Alaudidae
Plocealauda microptera;22475;Passeriformes;Alaudidae
Plocealauda erythrocephala;22476;Passeriformes;Alaudidae
Plocealauda affinis;22477;Passeriformes;Alaudidae
Plocealauda erythroptera;22478;Passeriformes;Alaudidae
Plocealauda assamica;22479;Passeriformes;Alaudidae
Mirafra affinis;22481;Passeriformes;Alaudidae
Mirafra africana;22481;Passeriformes;Alaudidae
Mirafra apiata;22481;Passeriformes;Alaudidae
Mirafra assamica;22481;Passeriformes;Alaudidae
Mirafra cantillans;22481;Passeriformes;Alaudidae
Mirafra erythrocephala;22481;Passeriformes;Alaudidae
Mirafra erythroptera;22481;Passeriformes;Alaudidae
Mirafra fasciolata;22481;Passeriformes;Alaudidae
Mirafra passerina;22481;Passeriformes;Alaudidae
Mirafra rufocinnamomea;22481;Passeriformes;Alaudidae
Mirafra albicauda;22485;Passeriformes;Alaudidae
Mirafra cheniana;22486;Passeriformes;Alaudidae
Mirafra javanica;22487;Passeriformes;Alaudidae
Amirafra rufocinnamomea;22515;Passeriformes;Alaudidae
Amirafra angolensis;22531;Passeriformes;Alaudidae
Corypha apiata;22543;Passeriformes;Alaudidae
Corypha fasciolata;22546;Passeriformes;Alaudidae
Lullula arborea;22590;Passeriformes;Alaudidae
Spizocorys starki;22593;Passeriformes;Alaudidae
Spizocorys conirostris;22599;Passeriformes;Alaudidae
Spizocorys fremantlii;22607;Passeriformes;Alaudidae
Alauda leucoptera;22613;Passeriformes;Alaudidae
Alauda arvensis;22615;Passeriformes;Alaudidae
Alauda gulgula;22632;Passeriformes;Alaudidae
Galerida modesta;22643;Passeriformes;Alaudidae
Galerida magnirostris;22648;Passeriformes;Alaudidae
Galerida deva;22652;Passeriformes;Alaudidae
Galerida theklae;22653;Passeriformes;Alaudidae
Galerida cristata;22666;Passeriformes;Alaudidae
Galerida malabarica;22707;Passeriformes;Alaudidae
Eremophila alpestris;22710;Passeriformes;Alaudidae
Eremophila bilopha;22759;Passeriformes;Alaudidae
Calandrella eremica;22761;Passeriformes;Alaudidae
Calandrella blanfordi;22764;Passeriformes;Alaudidae
Calandrella brachydactyla;22767;Passeriformes;Alaudidae
Calandrella cinerea;22775;Passeriformes;Alaudidae
Calandrella acutirostris;22785;Passeriformes;Alaudidae
Calandrella dukhunensis;22789;Passeriformes;Alaudidae
Melanocorypha bimaculata;22793;Passeriformes;Alaudidae
Melanocorypha maxima;22794;Passeriformes;Alaudidae
Melanocorypha mongolica;22795;Passeriformes;Alaudidae
Melanocorypha calandra;22796;Passeriformes;Alaudidae
Melanocorypha yeltoniensis;22802;Passeriformes;Alaudidae
Chersophilus duponti;22803;Passeriformes;Alaudidae
Eremalauda eremodites;22807;Passeriformes;Alaudidae
Alaudala somalica;22809;Passeriformes;Alaudidae
Alaudala cheleensis;22815;Passeriformes;Alaudidae
Alaudala rufescens;22820;Passeriformes;Alaudidae
Alaudala heinei;22824;Passeriformes;Alaudidae
Alaudala raytal;22830;Passeriformes;Alaudidae
Panurus biarmicus;22838;Passeriformes;Panuridae
Nicator chloris;22843;Passeriformes;Nicatoridae
Nicator gularis;22844;Passeriformes;Nicatoridae
Nicator vireo;22845;Passeriformes;Nicatoridae
Sylvietta virens;22848;Passeriformes;Macrosphenidae
Sylvietta denti;22853;Passeriformes;Macrosphenidae
Sylvietta leucophrys;22856;Passeriformes;Macrosphenidae
Sylvietta brachyura;22861;Passeriformes;Macrosphenidae
Sylvietta ruficapilla;22867;Passeriformes;Macrosphenidae
Sylvietta whytii;22874;Passeriformes;Macrosphenidae
Sylvietta isabellina;22879;Passeriformes;Macrosphenidae
Sylvietta rufescens;22880;Passeriformes;Macrosphenidae
Achaetops pycnopygius;22889;Passeriformes;Macrosphenidae
Melocichla mentalis;22892;Passeriformes;Macrosphenidae
Sphenoeacus afer;22898;Passeriformes;Macrosphenidae
Cryptillas victorini;22903;Passeriformes;Macrosphenidae
Macrosphenus kempi;22904;Passeriformes;Macrosphenidae
Macrosphenus flavicans;22907;Passeriformes;Macrosphenidae
Macrosphenus concolor;22910;Passeriformes;Macrosphenidae
Neomixis tenella;22917;Passeriformes;Cisticolidae
Neomixis viridis;22922;Passeriformes;Cisticolidae
Neomixis striatigula;22925;Passeriformes;Cisticolidae
Eremomela flavicrissalis;22933;Passeriformes;Cisticolidae
Eremomela icteropygialis;22934;Passeriformes;Cisticolidae
Eremomela pusilla;22946;Passeriformes;Cisticolidae
Eremomela canescens;22947;Passeriformes;Cisticolidae
Eremomela scotops;22952;Passeriformes;Cisticolidae
Eremomela gregalis;22958;Passeriformes;Cisticolidae
Eremomela badiceps;22961;Passeriformes;Cisticolidae
Eremomela turneri;22965;Passeriformes;Cisticolidae
Eremomela atricollis;22968;Passeriformes;Cisticolidae
Eremomela usticollis;22969;Passeriformes;Cisticolidae
Schistolais leontica;22974;Passeriformes;Cisticolidae
Schistolais leucopogon;22975;Passeriformes;Cisticolidae
Oreophilais robertsi;22978;Passeriformes;Cisticolidae
Phragmacia substriata;22979;Passeriformes;Cisticolidae
Urolais epichlorus;22982;Passeriformes;Cisticolidae
Oreolais pulcher;22985;Passeriformes;Cisticolidae
Oreolais ruwenzorii;22988;Passeriformes;Cisticolidae
Artisornis metopias;22989;Passeriformes;Cisticolidae
Artisornis moreaui;22992;Passeriformes;Cisticolidae
Poliolais lopezi;22995;Passeriformes;Cisticolidae
Calamonastes undosus;22999;Passeriformes;Cisticolidae
Calamonastes stierlingi;23004;Passeriformes;Cisticolidae
Calamonastes simplex;23011;Passeriformes;Cisticolidae
Calamonastes fasciolatus;23012;Passeriformes;Cisticolidae
Camaroptera brachyura;23017;Passeriformes;Cisticolidae
Camaroptera brevicaudata;23017;Passeriformes;Cisticolidae
Camaroptera harterti;23036;Passeriformes;Cisticolidae
Camaroptera superciliaris;23038;Passeriformes;Cisticolidae
Camaroptera chloronota;23039;Passeriformes;Cisticolidae
Spiloptila clamans;23048;Passeriformes;Cisticolidae
Phyllolais pulchella;23049;Passeriformes;Cisticolidae
Apalis thoracica;23050;Passeriformes;Cisticolidae
Apalis nigriceps;23072;Passeriformes;Cisticolidae
Apalis jacksoni;23075;Passeriformes;Cisticolidae
Apalis chariessa;23079;Passeriformes;Cisticolidae
Apalis binotata;23082;Passeriformes;Cisticolidae
Apalis personata;23083;Passeriformes;Cisticolidae
Apalis flavida;23086;Passeriformes;Cisticolidae
Apalis ruddi;23098;Passeriformes;Cisticolidae
Apalis sharpii;23102;Passeriformes;Cisticolidae
Apalis rufogularis;23103;Passeriformes;Cisticolidae
Apalis porphyrolaema;23117;Passeriformes;Cisticolidae
Apalis chapini;23120;Passeriformes;Cisticolidae
Apalis melanocephala;23123;Passeriformes;Cisticolidae
Apalis chirindensis;23133;Passeriformes;Cisticolidae
Apalis cinerea;23136;Passeriformes;Cisticolidae
Apalis alticola;23142;Passeriformes;Cisticolidae
Apalis karamojae;23145;Passeriformes;Cisticolidae
Apalis stronachi;23146;Passeriformes;Cisticolidae
Orthotomus sutorius;23148;Passeriformes;Cisticolidae
Orthotomus frontalis;23158;Passeriformes;Cisticolidae
Orthotomus atrogularis;23161;Passeriformes;Cisticolidae
Orthotomus chaktomuk;23167;Passeriformes;Cisticolidae
Orthotomus ruficeps;23168;Passeriformes;Cisticolidae
Orthotomus sepium;23179;Passeriformes;Cisticolidae
Orthotomus sericeus;23182;Passeriformes;Cisticolidae
Orthotomus castaneiceps;23186;Passeriformes;Cisticolidae
Orthotomus derbianus;23189;Passeriformes;Cisticolidae
Orthotomus chloronotus;23192;Passeriformes;Cisticolidae
Orthotomus samarensis;23193;Passeriformes;Cisticolidae
Orthotomus nigriceps;23194;Passeriformes;Cisticolidae
Orthotomus cinereiceps;23197;Passeriformes;Cisticolidae
Prinia crinigera;23201;Passeriformes;Cisticolidae
Prinia melanops;23201;Passeriformes;Cisticolidae
Prinia striata;23206;Passeriformes;Cisticolidae
Prinia cooki;23210;Passeriformes;Cisticolidae
Prinia rocki;23211;Passeriformes;Cisticolidae
Prinia polychroa;23212;Passeriformes;Cisticolidae
Prinia atrogularis;23216;Passeriformes;Cisticolidae
Prinia khasiana;23217;Passeriformes;Cisticolidae
Prinia superciliaris;23218;Passeriformes;Cisticolidae
Prinia cinereocapilla;23224;Passeriformes;Cisticolidae
Prinia buchanani;23225;Passeriformes;Cisticolidae
Prinia rufescens;23226;Passeriformes;Cisticolidae
Prinia hodgsonii;23233;Passeriformes;Cisticolidae
Prinia familiaris;23241;Passeriformes;Cisticolidae
Prinia gracilis;23244;Passeriformes;Cisticolidae
Prinia lepida;23251;Passeriformes;Cisticolidae
Prinia sylvatica;23257;Passeriformes;Cisticolidae
Prinia flaviventris;23263;Passeriformes;Cisticolidae
Prinia socialis;23272;Passeriformes;Cisticolidae
Prinia subflava;23278;Passeriformes;Cisticolidae
Prinia inornata;23289;Passeriformes;Cisticolidae
Prinia somalica;23300;Passeriformes;Cisticolidae
Prinia fluviatilis;23303;Passeriformes;Cisticolidae
Prinia flavicans;23304;Passeriformes;Cisticolidae
Prinia maculosa;23311;Passeriformes;Cisticolidae
Prinia hypoxantha;23316;Passeriformes;Cisticolidae
Prinia molleri;23318;Passeriformes;Cisticolidae
Prinia bairdii;23319;Passeriformes;Cisticolidae
Prinia erythroptera;23326;Passeriformes;Cisticolidae
Prinia rufifrons;23331;Passeriformes;Cisticolidae
Euryptila subcinnamomea;23337;Passeriformes;Cisticolidae
Malcorus pectoralis;23344;Passeriformes;Cisticolidae
Bathmocercus cerviniventris;23348;Passeriformes;Cisticolidae
Bathmocercus rufus;23349;Passeriformes;Cisticolidae
Hypergerus atriceps;23352;Passeriformes;Cisticolidae
Eminia lepida;23353;Passeriformes;Cisticolidae
Cisticola erythrops;23354;Passeriformes;Cisticolidae
Cisticola cantans;23362;Passeriformes;Cisticolidae
Cisticola lateralis;23370;Passeriformes;Cisticolidae
Cisticola anonymus;23374;Passeriformes;Cisticolidae
Cisticola woosnami;23375;Passeriformes;Cisticolidae
Cisticola bulliens;23378;Passeriformes;Cisticolidae
Cisticola chubbi;23381;Passeriformes;Cisticolidae
Cisticola hunteri;23388;Passeriformes;Cisticolidae
Cisticola nigriloris;23389;Passeriformes;Cisticolidae
Cisticola aberrans;23391;Passeriformes;Cisticolidae
Cisticola bodessa;23402;Passeriformes;Cisticolidae
Cisticola chiniana;23405;Passeriformes;Cisticolidae
Cisticola cinereolus;23423;Passeriformes;Cisticolidae
Cisticola ruficeps;23426;Passeriformes;Cisticolidae
Cisticola guinea;23430;Passeriformes;Cisticolidae
Cisticola rufilatus;23431;Passeriformes;Cisticolidae
Cisticola subruficapilla;23435;Passeriformes;Cisticolidae
Cisticola distinctus;23443;Passeriformes;Cisticolidae
Cisticola lais;23444;Passeriformes;Cisticolidae
Cisticola njombe;23453;Passeriformes;Cisticolidae
Cisticola haematocephalus;23456;Passeriformes;Cisticolidae
Cisticola luapula;23458;Passeriformes;Cisticolidae
Cisticola pipiens;23459;Passeriformes;Cisticolidae
Cisticola lugubris;23463;Passeriformes;Cisticolidae
Cisticola marginatus;23464;Passeriformes;Cisticolidae
Cisticola galactotes;23471;Passeriformes;Cisticolidae
Cisticola carruthersi;23474;Passeriformes;Cisticolidae
Cisticola tinniens;23475;Passeriformes;Cisticolidae
Cisticola robustus;23482;Passeriformes;Cisticolidae
Cisticola natalensis;23492;Passeriformes;Cisticolidae
Cisticola fulvicapilla;23500;Passeriformes;Cisticolidae
Cisticola angusticauda;23511;Passeriformes;Cisticolidae
Cisticola brachypterus;23513;Passeriformes;Cisticolidae
Cisticola rufus;23523;Passeriformes;Cisticolidae
Cisticola troglodytes;23524;Passeriformes;Cisticolidae
Cisticola nana;23527;Passeriformes;Cisticolidae
Cisticola juncidis;23528;Passeriformes;Cisticolidae
Cisticola cherina;23550;Passeriformes;Cisticolidae
Cisticola aridulus;23551;Passeriformes;Cisticolidae
Cisticola textrix;23561;Passeriformes;Cisticolidae
Cisticola eximius;23568;Passeriformes;Cisticolidae
Cisticola brunnescens;23577;Passeriformes;Cisticolidae
Cisticola cinnamomeus;23586;Passeriformes;Cisticolidae
Cisticola ayresii;23590;Passeriformes;Cisticolidae
Cisticola exilis;23598;Passeriformes;Cisticolidae
Graueria vittata;23614;Passeriformes;Acrocephalidae
Nesillas typica;23616;Passeriformes;Acrocephalidae
Nesillas lantzii;23622;Passeriformes;Acrocephalidae
Calamonastides gracilirostris;23625;Passeriformes;Acrocephalidae
Arundinax aedon;23628;Passeriformes;Acrocephalidae
Iduna caligata;23631;Passeriformes;Acrocephalidae
Iduna rama;23632;Passeriformes;Acrocephalidae
Iduna pallida;23634;Passeriformes;Acrocephalidae
Iduna opaca;23639;Passeriformes;Acrocephalidae
Iduna natalensis;23641;Passeriformes;Acrocephalidae
Iduna similis;23646;Passeriformes;Acrocephalidae
Hippolais languida;23648;Passeriformes;Acrocephalidae
Hippolais olivetorum;23649;Passeriformes;Acrocephalidae
Hippolais polyglotta;23650;Passeriformes;Acrocephalidae
Hippolais icterina;23651;Passeriformes;Acrocephalidae
Acrocephalus baeticatus;23654;Passeriformes;Acrocephalidae
Acrocephalus paludicola;23654;Passeriformes;Acrocephalidae
Acrocephalus bistrigiceps;23655;Passeriformes;Acrocephalidae
Acrocephalus melanopogon;23657;Passeriformes;Acrocephalidae
Acrocephalus schoenobaenus;23661;Passeriformes;Acrocephalidae
Acrocephalus agricola;23662;Passeriformes;Acrocephalidae
Acrocephalus concinens;23663;Passeriformes;Acrocephalidae
Acrocephalus tangorum;23667;Passeriformes;Acrocephalidae
Acrocephalus dumetorum;23670;Passeriformes;Acrocephalidae
Acrocephalus palustris;23675;Passeriformes;Acrocephalidae
Acrocephalus scirpaceus;23676;Passeriformes;Acrocephalidae
Acrocephalus griseldis;23689;Passeriformes;Acrocephalidae
Acrocephalus gracilirostris;23690;Passeriformes;Acrocephalidae
Acrocephalus rufescens;23699;Passeriformes;Acrocephalidae
Acrocephalus newtoni;23705;Passeriformes;Acrocephalidae
Acrocephalus sechellensis;23707;Passeriformes;Acrocephalidae
Acrocephalus arundinaceus;23708;Passeriformes;Acrocephalidae
Acrocephalus orientalis;23712;Passeriformes;Acrocephalidae
Acrocephalus stentoreus;23713;Passeriformes;Acrocephalidae
Acrocephalus hiwae;23727;Passeriformes;Acrocephalidae
Acrocephalus australis;23728;Passeriformes;Acrocephalidae
Acrocephalus syrinx;23732;Passeriformes;Acrocephalidae
Acrocephalus mendanae;23737;Passeriformes;Acrocephalidae
Acrocephalus kerearako;23749;Passeriformes;Acrocephalidae
Acrocephalus caffer;23756;Passeriformes;Acrocephalidae
Acrocephalus percernis;23758;Passeriformes;Acrocephalidae
Acrocephalus atyphus;23763;Passeriformes;Acrocephalidae
Robsonius sorsogonensis;23776;Passeriformes;Locustellidae
Helopsaltes fasciolatus;23777;Passeriformes;Locustellidae
Helopsaltes amnicola;23778;Passeriformes;Locustellidae
Helopsaltes pryeri;23780;Passeriformes;Locustellidae
Helopsaltes certhiola;23783;Passeriformes;Locustellidae
Helopsaltes ochotensis;23788;Passeriformes;Locustellidae
Helopsaltes pleskei;23791;Passeriformes;Locustellidae
Locustella amnicola;23794;Passeriformes;Locustellidae
Locustella certhiola;23794;Passeriformes;Locustellidae
Locustella fasciolata;23794;Passeriformes;Locustellidae
Locustella lanceolata;23794;Passeriformes;Locustellidae
Locustella ochotensis;23794;Passeriformes;Locustellidae
Locustella pleskei;23794;Passeriformes;Locustellidae
Locustella pryeri;23794;Passeriformes;Locustellidae
Locustella alfredi;23797;Passeriformes;Locustellidae
Locustella fluviatilis;23800;Passeriformes;Locustellidae
Locustella luscinioides;23801;Passeriformes;Locustellidae
Locustella luteoventris;23806;Passeriformes;Locustellidae
Locustella naevia;23807;Passeriformes;Locustellidae
Locustella tacsanowskia;23816;Passeriformes;Locustellidae
Locustella caudata;23818;Passeriformes;Locustellidae
Locustella castanea;23822;Passeriformes;Locustellidae
Locustella davidi;23826;Passeriformes;Locustellidae
Locustella kashmirensis;23830;Passeriformes;Locustellidae
Locustella thoracica;23831;Passeriformes;Locustellidae
Locustella alishanensis;23835;Passeriformes;Locustellidae
Locustella mandelli;23836;Passeriformes;Locustellidae
Locustella chengi;23841;Passeriformes;Locustellidae
Locustella montis;23842;Passeriformes;Locustellidae
Locustella seebohmi;23845;Passeriformes;Locustellidae
Poodytes carteri;23849;Passeriformes;Locustellidae
Poodytes gramineus;23850;Passeriformes;Locustellidae
Poodytes punctatus;23855;Passeriformes;Locustellidae
Malia grata;23863;Passeriformes;Locustellidae
Cincloramphus cruralis;23867;Passeriformes;Locustellidae
Cincloramphus mariei;23867;Passeriformes;Locustellidae
Cincloramphus bivittatus;23870;Passeriformes;Locustellidae
Cincloramphus mathewsi;23871;Passeriformes;Locustellidae
Cincloramphus timoriensis;23872;Passeriformes;Locustellidae
Cincloramphus macrurus;23883;Passeriformes;Locustellidae
Cincloramphus rufus;23897;Passeriformes;Locustellidae
Elaphrornis palliseri;23901;Passeriformes;Locustellidae
Schoenicola brevirostris;23902;Passeriformes;Locustellidae
Schoenicola platyurus;23902;Passeriformes;Locustellidae
Schoenicola striatus;23903;Passeriformes;Locustellidae
Catriscus brevirostris;23904;Passeriformes;Locustellidae
Megalurus palustris;23907;Passeriformes;Locustellidae
Bradypterus sylvaticus;23912;Passeriformes;Locustellidae
Bradypterus bangwaensis;23915;Passeriformes;Locustellidae
Bradypterus barratti;23916;Passeriformes;Locustellidae
Bradypterus lopezi;23921;Passeriformes;Locustellidae
Bradypterus cinnamomeus;23933;Passeriformes;Locustellidae
Bradypterus seebohmi;23938;Passeriformes;Locustellidae
Bradypterus brunneus;23939;Passeriformes;Locustellidae
Bradypterus grandis;23940;Passeriformes;Locustellidae
Bradypterus baboecala;23941;Passeriformes;Locustellidae
Bradypterus carpalis;23949;Passeriformes;Locustellidae
Bradypterus graueri;23950;Passeriformes;Locustellidae
Bradypterus centralis;23951;Passeriformes;Locustellidae
Donacobius atricapilla;23957;Passeriformes;Donacobiidae
Oxylabes madagascariensis;23963;Passeriformes;Bernieridae
Bernieria madagascariensis;23964;Passeriformes;Bernieridae
Cryptosylvicola randrianasoloi;23967;Passeriformes;Bernieridae
Hartertula flavoviridis;23968;Passeriformes;Bernieridae
Thamnornis chloropetoides;23969;Passeriformes;Bernieridae
Crossleyia xanthophrys;23970;Passeriformes;Bernieridae
Xanthomixis zosterops;23972;Passeriformes;Bernieridae
Xanthomixis apperti;23977;Passeriformes;Bernieridae
Xanthomixis cinereiceps;23978;Passeriformes;Bernieridae
Randia pseudozosterops;23979;Passeriformes;Bernieridae
Pnoepyga albiventer;23981;Passeriformes;Pnoepygidae
Pnoepyga formosana;23986;Passeriformes;Pnoepygidae
Pnoepyga immaculata;23987;Passeriformes;Pnoepygidae
Pnoepyga pusilla;23989;Passeriformes;Pnoepygidae
Psalidoprocne nitens;24001;Passeriformes;Hirundinidae
Psalidoprocne pristoptera;24008;Passeriformes;Hirundinidae
Pseudhirundo griseopyga;24023;Passeriformes;Hirundinidae
Cheramoeca leucosterna;24026;Passeriformes;Hirundinidae
Phedina borbonica;24027;Passeriformes;Hirundinidae
Neophedina cincta;24030;Passeriformes;Hirundinidae
Riparia paludicola;24037;Passeriformes;Hirundinidae
Riparia chinensis;24047;Passeriformes;Hirundinidae
Riparia riparia;24051;Passeriformes;Hirundinidae
Riparia diluta;24057;Passeriformes;Hirundinidae
Tachycineta bicolor;24064;Passeriformes;Hirundinidae
Tachycineta stolzmanni;24065;Passeriformes;Hirundinidae
Tachycineta albiventer;24066;Passeriformes;Hirundinidae
Tachycineta leucorrhoa;24067;Passeriformes;Hirundinidae
Tachycineta leucopyga;24068;Passeriformes;Hirundinidae
Tachycineta albilinea;24070;Passeriformes;Hirundinidae
Tachycineta euchrysea;24071;Passeriformes;Hirundinidae
Tachycineta thalassina;24074;Passeriformes;Hirundinidae
Tachycineta cyaneoviridis;24079;Passeriformes;Hirundinidae
Progne subis;24081;Passeriformes;Hirundinidae
Progne cryptoleuca;24086;Passeriformes;Hirundinidae
Progne dominicensis;24088;Passeriformes;Hirundinidae
Progne sinaloae;24090;Passeriformes;Hirundinidae
Progne chalybea;24093;Passeriformes;Hirundinidae
Progne elegans;24097;Passeriformes;Hirundinidae
Progne tapera;24102;Passeriformes;Hirundinidae
Stelgidopteryx serripennis;24106;Passeriformes;Hirundinidae
Stelgidopteryx ruficollis;24116;Passeriformes;Hirundinidae
Atticora pileata;24122;Passeriformes;Hirundinidae
Atticora tibialis;24123;Passeriformes;Hirundinidae
Atticora fasciata;24127;Passeriformes;Hirundinidae
Pygochelidon cyanoleuca;24128;Passeriformes;Hirundinidae
Pygochelidon melanoleuca;24132;Passeriformes;Hirundinidae
Alopochelidon fucata;24133;Passeriformes;Hirundinidae
Orochelidon flavipes;24134;Passeriformes;Hirundinidae
Orochelidon murina;24135;Passeriformes;Hirundinidae
Orochelidon andecola;24139;Passeriformes;Hirundinidae
Ptyonoprogne rupestris;24142;Passeriformes;Hirundinidae
Ptyonoprogne fuligula;24157;Passeriformes;Hirundinidae
Ptyonoprogne concolor;24162;Passeriformes;Hirundinidae
Hirundo atrocaerulea;24167;Passeriformes;Hirundinidae
Hirundo dimidiata;24170;Passeriformes;Hirundinidae
Hirundo domicola;24173;Passeriformes;Hirundinidae
Hirundo javanica;24174;Passeriformes;Hirundinidae
Hirundo tahitica;24181;Passeriformes;Hirundinidae
Hirundo neoxena;24184;Passeriformes;Hirundinidae
Hirundo rustica;24187;Passeriformes;Hirundinidae
Hirundo lucida;24199;Passeriformes;Hirundinidae
Hirundo aethiopica;24203;Passeriformes;Hirundinidae
Hirundo angolensis;24206;Passeriformes;Hirundinidae
Hirundo albigularis;24208;Passeriformes;Hirundinidae
Hirundo smithii;24209;Passeriformes;Hirundinidae
Delichon urbicum;24214;Passeriformes;Hirundinidae
Delichon lagopodum;24218;Passeriformes;Hirundinidae
Delichon dasypus;24220;Passeriformes;Hirundinidae
Delichon nipalense;24225;Passeriformes;Hirundinidae
Cecropis cucullata;24229;Passeriformes;Hirundinidae
Cecropis striolata;24229;Passeriformes;Hirundinidae
Cecropis rufula;24230;Passeriformes;Hirundinidae
Cecropis melanocrissus;24232;Passeriformes;Hirundinidae
Cecropis daurica;24239;Passeriformes;Hirundinidae
Cecropis hyperythra;24252;Passeriformes;Hirundinidae
Cecropis badia;24253;Passeriformes;Hirundinidae
Cecropis abyssinica;24254;Passeriformes;Hirundinidae
Cecropis semirufa;24262;Passeriformes;Hirundinidae
Cecropis senegalensis;24265;Passeriformes;Hirundinidae
Petrochelidon rufigula;24270;Passeriformes;Hirundinidae
Petrochelidon preussi;24271;Passeriformes;Hirundinidae
Petrochelidon spilodera;24273;Passeriformes;Hirundinidae
Petrochelidon fluvicola;24274;Passeriformes;Hirundinidae
Petrochelidon ariel;24275;Passeriformes;Hirundinidae
Petrochelidon nigricans;24276;Passeriformes;Hirundinidae
Petrochelidon pyrrhonota;24281;Passeriformes;Hirundinidae
Petrochelidon fulva;24289;Passeriformes;Hirundinidae
Petrochelidon rufocollaris;24300;Passeriformes;Hirundinidae
Andropadus importunus;24307;Passeriformes;Pycnonotidae
Stelgidillas gracilirostris;24312;Passeriformes;Pycnonotidae
Calyptocichla serinus;24315;Passeriformes;Pycnonotidae
Neolestes torquatus;24316;Passeriformes;Pycnonotidae
Bleda syndactylus;24317;Passeriformes;Pycnonotidae
Bleda eximius;24321;Passeriformes;Pycnonotidae
Bleda notatus;24322;Passeriformes;Pycnonotidae
Bleda ugandae;24323;Passeriformes;Pycnonotidae
Bleda canicapillus;24324;Passeriformes;Pycnonotidae
Atimastillas flavicollis;24326;Passeriformes;Pycnonotidae
Atimastillas flavigula;24327;Passeriformes;Pycnonotidae
Ixonotus guttatus;24330;Passeriformes;Pycnonotidae
Thescelocichla leucopleura;24331;Passeriformes;Pycnonotidae
Chlorocichla laetissima;24332;Passeriformes;Pycnonotidae
Chlorocichla falkensteini;24336;Passeriformes;Pycnonotidae
Chlorocichla flaviventris;24339;Passeriformes;Pycnonotidae
Chlorocichla simplex;24343;Passeriformes;Pycnonotidae
Baeopogon indicator;24344;Passeriformes;Pycnonotidae
Baeopogon clamans;24347;Passeriformes;Pycnonotidae
Arizelocichla montana;24348;Passeriformes;Pycnonotidae
Arizelocichla masukuensis;24349;Passeriformes;Pycnonotidae
Arizelocichla tephrolaema;24356;Passeriformes;Pycnonotidae
Arizelocichla kikuyuensis;24359;Passeriformes;Pycnonotidae
Arizelocichla nigriceps;24360;Passeriformes;Pycnonotidae
Arizelocichla fusciceps;24364;Passeriformes;Pycnonotidae
Arizelocichla milanjensis;24368;Passeriformes;Pycnonotidae
Arizelocichla chlorigula;24369;Passeriformes;Pycnonotidae
Criniger barbatus;24371;Passeriformes;Pycnonotidae
Criniger chloronotus;24374;Passeriformes;Pycnonotidae
Criniger calurus;24375;Passeriformes;Pycnonotidae
Criniger ndussumensis;24379;Passeriformes;Pycnonotidae
Criniger olivaceus;24381;Passeriformes;Pycnonotidae
Eurillas virens;24383;Passeriformes;Pycnonotidae
Eurillas latirostris;24388;Passeriformes;Pycnonotidae
Eurillas curvirostris;24391;Passeriformes;Pycnonotidae
Eurillas gracilis;24394;Passeriformes;Pycnonotidae
Eurillas ansorgei;24398;Passeriformes;Pycnonotidae
Phyllastrephus debilis;24402;Passeriformes;Pycnonotidae
Phyllastrephus placidus;24402;Passeriformes;Pycnonotidae
Phyllastrephus albigularis;24406;Passeriformes;Pycnonotidae
Phyllastrephus flavostriatus;24408;Passeriformes;Pycnonotidae
Phyllastrephus xavieri;24418;Passeriformes;Pycnonotidae
Phyllastrephus icterinus;24421;Passeriformes;Pycnonotidae
Phyllastrephus terrestris;24423;Passeriformes;Pycnonotidae
Phyllastrephus poensis;24427;Passeriformes;Pycnonotidae
Phyllastrephus strepitans;24428;Passeriformes;Pycnonotidae
Phyllastrephus cerviniventris;24429;Passeriformes;Pycnonotidae
Phyllastrephus fischeri;24430;Passeriformes;Pycnonotidae
Phyllastrephus cabanisi;24431;Passeriformes;Pycnonotidae
Phyllastrephus scandens;24438;Passeriformes;Pycnonotidae
Phyllastrephus poliocephalus;24442;Passeriformes;Pycnonotidae
Phyllastrephus hypochloris;24443;Passeriformes;Pycnonotidae
Tricholestes criniger;24448;Passeriformes;Pycnonotidae
Setornis criniger;24452;Passeriformes;Pycnonotidae
Alophoixus finschii;24453;Passeriformes;Pycnonotidae
Alophoixus longirostris;24453;Passeriformes;Pycnonotidae
Alophoixus phaeocephalus;24453;Passeriformes;Pycnonotidae
Alophoixus frater;24458;Passeriformes;Pycnonotidae
Alophoixus tephrogenys;24459;Passeriformes;Pycnonotidae
Alophoixus ruficrissus;24462;Passeriformes;Pycnonotidae
Alophoixus flaveolus;24470;Passeriformes;Pycnonotidae
Alophoixus ochraceus;24473;Passeriformes;Pycnonotidae
Alophoixus pallidus;24480;Passeriformes;Pycnonotidae
Alcurus striatus;24489;Passeriformes;Pycnonotidae
Iole finschii;24493;Passeriformes;Pycnonotidae
Iole indica;24493;Passeriformes;Pycnonotidae
Iole palawanensis;24494;Passeriformes;Pycnonotidae
Iole viridescens;24495;Passeriformes;Pycnonotidae
Iole crypta;24500;Passeriformes;Pycnonotidae
Iole charlottae;24502;Passeriformes;Pycnonotidae
Iole cacharensis;24503;Passeriformes;Pycnonotidae
Iole propinqua;24504;Passeriformes;Pycnonotidae
Hemixos flavala;24512;Passeriformes;Pycnonotidae
Hemixos cinereus;24519;Passeriformes;Pycnonotidae
Hemixos castanonotus;24522;Passeriformes;Pycnonotidae
Acritillas indica;24525;Passeriformes;Pycnonotidae
Ixos sumatranus;24530;Passeriformes;Pycnonotidae
Ixos virescens;24531;Passeriformes;Pycnonotidae
Ixos malaccensis;24532;Passeriformes;Pycnonotidae
Ixos mcclellandii;24533;Passeriformes;Pycnonotidae
Hypsipetes philippinus;24544;Passeriformes;Pycnonotidae
Hypsipetes mindorensis;24548;Passeriformes;Pycnonotidae
Hypsipetes siquijorensis;24549;Passeriformes;Pycnonotidae
Hypsipetes affinis;24553;Passeriformes;Pycnonotidae
Hypsipetes guimarasensis;24563;Passeriformes;Pycnonotidae
Hypsipetes everetti;24564;Passeriformes;Pycnonotidae
Hypsipetes amaurotis;24569;Passeriformes;Pycnonotidae
Hypsipetes borbonicus;24584;Passeriformes;Pycnonotidae
Hypsipetes madagascariensis;24585;Passeriformes;Pycnonotidae
Hypsipetes olivaceus;24589;Passeriformes;Pycnonotidae
Hypsipetes thompsoni;24590;Passeriformes;Pycnonotidae
Hypsipetes leucocephalus;24591;Passeriformes;Pycnonotidae
Hypsipetes ganeesa;24605;Passeriformes;Pycnonotidae
Hypsipetes crassirostris;24610;Passeriformes;Pycnonotidae
Microtarsus eutilotus;24611;Passeriformes;Pycnonotidae
Microtarsus melanoleucos;24612;Passeriformes;Pycnonotidae
Microtarsus urostictus;24613;Passeriformes;Pycnonotidae
Microtarsus priocephalus;24619;Passeriformes;Pycnonotidae
Microtarsus melanocephalos;24620;Passeriformes;Pycnonotidae
Microtarsus fuscoflavescens;24625;Passeriformes;Pycnonotidae
Rubigula erythropthalmos;24629;Passeriformes;Pycnonotidae
Rubigula cyaniventris;24632;Passeriformes;Pycnonotidae
Rubigula squamata;24635;Passeriformes;Pycnonotidae
Rubigula flaviventris;24639;Passeriformes;Pycnonotidae
Rubigula gularis;24648;Passeriformes;Pycnonotidae
Rubigula melanictera;24649;Passeriformes;Pycnonotidae
Rubigula dispar;24650;Passeriformes;Pycnonotidae
Rubigula montis;24653;Passeriformes;Pycnonotidae
Spizixos canifrons;24655;Passeriformes;Pycnonotidae
Spizixos semitorques;24658;Passeriformes;Pycnonotidae
Pycnonotus striatus;24661;Passeriformes;Pycnonotidae
Pycnonotus tricolor;24661;Passeriformes;Pycnonotidae
Pycnonotus simplex;24662;Passeriformes;Pycnonotidae
Pycnonotus plumosus;24669;Passeriformes;Pycnonotidae
Pycnonotus brunneus;24678;Passeriformes;Pycnonotidae
Pycnonotus zeylanicus;24681;Passeriformes;Pycnonotidae
Pycnonotus cinereifrons;24684;Passeriformes;Pycnonotidae
Pycnonotus luteolus;24685;Passeriformes;Pycnonotidae
Pycnonotus blanfordi;24688;Passeriformes;Pycnonotidae
Pycnonotus conradi;24689;Passeriformes;Pycnonotidae
Pycnonotus finlaysoni;24691;Passeriformes;Pycnonotidae
Pycnonotus flavescens;24696;Passeriformes;Pycnonotidae
Pycnonotus bimaculatus;24701;Passeriformes;Pycnonotidae
Pycnonotus leucops;24705;Passeriformes;Pycnonotidae
Pycnonotus xantholaemus;24706;Passeriformes;Pycnonotidae
Pycnonotus penicillatus;24707;Passeriformes;Pycnonotidae
Pycnonotus xanthorrhous;24708;Passeriformes;Pycnonotidae
Pycnonotus sinensis;24711;Passeriformes;Pycnonotidae
Pycnonotus taivanus;24717;Passeriformes;Pycnonotidae
Pycnonotus barbatus;24720;Passeriformes;Pycnonotidae
Pycnonotus jocosus;24733;Passeriformes;Pycnonotidae
Pycnonotus goiavier;24743;Passeriformes;Pycnonotidae
Pycnonotus cafer;24754;Passeriformes;Pycnonotidae
Pycnonotus aurigaster;24765;Passeriformes;Pycnonotidae
Pycnonotus leucotis;24776;Passeriformes;Pycnonotidae
Pycnonotus leucogenys;24780;Passeriformes;Pycnonotidae
Pycnonotus xanthopygos;24781;Passeriformes;Pycnonotidae
Pycnonotus nigricans;24782;Passeriformes;Pycnonotidae
Pycnonotus capensis;24786;Passeriformes;Pycnonotidae
Phylloscopus occisinensis;24792;Passeriformes;Phylloscopidae
Phylloscopus sibilatrix;24792;Passeriformes;Phylloscopidae
Phylloscopus bonelli;24793;Passeriformes;Phylloscopidae
Phylloscopus orientalis;24795;Passeriformes;Phylloscopidae
Phylloscopus maculipennis;24797;Passeriformes;Phylloscopidae
Phylloscopus pulcher;24800;Passeriformes;Phylloscopidae
Phylloscopus inornatus;24804;Passeriformes;Phylloscopidae
Phylloscopus humei;24805;Passeriformes;Phylloscopidae
Phylloscopus subviridis;24809;Passeriformes;Phylloscopidae
Phylloscopus yunnanensis;24810;Passeriformes;Phylloscopidae
Phylloscopus proregulus;24811;Passeriformes;Phylloscopidae
Phylloscopus kansuensis;24812;Passeriformes;Phylloscopidae
Phylloscopus chloronotus;24813;Passeriformes;Phylloscopidae
Phylloscopus forresti;24816;Passeriformes;Phylloscopidae
Phylloscopus tytleri;24819;Passeriformes;Phylloscopidae
Phylloscopus schwarzi;24820;Passeriformes;Phylloscopidae
Phylloscopus armandii;24821;Passeriformes;Phylloscopidae
Phylloscopus griseolus;24824;Passeriformes;Phylloscopidae
Phylloscopus affinis;24825;Passeriformes;Phylloscopidae
Phylloscopus fuscatus;24831;Passeriformes;Phylloscopidae
Phylloscopus fuligiventer;24836;Passeriformes;Phylloscopidae
Phylloscopus neglectus;24841;Passeriformes;Phylloscopidae
Phylloscopus subaffinis;24842;Passeriformes;Phylloscopidae
Phylloscopus trochilus;24843;Passeriformes;Phylloscopidae
Phylloscopus sindianus;24847;Passeriformes;Phylloscopidae
Phylloscopus canariensis;24850;Passeriformes;Phylloscopidae
Phylloscopus collybita;24853;Passeriformes;Phylloscopidae
Phylloscopus ibericus;24864;Passeriformes;Phylloscopidae
Phylloscopus cebuensis;24869;Passeriformes;Phylloscopidae
Phylloscopus olivaceus;24873;Passeriformes;Phylloscopidae
Phylloscopus coronatus;24874;Passeriformes;Phylloscopidae
Phylloscopus ijimae;24875;Passeriformes;Phylloscopidae
Phylloscopus umbrovirens;24876;Passeriformes;Phylloscopidae
Phylloscopus ruficapilla;24886;Passeriformes;Phylloscopidae
Phylloscopus laetus;24894;Passeriformes;Phylloscopidae
Phylloscopus laurae;24897;Passeriformes;Phylloscopidae
Phylloscopus herberti;24900;Passeriformes;Phylloscopidae
Phylloscopus budongoensis;24903;Passeriformes;Phylloscopidae
Phylloscopus intermedius;24904;Passeriformes;Phylloscopidae
Phylloscopus poliogenys;24908;Passeriformes;Phylloscopidae
Phylloscopus burkii;24909;Passeriformes;Phylloscopidae
Phylloscopus tephrocephalus;24910;Passeriformes;Phylloscopidae
Phylloscopus whistleri;24911;Passeriformes;Phylloscopidae
Phylloscopus valentini;24916;Passeriformes;Phylloscopidae
Phylloscopus omeiensis;24920;Passeriformes;Phylloscopidae
Phylloscopus soror;24921;Passeriformes;Phylloscopidae
Phylloscopus nitidus;24924;Passeriformes;Phylloscopidae
Phylloscopus trochiloides;24925;Passeriformes;Phylloscopidae
Phylloscopus plumbeitarsus;24932;Passeriformes;Phylloscopidae
Phylloscopus emeiensis;24934;Passeriformes;Phylloscopidae
Phylloscopus magnirostris;24935;Passeriformes;Phylloscopidae
Phylloscopus tenellipes;24937;Passeriformes;Phylloscopidae
Phylloscopus borealoides;24938;Passeriformes;Phylloscopidae
Phylloscopus xanthodryas;24940;Passeriformes;Phylloscopidae
Phylloscopus borealis;24941;Passeriformes;Phylloscopidae
Phylloscopus examinandus;24943;Passeriformes;Phylloscopidae
Phylloscopus castaniceps;24946;Passeriformes;Phylloscopidae
Phylloscopus montis;24956;Passeriformes;Phylloscopidae
Phylloscopus grammiceps;24963;Passeriformes;Phylloscopidae
Phylloscopus calciatilis;24966;Passeriformes;Phylloscopidae
Phylloscopus cantator;24967;Passeriformes;Phylloscopidae
Phylloscopus ricketti;24970;Passeriformes;Phylloscopidae
Phylloscopus occipitalis;24972;Passeriformes;Phylloscopidae
Phylloscopus reguloides;24973;Passeriformes;Phylloscopidae
Phylloscopus claudiae;24978;Passeriformes;Phylloscopidae
Phylloscopus goodsoni;24979;Passeriformes;Phylloscopidae
Phylloscopus xanthoschistos;24983;Passeriformes;Phylloscopidae
Phylloscopus intensior;24989;Passeriformes;Phylloscopidae
Phylloscopus ogilviegranti;24993;Passeriformes;Phylloscopidae
Phylloscopus trivirgatus;24998;Passeriformes;Phylloscopidae
Phylloscopus nigrorum;25003;Passeriformes;Phylloscopidae
Phylloscopus presbytes;25011;Passeriformes;Phylloscopidae
Phylloscopus makirensis;25015;Passeriformes;Phylloscopidae
Phylloscopus nesophilus;25016;Passeriformes;Phylloscopidae
Phylloscopus sarasinorum;25017;Passeriformes;Phylloscopidae
Phylloscopus poliocephalus;25019;Passeriformes;Phylloscopidae
Phylloscopus maforensis;25041;Passeriformes;Phylloscopidae
Hylia prasina;25046;Passeriformes;Hyliidae
Erythrocercus mccallii;25055;Passeriformes;Erythrocercidae
Erythrocercus holochlorus;25059;Passeriformes;Erythrocercidae
Erythrocercus livingstonei;25060;Passeriformes;Erythrocercidae
Scotocerca inquieta;25065;Passeriformes;Cettiidae
Hemitesia neumanni;25076;Passeriformes;Cettiidae
Hemitesia pallidipes;25077;Passeriformes;Cettiidae
Urosphena pallidipes;25081;Passeriformes;Cettiidae
Urosphena subulata;25081;Passeriformes;Cettiidae
Urosphena whiteheadi;25084;Passeriformes;Cettiidae
Urosphena squameiceps;25085;Passeriformes;Cettiidae
Tesia cyaniventer;25086;Passeriformes;Cettiidae
Tesia olivea;25087;Passeriformes;Cettiidae
Tesia superciliaris;25091;Passeriformes;Cettiidae
Tesia everetti;25092;Passeriformes;Cettiidae
Cettia major;25096;Passeriformes;Cettiidae
Cettia brunnifrons;25099;Passeriformes;Cettiidae
Cettia castaneocoronata;25103;Passeriformes;Cettiidae
Cettia cetti;25107;Passeriformes;Cettiidae
Abroscopus superciliaris;25112;Passeriformes;Cettiidae
Abroscopus albogularis;25123;Passeriformes;Cettiidae
Abroscopus schisticeps;25127;Passeriformes;Cettiidae
Phyllergates cucullatus;25131;Passeriformes;Cettiidae
Phyllergates heterolaemus;25148;Passeriformes;Cettiidae
Tickellia hodgsoni;25149;Passeriformes;Cettiidae
Horornis seebohmi;25153;Passeriformes;Cettiidae
Horornis vulcanius;25153;Passeriformes;Cettiidae
Horornis diphone;25154;Passeriformes;Cettiidae
Horornis canturians;25160;Passeriformes;Cettiidae
Horornis annae;25164;Passeriformes;Cettiidae
Horornis parens;25166;Passeriformes;Cettiidae
Horornis ruficapilla;25168;Passeriformes;Cettiidae
Horornis fortipes;25173;Passeriformes;Cettiidae
Horornis brunnescens;25179;Passeriformes;Cettiidae
Horornis acanthizoides;25180;Passeriformes;Cettiidae
Horornis flavolivaceus;25184;Passeriformes;Cettiidae
Leptopoecile sophiae;25203;Passeriformes;Aegithalidae
Aegithalos caudatus;25209;Passeriformes;Aegithalidae
Aegithalos glaucogularis;25229;Passeriformes;Aegithalidae
Aegithalos exilis;25234;Passeriformes;Aegithalidae
Aegithalos concinnus;25235;Passeriformes;Aegithalidae
Aegithalos niveogularis;25245;Passeriformes;Aegithalidae
Aegithalos iouschistos;25246;Passeriformes;Aegithalidae
Aegithalos fuliginosus;25252;Passeriformes;Aegithalidae
Psaltriparus minimus;25253;Passeriformes;Aegithalidae
Sylvia althaea;25267;Passeriformes;Sylviidae
Sylvia atricapilla;25267;Passeriformes;Sylviidae
Sylvia balearica;25267;Passeriformes;Sylviidae
Sylvia boehmi;25267;Passeriformes;Sylviidae
Sylvia cantillans;25267;Passeriformes;Sylviidae
Sylvia communis;25267;Passeriformes;Sylviidae
Sylvia conspicillata;25267;Passeriformes;Sylviidae
Sylvia crassirostris;25267;Passeriformes;Sylviidae
Sylvia curruca;25267;Passeriformes;Sylviidae
Sylvia deserticola;25267;Passeriformes;Sylviidae
Sylvia hortensis;25267;Passeriformes;Sylviidae
Sylvia layardi;25267;Passeriformes;Sylviidae
Sylvia leucomelaena;25267;Passeriformes;Sylviidae
Sylvia melanocephala;25267;Passeriformes;Sylviidae
Sylvia melanothorax;25267;Passeriformes;Sylviidae
Sylvia mystacea;25267;Passeriformes;Sylviidae
Sylvia nana;25267;Passeriformes;Sylviidae
Sylvia nisoria;25267;Passeriformes;Sylviidae
Sylvia ruppeli;25267;Passeriformes;Sylviidae
Sylvia sarda;25267;Passeriformes;Sylviidae
Sylvia subalpina;25267;Passeriformes;Sylviidae
Sylvia subcoerulea;25267;Passeriformes;Sylviidae
Sylvia undata;25267;Passeriformes;Sylviidae
Sylvia borin;25273;Passeriformes;Sylviidae
Sylvia galinieri;25277;Passeriformes;Sylviidae
Sylvia nigricapillus;25278;Passeriformes;Sylviidae
Sylvia abyssinica;25279;Passeriformes;Sylviidae
Sylvia atriceps;25286;Passeriformes;Sylviidae
Curruca nisoria;25287;Passeriformes;Sylviidae
Curruca layardi;25290;Passeriformes;Sylviidae
Curruca boehmi;25295;Passeriformes;Sylviidae
Curruca subcoerulea;25299;Passeriformes;Sylviidae
Curruca curruca;25305;Passeriformes;Sylviidae
Curruca lugens;25318;Passeriformes;Sylviidae
Curruca buryi;25325;Passeriformes;Sylviidae
Curruca leucomelaena;25326;Passeriformes;Sylviidae
Curruca hortensis;25331;Passeriformes;Sylviidae
Curruca crassirostris;25334;Passeriformes;Sylviidae
Curruca deserti;25339;Passeriformes;Sylviidae
Curruca nana;25340;Passeriformes;Sylviidae
Curruca deserticola;25341;Passeriformes;Sylviidae
Curruca mystacea;25344;Passeriformes;Sylviidae
Curruca ruppeli;25349;Passeriformes;Sylviidae
Curruca melanothorax;25350;Passeriformes;Sylviidae
Curruca melanocephala;25351;Passeriformes;Sylviidae
Curruca subalpina;25357;Passeriformes;Sylviidae
Curruca iberiae;25358;Passeriformes;Sylviidae
Curruca cantillans;25359;Passeriformes;Sylviidae
Curruca communis;25364;Passeriformes;Sylviidae
Curruca conspicillata;25369;Passeriformes;Sylviidae
Curruca sarda;25372;Passeriformes;Sylviidae
Curruca undata;25373;Passeriformes;Sylviidae
Curruca balearica;25377;Passeriformes;Sylviidae
Myzornis pyrrhoura;25382;Passeriformes;Paradoxornithidae
Moupinia poecilotis;25383;Passeriformes;Paradoxornithidae
Lioparus chrysotis;25384;Passeriformes;Paradoxornithidae
Chrysomma sinense;25391;Passeriformes;Paradoxornithidae
Chrysomma altirostre;25396;Passeriformes;Paradoxornithidae
Rhopophilus pekinensis;25401;Passeriformes;Paradoxornithidae
Fulvetta ruficapilla;25402;Passeriformes;Paradoxornithidae
Fulvetta striaticollis;25408;Passeriformes;Paradoxornithidae
Fulvetta ludlowi;25409;Passeriformes;Paradoxornithidae
Fulvetta vinipectus;25410;Passeriformes;Paradoxornithidae
Fulvetta manipurensis;25421;Passeriformes;Paradoxornithidae
Fulvetta cinereiceps;25424;Passeriformes;Paradoxornithidae
Fulvetta formosana;25429;Passeriformes;Paradoxornithidae
Chamaea fasciata;25431;Passeriformes;Paradoxornithidae
Paradoxornis heudei;25437;Passeriformes;Paradoxornithidae
Paradoxornis flavirostris;25440;Passeriformes;Paradoxornithidae
Paradoxornis guttaticollis;25441;Passeriformes;Paradoxornithidae
Paradoxornis aemodius;25442;Passeriformes;Paradoxornithidae
Paradoxornis unicolor;25443;Passeriformes;Paradoxornithidae
Paradoxornis paradoxus;25444;Passeriformes;Paradoxornithidae
Paradoxornis gularis;25447;Passeriformes;Paradoxornithidae
Paradoxornis margaritae;25454;Passeriformes;Paradoxornithidae
Paradoxornis ruficeps;25456;Passeriformes;Paradoxornithidae
Paradoxornis bakeri;25457;Passeriformes;Paradoxornithidae
Suthora davidiana;25460;Passeriformes;Paradoxornithidae
Suthora fulvifrons;25464;Passeriformes;Paradoxornithidae
Suthora nipalensis;25469;Passeriformes;Paradoxornithidae
Suthora verreauxi;25485;Passeriformes;Paradoxornithidae
Suthora atrosuperciliaris;25490;Passeriformes;Paradoxornithidae
Suthora conspicillata;25493;Passeriformes;Paradoxornithidae
Suthora webbiana;25503;Passeriformes;Paradoxornithidae
Suthora alphonsiana;25510;Passeriformes;Paradoxornithidae
Parayuhina diademata;25518;Passeriformes;Zosteropidae
Staphida everetti;25519;Passeriformes;Zosteropidae
Staphida castaniceps;25520;Passeriformes;Zosteropidae
Staphida torqueola;25526;Passeriformes;Zosteropidae
Yuhina castaniceps;25527;Passeriformes;Zosteropidae
Yuhina everetti;25527;Passeriformes;Zosteropidae
Yuhina nigrimenta;25527;Passeriformes;Zosteropidae
Yuhina torqueola;25527;Passeriformes;Zosteropidae
Yuhina brunneiceps;25528;Passeriformes;Zosteropidae
Yuhina flavicollis;25529;Passeriformes;Zosteropidae
Yuhina bakeri;25538;Passeriformes;Zosteropidae
Yuhina gularis;25539;Passeriformes;Zosteropidae
Yuhina occipitalis;25544;Passeriformes;Zosteropidae
Dasycrotapha speciosa;25548;Passeriformes;Zosteropidae
Dasycrotapha plateni;25550;Passeriformes;Zosteropidae
Zosterornis whiteheadi;25562;Passeriformes;Zosteropidae
Cleptornis marchei;25567;Passeriformes;Zosteropidae
Megazosterops palauensis;25570;Passeriformes;Zosteropidae
Heleia javanica;25571;Passeriformes;Zosteropidae
Heleia squamifrons;25576;Passeriformes;Zosteropidae
Heleia squamiceps;25581;Passeriformes;Zosteropidae
Heleia dohertyi;25591;Passeriformes;Zosteropidae
Heleia muelleri;25594;Passeriformes;Zosteropidae
Heleia crassirostris;25595;Passeriformes;Zosteropidae
Heleia wallacei;25596;Passeriformes;Zosteropidae
Zosterops ceylonensis;25601;Passeriformes;Zosteropidae
Zosterops nigrorum;25602;Passeriformes;Zosteropidae
Zosterops atricapilla;25611;Passeriformes;Zosteropidae
Zosterops flavilateralis;25614;Passeriformes;Zosteropidae
Zosterops erythropleurus;25618;Passeriformes;Zosteropidae
Zosterops simplex;25619;Passeriformes;Zosteropidae
Zosterops emiliae;25625;Passeriformes;Zosteropidae
Zosterops japonicus;25630;Passeriformes;Zosteropidae
Zosterops palpebrosus;25647;Passeriformes;Zosteropidae
Zosterops meyeni;25656;Passeriformes;Zosteropidae
Zosterops olivaceus;25661;Passeriformes;Zosteropidae
Zosterops chloronothos;25662;Passeriformes;Zosteropidae
Zosterops borbonicus;25663;Passeriformes;Zosteropidae
Zosterops mauritianus;25664;Passeriformes;Zosteropidae
Zosterops abyssinicus;25665;Passeriformes;Zosteropidae
Zosterops stenocricotus;25671;Passeriformes;Zosteropidae
Zosterops stuhlmanni;25672;Passeriformes;Zosteropidae
Zosterops eurycricotus;25676;Passeriformes;Zosteropidae
Zosterops poliogastrus;25678;Passeriformes;Zosteropidae
Zosterops kikuyuensis;25682;Passeriformes;Zosteropidae
Zosterops lugubris;25686;Passeriformes;Zosteropidae
Zosterops senegalensis;25689;Passeriformes;Zosteropidae
Zosterops pallidus;25701;Passeriformes;Zosteropidae
Zosterops virens;25703;Passeriformes;Zosteropidae
Zosterops anderssoni;25708;Passeriformes;Zosteropidae
Zosterops maderaspatanus;25717;Passeriformes;Zosteropidae
Zosterops chloris;25724;Passeriformes;Zosteropidae
Zosterops atrifrons;25731;Passeriformes;Zosteropidae
Zosterops anomalus;25741;Passeriformes;Zosteropidae
Zosterops minor;25742;Passeriformes;Zosteropidae
Zosterops atriceps;25753;Passeriformes;Zosteropidae
Zosterops citrinella;25760;Passeriformes;Zosteropidae
Zosterops luteus;25766;Passeriformes;Zosteropidae
Zosterops lateralis;25769;Passeriformes;Zosteropidae
Zosterops auriventer;25792;Passeriformes;Zosteropidae
Zosterops everetti;25801;Passeriformes;Zosteropidae
Zosterops fuscicapilla;25810;Passeriformes;Zosteropidae
Zosterops flavifrons;25813;Passeriformes;Zosteropidae
Zosterops explorator;25824;Passeriformes;Zosteropidae
Zosterops hypoxanthus;25826;Passeriformes;Zosteropidae
Zosterops finschii;25835;Passeriformes;Zosteropidae
Zosterops ponapensis;25836;Passeriformes;Zosteropidae
Zosterops rotensis;25838;Passeriformes;Zosteropidae
Zosterops metcalfii;25839;Passeriformes;Zosteropidae
Zosterops novaeguineae;25843;Passeriformes;Zosteropidae
Zosterops splendidus;25855;Passeriformes;Zosteropidae
Zosterops conspicillatus;25861;Passeriformes;Zosteropidae
Zosterops semperi;25864;Passeriformes;Zosteropidae
Zosterops xanthochroa;25881;Passeriformes;Zosteropidae
Timalia pileata;25886;Passeriformes;Timaliidae
Dumetia hyperythra;25893;Passeriformes;Timaliidae
Dumetia atriceps;25898;Passeriformes;Timaliidae
Mixornis kelleyi;25903;Passeriformes;Timaliidae
Mixornis flavicollis;25904;Passeriformes;Timaliidae
Mixornis gularis;25906;Passeriformes;Timaliidae
Mixornis bornensis;25923;Passeriformes;Timaliidae
Macronus ptilosus;25933;Passeriformes;Timaliidae
Macronus striaticeps;25938;Passeriformes;Timaliidae
Cyanoderma ambiguum;25943;Passeriformes;Timaliidae
Cyanoderma chrysaeum;25943;Passeriformes;Timaliidae
Cyanoderma erythropterum;25950;Passeriformes;Timaliidae
Cyanoderma bicolor;25954;Passeriformes;Timaliidae
Cyanoderma melanothorax;25957;Passeriformes;Timaliidae
Cyanoderma rufifrons;25963;Passeriformes;Timaliidae
Cyanoderma pyrrhops;25975;Passeriformes;Timaliidae
Cyanoderma ruficeps;25976;Passeriformes;Timaliidae
Spelaeornis caudatus;25984;Passeriformes;Timaliidae
Spelaeornis badeigularis;25985;Passeriformes;Timaliidae
Spelaeornis troglodytoides;25986;Passeriformes;Timaliidae
Spelaeornis kinneari;25994;Passeriformes;Timaliidae
Spelaeornis chocolatinus;25995;Passeriformes;Timaliidae
Spelaeornis oatesi;25996;Passeriformes;Timaliidae
Spelaeornis longicaudatus;25997;Passeriformes;Timaliidae
Spelaeornis reptatus;25998;Passeriformes;Timaliidae
Melanocichla lugubris;26001;Passeriformes;Timaliidae
Melanocichla calva;26002;Passeriformes;Timaliidae
Pomatorhinus ferruginosus;26003;Passeriformes;Timaliidae
Pomatorhinus phayrei;26004;Passeriformes;Timaliidae
Pomatorhinus ochraceiceps;26013;Passeriformes;Timaliidae
Pomatorhinus superciliaris;26020;Passeriformes;Timaliidae
Pomatorhinus ruficollis;26025;Passeriformes;Timaliidae
Pomatorhinus musicus;26039;Passeriformes;Timaliidae
Pomatorhinus schisticeps;26040;Passeriformes;Timaliidae
Pomatorhinus horsfieldii;26055;Passeriformes;Timaliidae
Pomatorhinus melanurus;26060;Passeriformes;Timaliidae
Pomatorhinus bornensis;26063;Passeriformes;Timaliidae
Pomatorhinus montanus;26066;Passeriformes;Timaliidae
Erythrogenys hypoleucos;26070;Passeriformes;Timaliidae
Erythrogenys erythrogenys;26076;Passeriformes;Timaliidae
Erythrogenys imberbis;26080;Passeriformes;Timaliidae
Erythrogenys mcclellandi;26083;Passeriformes;Timaliidae
Erythrogenys gravivox;26084;Passeriformes;Timaliidae
Erythrogenys swinhoei;26090;Passeriformes;Timaliidae
Erythrogenys erythrocnemis;26094;Passeriformes;Timaliidae
Stachyris nigricollis;26095;Passeriformes;Timaliidae
Stachyris grammiceps;26096;Passeriformes;Timaliidae
Stachyris maculata;26097;Passeriformes;Timaliidae
Stachyris nigriceps;26102;Passeriformes;Timaliidae
Stachyris poliocephala;26115;Passeriformes;Timaliidae
Stachyris herberti;26117;Passeriformes;Timaliidae
Stachyris humei;26118;Passeriformes;Timaliidae
Stachyris roberti;26119;Passeriformes;Timaliidae
Stachyris leucotis;26120;Passeriformes;Timaliidae
Stachyris thoracica;26124;Passeriformes;Timaliidae
Stachyris strialata;26128;Passeriformes;Timaliidae
Graminicola bengalensis;26139;Passeriformes;Pellorneidae
Turdinus abbotti;26143;Passeriformes;Pellorneidae
Turdinus brevicaudatus;26143;Passeriformes;Pellorneidae
Turdinus crassus;26143;Passeriformes;Pellorneidae
Turdinus crispifrons;26143;Passeriformes;Pellorneidae
Turdinus macrodactylus;26143;Passeriformes;Pellorneidae
Turdinus rufipectus;26143;Passeriformes;Pellorneidae
Turdinus sepiarius;26143;Passeriformes;Pellorneidae
Turdinus marmoratus;26147;Passeriformes;Pellorneidae
Turdinus atrigularis;26150;Passeriformes;Pellorneidae
Malacopteron affine;26151;Passeriformes;Pellorneidae
Malacopteron albogulare;26154;Passeriformes;Pellorneidae
Malacopteron cinereum;26157;Passeriformes;Pellorneidae
Malacopteron magnum;26163;Passeriformes;Pellorneidae
Malacopteron magnirostre;26166;Passeriformes;Pellorneidae
Malacopteron palawanense;26169;Passeriformes;Pellorneidae
Gampsorhynchus rufulus;26171;Passeriformes;Pellorneidae
Gampsorhynchus torquatus;26172;Passeriformes;Pellorneidae
Schoeniparus cinereus;26176;Passeriformes;Pellorneidae
Schoeniparus castaneceps;26177;Passeriformes;Pellorneidae
Schoeniparus klossi;26182;Passeriformes;Pellorneidae
Schoeniparus rufogularis;26184;Passeriformes;Pellorneidae
Schoeniparus dubius;26191;Passeriformes;Pellorneidae
Schoeniparus brunneus;26197;Passeriformes;Pellorneidae
Pellorneum ruficeps;26204;Passeriformes;Pellorneidae
Pellorneum fuscocapillus;26233;Passeriformes;Pellorneidae
Pellorneum palustre;26236;Passeriformes;Pellorneidae
Pellorneum nigrocapitatum;26237;Passeriformes;Pellorneidae
Pellorneum capistratoides;26240;Passeriformes;Pellorneidae
Pellorneum capistratum;26243;Passeriformes;Pellorneidae
Pellorneum malaccense;26244;Passeriformes;Pellorneidae
Pellorneum cinereiceps;26248;Passeriformes;Pellorneidae
Pellorneum albiventre;26249;Passeriformes;Pellorneidae
Pellorneum tickelli;26254;Passeriformes;Pellorneidae
Pellorneum buettikoferi;26261;Passeriformes;Pellorneidae
Pellorneum pyrrogenys;26262;Passeriformes;Pellorneidae
Pellorneum rostratum;26268;Passeriformes;Pellorneidae
Pellorneum bicolor;26271;Passeriformes;Pellorneidae
Pellorneum celebense;26272;Passeriformes;Pellorneidae
Laticilla burnesii;26277;Passeriformes;Pellorneidae
Laticilla cinerascens;26280;Passeriformes;Pellorneidae
Illadopsis fulvescens;26281;Passeriformes;Pellorneidae
Illadopsis rufipennis;26290;Passeriformes;Pellorneidae
Illadopsis pyrrhoptera;26295;Passeriformes;Pellorneidae
Illadopsis cleaveri;26298;Passeriformes;Pellorneidae
Illadopsis albipectus;26306;Passeriformes;Pellorneidae
Illadopsis puveli;26313;Passeriformes;Pellorneidae
Illadopsis rufescens;26316;Passeriformes;Pellorneidae
Kenopia striata;26318;Passeriformes;Pellorneidae
Malacocincla abbotti;26319;Passeriformes;Pellorneidae
Malacocincla sepiaria;26328;Passeriformes;Pellorneidae
Gypsophila crassa;26337;Passeriformes;Pellorneidae
Gypsophila brevicaudata;26338;Passeriformes;Pellorneidae
Gypsophila annamensis;26347;Passeriformes;Pellorneidae
Gypsophila rufipectus;26351;Passeriformes;Pellorneidae
Ptilocichla mindanensis;26352;Passeriformes;Pellorneidae
Ptilocichla leucogrammica;26359;Passeriformes;Pellorneidae
Ptilocichla falcata;26360;Passeriformes;Pellorneidae
Napothera epilepidota;26361;Passeriformes;Pellorneidae
Napothera malacoptila;26375;Passeriformes;Pellorneidae
Napothera albostriata;26376;Passeriformes;Pellorneidae
Napothera danjoui;26379;Passeriformes;Pellorneidae
Alcippe poioicephala;26384;Passeriformes;Leiothrichidae
Alcippe grotei;26393;Passeriformes;Leiothrichidae
Alcippe brunneicauda;26396;Passeriformes;Leiothrichidae
Alcippe pyrrhoptera;26399;Passeriformes;Leiothrichidae
Alcippe nipalensis;26400;Passeriformes;Leiothrichidae
Alcippe davidi;26404;Passeriformes;Leiothrichidae
Alcippe hueti;26407;Passeriformes;Leiothrichidae
Alcippe morrisonia;26410;Passeriformes;Leiothrichidae
Alcippe fratercula;26411;Passeriformes;Leiothrichidae
Alcippe peracensis;26415;Passeriformes;Leiothrichidae
Grammatoptila striata;26420;Passeriformes;Leiothrichidae
Cutia nipalensis;26426;Passeriformes;Leiothrichidae
Cutia legalleni;26430;Passeriformes;Leiothrichidae
Trochalopteron subunicolor;26435;Passeriformes;Leiothrichidae
Trochalopteron squamatum;26442;Passeriformes;Leiothrichidae
Trochalopteron lineatum;26443;Passeriformes;Leiothrichidae
Trochalopteron imbricatum;26449;Passeriformes;Leiothrichidae
Trochalopteron virgatum;26450;Passeriformes;Leiothrichidae
Trochalopteron variegatum;26451;Passeriformes;Leiothrichidae
Trochalopteron affine;26455;Passeriformes;Leiothrichidae
Trochalopteron morrisonianum;26462;Passeriformes;Leiothrichidae
Trochalopteron henrici;26463;Passeriformes;Leiothrichidae
Trochalopteron elliotii;26464;Passeriformes;Leiothrichidae
Trochalopteron milnei;26467;Passeriformes;Leiothrichidae
Trochalopteron erythrocephalum;26473;Passeriformes;Leiothrichidae
Trochalopteron chrysopterum;26478;Passeriformes;Leiothrichidae
Trochalopteron formosum;26484;Passeriformes;Leiothrichidae
Trochalopteron melanostigma;26487;Passeriformes;Leiothrichidae
Trochalopteron peninsulae;26494;Passeriformes;Leiothrichidae
Montecincla fairbanki;26498;Passeriformes;Leiothrichidae
Heterophasia picaoides;26500;Passeriformes;Leiothrichidae
Heterophasia auricularis;26505;Passeriformes;Leiothrichidae
Heterophasia capistrata;26506;Passeriformes;Leiothrichidae
Heterophasia pulchella;26510;Passeriformes;Leiothrichidae
Heterophasia gracilis;26513;Passeriformes;Leiothrichidae
Heterophasia melanoleuca;26514;Passeriformes;Leiothrichidae
Heterophasia desgodinsi;26517;Passeriformes;Leiothrichidae
Actinodura nipalensis;26525;Passeriformes;Leiothrichidae
Actinodura morrisoniana;26526;Passeriformes;Leiothrichidae
Actinodura waldeni;26527;Passeriformes;Leiothrichidae
Actinodura souliei;26535;Passeriformes;Leiothrichidae
Actinodura cyanouroptera;26538;Passeriformes;Leiothrichidae
Actinodura strigula;26547;Passeriformes;Leiothrichidae
Actinodura egertoni;26554;Passeriformes;Leiothrichidae
Actinodura ramsayi;26559;Passeriformes;Leiothrichidae
Leiothrix lutea;26565;Passeriformes;Leiothrichidae
Leiothrix argentauris;26571;Passeriformes;Leiothrichidae
Minla annectens;26584;Passeriformes;Leiothrichidae
Minla ignotincta;26584;Passeriformes;Leiothrichidae
Leioptila annectens;26589;Passeriformes;Leiothrichidae
Liocichla steerii;26598;Passeriformes;Leiothrichidae
Liocichla phoenicea;26599;Passeriformes;Leiothrichidae
Liocichla ripponi;26602;Passeriformes;Leiothrichidae
Argya malcolmi;26605;Passeriformes;Leiothrichidae
Argya cinereifrons;26606;Passeriformes;Leiothrichidae
Argya longirostris;26607;Passeriformes;Leiothrichidae
Argya subrufa;26608;Passeriformes;Leiothrichidae
Argya rufescens;26611;Passeriformes;Leiothrichidae
Argya striata;26612;Passeriformes;Leiothrichidae
Argya affinis;26619;Passeriformes;Leiothrichidae
Argya rubiginosa;26623;Passeriformes;Leiothrichidae
Argya aylmeri;26628;Passeriformes;Leiothrichidae
Argya altirostris;26633;Passeriformes;Leiothrichidae
Argya huttoni;26634;Passeriformes;Leiothrichidae
Argya caudata;26637;Passeriformes;Leiothrichidae
Argya fulva;26640;Passeriformes;Leiothrichidae
Argya squamiceps;26645;Passeriformes;Leiothrichidae
Argya earlei;26649;Passeriformes;Leiothrichidae
Argya gularis;26653;Passeriformes;Leiothrichidae
Turdoides affinis;26654;Passeriformes;Leiothrichidae
Turdoides caudata;26654;Passeriformes;Leiothrichidae
Turdoides earlei;26654;Passeriformes;Leiothrichidae
Turdoides fulva;26654;Passeriformes;Leiothrichidae
Turdoides huttoni;26654;Passeriformes;Leiothrichidae
Turdoides longirostris;26654;Passeriformes;Leiothrichidae
Turdoides malcolmi;26654;Passeriformes;Leiothrichidae
Turdoides nipalensis;26654;Passeriformes;Leiothrichidae
Turdoides rubiginosa;26654;Passeriformes;Leiothrichidae
Turdoides rufescens;26654;Passeriformes;Leiothrichidae
Turdoides striata;26654;Passeriformes;Leiothrichidae
Turdoides subrufa;26654;Passeriformes;Leiothrichidae
Turdoides atripennis;26655;Passeriformes;Leiothrichidae
Turdoides plebejus;26665;Passeriformes;Leiothrichidae
Turdoides leucopygia;26669;Passeriformes;Leiothrichidae
Turdoides hindei;26675;Passeriformes;Leiothrichidae
Turdoides squamulata;26676;Passeriformes;Leiothrichidae
Turdoides jardineii;26680;Passeriformes;Leiothrichidae
Turdoides gymnogenys;26687;Passeriformes;Leiothrichidae
Turdoides reinwardtii;26691;Passeriformes;Leiothrichidae
Turdoides bicolor;26695;Passeriformes;Leiothrichidae
Turdoides hartlaubii;26696;Passeriformes;Leiothrichidae
Turdoides sharpei;26699;Passeriformes;Leiothrichidae
Turdoides melanops;26702;Passeriformes;Leiothrichidae
Turdoides hypoleuca;26705;Passeriformes;Leiothrichidae
Garrulax calvus;26709;Passeriformes;Leiothrichidae
Garrulax lugubris;26709;Passeriformes;Leiothrichidae
Garrulax perspicillatus;26709;Passeriformes;Leiothrichidae
Garrulax canorus;26714;Passeriformes;Leiothrichidae
Garrulax taewanus;26717;Passeriformes;Leiothrichidae
Garrulax monileger;26720;Passeriformes;Leiothrichidae
Garrulax palliatus;26734;Passeriformes;Leiothrichidae
Garrulax leucolophus;26737;Passeriformes;Leiothrichidae
Garrulax milleti;26743;Passeriformes;Leiothrichidae
Garrulax strepitans;26746;Passeriformes;Leiothrichidae
Garrulax castanotis;26749;Passeriformes;Leiothrichidae
Ianthocincla albogularis;26753;Passeriformes;Leiothrichidae
Ianthocincla caerulata;26753;Passeriformes;Leiothrichidae
Ianthocincla chinensis;26753;Passeriformes;Leiothrichidae
Ianthocincla davidi;26753;Passeriformes;Leiothrichidae
Ianthocincla delesserti;26753;Passeriformes;Leiothrichidae
Ianthocincla nuchalis;26753;Passeriformes;Leiothrichidae
Ianthocincla pectoralis;26753;Passeriformes;Leiothrichidae
Ianthocincla poecilorhyncha;26753;Passeriformes;Leiothrichidae
Ianthocincla ruficollis;26753;Passeriformes;Leiothrichidae
Ianthocincla sannio;26753;Passeriformes;Leiothrichidae
Ianthocincla sukatschewi;26753;Passeriformes;Leiothrichidae
Ianthocincla treacheri;26753;Passeriformes;Leiothrichidae
Ianthocincla rufogularis;26754;Passeriformes;Leiothrichidae
Ianthocincla ocellata;26767;Passeriformes;Leiothrichidae
Ianthocincla maxima;26773;Passeriformes;Leiothrichidae
Ianthocincla lunulata;26775;Passeriformes;Leiothrichidae
Pterorhinus delesserti;26776;Passeriformes;Leiothrichidae
Pterorhinus mitratus;26783;Passeriformes;Leiothrichidae
Pterorhinus treacheri;26786;Passeriformes;Leiothrichidae
Pterorhinus ruficollis;26791;Passeriformes;Leiothrichidae
Pterorhinus chinensis;26793;Passeriformes;Leiothrichidae
Pterorhinus sannio;26800;Passeriformes;Leiothrichidae
Pterorhinus perspicillatus;26805;Passeriformes;Leiothrichidae
Pterorhinus pectoralis;26806;Passeriformes;Leiothrichidae
Pterorhinus davidi;26813;Passeriformes;Leiothrichidae
Pterorhinus lanceolatus;26817;Passeriformes;Leiothrichidae
Pterorhinus waddelli;26821;Passeriformes;Leiothrichidae
Pterorhinus koslowi;26825;Passeriformes;Leiothrichidae
Pterorhinus albogularis;26828;Passeriformes;Leiothrichidae
Pterorhinus ruficeps;26832;Passeriformes;Leiothrichidae
Pterorhinus caerulatus;26833;Passeriformes;Leiothrichidae
Pterorhinus berthemyi;26839;Passeriformes;Leiothrichidae
Pterorhinus poecilorhynchus;26840;Passeriformes;Leiothrichidae
Corthylio calendula;26844;Passeriformes;Regulidae
Regulus calendula;26848;Passeriformes;Regulidae
Regulus satrapa;26848;Passeriformes;Regulidae
Regulus regulus;26856;Passeriformes;Regulidae
Regulus goodfellowi;26873;Passeriformes;Regulidae
Regulus madeirensis;26874;Passeriformes;Regulidae
Regulus ignicapilla;26875;Passeriformes;Regulidae
Tichodroma muraria;26880;Passeriformes;Tichodromidae
Sitta leucopsis;26884;Passeriformes;Sittidae
Sitta przewalskii;26885;Passeriformes;Sittidae
Sitta magna;26886;Passeriformes;Sittidae
Sitta carolinensis;26889;Passeriformes;Sittidae
Sitta formosa;26901;Passeriformes;Sittidae
Sitta azurea;26902;Passeriformes;Sittidae
Sitta frontalis;26906;Passeriformes;Sittidae
Sitta solangiae;26912;Passeriformes;Sittidae
Sitta oenochlamys;26917;Passeriformes;Sittidae
Sitta pygmaea;26924;Passeriformes;Sittidae
Sitta pusilla;26932;Passeriformes;Sittidae
Sitta yunnanensis;26934;Passeriformes;Sittidae
Sitta ledanti;26935;Passeriformes;Sittidae
Sitta krueperi;26936;Passeriformes;Sittidae
Sitta canadensis;26937;Passeriformes;Sittidae
Sitta whiteheadi;26938;Passeriformes;Sittidae
Sitta villosa;26939;Passeriformes;Sittidae
Sitta neumayer;26942;Passeriformes;Sittidae
Sitta tephronota;26948;Passeriformes;Sittidae
Sitta arctica;26954;Passeriformes;Sittidae
Sitta himalayensis;26956;Passeriformes;Sittidae
Sitta castanea;26957;Passeriformes;Sittidae
Sitta cinnamoventris;26958;Passeriformes;Sittidae
Sitta neglecta;26964;Passeriformes;Sittidae
Sitta europaea;26966;Passeriformes;Sittidae
Sitta nagaensis;26994;Passeriformes;Sittidae
Sitta cashmirensis;26998;Passeriformes;Sittidae
Salpornis salvadori;27001;Passeriformes;Salpornithidae
Salpornis spilonota;27006;Passeriformes;Salpornithidae
Certhia familiaris;27010;Passeriformes;Certhiidae
Certhia hodgsoni;27021;Passeriformes;Certhiidae
Certhia tianquanensis;27025;Passeriformes;Certhiidae
Certhia americana;27026;Passeriformes;Certhiidae
Certhia brachydactyla;27044;Passeriformes;Certhiidae
Certhia himalayana;27051;Passeriformes;Certhiidae
Certhia nipalensis;27056;Passeriformes;Certhiidae
Certhia discolor;27057;Passeriformes;Certhiidae
Certhia manipurensis;27058;Passeriformes;Certhiidae
Microbates collaris;27065;Passeriformes;Polioptilidae
Microbates cinereiventris;27069;Passeriformes;Polioptilidae
Ramphocaenus melanurus;27074;Passeriformes;Polioptilidae
Ramphocaenus sticturus;27089;Passeriformes;Polioptilidae
Polioptila guianensis;27093;Passeriformes;Polioptilidae
Polioptila schistaceigula;27094;Passeriformes;Polioptilidae
Polioptila paraensis;27099;Passeriformes;Polioptilidae
Polioptila dumicola;27101;Passeriformes;Polioptilidae
Polioptila lactea;27105;Passeriformes;Polioptilidae
Polioptila lembeyei;27106;Passeriformes;Polioptilidae
Polioptila plumbea;27107;Passeriformes;Polioptilidae
Polioptila maior;27115;Passeriformes;Polioptilidae
Polioptila albiventris;27116;Passeriformes;Polioptilidae
Polioptila bilineata;27117;Passeriformes;Polioptilidae
Polioptila caerulea;27123;Passeriformes;Polioptilidae
Polioptila melanura;27133;Passeriformes;Polioptilidae
Polioptila californica;27137;Passeriformes;Polioptilidae
Polioptila nigriceps;27141;Passeriformes;Polioptilidae
Polioptila albiloris;27145;Passeriformes;Polioptilidae
Salpinctes obsoletus;27150;Passeriformes;Troglodytidae
Microcerculus philomela;27161;Passeriformes;Troglodytidae
Microcerculus marginatus;27162;Passeriformes;Troglodytidae
Microcerculus ustulatus;27171;Passeriformes;Troglodytidae
Microcerculus bambla;27176;Passeriformes;Troglodytidae
Odontorchilus branickii;27180;Passeriformes;Troglodytidae
Odontorchilus cinereus;27183;Passeriformes;Troglodytidae
Catherpes mexicanus;27184;Passeriformes;Troglodytidae
Hylorchilus sumichrasti;27188;Passeriformes;Troglodytidae
Hylorchilus navai;27189;Passeriformes;Troglodytidae
Ferminia cerverai;27190;Passeriformes;Troglodytidae
Troglodytes aedon;27191;Passeriformes;Troglodytidae
Troglodytes musculus;27209;Passeriformes;Troglodytidae
Troglodytes cobbi;27233;Passeriformes;Troglodytidae
Troglodytes rufociliatus;27236;Passeriformes;Troglodytidae
Troglodytes ochraceus;27241;Passeriformes;Troglodytidae
Troglodytes solstitialis;27245;Passeriformes;Troglodytidae
Troglodytes monticola;27251;Passeriformes;Troglodytidae
Troglodytes rufulus;27252;Passeriformes;Troglodytidae
Troglodytes troglodytes;27258;Passeriformes;Troglodytidae
Troglodytes pacificus;27288;Passeriformes;Troglodytidae
Troglodytes hiemalis;27295;Passeriformes;Troglodytidae
Thryorchilus browni;27299;Passeriformes;Troglodytidae
Cistothorus stellaris;27303;Passeriformes;Troglodytidae
Cistothorus platensis;27304;Passeriformes;Troglodytidae
Cistothorus apolinari;27326;Passeriformes;Troglodytidae
Cistothorus palustris;27329;Passeriformes;Troglodytidae
Thryothorus ludovicianus;27348;Passeriformes;Troglodytidae
Thryomanes bewickii;27362;Passeriformes;Troglodytidae
Campylorhynchus albobrunneus;27380;Passeriformes;Troglodytidae
Campylorhynchus zonatus;27383;Passeriformes;Troglodytidae
Campylorhynchus megalopterus;27395;Passeriformes;Troglodytidae
Campylorhynchus chiapensis;27398;Passeriformes;Troglodytidae
Campylorhynchus humilis;27399;Passeriformes;Troglodytidae
Campylorhynchus rufinucha;27400;Passeriformes;Troglodytidae
Campylorhynchus capistratus;27401;Passeriformes;Troglodytidae
Campylorhynchus gularis;27409;Passeriformes;Troglodytidae
Campylorhynchus jocosus;27410;Passeriformes;Troglodytidae
Campylorhynchus yucatanicus;27411;Passeriformes;Troglodytidae
Campylorhynchus brunneicapillus;27412;Passeriformes;Troglodytidae
Campylorhynchus nuchalis;27422;Passeriformes;Troglodytidae
Campylorhynchus fasciatus;27426;Passeriformes;Troglodytidae
Campylorhynchus griseus;27429;Passeriformes;Troglodytidae
Campylorhynchus turdinus;27436;Passeriformes;Troglodytidae
Pheugopedius spadix;27441;Passeriformes;Troglodytidae
Pheugopedius fasciatoventris;27444;Passeriformes;Troglodytidae
Pheugopedius euophrys;27448;Passeriformes;Troglodytidae
Pheugopedius eisenmanni;27455;Passeriformes;Troglodytidae
Pheugopedius mystacalis;27456;Passeriformes;Troglodytidae
Pheugopedius genibarbis;27465;Passeriformes;Troglodytidae
Pheugopedius coraya;27470;Passeriformes;Troglodytidae
Pheugopedius rutilus;27483;Passeriformes;Troglodytidae
Pheugopedius maculipectus;27491;Passeriformes;Troglodytidae
Pheugopedius sclateri;27498;Passeriformes;Troglodytidae
Pheugopedius felix;27502;Passeriformes;Troglodytidae
Pheugopedius atrogularis;27509;Passeriformes;Troglodytidae
Thryophilus sinaloa;27511;Passeriformes;Troglodytidae
Thryophilus pleurostictus;27515;Passeriformes;Troglodytidae
Thryophilus rufalbus;27523;Passeriformes;Troglodytidae
Thryophilus sernai;27529;Passeriformes;Troglodytidae
Thryophilus nicefori;27530;Passeriformes;Troglodytidae
Cantorchilus thoracicus;27531;Passeriformes;Troglodytidae
Cantorchilus leucopogon;27532;Passeriformes;Troglodytidae
Cantorchilus modestus;27535;Passeriformes;Troglodytidae
Cantorchilus zeledoni;27536;Passeriformes;Troglodytidae
Cantorchilus elutus;27538;Passeriformes;Troglodytidae
Cantorchilus semibadius;27540;Passeriformes;Troglodytidae
Cantorchilus nigricapillus;27541;Passeriformes;Troglodytidae
Cantorchilus superciliaris;27551;Passeriformes;Troglodytidae
Cantorchilus leucotis;27554;Passeriformes;Troglodytidae
Cantorchilus longirostris;27566;Passeriformes;Troglodytidae
Cantorchilus guarayanus;27569;Passeriformes;Troglodytidae
Cantorchilus griseus;27570;Passeriformes;Troglodytidae
Cinnycerthia unirufa;27572;Passeriformes;Troglodytidae
Cinnycerthia olivascens;27576;Passeriformes;Troglodytidae
Cinnycerthia peruana;27579;Passeriformes;Troglodytidae
Cinnycerthia fulva;27580;Passeriformes;Troglodytidae
Uropsila leucogastra;27585;Passeriformes;Troglodytidae
Henicorhina leucosticta;27594;Passeriformes;Troglodytidae
Henicorhina leucoptera;27611;Passeriformes;Troglodytidae
Henicorhina leucophrys;27612;Passeriformes;Troglodytidae
Henicorhina anachoreta;27628;Passeriformes;Troglodytidae
Henicorhina negreti;27629;Passeriformes;Troglodytidae
Cyphorhinus dichrous;27631;Passeriformes;Troglodytidae
Cyphorhinus thoracicus;27632;Passeriformes;Troglodytidae
Cyphorhinus phaeocephalus;27633;Passeriformes;Troglodytidae
Cyphorhinus arada;27639;Passeriformes;Troglodytidae
Elachura formosa;27648;Passeriformes;Elachuridae
Cinclus cinclus;27650;Passeriformes;Cinclidae
Cinclus pallasii;27664;Passeriformes;Cinclidae
Cinclus mexicanus;27668;Passeriformes;Cinclidae
Cinclus leucocephalus;27674;Passeriformes;Cinclidae
Cinclus schulzii;27678;Passeriformes;Cinclidae
Buphagus erythroryncha;27680;Passeriformes;Buphagidae
Buphagus erythrorynchus;27680;Passeriformes;Buphagidae
Buphagus africanus;27681;Passeriformes;Buphagidae
Rhabdornis mystacalis;27687;Passeriformes;Sturnidae
Enodes erythrophris;27696;Passeriformes;Sturnidae
Scissirostrum dubium;27697;Passeriformes;Sturnidae
Aplonis metallica;27698;Passeriformes;Sturnidae
Aplonis magna;27711;Passeriformes;Sturnidae
Aplonis grandis;27715;Passeriformes;Sturnidae
Aplonis striata;27724;Passeriformes;Sturnidae
Aplonis cantoroides;27728;Passeriformes;Sturnidae
Aplonis panayensis;27730;Passeriformes;Sturnidae
Aplonis mysolensis;27745;Passeriformes;Sturnidae
Aplonis minor;27748;Passeriformes;Sturnidae
Aplonis opaca;27749;Passeriformes;Sturnidae
Aplonis tabuensis;27757;Passeriformes;Sturnidae
Aplonis atrifusca;27771;Passeriformes;Sturnidae
Basilornis celebensis;27780;Passeriformes;Sturnidae
Goodfellowia miranda;27783;Passeriformes;Sturnidae
Sarcops calvus;27784;Passeriformes;Sturnidae
Streptocitta albicollis;27788;Passeriformes;Sturnidae
Mino dumontii;27792;Passeriformes;Sturnidae
Mino anais;27793;Passeriformes;Sturnidae
Mino kreffti;27797;Passeriformes;Sturnidae
Ampeliceps coronatus;27798;Passeriformes;Sturnidae
Gracula ptilogenys;27799;Passeriformes;Sturnidae
Gracula religiosa;27800;Passeriformes;Sturnidae
Gracula indica;27812;Passeriformes;Sturnidae
Sturnus vulgaris;27813;Passeriformes;Sturnidae
Sturnus unicolor;27826;Passeriformes;Sturnidae
Creatophora cinerea;27828;Passeriformes;Sturnidae
Pastor roseus;27829;Passeriformes;Sturnidae
Agropsar sturninus;27830;Passeriformes;Sturnidae
Agropsar philippensis;27831;Passeriformes;Sturnidae
Gracupica nigricollis;27833;Passeriformes;Sturnidae
Gracupica contra;27834;Passeriformes;Sturnidae
Gracupica floweri;27838;Passeriformes;Sturnidae
Sturnornis albofrontatus;27841;Passeriformes;Sturnidae
Leucopsar rothschildi;27842;Passeriformes;Sturnidae
Sturnia sinensis;27845;Passeriformes;Sturnidae
Sturnia pagodarum;27846;Passeriformes;Sturnidae
Sturnia malabarica;27847;Passeriformes;Sturnidae
Sturnia blythii;27851;Passeriformes;Sturnidae
Sturnia erythropygia;27853;Passeriformes;Sturnidae
Spodiopsar sericeus;27857;Passeriformes;Sturnidae
Spodiopsar cineraceus;27858;Passeriformes;Sturnidae
Acridotheres tristis;27859;Passeriformes;Sturnidae
Acridotheres ginginianus;27862;Passeriformes;Sturnidae
Acridotheres burmannicus;27863;Passeriformes;Sturnidae
Acridotheres leucocephalus;27864;Passeriformes;Sturnidae
Acridotheres fuscus;27870;Passeriformes;Sturnidae
Acridotheres javanicus;27878;Passeriformes;Sturnidae
Acridotheres grandis;27882;Passeriformes;Sturnidae
Acridotheres cristatellus;27889;Passeriformes;Sturnidae
Hartlaubius auratus;27899;Passeriformes;Sturnidae
Cinnyricinclus leucogaster;27900;Passeriformes;Sturnidae
Onychognathus tenuirostris;27904;Passeriformes;Sturnidae
Onychognathus nabouroup;27907;Passeriformes;Sturnidae
Onychognathus neumanni;27908;Passeriformes;Sturnidae
Onychognathus morio;27911;Passeriformes;Sturnidae
Onychognathus fulgidus;27914;Passeriformes;Sturnidae
Onychognathus walleri;27919;Passeriformes;Sturnidae
Onychognathus tristramii;27923;Passeriformes;Sturnidae
Onychognathus albirostris;27924;Passeriformes;Sturnidae
Onychognathus salvadorii;27925;Passeriformes;Sturnidae
Onychognathus blythii;27926;Passeriformes;Sturnidae
Saroglossa spilopterus;27928;Passeriformes;Sturnidae
Speculipastor bicolor;27933;Passeriformes;Sturnidae
Pholia sharpii;27934;Passeriformes;Sturnidae
Arizelopsar femoralis;27935;Passeriformes;Sturnidae
Poeoptera lugubris;27936;Passeriformes;Sturnidae
Poeoptera stuhlmanni;27937;Passeriformes;Sturnidae
Poeoptera kenricki;27938;Passeriformes;Sturnidae
Notopholia corusca;27941;Passeriformes;Sturnidae
Hylopsar purpureiceps;27944;Passeriformes;Sturnidae
Hylopsar cupreocauda;27945;Passeriformes;Sturnidae
Lamprotornis hildebrandti;27946;Passeriformes;Sturnidae
Lamprotornis shelleyi;27947;Passeriformes;Sturnidae
Lamprotornis australis;27948;Passeriformes;Sturnidae
Lamprotornis purpuroptera;27949;Passeriformes;Sturnidae
Lamprotornis caudatus;27952;Passeriformes;Sturnidae
Lamprotornis mevesii;27953;Passeriformes;Sturnidae
Lamprotornis unicolor;27957;Passeriformes;Sturnidae
Lamprotornis splendidus;27958;Passeriformes;Sturnidae
Lamprotornis regius;27964;Passeriformes;Sturnidae
Lamprotornis superbus;27965;Passeriformes;Sturnidae
Lamprotornis pulcher;27966;Passeriformes;Sturnidae
Lamprotornis bicolor;27967;Passeriformes;Sturnidae
Lamprotornis albicapillus;27968;Passeriformes;Sturnidae
Lamprotornis fischeri;27971;Passeriformes;Sturnidae
Lamprotornis chloropterus;27972;Passeriformes;Sturnidae
Lamprotornis acuticaudus;27975;Passeriformes;Sturnidae
Lamprotornis chalybaeus;27978;Passeriformes;Sturnidae
Lamprotornis purpureus;27985;Passeriformes;Sturnidae
Lamprotornis nitens;27988;Passeriformes;Sturnidae
Lamprotornis chalcurus;27989;Passeriformes;Sturnidae
Melanotis caerulescens;27995;Passeriformes;Mimidae
Melanotis hypoleucus;27998;Passeriformes;Mimidae
Melanoptila glabrirostris;27999;Passeriformes;Mimidae
Dumetella carolinensis;28000;Passeriformes;Mimidae
Allenia fusca;28003;Passeriformes;Mimidae
Margarops fuscatus;28009;Passeriformes;Mimidae
Cinclocerthia ruficauda;28015;Passeriformes;Mimidae
Cinclocerthia gutturalis;28020;Passeriformes;Mimidae
Toxostoma curvirostre;28024;Passeriformes;Mimidae
Toxostoma ocellatum;28034;Passeriformes;Mimidae
Toxostoma rufum;28037;Passeriformes;Mimidae
Toxostoma longirostre;28040;Passeriformes;Mimidae
Toxostoma bendirei;28046;Passeriformes;Mimidae
Toxostoma cinereum;28051;Passeriformes;Mimidae
Toxostoma redivivum;28054;Passeriformes;Mimidae
Toxostoma lecontei;28057;Passeriformes;Mimidae
Toxostoma crissale;28062;Passeriformes;Mimidae
Oreoscoptes montanus;28069;Passeriformes;Mimidae
Mimus thenca;28070;Passeriformes;Mimidae
Mimus patagonicus;28071;Passeriformes;Mimidae
Mimus saturninus;28072;Passeriformes;Mimidae
Mimus triurus;28080;Passeriformes;Mimidae
Mimus dorsalis;28081;Passeriformes;Mimidae
Mimus gundlachii;28082;Passeriformes;Mimidae
Mimus parvulus;28085;Passeriformes;Mimidae
Mimus macdonaldi;28093;Passeriformes;Mimidae
Mimus melanotis;28094;Passeriformes;Mimidae
Mimus longicaudatus;28095;Passeriformes;Mimidae
Mimus gilvus;28101;Passeriformes;Mimidae
Mimus polyglottos;28114;Passeriformes;Mimidae
Pinarornis plumosus;28124;Passeriformes;Turdidae
Grandala coelicolor;28125;Passeriformes;Turdidae
Sialia sialis;28126;Passeriformes;Turdidae
Sialia mexicana;28136;Passeriformes;Turdidae
Sialia currucoides;28144;Passeriformes;Turdidae
Stizorhina fraseri;28148;Passeriformes;Turdidae
Stizorhina finschi;28152;Passeriformes;Turdidae
Neocossyphus finschi;28153;Passeriformes;Turdidae
Neocossyphus fraseri;28153;Passeriformes;Turdidae
Neocossyphus rufus;28153;Passeriformes;Turdidae
Neocossyphus poensis;28156;Passeriformes;Turdidae
Myadestes townsendi;28163;Passeriformes;Turdidae
Myadestes occidentalis;28166;Passeriformes;Turdidae
Myadestes elisabeth;28170;Passeriformes;Turdidae
Myadestes genibarbis;28173;Passeriformes;Turdidae
Myadestes melanops;28181;Passeriformes;Turdidae
Myadestes coloratus;28182;Passeriformes;Turdidae
Myadestes unicolor;28183;Passeriformes;Turdidae
Myadestes ralloides;28186;Passeriformes;Turdidae
Myadestes obscurus;28197;Passeriformes;Turdidae
Myadestes palmeri;28198;Passeriformes;Turdidae
Zoothera dixoni;28199;Passeriformes;Turdidae
Zoothera mollissima;28200;Passeriformes;Turdidae
Zoothera salimalii;28201;Passeriformes;Turdidae
Zoothera griseiceps;28203;Passeriformes;Turdidae
Zoothera monticola;28208;Passeriformes;Turdidae
Zoothera aurea;28213;Passeriformes;Turdidae
Zoothera dauma;28216;Passeriformes;Turdidae
Zoothera major;28221;Passeriformes;Turdidae
Zoothera neilgherriensis;28222;Passeriformes;Turdidae
Zoothera imbricata;28223;Passeriformes;Turdidae
Zoothera lunulata;28227;Passeriformes;Turdidae
Zoothera heinei;28234;Passeriformes;Turdidae
Chlamydochaera jefferyi;28243;Passeriformes;Turdidae
Cochoa purpurea;28244;Passeriformes;Turdidae
Cochoa viridis;28245;Passeriformes;Turdidae
Ixoreus naevius;28249;Passeriformes;Turdidae
Catharus gracilirostris;28253;Passeriformes;Turdidae
Catharus aurantiirostris;28256;Passeriformes;Turdidae
Catharus fuscater;28274;Passeriformes;Turdidae
Catharus occidentalis;28289;Passeriformes;Turdidae
Catharus frantzii;28294;Passeriformes;Turdidae
Catharus mexicanus;28303;Passeriformes;Turdidae
Catharus dryas;28307;Passeriformes;Turdidae
Catharus maculatus;28310;Passeriformes;Turdidae
Catharus fuscescens;28313;Passeriformes;Turdidae
Catharus minimus;28318;Passeriformes;Turdidae
Catharus bicknelli;28321;Passeriformes;Turdidae
Catharus ustulatus;28324;Passeriformes;Turdidae
Catharus guttatus;28333;Passeriformes;Turdidae
Hylocichla mustelina;28347;Passeriformes;Turdidae
Entomodestes coracinus;28348;Passeriformes;Turdidae
Entomodestes leucotis;28349;Passeriformes;Turdidae
Cichlopsis leucogenys;28350;Passeriformes;Turdidae
Ridgwayia pinicola;28355;Passeriformes;Turdidae
Geokichla sibirica;28356;Passeriformes;Turdidae
Geokichla wardii;28359;Passeriformes;Turdidae
Geokichla guttata;28360;Passeriformes;Turdidae
Geokichla crossleyi;28373;Passeriformes;Turdidae
Geokichla piaggiae;28377;Passeriformes;Turdidae
Geokichla gurneyi;28385;Passeriformes;Turdidae
Geokichla spiloptera;28391;Passeriformes;Turdidae
Geokichla cinerea;28392;Passeriformes;Turdidae
Geokichla peronii;28398;Passeriformes;Turdidae
Geokichla citrina;28406;Passeriformes;Turdidae
Turdus mupinensis;28423;Passeriformes;Turdidae
Turdus simensis;28424;Passeriformes;Turdidae
Turdus litsitsirupa;28425;Passeriformes;Turdidae
Turdus viscivorus;28429;Passeriformes;Turdidae
Turdus philomelos;28433;Passeriformes;Turdidae
Turdus tephronotus;28438;Passeriformes;Turdidae
Turdus menachensis;28440;Passeriformes;Turdidae
Turdus mandarinus;28441;Passeriformes;Turdidae
Turdus libonyana;28448;Passeriformes;Turdidae
Turdus olivaceus;28453;Passeriformes;Turdidae
Turdus abyssinicus;28460;Passeriformes;Turdidae
Turdus olivaceofuscus;28471;Passeriformes;Turdidae
Turdus niveiceps;28472;Passeriformes;Turdidae
Turdus boulboul;28473;Passeriformes;Turdidae
Turdus simillimus;28474;Passeriformes;Turdidae
Turdus pelios;28480;Passeriformes;Turdidae
Turdus smithi;28494;Passeriformes;Turdidae
Turdus iliacus;28497;Passeriformes;Turdidae
Turdus merula;28500;Passeriformes;Turdidae
Turdus unicolor;28508;Passeriformes;Turdidae
Turdus dissimilis;28509;Passeriformes;Turdidae
Turdus hortulorum;28510;Passeriformes;Turdidae
Turdus cardis;28511;Passeriformes;Turdidae
Turdus thomassoni;28514;Passeriformes;Turdidae
Turdus papuensis;28545;Passeriformes;Turdidae
Turdus vanikorensis;28559;Passeriformes;Turdidae
Turdus poliocephalus;28573;Passeriformes;Turdidae
Turdus ruficeps;28577;Passeriformes;Turdidae
Turdus maximus;28583;Passeriformes;Turdidae
Turdus kessleri;28584;Passeriformes;Turdidae
Turdus pallidus;28585;Passeriformes;Turdidae
Turdus obscurus;28586;Passeriformes;Turdidae
Turdus feae;28587;Passeriformes;Turdidae
Turdus celaenops;28589;Passeriformes;Turdidae
Turdus chrysolaus;28590;Passeriformes;Turdidae
Turdus pilaris;28593;Passeriformes;Turdidae
Turdus albocinctus;28594;Passeriformes;Turdidae
Turdus rubrocanus;28595;Passeriformes;Turdidae
Turdus torquatus;28598;Passeriformes;Turdidae
Turdus atrogularis;28602;Passeriformes;Turdidae
Turdus ruficollis;28603;Passeriformes;Turdidae
Turdus eunomus;28606;Passeriformes;Turdidae
Turdus naumanni;28607;Passeriformes;Turdidae
Turdus aurantius;28618;Passeriformes;Turdidae
Turdus plumbeus;28619;Passeriformes;Turdidae
Turdus infuscatus;28630;Passeriformes;Turdidae
Turdus nigrescens;28631;Passeriformes;Turdidae
Turdus rufitorques;28632;Passeriformes;Turdidae
Turdus migratorius;28633;Passeriformes;Turdidae
Turdus rufopalliatus;28643;Passeriformes;Turdidae
Turdus plebejus;28646;Passeriformes;Turdidae
Turdus swalesi;28649;Passeriformes;Turdidae
Turdus jamaicensis;28652;Passeriformes;Turdidae
Turdus leucops;28653;Passeriformes;Turdidae
Turdus lherminieri;28654;Passeriformes;Turdidae
Turdus fulviventris;28659;Passeriformes;Turdidae
Turdus reevei;28660;Passeriformes;Turdidae
Turdus serranus;28661;Passeriformes;Turdidae
Turdus olivater;28667;Passeriformes;Turdidae
Turdus nigriceps;28676;Passeriformes;Turdidae
Turdus fuscater;28677;Passeriformes;Turdidae
Turdus chiguanco;28686;Passeriformes;Turdidae
Turdus falcklandii;28692;Passeriformes;Turdidae
Turdus amaurochalinus;28701;Passeriformes;Turdidae
Turdus ignobilis;28702;Passeriformes;Turdidae
Turdus arthuri;28707;Passeriformes;Turdidae
Turdus maranonicus;28709;Passeriformes;Turdidae
Turdus flavipes;28710;Passeriformes;Turdidae
Turdus subalaris;28716;Passeriformes;Turdidae
Turdus murinus;28717;Passeriformes;Turdidae
Turdus lawrencii;28719;Passeriformes;Turdidae
Turdus obsoletus;28720;Passeriformes;Turdidae
Turdus assimilis;28724;Passeriformes;Turdidae
Turdus daguae;28734;Passeriformes;Turdidae
Turdus albicollis;28735;Passeriformes;Turdidae
Turdus leucomelas;28745;Passeriformes;Turdidae
Turdus hauxwelli;28750;Passeriformes;Turdidae
Turdus fumigatus;28751;Passeriformes;Turdidae
Turdus rufiventris;28757;Passeriformes;Turdidae
Turdus nudigenis;28761;Passeriformes;Turdidae
Turdus sanchezorum;28764;Passeriformes;Turdidae
Turdus maculirostris;28766;Passeriformes;Turdidae
Turdus grayi;28767;Passeriformes;Turdidae
Muscicapa griseisticta;28781;Passeriformes;Muscicapidae
Muscicapa tyrrhenica;28781;Passeriformes;Muscicapidae
Muscicapa sibirica;28782;Passeriformes;Muscicapidae
Muscicapa ferruginea;28789;Passeriformes;Muscicapidae
Muscicapa dauurica;28790;Passeriformes;Muscicapidae
Muscicapa segregata;28796;Passeriformes;Muscicapidae
Muscicapa muttui;28797;Passeriformes;Muscicapidae
Muscicapa williamsoni;28800;Passeriformes;Muscicapidae
Muscicapa adusta;28804;Passeriformes;Muscicapidae
Muscicapa sethsmithi;28816;Passeriformes;Muscicapidae
Muscicapa striata;28818;Passeriformes;Muscicapidae
Muscicapa gambagae;28829;Passeriformes;Muscicapidae
Muscicapa aquatica;28832;Passeriformes;Muscicapidae
Muscicapa cassini;28837;Passeriformes;Muscicapidae
Myopornis boehmi;28839;Passeriformes;Muscicapidae
Artomyias ussheri;28840;Passeriformes;Muscicapidae
Artomyias fuliginosa;28841;Passeriformes;Muscicapidae
Bradornis comitatus;28844;Passeriformes;Muscicapidae
Bradornis mariquensis;28848;Passeriformes;Muscicapidae
Bradornis microrhynchus;28852;Passeriformes;Muscicapidae
Agricola pallidus;28862;Passeriformes;Muscicapidae
Agricola infuscatus;28879;Passeriformes;Muscicapidae
Fraseria cinerascens;28885;Passeriformes;Muscicapidae
Fraseria ocreata;28888;Passeriformes;Muscicapidae
Fraseria griseigularis;28893;Passeriformes;Muscicapidae
Fraseria plumbea;28896;Passeriformes;Muscicapidae
Fraseria olivascens;28900;Passeriformes;Muscicapidae
Fraseria lendu;28903;Passeriformes;Muscicapidae
Fraseria tessmanni;28906;Passeriformes;Muscicapidae
Fraseria caerulescens;28907;Passeriformes;Muscicapidae
Namibornis herero;28914;Passeriformes;Muscicapidae
Empidornis semipartitus;28915;Passeriformes;Muscicapidae
Sigelus silens;28916;Passeriformes;Muscicapidae
Melaenornis ardesiacus;28917;Passeriformes;Muscicapidae
Melaenornis silens;28917;Passeriformes;Muscicapidae
Melaenornis annamarulae;28918;Passeriformes;Muscicapidae
Melaenornis edolioides;28919;Passeriformes;Muscicapidae
Melaenornis pammelaina;28923;Passeriformes;Muscicapidae
Melaenornis fischeri;28929;Passeriformes;Muscicapidae
Melaenornis chocolatinus;28937;Passeriformes;Muscicapidae
Alethe diademata;28941;Passeriformes;Muscicapidae
Alethe castanea;28942;Passeriformes;Muscicapidae
Tychaedon coryphoeus;28945;Passeriformes;Muscicapidae
Tychaedon leucosticta;28948;Passeriformes;Muscicapidae
Tychaedon signata;28954;Passeriformes;Muscicapidae
Tychaedon quadrivirgata;28957;Passeriformes;Muscicapidae
Tychaedon barbata;28960;Passeriformes;Muscicapidae
Cercotrichas barbata;28961;Passeriformes;Muscicapidae
Cercotrichas coryphoeus;28961;Passeriformes;Muscicapidae
Cercotrichas podobe;28961;Passeriformes;Muscicapidae
Cercotrichas quadrivirgata;28961;Passeriformes;Muscicapidae
Cercotrichas signata;28961;Passeriformes;Muscicapidae
Cercotrichas galactotes;28964;Passeriformes;Muscicapidae
Cercotrichas paena;28972;Passeriformes;Muscicapidae
Cercotrichas hartlaubi;28977;Passeriformes;Muscicapidae
Cercotrichas leucophrys;28978;Passeriformes;Muscicapidae
Copsychus fulicatus;28991;Passeriformes;Muscicapidae
Copsychus saularis;28997;Passeriformes;Muscicapidae
Copsychus pyrropygus;29007;Passeriformes;Muscicapidae
Copsychus albospecularis;29008;Passeriformes;Muscicapidae
Copsychus mindanensis;29013;Passeriformes;Muscicapidae
Copsychus malabaricus;29014;Passeriformes;Muscicapidae
Copsychus leggei;29026;Passeriformes;Muscicapidae
Copsychus stricklandii;29027;Passeriformes;Muscicapidae
Copsychus albiventris;29030;Passeriformes;Muscicapidae
Copsychus luzoniensis;29034;Passeriformes;Muscicapidae
Copsychus superciliaris;29038;Passeriformes;Muscicapidae
Copsychus niger;29039;Passeriformes;Muscicapidae
Copsychus cebuensis;29040;Passeriformes;Muscicapidae
Leucoptilon concretum;29041;Passeriformes;Muscicapidae
Sholicola major;29045;Passeriformes;Muscicapidae
Sholicola albiventris;29046;Passeriformes;Muscicapidae
Niltava grandis;29049;Passeriformes;Muscicapidae
Niltava macgrigoriae;29055;Passeriformes;Muscicapidae
Niltava davidi;29059;Passeriformes;Muscicapidae
Niltava sundara;29060;Passeriformes;Muscicapidae
Niltava vivida;29067;Passeriformes;Muscicapidae
Cyanoptila cyanomelana;29069;Passeriformes;Muscicapidae
Cyanoptila cumatilis;29072;Passeriformes;Muscicapidae
Eumyias sanfordi;29074;Passeriformes;Muscicapidae
Eumyias hyacinthinus;29076;Passeriformes;Muscicapidae
Eumyias sordidus;29081;Passeriformes;Muscicapidae
Eumyias albicaudatus;29082;Passeriformes;Muscicapidae
Eumyias indigo;29083;Passeriformes;Muscicapidae
Eumyias thalassinus;29088;Passeriformes;Muscicapidae
Eumyias panayensis;29093;Passeriformes;Muscicapidae
Anthipes monileger;29101;Passeriformes;Muscicapidae
Anthipes solitaris;29105;Passeriformes;Muscicapidae
Cyornis concretus;29109;Passeriformes;Muscicapidae
Cyornis hoevelli;29109;Passeriformes;Muscicapidae
Cyornis sanfordi;29109;Passeriformes;Muscicapidae
Cyornis hainanus;29113;Passeriformes;Muscicapidae
Cyornis pallidipes;29117;Passeriformes;Muscicapidae
Cyornis poliogenys;29118;Passeriformes;Muscicapidae
Cyornis unicolor;29123;Passeriformes;Muscicapidae
Cyornis rubeculoides;29127;Passeriformes;Muscicapidae
Cyornis glaucicomans;29130;Passeriformes;Muscicapidae
Cyornis magnirostris;29133;Passeriformes;Muscicapidae
Cyornis whitei;29134;Passeriformes;Muscicapidae
Cyornis banyumas;29140;Passeriformes;Muscicapidae
Cyornis caerulatus;29145;Passeriformes;Muscicapidae
Cyornis turcosus;29149;Passeriformes;Muscicapidae
Cyornis lemprieri;29150;Passeriformes;Muscicapidae
Cyornis superbus;29151;Passeriformes;Muscicapidae
Cyornis tickelliae;29152;Passeriformes;Muscicapidae
Cyornis sumatrensis;29157;Passeriformes;Muscicapidae
Cyornis rufigastra;29161;Passeriformes;Muscicapidae
Cyornis omissus;29172;Passeriformes;Muscicapidae
Cyornis brunneatus;29179;Passeriformes;Muscicapidae
Cyornis umbratilis;29181;Passeriformes;Muscicapidae
Cyornis olivaceus;29182;Passeriformes;Muscicapidae
Cossyphicula roberti;29197;Passeriformes;Muscicapidae
Cossyphicula isabellae;29200;Passeriformes;Muscicapidae
Dessonornis archeri;29203;Passeriformes;Muscicapidae
Dessonornis anomalus;29206;Passeriformes;Muscicapidae
Dessonornis caffer;29212;Passeriformes;Muscicapidae
Dessonornis humeralis;29217;Passeriformes;Muscicapidae
Cossypha anomala;29218;Passeriformes;Muscicapidae
Cossypha archeri;29218;Passeriformes;Muscicapidae
Cossypha caffra;29218;Passeriformes;Muscicapidae
Cossypha cyanocampter;29218;Passeriformes;Muscicapidae
Cossypha humeralis;29218;Passeriformes;Muscicapidae
Cossypha polioptera;29218;Passeriformes;Muscicapidae
Cossypha semirufa;29221;Passeriformes;Muscicapidae
Cossypha heuglini;29225;Passeriformes;Muscicapidae
Cossypha natalensis;29229;Passeriformes;Muscicapidae
Cossypha dichroa;29233;Passeriformes;Muscicapidae
Cossypha heinrichi;29237;Passeriformes;Muscicapidae
Cossypha niveicapilla;29238;Passeriformes;Muscicapidae
Cossypha albicapillus;29241;Passeriformes;Muscicapidae
Xenocopsychus ansorgei;29246;Passeriformes;Muscicapidae
Cichladusa arquata;29247;Passeriformes;Muscicapidae
Cichladusa ruficauda;29248;Passeriformes;Muscicapidae
Cichladusa guttata;29249;Passeriformes;Muscicapidae
Erithacus rubecula;29253;Passeriformes;Muscicapidae
Pogonocichla stellata;29263;Passeriformes;Muscicapidae
Swynnertonia swynnertoni;29274;Passeriformes;Muscicapidae
Chamaetylas poliocephala;29277;Passeriformes;Muscicapidae
Chamaetylas poliophrys;29288;Passeriformes;Muscicapidae
Chamaetylas fuelleborni;29294;Passeriformes;Muscicapidae
Stiphrornis erythrothorax;29296;Passeriformes;Muscicapidae
Stiphrornis mabirae;29300;Passeriformes;Muscicapidae
Sheppardia polioptera;29304;Passeriformes;Muscicapidae
Sheppardia poensis;29309;Passeriformes;Muscicapidae
Sheppardia bocagei;29316;Passeriformes;Muscicapidae
Sheppardia cyornithopsis;29320;Passeriformes;Muscicapidae
Sheppardia aequatorialis;29324;Passeriformes;Muscicapidae
Sheppardia sharpei;29327;Passeriformes;Muscicapidae
Sheppardia gunningi;29330;Passeriformes;Muscicapidae
Leonardina woodi;29339;Passeriformes;Muscicapidae
Vauriella gularis;29340;Passeriformes;Muscicapidae
Vauriella albigularis;29342;Passeriformes;Muscicapidae
Brachypteryx hyperythra;29349;Passeriformes;Muscicapidae
Brachypteryx leucophris;29350;Passeriformes;Muscicapidae
Brachypteryx cruralis;29356;Passeriformes;Muscicapidae
Brachypteryx goodfellowi;29359;Passeriformes;Muscicapidae
Brachypteryx poliogyna;29360;Passeriformes;Muscicapidae
Brachypteryx erythrogyna;29368;Passeriformes;Muscicapidae
Brachypteryx saturata;29369;Passeriformes;Muscicapidae
Brachypteryx montana;29370;Passeriformes;Muscicapidae
Heteroxenicus stellatus;29374;Passeriformes;Muscicapidae
Larvivora sibilans;29377;Passeriformes;Muscicapidae
Larvivora akahige;29379;Passeriformes;Muscicapidae
Larvivora komadori;29382;Passeriformes;Muscicapidae
Larvivora namiyei;29383;Passeriformes;Muscicapidae
Larvivora brunnea;29385;Passeriformes;Muscicapidae
Larvivora cyane;29388;Passeriformes;Muscicapidae
Irania gutturalis;29391;Passeriformes;Muscicapidae
Luscinia luscinia;29392;Passeriformes;Muscicapidae
Luscinia megarhynchos;29393;Passeriformes;Muscicapidae
Luscinia phaenicuroides;29400;Passeriformes;Muscicapidae
Luscinia svecica;29403;Passeriformes;Muscicapidae
Myophonus blighi;29418;Passeriformes;Muscicapidae
Myophonus melanurus;29419;Passeriformes;Muscicapidae
Myophonus glaucinus;29420;Passeriformes;Muscicapidae
Myophonus castaneus;29421;Passeriformes;Muscicapidae
Myophonus borneensis;29422;Passeriformes;Muscicapidae
Myophonus horsfieldii;29424;Passeriformes;Muscicapidae
Myophonus insularis;29425;Passeriformes;Muscicapidae
Myophonus caeruleus;29426;Passeriformes;Muscicapidae
Enicurus scouleri;29435;Passeriformes;Muscicapidae
Enicurus leschenaulti;29438;Passeriformes;Muscicapidae
Enicurus borneensis;29446;Passeriformes;Muscicapidae
Enicurus maculatus;29448;Passeriformes;Muscicapidae
Enicurus ruficapillus;29456;Passeriformes;Muscicapidae
Enicurus immaculatus;29457;Passeriformes;Muscicapidae
Enicurus schistaceus;29458;Passeriformes;Muscicapidae
Calliope pectardens;29460;Passeriformes;Muscicapidae
Calliope calliope;29463;Passeriformes;Muscicapidae
Calliope pectoralis;29464;Passeriformes;Muscicapidae
Calliope tschebaiewi;29468;Passeriformes;Muscicapidae
Myiomela leucura;29470;Passeriformes;Muscicapidae
Cinclidium frontale;29477;Passeriformes;Muscicapidae
Tarsiger cyanurus;29480;Passeriformes;Muscicapidae
Tarsiger albocoeruleus;29481;Passeriformes;Muscicapidae
Tarsiger rufilatus;29483;Passeriformes;Muscicapidae
Tarsiger hyperythrus;29487;Passeriformes;Muscicapidae
Tarsiger indicus;29488;Passeriformes;Muscicapidae
Tarsiger formosanus;29491;Passeriformes;Muscicapidae
Tarsiger chrysaeus;29492;Passeriformes;Muscicapidae
Tarsiger johnstoniae;29495;Passeriformes;Muscicapidae
Ficedula zanthopygia;29498;Passeriformes;Muscicapidae
Ficedula elisae;29499;Passeriformes;Muscicapidae
Ficedula narcissina;29500;Passeriformes;Muscicapidae
Ficedula owstoni;29501;Passeriformes;Muscicapidae
Ficedula mugimaki;29507;Passeriformes;Muscicapidae
Ficedula erithacus;29508;Passeriformes;Muscicapidae
Ficedula nigrorufa;29509;Passeriformes;Muscicapidae
Ficedula tricolor;29510;Passeriformes;Muscicapidae
Ficedula hyperythra;29515;Passeriformes;Muscicapidae
Ficedula hodgsoni;29530;Passeriformes;Muscicapidae
Ficedula strophiata;29533;Passeriformes;Muscicapidae
Ficedula sapphira;29536;Passeriformes;Muscicapidae
Ficedula westermanni;29540;Passeriformes;Muscicapidae
Ficedula superciliaris;29549;Passeriformes;Muscicapidae
Ficedula ruficauda;29552;Passeriformes;Muscicapidae
Ficedula albicilla;29553;Passeriformes;Muscicapidae
Ficedula subrubra;29554;Passeriformes;Muscicapidae
Ficedula parva;29555;Passeriformes;Muscicapidae
Ficedula semitorquata;29557;Passeriformes;Muscicapidae
Ficedula hypoleuca;29558;Passeriformes;Muscicapidae
Ficedula speculigera;29563;Passeriformes;Muscicapidae
Ficedula albicollis;29565;Passeriformes;Muscicapidae
Ficedula dumetoria;29571;Passeriformes;Muscicapidae
Ficedula platenae;29574;Passeriformes;Muscicapidae
Ficedula henrici;29577;Passeriformes;Muscicapidae
Ficedula timorensis;29584;Passeriformes;Muscicapidae
Ficedula basilanica;29585;Passeriformes;Muscicapidae
Ficedula luzoniensis;29589;Passeriformes;Muscicapidae
Phoenicurus frontalis;29599;Passeriformes;Muscicapidae
Phoenicurus fuliginosus;29600;Passeriformes;Muscicapidae
Phoenicurus erythronotus;29604;Passeriformes;Muscicapidae
Phoenicurus leucocephalus;29605;Passeriformes;Muscicapidae
Phoenicurus alaschanicus;29606;Passeriformes;Muscicapidae
Phoenicurus coeruleocephala;29607;Passeriformes;Muscicapidae
Phoenicurus moussieri;29608;Passeriformes;Muscicapidae
Phoenicurus phoenicurus;29609;Passeriformes;Muscicapidae
Phoenicurus hodgsoni;29612;Passeriformes;Muscicapidae
Phoenicurus schisticeps;29613;Passeriformes;Muscicapidae
Phoenicurus erythrogastrus;29614;Passeriformes;Muscicapidae
Phoenicurus ochruros;29617;Passeriformes;Muscicapidae
Phoenicurus auroreus;29630;Passeriformes;Muscicapidae
Monticola rufocinereus;29634;Passeriformes;Muscicapidae
Monticola rufiventris;29637;Passeriformes;Muscicapidae
Monticola gularis;29638;Passeriformes;Muscicapidae
Monticola cinclorhyncha;29639;Passeriformes;Muscicapidae
Monticola explorator;29643;Passeriformes;Muscicapidae
Monticola imerina;29646;Passeriformes;Muscicapidae
Monticola sharpei;29648;Passeriformes;Muscicapidae
Monticola saxatilis;29651;Passeriformes;Muscicapidae
Monticola solitarius;29652;Passeriformes;Muscicapidae
Monticola angolensis;29660;Passeriformes;Muscicapidae
Monticola rupestris;29663;Passeriformes;Muscicapidae
Monticola semirufus;29664;Passeriformes;Muscicapidae
Saxicola rubetra;29666;Passeriformes;Muscicapidae
Saxicola insignis;29669;Passeriformes;Muscicapidae
Saxicola dacotiae;29670;Passeriformes;Muscicapidae
Saxicola rubicola;29673;Passeriformes;Muscicapidae
Saxicola maurus;29677;Passeriformes;Muscicapidae
Saxicola stejnegeri;29688;Passeriformes;Muscicapidae
Saxicola torquatus;29690;Passeriformes;Muscicapidae
Saxicola tectes;29708;Passeriformes;Muscicapidae
Saxicola leucurus;29709;Passeriformes;Muscicapidae
Saxicola caprata;29711;Passeriformes;Muscicapidae
Saxicola jerdoni;29728;Passeriformes;Muscicapidae
Saxicola ferreus;29729;Passeriformes;Muscicapidae
Saxicola gutturalis;29732;Passeriformes;Muscicapidae
Campicoloides bifasciatus;29736;Passeriformes;Muscicapidae
Emarginata sinuata;29737;Passeriformes;Muscicapidae
Emarginata schlegelii;29741;Passeriformes;Muscicapidae
Emarginata tractrac;29746;Passeriformes;Muscicapidae
Pinarochroa sordida;29752;Passeriformes;Muscicapidae
Thamnolaea cinnamomeiventris;29757;Passeriformes;Muscicapidae
Myrmecocichla collaris;29766;Passeriformes;Muscicapidae
Myrmecocichla nigra;29766;Passeriformes;Muscicapidae
Myrmecocichla aethiops;29767;Passeriformes;Muscicapidae
Myrmecocichla formicivora;29771;Passeriformes;Muscicapidae
Myrmecocichla monticola;29773;Passeriformes;Muscicapidae
Myrmecocichla melaena;29778;Passeriformes;Muscicapidae
Myrmecocichla arnotti;29779;Passeriformes;Muscicapidae
Oenanthe oenanthe;29783;Passeriformes;Muscicapidae
Oenanthe seebohmi;29788;Passeriformes;Muscicapidae
Oenanthe pileata;29790;Passeriformes;Muscicapidae
Oenanthe bottae;29794;Passeriformes;Muscicapidae
Oenanthe frenata;29795;Passeriformes;Muscicapidae
Oenanthe isabellina;29796;Passeriformes;Muscicapidae
Oenanthe monacha;29798;Passeriformes;Muscicapidae
Oenanthe deserti;29799;Passeriformes;Muscicapidae
Oenanthe hispanica;29803;Passeriformes;Muscicapidae
Oenanthe cypriaca;29804;Passeriformes;Muscicapidae
Oenanthe melanoleuca;29805;Passeriformes;Muscicapidae
Oenanthe pleschanka;29808;Passeriformes;Muscicapidae
Oenanthe albifrons;29813;Passeriformes;Muscicapidae
Oenanthe moesta;29820;Passeriformes;Muscicapidae
Oenanthe melanura;29823;Passeriformes;Muscicapidae
Oenanthe familiaris;29830;Passeriformes;Muscicapidae
Oenanthe dubia;29840;Passeriformes;Muscicapidae
Oenanthe scotocerca;29841;Passeriformes;Muscicapidae
Oenanthe fusca;29849;Passeriformes;Muscicapidae
Oenanthe picata;29850;Passeriformes;Muscicapidae
Oenanthe leucura;29854;Passeriformes;Muscicapidae
Oenanthe albonigra;29857;Passeriformes;Muscicapidae
Oenanthe leucopyga;29858;Passeriformes;Muscicapidae
Oenanthe lugentoides;29862;Passeriformes;Muscicapidae
Oenanthe lugubris;29865;Passeriformes;Muscicapidae
Oenanthe finschii;29869;Passeriformes;Muscicapidae
Oenanthe lugens;29872;Passeriformes;Muscicapidae
Oenanthe chrysopygia;29880;Passeriformes;Muscicapidae
Bombycilla garrulus;29885;Passeriformes;Bombycillidae
Bombycilla cedrorum;29888;Passeriformes;Bombycillidae
Bombycilla japonica;29891;Passeriformes;Bombycillidae
Phainoptila melanoxantha;29900;Passeriformes;Ptiliogonatidae
Ptiliogonys cinereus;29903;Passeriformes;Ptiliogonatidae
Ptiliogonys caudatus;29908;Passeriformes;Ptiliogonatidae
Phainopepla nitens;29909;Passeriformes;Ptiliogonatidae
Dulus dominicus;29913;Passeriformes;Dulidae
Hypocolius ampelinus;29919;Passeriformes;Hypocoliidae
Promerops gurneyi;29921;Passeriformes;Promeropidae
Promerops cafer;29924;Passeriformes;Promeropidae
Modulatrix stictigula;29926;Passeriformes;Modulatricidae
Arcanator orostruthus;29929;Passeriformes;Modulatricidae
Kakamega poliothorax;29933;Passeriformes;Modulatricidae
Prionochilus maculatus;29935;Passeriformes;Dicaeidae
Prionochilus percussus;29940;Passeriformes;Dicaeidae
Prionochilus plateni;29944;Passeriformes;Dicaeidae
Prionochilus xanthopygius;29947;Passeriformes;Dicaeidae
Prionochilus thoracicus;29948;Passeriformes;Dicaeidae
Pachyglossa olivacea;29950;Passeriformes;Dicaeidae
Pachyglossa agilis;29955;Passeriformes;Dicaeidae
Pachyglossa propria;29973;Passeriformes;Dicaeidae
Pachyglossa chrysorrhea;29974;Passeriformes;Dicaeidae
Pachyglossa melanozantha;29977;Passeriformes;Dicaeidae
Pachyglossa vincens;29978;Passeriformes;Dicaeidae
Dicaeum agile;29979;Passeriformes;Dicaeidae
Dicaeum chrysorrheum;29979;Passeriformes;Dicaeidae
Dicaeum annae;29980;Passeriformes;Dicaeidae
Dicaeum aureolimbatum;29983;Passeriformes;Dicaeidae
Dicaeum anthonyi;29989;Passeriformes;Dicaeidae
Dicaeum bicolor;29993;Passeriformes;Dicaeidae
Dicaeum australe;29998;Passeriformes;Dicaeidae
Dicaeum haematostictum;29999;Passeriformes;Dicaeidae
Dicaeum trigonostigma;30001;Passeriformes;Dicaeidae
Dicaeum hypoleucum;30025;Passeriformes;Dicaeidae
Dicaeum erythrorhynchos;30033;Passeriformes;Dicaeidae
Dicaeum concolor;30037;Passeriformes;Dicaeidae
Dicaeum minullum;30039;Passeriformes;Dicaeidae
Dicaeum virescens;30045;Passeriformes;Dicaeidae
Dicaeum pygmaeum;30046;Passeriformes;Dicaeidae
Dicaeum nehrkorni;30053;Passeriformes;Dicaeidae
Dicaeum schistaceiceps;30054;Passeriformes;Dicaeidae
Dicaeum vulneratum;30056;Passeriformes;Dicaeidae
Dicaeum pectorale;30057;Passeriformes;Dicaeidae
Dicaeum geelvinkianum;30060;Passeriformes;Dicaeidae
Dicaeum aeneum;30077;Passeriformes;Dicaeidae
Dicaeum tristrami;30081;Passeriformes;Dicaeidae
Dicaeum igniferum;30082;Passeriformes;Dicaeidae
Dicaeum maugei;30085;Passeriformes;Dicaeidae
Dicaeum ignipectus;30090;Passeriformes;Dicaeidae
Dicaeum cambodianum;30095;Passeriformes;Dicaeidae
Dicaeum monticolum;30101;Passeriformes;Dicaeidae
Dicaeum celebicum;30103;Passeriformes;Dicaeidae
Dicaeum sanguinolentum;30110;Passeriformes;Dicaeidae
Dicaeum hirundinaceum;30117;Passeriformes;Dicaeidae
Dicaeum cruentatum;30120;Passeriformes;Dicaeidae
Dicaeum trochileum;30128;Passeriformes;Dicaeidae
Chalcoparia singalensis;30134;Passeriformes;Nectariniidae
Deleornis fraseri;30146;Passeriformes;Nectariniidae
Deleornis axillaris;30150;Passeriformes;Nectariniidae
Anthreptes reichenowi;30151;Passeriformes;Nectariniidae
Anthreptes anchietae;30154;Passeriformes;Nectariniidae
Anthreptes simplex;30155;Passeriformes;Nectariniidae
Anthreptes malacensis;30156;Passeriformes;Nectariniidae
Anthreptes rhodolaemus;30176;Passeriformes;Nectariniidae
Anthreptes gabonicus;30178;Passeriformes;Nectariniidae
Anthreptes longuemarei;30179;Passeriformes;Nectariniidae
Anthreptes orientalis;30186;Passeriformes;Nectariniidae
Anthreptes seimundi;30189;Passeriformes;Nectariniidae
Anthreptes rectirostris;30193;Passeriformes;Nectariniidae
Anthreptes tephrolaemus;30194;Passeriformes;Nectariniidae
Hedydipna collaris;30197;Passeriformes;Nectariniidae
Hedydipna platura;30207;Passeriformes;Nectariniidae
Hedydipna metallica;30208;Passeriformes;Nectariniidae
Anabathmis reichenbachii;30210;Passeriformes;Nectariniidae
Anabathmis newtonii;30212;Passeriformes;Nectariniidae
Dreptes thomensis;30213;Passeriformes;Nectariniidae
Anthobaphes violacea;30214;Passeriformes;Nectariniidae
Cyanomitra verticalis;30215;Passeriformes;Nectariniidae
Cyanomitra cyanolaema;30223;Passeriformes;Nectariniidae
Cyanomitra oritis;30227;Passeriformes;Nectariniidae
Cyanomitra alinae;30231;Passeriformes;Nectariniidae
Cyanomitra olivacea;30237;Passeriformes;Nectariniidae
Cyanomitra veroxii;30249;Passeriformes;Nectariniidae
Chalcomitra adelberti;30253;Passeriformes;Nectariniidae
Chalcomitra fuliginosa;30256;Passeriformes;Nectariniidae
Chalcomitra rubescens;30259;Passeriformes;Nectariniidae
Chalcomitra amethystina;30263;Passeriformes;Nectariniidae
Chalcomitra senegalensis;30267;Passeriformes;Nectariniidae
Chalcomitra hunteri;30273;Passeriformes;Nectariniidae
Leptocoma zeylonica;30277;Passeriformes;Nectariniidae
Leptocoma minima;30280;Passeriformes;Nectariniidae
Leptocoma brasiliana;30282;Passeriformes;Nectariniidae
Leptocoma sperata;30289;Passeriformes;Nectariniidae
Leptocoma aspasia;30295;Passeriformes;Nectariniidae
Leptocoma calcostetha;30324;Passeriformes;Nectariniidae
Nectarinia tacazze;30327;Passeriformes;Nectariniidae
Nectarinia kilimensis;30330;Passeriformes;Nectariniidae
Nectarinia famosa;30334;Passeriformes;Nectariniidae
Nectarinia johnstoni;30337;Passeriformes;Nectariniidae
Drepanorhynchus reichenowi;30342;Passeriformes;Nectariniidae
Cinnyris chloropygius;30346;Passeriformes;Nectariniidae
Cinnyris minullus;30351;Passeriformes;Nectariniidae
Cinnyris gertrudis;30352;Passeriformes;Nectariniidae
Cinnyris manoensis;30353;Passeriformes;Nectariniidae
Cinnyris chalybeus;30357;Passeriformes;Nectariniidae
Cinnyris neergaardi;30361;Passeriformes;Nectariniidae
Cinnyris stuhlmanni;30362;Passeriformes;Nectariniidae
Cinnyris reichenowi;30373;Passeriformes;Nectariniidae
Cinnyris afer;30376;Passeriformes;Nectariniidae
Cinnyris regius;30379;Passeriformes;Nectariniidae
Cinnyris mediocris;30383;Passeriformes;Nectariniidae
Cinnyris usambaricus;30384;Passeriformes;Nectariniidae
Cinnyris fuelleborni;30385;Passeriformes;Nectariniidae
Cinnyris moreaui;30388;Passeriformes;Nectariniidae
Cinnyris pulchellus;30390;Passeriformes;Nectariniidae
Cinnyris melanogastrus;30391;Passeriformes;Nectariniidae
Cinnyris mariquensis;30393;Passeriformes;Nectariniidae
Cinnyris shelleyi;30397;Passeriformes;Nectariniidae
Cinnyris erythrocercus;30401;Passeriformes;Nectariniidae
Cinnyris nectarinioides;30402;Passeriformes;Nectariniidae
Cinnyris bifasciatus;30405;Passeriformes;Nectariniidae
Cinnyris tsavoensis;30408;Passeriformes;Nectariniidae
Cinnyris bouvieri;30411;Passeriformes;Nectariniidae
Cinnyris osea;30412;Passeriformes;Nectariniidae
Cinnyris habessinicus;30415;Passeriformes;Nectariniidae
Cinnyris hellmayri;30419;Passeriformes;Nectariniidae
Cinnyris coccinigastrus;30422;Passeriformes;Nectariniidae
Cinnyris johannae;30423;Passeriformes;Nectariniidae
Cinnyris superbus;30426;Passeriformes;Nectariniidae
Cinnyris rufipennis;30430;Passeriformes;Nectariniidae
Cinnyris talatala;30434;Passeriformes;Nectariniidae
Cinnyris venustus;30435;Passeriformes;Nectariniidae
Cinnyris fuscus;30442;Passeriformes;Nectariniidae
Cinnyris ursulae;30445;Passeriformes;Nectariniidae
Cinnyris batesi;30446;Passeriformes;Nectariniidae
Cinnyris cupreus;30447;Passeriformes;Nectariniidae
Cinnyris asiaticus;30450;Passeriformes;Nectariniidae
Cinnyris ornatus;30454;Passeriformes;Nectariniidae
Cinnyris frenatus;30464;Passeriformes;Nectariniidae
Cinnyris jugularis;30469;Passeriformes;Nectariniidae
Cinnyris aurora;30473;Passeriformes;Nectariniidae
Cinnyris clementiae;30474;Passeriformes;Nectariniidae
Cinnyris buettikoferi;30480;Passeriformes;Nectariniidae
Cinnyris solaris;30481;Passeriformes;Nectariniidae
Cinnyris sovimanga;30484;Passeriformes;Nectariniidae
Cinnyris notatus;30491;Passeriformes;Nectariniidae
Cinnyris dussumieri;30495;Passeriformes;Nectariniidae
Cinnyris lotenius;30501;Passeriformes;Nectariniidae
Aethopyga duyvenbodei;30506;Passeriformes;Nectariniidae
Aethopyga ignicauda;30507;Passeriformes;Nectariniidae
Aethopyga saturata;30510;Passeriformes;Nectariniidae
Aethopyga gouldiae;30522;Passeriformes;Nectariniidae
Aethopyga nipalensis;30528;Passeriformes;Nectariniidae
Aethopyga shelleyi;30539;Passeriformes;Nectariniidae
Aethopyga temminckii;30540;Passeriformes;Nectariniidae
Aethopyga mystacalis;30541;Passeriformes;Nectariniidae
Aethopyga vigorsii;30542;Passeriformes;Nectariniidae
Aethopyga siparaja;30543;Passeriformes;Nectariniidae
Aethopyga magnifica;30562;Passeriformes;Nectariniidae
Aethopyga christinae;30563;Passeriformes;Nectariniidae
Aethopyga bella;30568;Passeriformes;Nectariniidae
Aethopyga flagrans;30576;Passeriformes;Nectariniidae
Aethopyga guimarasensis;30579;Passeriformes;Nectariniidae
Aethopyga pulcherrima;30582;Passeriformes;Nectariniidae
Aethopyga boltoni;30590;Passeriformes;Nectariniidae
Kurochkinegramma hypogrammicum;30596;Passeriformes;Nectariniidae
Arachnothera crassirostris;30602;Passeriformes;Nectariniidae
Arachnothera robusta;30603;Passeriformes;Nectariniidae
Arachnothera flammifera;30606;Passeriformes;Nectariniidae
Arachnothera dilutior;30609;Passeriformes;Nectariniidae
Arachnothera longirostra;30610;Passeriformes;Nectariniidae
Arachnothera juliae;30620;Passeriformes;Nectariniidae
Arachnothera clarae;30621;Passeriformes;Nectariniidae
Arachnothera chrysogenys;30626;Passeriformes;Nectariniidae
Arachnothera flavigaster;30629;Passeriformes;Nectariniidae
Arachnothera magna;30630;Passeriformes;Nectariniidae
Arachnothera affinis;30636;Passeriformes;Nectariniidae
Arachnothera modesta;30637;Passeriformes;Nectariniidae
Arachnothera everetti;30641;Passeriformes;Nectariniidae
Irena puella;30644;Passeriformes;Irenidae
Irena tweeddalii;30650;Passeriformes;Irenidae
Irena cyanogastra;30651;Passeriformes;Irenidae
Chloropsis flavipennis;30658;Passeriformes;Chloropseidae
Chloropsis palawanensis;30659;Passeriformes;Chloropseidae
Chloropsis sonnerati;30660;Passeriformes;Chloropseidae
Chloropsis cyanopogon;30663;Passeriformes;Chloropseidae
Chloropsis moluccensis;30667;Passeriformes;Chloropseidae
Chloropsis cochinchinensis;30674;Passeriformes;Chloropseidae
Chloropsis kinabaluensis;30675;Passeriformes;Chloropseidae
Chloropsis jerdoni;30676;Passeriformes;Chloropseidae
Chloropsis aurifrons;30677;Passeriformes;Chloropseidae
Chloropsis hardwickii;30686;Passeriformes;Chloropseidae
Peucedramus taeniatus;30696;Passeriformes;Peucedramidae
Urocynchramus pylzowi;30703;Passeriformes;Urocynchramidae
Bubalornis albirostris;30705;Passeriformes;Ploceidae
Bubalornis niger;30706;Passeriformes;Ploceidae
Dinemellia dinemelli;30709;Passeriformes;Ploceidae
Sporopipes frontalis;30712;Passeriformes;Ploceidae
Sporopipes squamifrons;30715;Passeriformes;Ploceidae
Plocepasser mahali;30716;Passeriformes;Ploceidae
Plocepasser superciliosus;30721;Passeriformes;Ploceidae
Plocepasser rufoscapulatus;30722;Passeriformes;Ploceidae
Plocepasser donaldsoni;30723;Passeriformes;Ploceidae
Histurgops ruficauda;30724;Passeriformes;Ploceidae
Pseudonigrita arnaudi;30725;Passeriformes;Ploceidae
Pseudonigrita cabanisi;30728;Passeriformes;Ploceidae
Philetairus socius;30729;Passeriformes;Ploceidae
Malimbus cassini;30731;Passeriformes;Ploceidae
Malimbus scutatus;30734;Passeriformes;Ploceidae
Malimbus nitens;30741;Passeriformes;Ploceidae
Malimbus malimbicus;30742;Passeriformes;Ploceidae
Malimbus rubricollis;30746;Passeriformes;Ploceidae
Anaplectes rubriceps;30754;Passeriformes;Ploceidae
Ploceus bertrandi;30759;Passeriformes;Ploceidae
Ploceus baglafecht;30760;Passeriformes;Ploceidae
Ploceus luteolus;30775;Passeriformes;Ploceidae
Ploceus pelzelni;30776;Passeriformes;Ploceidae
Ploceus brachypterus;30780;Passeriformes;Ploceidae
Ploceus nigricollis;30781;Passeriformes;Ploceidae
Ploceus ocularis;30786;Passeriformes;Ploceidae
Ploceus melanogaster;30792;Passeriformes;Ploceidae
Ploceus alienus;30795;Passeriformes;Ploceidae
Ploceus capensis;30796;Passeriformes;Ploceidae
Ploceus subaureus;30798;Passeriformes;Ploceidae
Ploceus xanthops;30801;Passeriformes;Ploceidae
Ploceus aurantius;30802;Passeriformes;Ploceidae
Ploceus bojeri;30805;Passeriformes;Ploceidae
Ploceus castaneiceps;30806;Passeriformes;Ploceidae
Ploceus xanthopterus;30808;Passeriformes;Ploceidae
Ploceus castanops;30812;Passeriformes;Ploceidae
Ploceus taeniopterus;30816;Passeriformes;Ploceidae
Ploceus intermedius;30817;Passeriformes;Ploceidae
Ploceus velatus;30821;Passeriformes;Ploceidae
Ploceus vitellinus;30828;Passeriformes;Ploceidae
Ploceus galbula;30837;Passeriformes;Ploceidae
Ploceus spekei;30838;Passeriformes;Ploceidae
Ploceus spekeoides;30839;Passeriformes;Ploceidae
Ploceus castaneofuscus;30840;Passeriformes;Ploceidae
Ploceus nigerrimus;30841;Passeriformes;Ploceidae
Ploceus cucullatus;30843;Passeriformes;Ploceidae
Ploceus melanocephalus;30858;Passeriformes;Ploceidae
Ploceus jacksoni;30863;Passeriformes;Ploceidae
Ploceus rubiginosus;30864;Passeriformes;Ploceidae
Ploceus tricolor;30869;Passeriformes;Ploceidae
Ploceus albinucha;30872;Passeriformes;Ploceidae
Ploceus bicolor;30877;Passeriformes;Ploceidae
Ploceus insignis;30886;Passeriformes;Ploceidae
Ploceus sanctithomae;30894;Passeriformes;Ploceidae
Ploceus nelicourvi;30895;Passeriformes;Ploceidae
Ploceus sakalava;30896;Passeriformes;Ploceidae
Ploceus manyar;30899;Passeriformes;Ploceidae
Ploceus philippinus;30904;Passeriformes;Ploceidae
Ploceus hypoxanthus;30910;Passeriformes;Ploceidae
Ploceus benghalensis;30917;Passeriformes;Ploceidae
Pachyphantes superciliosus;30920;Passeriformes;Ploceidae
Quelea cardinalis;30921;Passeriformes;Ploceidae
Quelea quelea;30923;Passeriformes;Ploceidae
Brachycope anomala;30928;Passeriformes;Ploceidae
Foudia madagascariensis;30929;Passeriformes;Ploceidae
Foudia omissa;30937;Passeriformes;Ploceidae
Foudia rubra;30940;Passeriformes;Ploceidae
Foudia sechellarum;30941;Passeriformes;Ploceidae
Euplectes franciscanus;30943;Passeriformes;Ploceidae
Euplectes orix;30944;Passeriformes;Ploceidae
Euplectes nigroventris;30945;Passeriformes;Ploceidae
Euplectes hordeaceus;30946;Passeriformes;Ploceidae
Euplectes gierowii;30947;Passeriformes;Ploceidae
Euplectes afer;30951;Passeriformes;Ploceidae
Euplectes capensis;30957;Passeriformes;Ploceidae
Euplectes albonotatus;30966;Passeriformes;Ploceidae
Euplectes macroura;30970;Passeriformes;Ploceidae
Euplectes ardens;30978;Passeriformes;Ploceidae
Euplectes axillaris;30980;Passeriformes;Ploceidae
Euplectes hartlaubi;30986;Passeriformes;Ploceidae
Euplectes progne;30990;Passeriformes;Ploceidae
Amblyospiza albifrons;30997;Passeriformes;Ploceidae
Oreostruthus fuliginosus;31010;Passeriformes;Estrildidae
Stagonopleura guttata;31014;Passeriformes;Estrildidae
Stagonopleura oculata;31015;Passeriformes;Estrildidae
Stagonopleura bella;31016;Passeriformes;Estrildidae
Neochmia phaeton;31020;Passeriformes;Estrildidae
Neochmia temporalis;31023;Passeriformes;Estrildidae
Emblema pictum;31026;Passeriformes;Estrildidae
Emblema ruficauda;31027;Passeriformes;Estrildidae
Emblema modestum;31031;Passeriformes;Estrildidae
Stizoptera bichenovii;31032;Passeriformes;Estrildidae
Taeniopygia bichenovii;31035;Passeriformes;Estrildidae
Taeniopygia guttata;31035;Passeriformes;Estrildidae
Poephila personata;31040;Passeriformes;Estrildidae
Poephila acuticauda;31043;Passeriformes;Estrildidae
Poephila cincta;31046;Passeriformes;Estrildidae
Spermestes griseicapilla;31049;Passeriformes;Estrildidae
Spermestes cucullata;31050;Passeriformes;Estrildidae
Spermestes fringilloides;31053;Passeriformes;Estrildidae
Spermestes bicolor;31054;Passeriformes;Estrildidae
Lepidopygia nana;31061;Passeriformes;Estrildidae
Euodice cantans;31062;Passeriformes;Estrildidae
Euodice malabarica;31065;Passeriformes;Estrildidae
Padda oryzivora;31066;Passeriformes;Estrildidae
Lonchura punctulata;31076;Passeriformes;Estrildidae
Lonchura kelaarti;31090;Passeriformes;Estrildidae
Lonchura molucca;31094;Passeriformes;Estrildidae
Lonchura striata;31095;Passeriformes;Estrildidae
Lonchura fuscans;31105;Passeriformes;Estrildidae
Lonchura leucogastra;31106;Passeriformes;Estrildidae
Lonchura leucogastroides;31113;Passeriformes;Estrildidae
Lonchura malacca;31114;Passeriformes;Estrildidae
Lonchura atricapilla;31117;Passeriformes;Estrildidae
Lonchura maja;31133;Passeriformes;Estrildidae
Lonchura spectabilis;31153;Passeriformes;Estrildidae
Lonchura castaneothorax;31162;Passeriformes;Estrildidae
Chloebia gouldiae;31175;Passeriformes;Estrildidae
Erythrura prasina;31176;Passeriformes;Estrildidae
Erythrura hyperythra;31180;Passeriformes;Estrildidae
Erythrura pealii;31188;Passeriformes;Estrildidae
Erythrura trichroa;31201;Passeriformes;Estrildidae
Nesocharis shelleyi;31216;Passeriformes;Estrildidae
Coccopygia quartinia;31220;Passeriformes;Estrildidae
Coccopygia melanotis;31225;Passeriformes;Estrildidae
Mandingoa nitidula;31226;Passeriformes;Estrildidae
Cryptospiza jacksoni;31234;Passeriformes;Estrildidae
Cryptospiza salvadorii;31235;Passeriformes;Estrildidae
Cryptospiza reichenovii;31239;Passeriformes;Estrildidae
Parmoptila rubrifrons;31244;Passeriformes;Estrildidae
Nigrita fusconotus;31249;Passeriformes;Estrildidae
Nigrita bicolor;31252;Passeriformes;Estrildidae
Nigrita canicapillus;31256;Passeriformes;Estrildidae
Brunhilda erythronotos;31268;Passeriformes;Estrildidae
Brunhilda charmosyna;31271;Passeriformes;Estrildidae
Glaucestrilda caerulescens;31274;Passeriformes;Estrildidae
Glaucestrilda perreini;31275;Passeriformes;Estrildidae
Estrilda nonnula;31279;Passeriformes;Estrildidae
Estrilda kandti;31287;Passeriformes;Estrildidae
Estrilda melpoda;31288;Passeriformes;Estrildidae
Estrilda paludicola;31290;Passeriformes;Estrildidae
Estrilda astrild;31298;Passeriformes;Estrildidae
Estrilda troglodytes;31315;Passeriformes;Estrildidae
Estrilda rhodopyga;31316;Passeriformes;Estrildidae
Estrilda rufibarba;31319;Passeriformes;Estrildidae
Ortygospiza atricollis;31321;Passeriformes;Estrildidae
Paludipasser locustella;31336;Passeriformes;Estrildidae
Amadina fasciata;31339;Passeriformes;Estrildidae
Amadina erythrocephala;31344;Passeriformes;Estrildidae
Amandava subflava;31349;Passeriformes;Estrildidae
Amandava amandava;31352;Passeriformes;Estrildidae
Granatina ianthinogaster;31357;Passeriformes;Estrildidae
Granatina granatina;31358;Passeriformes;Estrildidae
Uraeginthus angolensis;31359;Passeriformes;Estrildidae
Uraeginthus bengalus;31362;Passeriformes;Estrildidae
Uraeginthus cyanocephalus;31367;Passeriformes;Estrildidae
Spermophaga haematina;31370;Passeriformes;Estrildidae
Spermophaga ruficapilla;31375;Passeriformes;Estrildidae
Pyrenestes ostrinus;31381;Passeriformes;Estrildidae
Pytilia melba;31383;Passeriformes;Estrildidae
Pytilia afra;31393;Passeriformes;Estrildidae
Euschistospiza cinereovinacea;31401;Passeriformes;Estrildidae
Hypargos niveoguttatus;31404;Passeriformes;Estrildidae
Hypargos margaritatus;31407;Passeriformes;Estrildidae
Lagonosticta senegala;31409;Passeriformes;Estrildidae
Lagonosticta rubricata;31416;Passeriformes;Estrildidae
Lagonosticta rhodopareia;31422;Passeriformes;Estrildidae
Lagonosticta rara;31429;Passeriformes;Estrildidae
Lagonosticta rufopicta;31432;Passeriformes;Estrildidae
Lagonosticta nitidula;31435;Passeriformes;Estrildidae
Lagonosticta larvata;31436;Passeriformes;Estrildidae
Vidua macroura;31443;Passeriformes;Viduidae
Vidua orientalis;31444;Passeriformes;Viduidae
Vidua paradisaea;31450;Passeriformes;Viduidae
Vidua fischeri;31452;Passeriformes;Viduidae
Vidua regia;31453;Passeriformes;Viduidae
Vidua chalybeata;31454;Passeriformes;Viduidae
Vidua wilsoni;31461;Passeriformes;Viduidae
Vidua funerea;31467;Passeriformes;Viduidae
Vidua purpurascens;31470;Passeriformes;Viduidae
Vidua codringtoni;31471;Passeriformes;Viduidae
Anomalospiza imberbis;31476;Passeriformes;Viduidae
Prunella collaris;31480;Passeriformes;Prunellidae
Prunella himalayana;31490;Passeriformes;Prunellidae
Prunella rubeculoides;31491;Passeriformes;Prunellidae
Prunella strophiata;31495;Passeriformes;Prunellidae
Prunella montanella;31498;Passeriformes;Prunellidae
Prunella ocularis;31501;Passeriformes;Prunellidae
Prunella fulvescens;31504;Passeriformes;Prunellidae
Prunella atrogularis;31511;Passeriformes;Prunellidae
Prunella koslowi;31514;Passeriformes;Prunellidae
Prunella modularis;31515;Passeriformes;Prunellidae
Prunella rubida;31523;Passeriformes;Prunellidae
Prunella immaculata;31526;Passeriformes;Prunellidae
Hypocryptadius cinnamomeus;31529;Passeriformes;Passeridae
Passer ammodendri;31530;Passeriformes;Passeridae
Passer domesticus;31534;Passeriformes;Passeridae
Passer italiae;31549;Passeriformes;Passeridae
Passer hispaniolensis;31552;Passeriformes;Passeridae
Passer pyrrhonotus;31559;Passeriformes;Passeridae
Passer cinnamomeus;31564;Passeriformes;Passeridae
Passer flaveolus;31568;Passeriformes;Passeridae
Passer moabiticus;31569;Passeriformes;Passeridae
Passer iagoensis;31572;Passeriformes;Passeridae
Passer motitensis;31575;Passeriformes;Passeridae
Passer rufocinctus;31579;Passeriformes;Passeridae
Passer shelleyi;31580;Passeriformes;Passeridae
Passer melanurus;31582;Passeriformes;Passeridae
Passer griseus;31586;Passeriformes;Passeridae
Passer swainsonii;31590;Passeriformes;Passeridae
Passer gongonensis;31591;Passeriformes;Passeridae
Passer suahelicus;31592;Passeriformes;Passeridae
Passer diffusus;31593;Passeriformes;Passeridae
Passer simplex;31599;Passeriformes;Passeridae
Passer montanus;31603;Passeriformes;Passeridae
Passer luteus;31616;Passeriformes;Passeridae
Passer euchlorus;31617;Passeriformes;Passeridae
Passer eminibey;31618;Passeriformes;Passeridae
Gymnoris pyrgita;31620;Passeriformes;Passeridae
Gymnoris xanthocollis;31623;Passeriformes;Passeridae
Gymnoris superciliaris;31626;Passeriformes;Passeridae
Gymnoris dentata;31631;Passeriformes;Passeridae
Petronia petronia;31632;Passeriformes;Passeridae
Carpospiza brachydactyla;31640;Passeriformes;Passeridae
Montifringilla blanfordi;31641;Passeriformes;Passeridae
Montifringilla nivalis;31641;Passeriformes;Passeridae
Montifringilla taczanowskii;31641;Passeriformes;Passeridae
Montifringilla henrici;31649;Passeriformes;Passeridae
Montifringilla adamsi;31650;Passeriformes;Passeridae
Onychostruthus taczanowskii;31653;Passeriformes;Passeridae
Pyrgilauda davidiana;31654;Passeriformes;Passeridae
Pyrgilauda ruficollis;31657;Passeriformes;Passeridae
Pyrgilauda blanfordi;31660;Passeriformes;Passeridae
Dendronanthus indicus;31667;Passeriformes;Motacillidae
Motacilla capensis;31668;Passeriformes;Motacillidae
Motacilla clara;31672;Passeriformes;Motacillidae
Motacilla flaviventris;31677;Passeriformes;Motacillidae
Motacilla cinerea;31678;Passeriformes;Motacillidae
Motacilla flava;31682;Passeriformes;Motacillidae
Motacilla tschutschensis;31700;Passeriformes;Motacillidae
Motacilla citreola;31707;Passeriformes;Motacillidae
Motacilla maderaspatensis;31714;Passeriformes;Motacillidae
Motacilla samveasnae;31715;Passeriformes;Motacillidae
Motacilla grandis;31716;Passeriformes;Motacillidae
Motacilla aguimp;31717;Passeriformes;Motacillidae
Motacilla alba;31720;Passeriformes;Motacillidae
Anthus australis;31738;Passeriformes;Motacillidae
Anthus lutescens;31738;Passeriformes;Motacillidae
Anthus novaeseelandiae;31746;Passeriformes;Motacillidae
Anthus richardi;31752;Passeriformes;Motacillidae
Anthus rufulus;31758;Passeriformes;Motacillidae
Anthus cinnamomeus;31766;Passeriformes;Motacillidae
Anthus hoeschi;31782;Passeriformes;Motacillidae
Anthus nyassae;31783;Passeriformes;Motacillidae
Anthus similis;31788;Passeriformes;Motacillidae
Anthus nicholsoni;31807;Passeriformes;Motacillidae
Anthus godlewskii;31813;Passeriformes;Motacillidae
Anthus campestris;31815;Passeriformes;Motacillidae
Anthus leucophrys;31816;Passeriformes;Motacillidae
Anthus vaalensis;31826;Passeriformes;Motacillidae
Anthus pallidiventris;31833;Passeriformes;Motacillidae
Anthus nilghiriensis;31836;Passeriformes;Motacillidae
Anthus sylvanus;31837;Passeriformes;Motacillidae
Anthus berthelotii;31838;Passeriformes;Motacillidae
Anthus melindae;31841;Passeriformes;Motacillidae
Anthus lineiventris;31844;Passeriformes;Motacillidae
Anthus crenatus;31847;Passeriformes;Motacillidae
Anthus gutturalis;31849;Passeriformes;Motacillidae
Anthus pratensis;31853;Passeriformes;Motacillidae
Anthus roseatus;31856;Passeriformes;Motacillidae
Anthus trivialis;31857;Passeriformes;Motacillidae
Anthus hodgsoni;31861;Passeriformes;Motacillidae
Anthus gustavi;31865;Passeriformes;Motacillidae
Anthus cervinus;31870;Passeriformes;Motacillidae
Anthus spinoletta;31871;Passeriformes;Motacillidae
Anthus petrosus;31876;Passeriformes;Motacillidae
Anthus japonicus;31882;Passeriformes;Motacillidae
Anthus rubescens;31883;Passeriformes;Motacillidae
Anthus spragueii;31889;Passeriformes;Motacillidae
Anthus chii;31890;Passeriformes;Motacillidae
Anthus peruvianus;31893;Passeriformes;Motacillidae
Anthus brevirostris;31894;Passeriformes;Motacillidae
Anthus furcatus;31895;Passeriformes;Motacillidae
Anthus chacoensis;31897;Passeriformes;Motacillidae
Anthus correndera;31898;Passeriformes;Motacillidae
Anthus antarcticus;31905;Passeriformes;Motacillidae
Anthus nattereri;31906;Passeriformes;Motacillidae
Anthus hellmayri;31907;Passeriformes;Motacillidae
Anthus bogotensis;31911;Passeriformes;Motacillidae
Anthus brachyurus;31917;Passeriformes;Motacillidae
Anthus caffer;31920;Passeriformes;Motacillidae
Tmetothylacus tenellus;31928;Passeriformes;Motacillidae
Hemimacronyx chloris;31929;Passeriformes;Motacillidae
Macronyx sharpei;31930;Passeriformes;Motacillidae
Macronyx capensis;31931;Passeriformes;Motacillidae
Macronyx croceus;31935;Passeriformes;Motacillidae
Macronyx fuelleborni;31936;Passeriformes;Motacillidae
Macronyx aurantiigula;31940;Passeriformes;Motacillidae
Macronyx ameliae;31941;Passeriformes;Motacillidae
Fringilla coelebs;31948;Passeriformes;Fringillidae
Fringilla moreletti;31958;Passeriformes;Fringillidae
Fringilla maderensis;31959;Passeriformes;Fringillidae
Fringilla canariensis;31960;Passeriformes;Fringillidae
Fringilla spodiogenys;31965;Passeriformes;Fringillidae
Fringilla teydea;31972;Passeriformes;Fringillidae
Fringilla montifringilla;31974;Passeriformes;Fringillidae
Chlorophonia elegantissima;31977;Passeriformes;Fringillidae
Chlorophonia musica;31981;Passeriformes;Fringillidae
Chlorophonia sclateri;31982;Passeriformes;Fringillidae
Chlorophonia flavifrons;31983;Passeriformes;Fringillidae
Chlorophonia cyanocephala;31984;Passeriformes;Fringillidae
Chlorophonia cyanea;31988;Passeriformes;Fringillidae
Chlorophonia pyrrhophrys;31996;Passeriformes;Fringillidae
Chlorophonia flavirostris;31997;Passeriformes;Fringillidae
Chlorophonia occipitalis;31998;Passeriformes;Fringillidae
Chlorophonia callophrys;31999;Passeriformes;Fringillidae
Euphonia cyanocephala;32000;Passeriformes;Fringillidae
Euphonia elegantissima;32000;Passeriformes;Fringillidae
Euphonia jamaica;32000;Passeriformes;Fringillidae
Euphonia musica;32000;Passeriformes;Fringillidae
Euphonia saturata;32001;Passeriformes;Fringillidae
Euphonia plumbea;32002;Passeriformes;Fringillidae
Euphonia chlorotica;32003;Passeriformes;Fringillidae
Euphonia finschi;32009;Passeriformes;Fringillidae
Euphonia concinna;32010;Passeriformes;Fringillidae
Euphonia trinitatis;32011;Passeriformes;Fringillidae
Euphonia godmani;32013;Passeriformes;Fringillidae
Euphonia affinis;32014;Passeriformes;Fringillidae
Euphonia luteicapilla;32018;Passeriformes;Fringillidae
Euphonia chrysopasta;32019;Passeriformes;Fringillidae
Euphonia minuta;32022;Passeriformes;Fringillidae
Euphonia chalybea;32025;Passeriformes;Fringillidae
Euphonia violacea;32026;Passeriformes;Fringillidae
Euphonia hirundinacea;32030;Passeriformes;Fringillidae
Euphonia laniirostris;32033;Passeriformes;Fringillidae
Euphonia imitans;32041;Passeriformes;Fringillidae
Euphonia gouldi;32042;Passeriformes;Fringillidae
Euphonia fulvicrissa;32045;Passeriformes;Fringillidae
Euphonia anneae;32049;Passeriformes;Fringillidae
Euphonia xanthogaster;32052;Passeriformes;Fringillidae
Euphonia mesochrysa;32064;Passeriformes;Fringillidae
Euphonia cayennensis;32068;Passeriformes;Fringillidae
Euphonia rufiventris;32069;Passeriformes;Fringillidae
Euphonia pectoralis;32070;Passeriformes;Fringillidae
Mycerobas icterioides;32072;Passeriformes;Fringillidae
Mycerobas affinis;32073;Passeriformes;Fringillidae
Mycerobas melanozanthos;32075;Passeriformes;Fringillidae
Mycerobas carnipes;32076;Passeriformes;Fringillidae
Hesperiphona abeillei;32080;Passeriformes;Fringillidae
Hesperiphona vespertina;32085;Passeriformes;Fringillidae
Coccothraustes abeillei;32091;Passeriformes;Fringillidae
Coccothraustes coccothraustes;32091;Passeriformes;Fringillidae
Coccothraustes vespertinus;32091;Passeriformes;Fringillidae
Eophona migratoria;32097;Passeriformes;Fringillidae
Eophona personata;32100;Passeriformes;Fringillidae
Oreomystis bairdi;32104;Passeriformes;Fringillidae
Paroreomyza montana;32107;Passeriformes;Fringillidae
Loxioides bailleui;32108;Passeriformes;Fringillidae
Telespiza ultima;32110;Passeriformes;Fringillidae
Palmeria dolei;32115;Passeriformes;Fringillidae
Himatione sanguinea;32117;Passeriformes;Fringillidae
Drepanis coccinea;32118;Passeriformes;Fringillidae
Pseudonestor xanthophrys;32125;Passeriformes;Fringillidae
Hemignathus wilsoni;32129;Passeriformes;Fringillidae
Magumma parva;32134;Passeriformes;Fringillidae
Chlorodrepanis virens;32135;Passeriformes;Fringillidae
Chlorodrepanis flava;32138;Passeriformes;Fringillidae
Chlorodrepanis stejnegeri;32139;Passeriformes;Fringillidae
Loxops mana;32141;Passeriformes;Fringillidae
Loxops caeruleirostris;32142;Passeriformes;Fringillidae
Loxops coccineus;32143;Passeriformes;Fringillidae
Carpodacus erythrinus;32147;Passeriformes;Fringillidae
Carpodacus sipahi;32153;Passeriformes;Fringillidae
Carpodacus rhodochlamys;32155;Passeriformes;Fringillidae
Carpodacus grandis;32158;Passeriformes;Fringillidae
Carpodacus pulcherrimus;32160;Passeriformes;Fringillidae
Carpodacus davidianus;32163;Passeriformes;Fringillidae
Carpodacus waltoni;32164;Passeriformes;Fringillidae
Carpodacus edwardsii;32167;Passeriformes;Fringillidae
Carpodacus rodochroa;32170;Passeriformes;Fringillidae
Carpodacus rodopeplus;32171;Passeriformes;Fringillidae
Carpodacus verreauxii;32173;Passeriformes;Fringillidae
Carpodacus vinaceus;32174;Passeriformes;Fringillidae
Carpodacus formosanus;32175;Passeriformes;Fringillidae
Carpodacus synoicus;32176;Passeriformes;Fringillidae
Carpodacus stoliczkae;32177;Passeriformes;Fringillidae
Carpodacus roborowskii;32181;Passeriformes;Fringillidae
Carpodacus rubicilloides;32183;Passeriformes;Fringillidae
Carpodacus rubicilla;32186;Passeriformes;Fringillidae
Carpodacus sibiricus;32193;Passeriformes;Fringillidae
Carpodacus puniceus;32201;Passeriformes;Fringillidae
Carpodacus subhimachalus;32207;Passeriformes;Fringillidae
Carpodacus roseus;32208;Passeriformes;Fringillidae
Carpodacus trifasciatus;32211;Passeriformes;Fringillidae
Carpodacus thura;32212;Passeriformes;Fringillidae
Carpodacus dubius;32216;Passeriformes;Fringillidae
Pinicola enucleator;32221;Passeriformes;Fringillidae
Pyrrhula nipalensis;32232;Passeriformes;Fringillidae
Pyrrhula leucogenis;32239;Passeriformes;Fringillidae
Pyrrhula aurantiaca;32242;Passeriformes;Fringillidae
Pyrrhula erythrocephala;32243;Passeriformes;Fringillidae
Pyrrhula erythaca;32244;Passeriformes;Fringillidae
Pyrrhula owstoni;32247;Passeriformes;Fringillidae
Pyrrhula murina;32250;Passeriformes;Fringillidae
Pyrrhula pyrrhula;32251;Passeriformes;Fringillidae
Rhodopechys sanguineus;32263;Passeriformes;Fringillidae
Bucanetes githagineus;32266;Passeriformes;Fringillidae
Bucanetes mongolicus;32271;Passeriformes;Fringillidae
Pyrrhoplectes epauletta;32273;Passeriformes;Fringillidae
Callacanthis burtoni;32274;Passeriformes;Fringillidae
Procarduelis nipalensis;32275;Passeriformes;Fringillidae
Leucosticte nemoricola;32279;Passeriformes;Fringillidae
Leucosticte brandti;32282;Passeriformes;Fringillidae
Leucosticte arctoa;32288;Passeriformes;Fringillidae
Leucosticte tephrocotis;32296;Passeriformes;Fringillidae
Leucosticte atrata;32306;Passeriformes;Fringillidae
Leucosticte australis;32308;Passeriformes;Fringillidae
Haemorhous mexicanus;32310;Passeriformes;Fringillidae
Haemorhous purpureus;32324;Passeriformes;Fringillidae
Haemorhous cassinii;32329;Passeriformes;Fringillidae
Rhodospiza obsoleta;32332;Passeriformes;Fringillidae
Rhynchostruthus percivali;32333;Passeriformes;Fringillidae
Chloris chloris;32336;Passeriformes;Fringillidae
Chloris sinica;32343;Passeriformes;Fringillidae
Chloris spinoides;32351;Passeriformes;Fringillidae
Chloris monguilloti;32354;Passeriformes;Fringillidae
Chloris ambigua;32355;Passeriformes;Fringillidae
Linurgus olivaceus;32359;Passeriformes;Fringillidae
Crithagra leucopygia;32364;Passeriformes;Fringillidae
Crithagra mozambica;32368;Passeriformes;Fringillidae
Crithagra citrinelloides;32379;Passeriformes;Fringillidae
Crithagra frontalis;32382;Passeriformes;Fringillidae
Crithagra hyposticta;32383;Passeriformes;Fringillidae
Crithagra capistrata;32386;Passeriformes;Fringillidae
Crithagra scotops;32390;Passeriformes;Fringillidae
Crithagra rothschildi;32394;Passeriformes;Fringillidae
Crithagra atrogularis;32395;Passeriformes;Fringillidae
Crithagra reichenowi;32403;Passeriformes;Fringillidae
Crithagra dorsostriata;32406;Passeriformes;Fringillidae
Crithagra flavigula;32410;Passeriformes;Fringillidae
Crithagra xantholaema;32411;Passeriformes;Fringillidae
Crithagra donaldsoni;32412;Passeriformes;Fringillidae
Crithagra buchanani;32413;Passeriformes;Fringillidae
Crithagra sulphurata;32414;Passeriformes;Fringillidae
Crithagra flaviventris;32418;Passeriformes;Fringillidae
Crithagra albogularis;32423;Passeriformes;Fringillidae
Crithagra striolata;32428;Passeriformes;Fringillidae
Crithagra burtoni;32432;Passeriformes;Fringillidae
Crithagra rufobrunnea;32438;Passeriformes;Fringillidae
Crithagra leucoptera;32443;Passeriformes;Fringillidae
Crithagra mennelli;32444;Passeriformes;Fringillidae
Crithagra gularis;32449;Passeriformes;Fringillidae
Crithagra reichardi;32456;Passeriformes;Fringillidae
Crithagra tristriata;32457;Passeriformes;Fringillidae
Crithagra menachensis;32458;Passeriformes;Fringillidae
Crithagra ankoberensis;32459;Passeriformes;Fringillidae
Crithagra totta;32460;Passeriformes;Fringillidae
Crithagra symonsi;32461;Passeriformes;Fringillidae
Linaria flavirostris;32463;Passeriformes;Fringillidae
Linaria cannabina;32472;Passeriformes;Fringillidae
Linaria yemenensis;32481;Passeriformes;Fringillidae
Acanthis cabaret;32483;Passeriformes;Fringillidae
Acanthis flammea;32483;Passeriformes;Fringillidae
Acanthis hornemanni;32483;Passeriformes;Fringillidae
Loxia pytyopsittacus;32496;Passeriformes;Fringillidae
Loxia scotica;32497;Passeriformes;Fringillidae
Loxia curvirostra;32498;Passeriformes;Fringillidae
Loxia sinesciuris;32539;Passeriformes;Fringillidae
Loxia megaplaga;32541;Passeriformes;Fringillidae
Loxia leucoptera;32542;Passeriformes;Fringillidae
Carduelis carduelis;32552;Passeriformes;Fringillidae
Carduelis caniceps;32563;Passeriformes;Fringillidae
Carduelis citrinella;32570;Passeriformes;Fringillidae
Carduelis corsicana;32571;Passeriformes;Fringillidae
Serinus serinus;32572;Passeriformes;Fringillidae
Serinus canaria;32574;Passeriformes;Fringillidae
Serinus pusillus;32577;Passeriformes;Fringillidae
Serinus syriacus;32578;Passeriformes;Fringillidae
Serinus flavivertex;32580;Passeriformes;Fringillidae
Serinus canicollis;32584;Passeriformes;Fringillidae
Serinus nigriceps;32588;Passeriformes;Fringillidae
Serinus alario;32589;Passeriformes;Fringillidae
Spinus thibetanus;32593;Passeriformes;Fringillidae
Spinus spinus;32594;Passeriformes;Fringillidae
Spinus pinus;32595;Passeriformes;Fringillidae
Spinus atriceps;32602;Passeriformes;Fringillidae
Spinus notatus;32604;Passeriformes;Fringillidae
Spinus dominicensis;32608;Passeriformes;Fringillidae
Spinus psaltria;32609;Passeriformes;Fringillidae
Spinus lawrencei;32616;Passeriformes;Fringillidae
Spinus tristis;32617;Passeriformes;Fringillidae
Spinus spinescens;32627;Passeriformes;Fringillidae
Spinus xanthogastrus;32631;Passeriformes;Fringillidae
Spinus cucullatus;32634;Passeriformes;Fringillidae
Spinus crassirostris;32635;Passeriformes;Fringillidae
Spinus magellanicus;32638;Passeriformes;Fringillidae
Spinus siemiradzkii;32652;Passeriformes;Fringillidae
Spinus olivaceus;32653;Passeriformes;Fringillidae
Spinus atratus;32655;Passeriformes;Fringillidae
Spinus uropygialis;32656;Passeriformes;Fringillidae
Spinus barbatus;32658;Passeriformes;Fringillidae
Calcarius lapponicus;32664;Passeriformes;Calcariidae
Calcarius ornatus;32670;Passeriformes;Calcariidae
Calcarius pictus;32671;Passeriformes;Calcariidae
Rhynchophanes mccownii;32672;Passeriformes;Calcariidae
Plectrophenax nivalis;32674;Passeriformes;Calcariidae
Plectrophenax hyperboreus;32680;Passeriformes;Calcariidae
Rhodinocichla rosea;32684;Passeriformes;Rhodinocichlidae
Emberiza affinis;32692;Passeriformes;Emberizidae
Emberiza lathami;32697;Passeriformes;Emberizidae
Emberiza melanocephala;32698;Passeriformes;Emberizidae
Emberiza bruniceps;32699;Passeriformes;Emberizidae
Emberiza calandra;32702;Passeriformes;Emberizidae
Emberiza fucata;32705;Passeriformes;Emberizidae
Emberiza koslowi;32709;Passeriformes;Emberizidae
Emberiza cia;32711;Passeriformes;Emberizidae
Emberiza godlewskii;32716;Passeriformes;Emberizidae
Emberiza cioides;32724;Passeriformes;Emberizidae
Emberiza cirlus;32731;Passeriformes;Emberizidae
Emberiza stewarti;32732;Passeriformes;Emberizidae
Emberiza citrinella;32733;Passeriformes;Emberizidae
Emberiza leucocephalos;32737;Passeriformes;Emberizidae
Emberiza buchanani;32742;Passeriformes;Emberizidae
Emberiza cineracea;32746;Passeriformes;Emberizidae
Emberiza hortulana;32749;Passeriformes;Emberizidae
Emberiza caesia;32751;Passeriformes;Emberizidae
Emberiza cabanisi;32753;Passeriformes;Emberizidae
Emberiza flaviventris;32756;Passeriformes;Emberizidae
Emberiza poliopleura;32761;Passeriformes;Emberizidae
Emberiza capensis;32762;Passeriformes;Emberizidae
Emberiza impetuani;32775;Passeriformes;Emberizidae
Emberiza tahapisi;32780;Passeriformes;Emberizidae
Emberiza goslingi;32786;Passeriformes;Emberizidae
Emberiza sahari;32788;Passeriformes;Emberizidae
Emberiza striolata;32789;Passeriformes;Emberizidae
Emberiza siemsseni;32793;Passeriformes;Emberizidae
Emberiza elegans;32794;Passeriformes;Emberizidae
Emberiza yessoensis;32798;Passeriformes;Emberizidae
Emberiza pallasi;32801;Passeriformes;Emberizidae
Emberiza schoeniclus;32806;Passeriformes;Emberizidae
Emberiza aureola;32827;Passeriformes;Emberizidae
Emberiza pusilla;32830;Passeriformes;Emberizidae
Emberiza rustica;32831;Passeriformes;Emberizidae
Emberiza sulphurata;32834;Passeriformes;Emberizidae
Emberiza spodocephala;32835;Passeriformes;Emberizidae
Emberiza personata;32838;Passeriformes;Emberizidae
Emberiza rutila;32840;Passeriformes;Emberizidae
Emberiza chrysophrys;32841;Passeriformes;Emberizidae
Emberiza tristrami;32842;Passeriformes;Emberizidae
Emberiza variabilis;32843;Passeriformes;Emberizidae
Oreothraupis arremonops;32846;Passeriformes;Passerellidae
Chlorospingus flavigularis;32847;Passeriformes;Passerellidae
Chlorospingus flavovirens;32847;Passeriformes;Passerellidae
Chlorospingus parvirostris;32852;Passeriformes;Passerellidae
Chlorospingus canigularis;32857;Passeriformes;Passerellidae
Chlorospingus pileatus;32864;Passeriformes;Passerellidae
Chlorospingus flavopectus;32867;Passeriformes;Passerellidae
Chlorospingus semifuscus;32901;Passeriformes;Passerellidae
Rhynchospiza stolzmanni;32906;Passeriformes;Passerellidae
Rhynchospiza dabbenei;32907;Passeriformes;Passerellidae
Rhynchospiza strigiceps;32908;Passeriformes;Passerellidae
Peucaea carpalis;32910;Passeriformes;Passerellidae
Peucaea sumichrasti;32914;Passeriformes;Passerellidae
Peucaea ruficauda;32915;Passeriformes;Passerellidae
Peucaea humeralis;32922;Passeriformes;Passerellidae
Peucaea mystacalis;32923;Passeriformes;Passerellidae
Peucaea botterii;32924;Passeriformes;Passerellidae
Peucaea cassinii;32936;Passeriformes;Passerellidae
Peucaea aestivalis;32938;Passeriformes;Passerellidae
Ammodramus savannarum;32943;Passeriformes;Passerellidae
Ammodramus humeralis;32955;Passeriformes;Passerellidae
Ammodramus aurifrons;32960;Passeriformes;Passerellidae
Arremonops rufivirgatus;32966;Passeriformes;Passerellidae
Arremonops chloronotus;32978;Passeriformes;Passerellidae
Arremonops conirostris;32982;Passeriformes;Passerellidae
Arremonops tocuyensis;32989;Passeriformes;Passerellidae
Spizella passerina;32990;Passeriformes;Passerellidae
Spizella pallida;32996;Passeriformes;Passerellidae
Spizella atrogularis;32998;Passeriformes;Passerellidae
Spizella pusilla;33002;Passeriformes;Passerellidae
Spizella breweri;33007;Passeriformes;Passerellidae
Spizella wortheni;33013;Passeriformes;Passerellidae
Amphispizopsis quinquestriata;33015;Passeriformes;Passerellidae
Amphispiza bilineata;33018;Passeriformes;Passerellidae
Amphispiza quinquestriata;33018;Passeriformes;Passerellidae
Chondestes grammacus;33029;Passeriformes;Passerellidae
Calamospiza melanocorys;33032;Passeriformes;Passerellidae
Arremon costaricensis;33033;Passeriformes;Passerellidae
Arremon basilicus;33034;Passeriformes;Passerellidae
Arremon perijanus;33035;Passeriformes;Passerellidae
Arremon atricapillus;33036;Passeriformes;Passerellidae
Arremon assimilis;33041;Passeriformes;Passerellidae
Arremon torquatus;33046;Passeriformes;Passerellidae
Arremon aurantiirostris;33051;Passeriformes;Passerellidae
Arremon abeillei;33061;Passeriformes;Passerellidae
Arremon nigriceps;33062;Passeriformes;Passerellidae
Arremon schlegeli;33063;Passeriformes;Passerellidae
Arremon taciturnus;33069;Passeriformes;Passerellidae
Arremon franciscanus;33072;Passeriformes;Passerellidae
Arremon semitorquatus;33073;Passeriformes;Passerellidae
Arremon dorbignii;33074;Passeriformes;Passerellidae
Arremon flavirostris;33075;Passeriformes;Passerellidae
Arremon virenticeps;33078;Passeriformes;Passerellidae
Arremon brunneinucha;33081;Passeriformes;Passerellidae
Arremon crassirostris;33093;Passeriformes;Passerellidae
Arremon castaneiceps;33094;Passeriformes;Passerellidae
Spizelloides arborea;33095;Passeriformes;Passerellidae
Passerella iliaca;33099;Passeriformes;Passerellidae
Passerella megarhyncha;33099;Passeriformes;Passerellidae
Passerella schistacea;33099;Passeriformes;Passerellidae
Passerella unalaschcensis;33099;Passeriformes;Passerellidae
Junco hyemalis;33124;Passeriformes;Passerellidae
Junco phaeonotus;33148;Passeriformes;Passerellidae
Junco vulcani;33157;Passeriformes;Passerellidae
Zonotrichia capensis;33158;Passeriformes;Passerellidae
Zonotrichia leucophrys;33187;Passeriformes;Passerellidae
Zonotrichia atricapilla;33196;Passeriformes;Passerellidae
Zonotrichia querula;33198;Passeriformes;Passerellidae
Zonotrichia albicollis;33201;Passeriformes;Passerellidae
Artemisiospiza nevadensis;33207;Passeriformes;Passerellidae
Artemisiospiza belli;33208;Passeriformes;Passerellidae
Oriturus superciliosus;33214;Passeriformes;Passerellidae
Pooecetes gramineus;33217;Passeriformes;Passerellidae
Ammospiza leconteii;33221;Passeriformes;Passerellidae
Ammospiza maritima;33222;Passeriformes;Passerellidae
Ammospiza nelsoni;33232;Passeriformes;Passerellidae
Ammospiza caudacuta;33238;Passeriformes;Passerellidae
Passerculus sandwichensis;33244;Passeriformes;Passerellidae
Centronyx bairdii;33270;Passeriformes;Passerellidae
Centronyx henslowii;33272;Passeriformes;Passerellidae
Xenospiza baileyi;33276;Passeriformes;Passerellidae
Melospiza melodia;33277;Passeriformes;Passerellidae
Melospiza lincolnii;33310;Passeriformes;Passerellidae
Melospiza georgiana;33315;Passeriformes;Passerellidae
Pezopetes capitalis;33321;Passeriformes;Passerellidae
Torreornis inexpectata;33322;Passeriformes;Passerellidae
Melozone kieneri;33326;Passeriformes;Passerellidae
Melozone fusca;33330;Passeriformes;Passerellidae
Melozone albicollis;33341;Passeriformes;Passerellidae
Melozone aberti;33344;Passeriformes;Passerellidae
Melozone crissalis;33350;Passeriformes;Passerellidae
Melozone leucotis;33358;Passeriformes;Passerellidae
Melozone biarcuata;33361;Passeriformes;Passerellidae
Melozone cabanisi;33362;Passeriformes;Passerellidae
Aimophila rufescens;33363;Passeriformes;Passerellidae
Aimophila ruficeps;33371;Passeriformes;Passerellidae
Aimophila notosticta;33384;Passeriformes;Passerellidae
Pipilo chlorurus;33385;Passeriformes;Passerellidae
Pipilo maculatus;33386;Passeriformes;Passerellidae
Pipilo erythrophthalmus;33415;Passeriformes;Passerellidae
Pipilo ocai;33425;Passeriformes;Passerellidae
Atlapetes pileatus;33433;Passeriformes;Passerellidae
Atlapetes albinucha;33436;Passeriformes;Passerellidae
Atlapetes tibialis;33446;Passeriformes;Passerellidae
Atlapetes albofrenatus;33448;Passeriformes;Passerellidae
Atlapetes personatus;33451;Passeriformes;Passerellidae
Atlapetes melanocephalus;33458;Passeriformes;Passerellidae
Atlapetes semirufus;33459;Passeriformes;Passerellidae
Atlapetes flaviceps;33466;Passeriformes;Passerellidae
Atlapetes fuscoolivaceus;33467;Passeriformes;Passerellidae
Atlapetes leucopis;33469;Passeriformes;Passerellidae
Atlapetes albiceps;33470;Passeriformes;Passerellidae
Atlapetes rufigenis;33471;Passeriformes;Passerellidae
Atlapetes crassus;33472;Passeriformes;Passerellidae
Atlapetes tricolor;33473;Passeriformes;Passerellidae
Atlapetes schistaceus;33474;Passeriformes;Passerellidae
Atlapetes taczanowskii;33479;Passeriformes;Passerellidae
Atlapetes pallidinucha;33480;Passeriformes;Passerellidae
Atlapetes latinuchus;33486;Passeriformes;Passerellidae
Atlapetes leucopterus;33495;Passeriformes;Passerellidae
Atlapetes pallidiceps;33500;Passeriformes;Passerellidae
Atlapetes seebohmi;33501;Passeriformes;Passerellidae
Atlapetes nationi;33505;Passeriformes;Passerellidae
Atlapetes canigenis;33511;Passeriformes;Passerellidae
Atlapetes melanolaemus;33512;Passeriformes;Passerellidae
Atlapetes rufinucha;33513;Passeriformes;Passerellidae
Atlapetes fulviceps;33517;Passeriformes;Passerellidae
Atlapetes citrinellus;33518;Passeriformes;Passerellidae
Calyptophilus tertius;33522;Passeriformes;Calyptophilidae
Calyptophilus frugivorus;33523;Passeriformes;Calyptophilidae
Phaenicophilus palmarum;33528;Passeriformes;Phaenicophilidae
Xenoligea montana;33535;Passeriformes;Phaenicophilidae
Microligea palustris;33536;Passeriformes;Phaenicophilidae
Nesospingus speculiferus;33539;Passeriformes;Phaenicophilidae
Spindalis zena;33540;Passeriformes;Phaenicophilidae
Spindalis nigricephala;33546;Passeriformes;Phaenicophilidae
Spindalis dominicensis;33547;Passeriformes;Phaenicophilidae
Spindalis portoricensis;33548;Passeriformes;Phaenicophilidae
Zeledonia coronata;33550;Passeriformes;Zeledoniidae
Teretistris fernandinae;33552;Passeriformes;Teretistridae
Teretistris fornsi;33553;Passeriformes;Teretistridae
Icteria virens;33559;Passeriformes;Icteriidae
Xanthocephalus xanthocephalus;33563;Passeriformes;Icteridae
Dolichonyx oryzivorus;33564;Passeriformes;Icteridae
Sturnella neglecta;33565;Passeriformes;Icteridae
Sturnella magna;33568;Passeriformes;Icteridae
Sturnella lilianae;33587;Passeriformes;Icteridae
Leistes militaris;33594;Passeriformes;Icteridae
Leistes superciliaris;33595;Passeriformes;Icteridae
Leistes bellicosus;33596;Passeriformes;Icteridae
Leistes defilippii;33599;Passeriformes;Icteridae
Leistes loyca;33600;Passeriformes;Icteridae
Amblycercus holosericeus;33607;Passeriformes;Icteridae
Cassiculus melanicterus;33612;Passeriformes;Icteridae
Psarocolius angustifrons;33613;Passeriformes;Icteridae
Psarocolius atrovirens;33622;Passeriformes;Icteridae
Psarocolius viridis;33623;Passeriformes;Icteridae
Psarocolius decumanus;33624;Passeriformes;Icteridae
Psarocolius wagleri;33629;Passeriformes;Icteridae
Psarocolius montezuma;33632;Passeriformes;Icteridae
Psarocolius guatimozinus;33633;Passeriformes;Icteridae
Psarocolius cassini;33634;Passeriformes;Icteridae
Psarocolius bifasciatus;33635;Passeriformes;Icteridae
Cacicus leucoramphus;33641;Passeriformes;Icteridae
Cacicus microrhynchus;33641;Passeriformes;Icteridae
Cacicus solitarius;33641;Passeriformes;Icteridae
Cacicus chrysopterus;33642;Passeriformes;Icteridae
Cacicus sclateri;33643;Passeriformes;Icteridae
Cacicus uropygialis;33645;Passeriformes;Icteridae
Cacicus cela;33649;Passeriformes;Icteridae
Cacicus chrysonotus;33654;Passeriformes;Icteridae
Cacicus latirostris;33659;Passeriformes;Icteridae
Cacicus haemorrhous;33660;Passeriformes;Icteridae
Cacicus oseryi;33663;Passeriformes;Icteridae
Icterus dominicensis;33665;Passeriformes;Icteridae
Icterus melanopsis;33666;Passeriformes;Icteridae
Icterus portoricensis;33668;Passeriformes;Icteridae
Icterus wagleri;33672;Passeriformes;Icteridae
Icterus maculialatus;33675;Passeriformes;Icteridae
Icterus prosthemelas;33676;Passeriformes;Icteridae
Icterus spurius;33679;Passeriformes;Icteridae
Icterus cucullatus;33682;Passeriformes;Icteridae
Icterus chrysater;33694;Passeriformes;Icteridae
Icterus auricapillus;33698;Passeriformes;Icteridae
Icterus graceannae;33699;Passeriformes;Icteridae
Icterus mesomelas;33700;Passeriformes;Icteridae
Icterus cayanensis;33706;Passeriformes;Icteridae
Icterus pyrrhopterus;33709;Passeriformes;Icteridae
Icterus icterus;33715;Passeriformes;Icteridae
Icterus jamacaii;33719;Passeriformes;Icteridae
Icterus croconotus;33720;Passeriformes;Icteridae
Icterus pustulatus;33724;Passeriformes;Icteridae
Icterus bullockii;33736;Passeriformes;Icteridae
Icterus auratus;33740;Passeriformes;Icteridae
Icterus leucopteryx;33741;Passeriformes;Icteridae
Icterus nigrogularis;33745;Passeriformes;Icteridae
Icterus pectoralis;33750;Passeriformes;Icteridae
Icterus gularis;33755;Passeriformes;Icteridae
Icterus graduacauda;33762;Passeriformes;Icteridae
Icterus galbula;33770;Passeriformes;Icteridae
Icterus abeillei;33773;Passeriformes;Icteridae
Icterus parisorum;33776;Passeriformes;Icteridae
Agelaius phoeniceus;33779;Passeriformes;Icteridae
Agelaius assimilis;33806;Passeriformes;Icteridae
Agelaius tricolor;33807;Passeriformes;Icteridae
Agelaius humeralis;33809;Passeriformes;Icteridae
Agelaius xanthomus;33813;Passeriformes;Icteridae
Molothrus rufoaxillaris;33816;Passeriformes;Icteridae
Molothrus bonariensis;33817;Passeriformes;Icteridae
Molothrus aeneus;33826;Passeriformes;Icteridae
Molothrus ater;33833;Passeriformes;Icteridae
Molothrus oryzivorus;33840;Passeriformes;Icteridae
Dives dives;33843;Passeriformes;Icteridae
Dives warczewiczi;33844;Passeriformes;Icteridae
Ptiloxena atroviolacea;33847;Passeriformes;Icteridae
Euphagus carolinus;33848;Passeriformes;Icteridae
Euphagus cyanocephalus;33851;Passeriformes;Icteridae
Quiscalus quiscula;33853;Passeriformes;Icteridae
Quiscalus major;33858;Passeriformes;Icteridae
Quiscalus mexicanus;33864;Passeriformes;Icteridae
Quiscalus nicaraguensis;33880;Passeriformes;Icteridae
Quiscalus niger;33881;Passeriformes;Icteridae
Quiscalus lugubris;33889;Passeriformes;Icteridae
Hypopyrrhus pyrohypogaster;33900;Passeriformes;Icteridae
Lampropsar tanagrinus;33901;Passeriformes;Icteridae
Gymnomystax mexicanus;33907;Passeriformes;Icteridae
Macroagelaius subalaris;33908;Passeriformes;Icteridae
Macroagelaius imthurni;33909;Passeriformes;Icteridae
Curaeus curaeus;33910;Passeriformes;Icteridae
Amblyramphus holosericeus;33914;Passeriformes;Icteridae
Anumara forbesi;33915;Passeriformes;Icteridae
Gnorimopsar chopi;33916;Passeriformes;Icteridae
Oreopsar bolivianus;33919;Passeriformes;Icteridae
Agelaioides badius;33920;Passeriformes;Icteridae
Agelaioides fringillarius;33923;Passeriformes;Icteridae
Agelasticus xanthophthalmus;33925;Passeriformes;Icteridae
Agelasticus cyanopus;33926;Passeriformes;Icteridae
Agelasticus thilius;33931;Passeriformes;Icteridae
Chrysomus ruficapillus;33935;Passeriformes;Icteridae
Chrysomus icterocephalus;33938;Passeriformes;Icteridae
Xanthopsar flavus;33941;Passeriformes;Icteridae
Pseudoleistes guirahuro;33942;Passeriformes;Icteridae
Pseudoleistes virescens;33943;Passeriformes;Icteridae
Seiurus aurocapilla;33946;Passeriformes;Parulidae
Helmitheros vermivorum;33950;Passeriformes;Parulidae
Parkesia motacilla;33952;Passeriformes;Parulidae
Parkesia noveboracensis;33953;Passeriformes;Parulidae
Vermivora chrysoptera;33956;Passeriformes;Parulidae
Vermivora cyanoptera;33957;Passeriformes;Parulidae
Mniotilta varia;33962;Passeriformes;Parulidae
Protonotaria citrea;33963;Passeriformes;Parulidae
Limnothlypis swainsonii;33964;Passeriformes;Parulidae
Oreothlypis superciliosa;33965;Passeriformes;Parulidae
Oreothlypis gutturalis;33971;Passeriformes;Parulidae
Leiothlypis peregrina;33972;Passeriformes;Parulidae
Leiothlypis celata;33973;Passeriformes;Parulidae
Leiothlypis crissalis;33979;Passeriformes;Parulidae
Leiothlypis luciae;33980;Passeriformes;Parulidae
Leiothlypis ruficapilla;33981;Passeriformes;Parulidae
Leiothlypis virginiae;33986;Passeriformes;Parulidae
Oporornis agilis;33991;Passeriformes;Parulidae
Geothlypis chiriquensis;33992;Passeriformes;Parulidae
Geothlypis poliocephala;33992;Passeriformes;Parulidae
Geothlypis aequinoctialis;33999;Passeriformes;Parulidae
Geothlypis auricularis;34000;Passeriformes;Parulidae
Geothlypis velata;34003;Passeriformes;Parulidae
Geothlypis tolmiei;34005;Passeriformes;Parulidae
Geothlypis philadelphia;34006;Passeriformes;Parulidae
Geothlypis formosa;34011;Passeriformes;Parulidae
Geothlypis semiflava;34013;Passeriformes;Parulidae
Geothlypis speciosa;34017;Passeriformes;Parulidae
Geothlypis beldingi;34020;Passeriformes;Parulidae
Geothlypis rostrata;34023;Passeriformes;Parulidae
Geothlypis flavovelata;34027;Passeriformes;Parulidae
Geothlypis trichas;34028;Passeriformes;Parulidae
Geothlypis nelsoni;34049;Passeriformes;Parulidae
Setophaga auduboni;34054;Passeriformes;Parulidae
Setophaga plumbea;34054;Passeriformes;Parulidae
Setophaga pharetra;34056;Passeriformes;Parulidae
Setophaga citrina;34057;Passeriformes;Parulidae
Setophaga ruticilla;34058;Passeriformes;Parulidae
Setophaga kirtlandii;34059;Passeriformes;Parulidae
Setophaga tigrina;34060;Passeriformes;Parulidae
Setophaga cerulea;34061;Passeriformes;Parulidae
Setophaga americana;34063;Passeriformes;Parulidae
Setophaga pitiayumi;34066;Passeriformes;Parulidae
Setophaga magnolia;34079;Passeriformes;Parulidae
Setophaga castanea;34083;Passeriformes;Parulidae
Setophaga fusca;34084;Passeriformes;Parulidae
Setophaga aestiva;34087;Passeriformes;Parulidae
Setophaga petechia;34097;Passeriformes;Parulidae
Setophaga pensylvanica;34133;Passeriformes;Parulidae
Setophaga striata;34138;Passeriformes;Parulidae
Setophaga caerulescens;34141;Passeriformes;Parulidae
Setophaga palmarum;34148;Passeriformes;Parulidae
Setophaga pityophila;34152;Passeriformes;Parulidae
Setophaga pinus;34153;Passeriformes;Parulidae
Setophaga coronata;34159;Passeriformes;Parulidae
Setophaga dominica;34171;Passeriformes;Parulidae
Setophaga flavescens;34180;Passeriformes;Parulidae
Setophaga discolor;34185;Passeriformes;Parulidae
Setophaga adelaidae;34191;Passeriformes;Parulidae
Setophaga graciae;34194;Passeriformes;Parulidae
Setophaga nigrescens;34200;Passeriformes;Parulidae
Setophaga townsendi;34206;Passeriformes;Parulidae
Setophaga occidentalis;34210;Passeriformes;Parulidae
Setophaga chrysoparia;34217;Passeriformes;Parulidae
Setophaga virens;34218;Passeriformes;Parulidae
Euthlypis lachrymosa;34224;Passeriformes;Parulidae
Basileuterus lachrymosus;34225;Passeriformes;Parulidae
Basileuterus rufifrons;34225;Passeriformes;Parulidae
Basileuterus delattrii;34233;Passeriformes;Parulidae
Basileuterus melanogenys;34238;Passeriformes;Parulidae
Basileuterus belli;34244;Passeriformes;Parulidae
Basileuterus culicivorus;34250;Passeriformes;Parulidae
Basileuterus melanotis;34268;Passeriformes;Parulidae
Basileuterus tristriatus;34270;Passeriformes;Parulidae
Basileuterus punctipectus;34281;Passeriformes;Parulidae
Basileuterus trifasciatus;34285;Passeriformes;Parulidae
Myiothlypis roraimae;34289;Passeriformes;Parulidae
Myiothlypis basilica;34290;Passeriformes;Parulidae
Myiothlypis luteoviridis;34291;Passeriformes;Parulidae
Myiothlypis leucophrys;34298;Passeriformes;Parulidae
Myiothlypis flaveola;34299;Passeriformes;Parulidae
Myiothlypis leucoblephara;34303;Passeriformes;Parulidae
Myiothlypis signata;34304;Passeriformes;Parulidae
Myiothlypis nigrocristata;34307;Passeriformes;Parulidae
Myiothlypis fulvicauda;34308;Passeriformes;Parulidae
Myiothlypis rivularis;34315;Passeriformes;Parulidae
Myiothlypis bivittata;34319;Passeriformes;Parulidae
Myiothlypis chlorophrys;34324;Passeriformes;Parulidae
Myiothlypis chrysogaster;34325;Passeriformes;Parulidae
Myiothlypis cinereicollis;34326;Passeriformes;Parulidae
Myiothlypis conspicillata;34330;Passeriformes;Parulidae
Myiothlypis fraseri;34331;Passeriformes;Parulidae
Myiothlypis coronata;34334;Passeriformes;Parulidae
Cardellina canadensis;34344;Passeriformes;Parulidae
Cardellina pusilla;34346;Passeriformes;Parulidae
Cardellina rubrifrons;34350;Passeriformes;Parulidae
Cardellina rubra;34351;Passeriformes;Parulidae
Cardellina versicolor;34356;Passeriformes;Parulidae
Myioborus pictus;34357;Passeriformes;Parulidae
Myioborus miniatus;34360;Passeriformes;Parulidae
Myioborus brunniceps;34374;Passeriformes;Parulidae
Myioborus castaneocapilla;34375;Passeriformes;Parulidae
Myioborus torquatus;34382;Passeriformes;Parulidae
Myioborus flavivertex;34383;Passeriformes;Parulidae
Myioborus ornatus;34384;Passeriformes;Parulidae
Myioborus melanocephalus;34387;Passeriformes;Parulidae
Myioborus albifrons;34395;Passeriformes;Parulidae
Mitrospingus cassinii;34400;Passeriformes;Mitrospingidae
Mitrospingus oleagineus;34403;Passeriformes;Mitrospingidae
Lamprospiza melanoleuca;34406;Passeriformes;Mitrospingidae
Orthogonys chloricterus;34407;Passeriformes;Mitrospingidae
Piranga hepatica;34409;Passeriformes;Cardinalidae
Piranga lutea;34409;Passeriformes;Cardinalidae
Piranga roseogularis;34409;Passeriformes;Cardinalidae
Piranga flava;34413;Passeriformes;Cardinalidae
Piranga rubra;34432;Passeriformes;Cardinalidae
Piranga olivacea;34436;Passeriformes;Cardinalidae
Piranga ludoviciana;34439;Passeriformes;Cardinalidae
Piranga bidentata;34442;Passeriformes;Cardinalidae
Piranga leucoptera;34449;Passeriformes;Cardinalidae
Piranga erythrocephala;34454;Passeriformes;Cardinalidae
Piranga rubriceps;34457;Passeriformes;Cardinalidae
Habia atrimaxillaris;34459;Passeriformes;Cardinalidae
Habia cristata;34459;Passeriformes;Cardinalidae
Habia fuscicauda;34459;Passeriformes;Cardinalidae
Habia gutturalis;34459;Passeriformes;Cardinalidae
Habia rubica;34459;Passeriformes;Cardinalidae
Driophlox fuscicauda;34480;Passeriformes;Cardinalidae
Driophlox gutturalis;34489;Passeriformes;Cardinalidae
Driophlox atrimaxillaris;34490;Passeriformes;Cardinalidae
Driophlox cristata;34491;Passeriformes;Cardinalidae
Chlorothraupis carmioli;34493;Passeriformes;Cardinalidae
Chlorothraupis frenata;34497;Passeriformes;Cardinalidae
Chlorothraupis olivacea;34498;Passeriformes;Cardinalidae
Chlorothraupis stolzmanni;34499;Passeriformes;Cardinalidae
Periporphyrus celaeno;34503;Passeriformes;Cardinalidae
Periporphyrus erythromelas;34504;Passeriformes;Cardinalidae
Caryothraustes poliogaster;34505;Passeriformes;Cardinalidae
Caryothraustes canadensis;34508;Passeriformes;Cardinalidae
Cardinalis phoeniceus;34514;Passeriformes;Cardinalidae
Cardinalis cardinalis;34515;Passeriformes;Cardinalidae
Cardinalis sinuatus;34535;Passeriformes;Cardinalidae
Pheucticus chrysopeplus;34541;Passeriformes;Cardinalidae
Pheucticus chrysogaster;34546;Passeriformes;Cardinalidae
Pheucticus tibialis;34549;Passeriformes;Cardinalidae
Pheucticus aureoventris;34550;Passeriformes;Cardinalidae
Pheucticus ludovicianus;34557;Passeriformes;Cardinalidae
Pheucticus melanocephalus;34559;Passeriformes;Cardinalidae
Granatellus venustus;34565;Passeriformes;Cardinalidae
Granatellus sallaei;34568;Passeriformes;Cardinalidae
Granatellus pelzelni;34571;Passeriformes;Cardinalidae
Amaurospiza concolor;34573;Passeriformes;Cardinalidae
Amaurospiza aequatorialis;34576;Passeriformes;Cardinalidae
Amaurospiza moesta;34578;Passeriformes;Cardinalidae
Cyanoloxia glaucocaerulea;34579;Passeriformes;Cardinalidae
Cyanoloxia cyanoides;34580;Passeriformes;Cardinalidae
Cyanoloxia rothschildii;34584;Passeriformes;Cardinalidae
Cyanoloxia brissonii;34586;Passeriformes;Cardinalidae
Cyanocompsa parellina;34593;Passeriformes;Cardinalidae
Passerina caerulea;34598;Passeriformes;Cardinalidae
Passerina amoena;34606;Passeriformes;Cardinalidae
Passerina cyanea;34607;Passeriformes;Cardinalidae
Passerina rositae;34611;Passeriformes;Cardinalidae
Passerina leclancherii;34612;Passeriformes;Cardinalidae
Passerina versicolor;34615;Passeriformes;Cardinalidae
Passerina ciris;34621;Passeriformes;Cardinalidae
Spiza americana;34627;Passeriformes;Cardinalidae
Orchesticus abeillei;34629;Passeriformes;Thraupidae
Paroaria coronata;34630;Passeriformes;Thraupidae
Paroaria dominicana;34631;Passeriformes;Thraupidae
Paroaria nigrogenis;34632;Passeriformes;Thraupidae
Paroaria gularis;34633;Passeriformes;Thraupidae
Paroaria baeri;34638;Passeriformes;Thraupidae
Paroaria capitata;34643;Passeriformes;Thraupidae
Schistochlamys melanopis;34647;Passeriformes;Thraupidae
Schistochlamys ruficapillus;34653;Passeriformes;Thraupidae
Cissopis leverianus;34654;Passeriformes;Thraupidae
Neothraupis fasciata;34657;Passeriformes;Thraupidae
Conothraupis speculigera;34658;Passeriformes;Thraupidae
Conothraupis mesoleuca;34659;Passeriformes;Thraupidae
Compsothraupis loricata;34660;Passeriformes;Thraupidae
Sericossypha albocristata;34661;Passeriformes;Thraupidae
Nemosia pileata;34662;Passeriformes;Thraupidae
Creurgops verticalis;34670;Passeriformes;Thraupidae
Creurgops dentatus;34671;Passeriformes;Thraupidae
Kleinothraupis atropileus;34672;Passeriformes;Thraupidae
Kleinothraupis parodii;34676;Passeriformes;Thraupidae
Kleinothraupis reyi;34677;Passeriformes;Thraupidae
Sphenopsis frontalis;34678;Passeriformes;Thraupidae
Sphenopsis melanotis;34686;Passeriformes;Thraupidae
Thlypopsis sordida;34695;Passeriformes;Thraupidae
Thlypopsis inornata;34700;Passeriformes;Thraupidae
Thlypopsis fulviceps;34701;Passeriformes;Thraupidae
Thlypopsis pyrrhocoma;34706;Passeriformes;Thraupidae
Thlypopsis ruficeps;34707;Passeriformes;Thraupidae
Thlypopsis superciliaris;34708;Passeriformes;Thraupidae
Thlypopsis ornata;34718;Passeriformes;Thraupidae
Thlypopsis pectoralis;34722;Passeriformes;Thraupidae
Microspingus alticola;34724;Passeriformes;Thraupidae
Microspingus erythrophrys;34725;Passeriformes;Thraupidae
Microspingus lateralis;34728;Passeriformes;Thraupidae
Microspingus cabanisi;34729;Passeriformes;Thraupidae
Microspingus torquatus;34730;Passeriformes;Thraupidae
Microspingus melanoleucus;34733;Passeriformes;Thraupidae
Microspingus cinereus;34734;Passeriformes;Thraupidae
Microspingus trifasciatus;34735;Passeriformes;Thraupidae
Nephelornis oneilli;34736;Passeriformes;Thraupidae
Trichothraupis melanops;34737;Passeriformes;Thraupidae
Eucometis penicillata;34740;Passeriformes;Thraupidae
Loriotus cristatus;34751;Passeriformes;Thraupidae
Loriotus rufiventer;34760;Passeriformes;Thraupidae
Loriotus luctuosus;34761;Passeriformes;Thraupidae
Tachyphonus cristatus;34769;Passeriformes;Thraupidae
Tachyphonus luctuosus;34769;Passeriformes;Thraupidae
Tachyphonus surinamus;34769;Passeriformes;Thraupidae
Tachyphonus delatrii;34775;Passeriformes;Thraupidae
Tachyphonus coronatus;34776;Passeriformes;Thraupidae
Tachyphonus rufus;34777;Passeriformes;Thraupidae
Tachyphonus phoenicius;34778;Passeriformes;Thraupidae
Lanio fulvus;34780;Passeriformes;Thraupidae
Lanio versicolor;34783;Passeriformes;Thraupidae
Lanio aurantius;34786;Passeriformes;Thraupidae
Lanio leucothorax;34787;Passeriformes;Thraupidae
Ramphocelus icteronotus;34793;Passeriformes;Thraupidae
Ramphocelus sanguinolentus;34793;Passeriformes;Thraupidae
Ramphocelus flammigerus;34796;Passeriformes;Thraupidae
Ramphocelus passerinii;34800;Passeriformes;Thraupidae
Ramphocelus bresilius;34804;Passeriformes;Thraupidae
Ramphocelus melanogaster;34807;Passeriformes;Thraupidae
Ramphocelus carbo;34810;Passeriformes;Thraupidae
Ramphocelus nigrogularis;34819;Passeriformes;Thraupidae
Ramphocelus dimidiatus;34820;Passeriformes;Thraupidae
Calochaetes coccineus;34828;Passeriformes;Thraupidae
Cyanicterus cyanicterus;34829;Passeriformes;Thraupidae
Bangsia arcaei;34830;Passeriformes;Thraupidae
Bangsia melanochlamys;34833;Passeriformes;Thraupidae
Bangsia rothschildi;34834;Passeriformes;Thraupidae
Bangsia edwardsi;34835;Passeriformes;Thraupidae
Bangsia aureocincta;34836;Passeriformes;Thraupidae
Bangsia flavovirens;34837;Passeriformes;Thraupidae
Wetmorethraupis sterrhopteron;34838;Passeriformes;Thraupidae
Buthraupis montana;34839;Passeriformes;Thraupidae
Buthraupis wetmorei;34839;Passeriformes;Thraupidae
Sporathraupis cyanocephala;34845;Passeriformes;Thraupidae
Tephrophilus wetmorei;34856;Passeriformes;Thraupidae
Chlorornis riefferii;34857;Passeriformes;Thraupidae
Cnemathraupis eximia;34863;Passeriformes;Thraupidae
Cnemathraupis aureodorsalis;34870;Passeriformes;Thraupidae
Anisognathus lacrymosus;34872;Passeriformes;Thraupidae
Anisognathus igniventris;34883;Passeriformes;Thraupidae
Anisognathus somptuosus;34889;Passeriformes;Thraupidae
Anisognathus notabilis;34900;Passeriformes;Thraupidae
Dubusia taeniata;34902;Passeriformes;Thraupidae
Dubusia castaneoventris;34904;Passeriformes;Thraupidae
Pseudosaltator rufiventris;34905;Passeriformes;Thraupidae
Stephanophorus diadematus;34906;Passeriformes;Thraupidae
Iridosornis porphyrocephalus;34907;Passeriformes;Thraupidae
Iridosornis analis;34908;Passeriformes;Thraupidae
Iridosornis jelskii;34909;Passeriformes;Thraupidae
Iridosornis rufivertex;34912;Passeriformes;Thraupidae
Iridosornis reinhardti;34916;Passeriformes;Thraupidae
Pipraeidea bonariensis;34917;Passeriformes;Thraupidae
Pipraeidea melanonota;34917;Passeriformes;Thraupidae
Rauenia bonariensis;34920;Passeriformes;Thraupidae
Chlorochrysa phoenicotis;34926;Passeriformes;Thraupidae
Chlorochrysa calliparaea;34927;Passeriformes;Thraupidae
Chlorochrysa nitidissima;34932;Passeriformes;Thraupidae
Thraupis cyanocephala;34933;Passeriformes;Thraupidae
Thraupis episcopus;34933;Passeriformes;Thraupidae
Thraupis sayaca;34949;Passeriformes;Thraupidae
Thraupis glaucocolpa;34953;Passeriformes;Thraupidae
Thraupis cyanoptera;34954;Passeriformes;Thraupidae
Thraupis ornata;34955;Passeriformes;Thraupidae
Thraupis abbas;34956;Passeriformes;Thraupidae
Thraupis palmarum;34957;Passeriformes;Thraupidae
Ixothraupis varia;34964;Passeriformes;Thraupidae
Ixothraupis rufigula;34965;Passeriformes;Thraupidae
Ixothraupis guttata;34966;Passeriformes;Thraupidae
Ixothraupis xanthogastra;34973;Passeriformes;Thraupidae
Ixothraupis punctata;34976;Passeriformes;Thraupidae
Chalcothraupis ruficervix;34983;Passeriformes;Thraupidae
Poecilostreptus cabanisi;34992;Passeriformes;Thraupidae
Poecilostreptus palmeri;34993;Passeriformes;Thraupidae
Stilpnia cyanoptera;34994;Passeriformes;Thraupidae
Stilpnia viridicollis;34996;Passeriformes;Thraupidae
Stilpnia heinei;34999;Passeriformes;Thraupidae
Stilpnia argyrofenges;35000;Passeriformes;Thraupidae
Stilpnia peruviana;35004;Passeriformes;Thraupidae
Stilpnia preciosa;35005;Passeriformes;Thraupidae
Stilpnia cayana;35007;Passeriformes;Thraupidae
Stilpnia vitriolina;35020;Passeriformes;Thraupidae
Stilpnia nigrocincta;35021;Passeriformes;Thraupidae
Stilpnia larvata;35022;Passeriformes;Thraupidae
Stilpnia cyanicollis;35027;Passeriformes;Thraupidae
Tangara vassorii;35036;Passeriformes;Thraupidae
Tangara nigroviridis;35041;Passeriformes;Thraupidae
Tangara dowii;35046;Passeriformes;Thraupidae
Tangara labradorides;35048;Passeriformes;Thraupidae
Tangara cyanotis;35051;Passeriformes;Thraupidae
Tangara inornata;35054;Passeriformes;Thraupidae
Tangara mexicana;35058;Passeriformes;Thraupidae
Tangara brasiliensis;35063;Passeriformes;Thraupidae
Tangara chilensis;35064;Passeriformes;Thraupidae
Tangara velia;35069;Passeriformes;Thraupidae
Tangara callophrys;35075;Passeriformes;Thraupidae
Tangara seledon;35076;Passeriformes;Thraupidae
Tangara fastuosa;35077;Passeriformes;Thraupidae
Tangara cyanocephala;35078;Passeriformes;Thraupidae
Tangara desmaresti;35082;Passeriformes;Thraupidae
Tangara cyanoventris;35083;Passeriformes;Thraupidae
Tangara lavinia;35084;Passeriformes;Thraupidae
Tangara gyrola;35088;Passeriformes;Thraupidae
Tangara chrysotis;35101;Passeriformes;Thraupidae
Tangara xanthocephala;35102;Passeriformes;Thraupidae
Tangara parzudakii;35106;Passeriformes;Thraupidae
Tangara schrankii;35111;Passeriformes;Thraupidae
Tangara johannae;35114;Passeriformes;Thraupidae
Tangara arthus;35115;Passeriformes;Thraupidae
Tangara florida;35127;Passeriformes;Thraupidae
Tangara icterocephala;35130;Passeriformes;Thraupidae
Tersina viridis;35137;Passeriformes;Thraupidae
Dacnis albiventris;35141;Passeriformes;Thraupidae
Dacnis lineata;35145;Passeriformes;Thraupidae
Dacnis flaviventer;35146;Passeriformes;Thraupidae
Dacnis hartlaubi;35147;Passeriformes;Thraupidae
Dacnis nigripes;35148;Passeriformes;Thraupidae
Dacnis venusta;35149;Passeriformes;Thraupidae
Dacnis cayana;35152;Passeriformes;Thraupidae
Dacnis berlepschi;35162;Passeriformes;Thraupidae
Cyanerpes nitidus;35164;Passeriformes;Thraupidae
Cyanerpes lucidus;35165;Passeriformes;Thraupidae
Cyanerpes caeruleus;35168;Passeriformes;Thraupidae
Cyanerpes cyaneus;35174;Passeriformes;Thraupidae
Chlorophanes spiza;35188;Passeriformes;Thraupidae
Iridophanes pulcherrimus;35196;Passeriformes;Thraupidae
Heterospingus rubrifrons;35199;Passeriformes;Thraupidae
Heterospingus xanthopygius;35200;Passeriformes;Thraupidae
Hemithraupis guira;35203;Passeriformes;Thraupidae
Hemithraupis ruficapilla;35212;Passeriformes;Thraupidae
Hemithraupis flavicollis;35216;Passeriformes;Thraupidae
Chrysothlypis chrysomelas;35230;Passeriformes;Thraupidae
Chrysothlypis salmoni;35234;Passeriformes;Thraupidae
Conirostrum bicolor;35236;Passeriformes;Thraupidae
Conirostrum margaritae;35239;Passeriformes;Thraupidae
Conirostrum speciosum;35240;Passeriformes;Thraupidae
Conirostrum leucogenys;35244;Passeriformes;Thraupidae
Conirostrum binghami;35248;Passeriformes;Thraupidae
Conirostrum ferrugineiventre;35249;Passeriformes;Thraupidae
Conirostrum sitticolor;35250;Passeriformes;Thraupidae
Conirostrum albifrons;35254;Passeriformes;Thraupidae
Conirostrum tamarugense;35263;Passeriformes;Thraupidae
Conirostrum rufum;35264;Passeriformes;Thraupidae
Conirostrum cinereum;35265;Passeriformes;Thraupidae
Diglossa gloriosissima;35271;Passeriformes;Thraupidae
Diglossa lafresnayii;35274;Passeriformes;Thraupidae
Diglossa mystacalis;35275;Passeriformes;Thraupidae
Diglossa gloriosa;35280;Passeriformes;Thraupidae
Diglossa humeralis;35281;Passeriformes;Thraupidae
Diglossa brunneiventris;35285;Passeriformes;Thraupidae
Diglossa carbonaria;35288;Passeriformes;Thraupidae
Diglossa albilatera;35291;Passeriformes;Thraupidae
Diglossa major;35300;Passeriformes;Thraupidae
Diglossa indigotica;35305;Passeriformes;Thraupidae
Diglossa baritula;35306;Passeriformes;Thraupidae
Diglossa plumbea;35310;Passeriformes;Thraupidae
Diglossa sittoides;35313;Passeriformes;Thraupidae
Diglossa glauca;35320;Passeriformes;Thraupidae
Diglossa caerulescens;35323;Passeriformes;Thraupidae
Diglossa cyanea;35330;Passeriformes;Thraupidae
Catamblyrhynchus diadema;35338;Passeriformes;Thraupidae
Urothraupis stolzmanni;35342;Passeriformes;Thraupidae
Phrygilus atriceps;35343;Passeriformes;Thraupidae
Phrygilus punensis;35344;Passeriformes;Thraupidae
Phrygilus gayi;35347;Passeriformes;Thraupidae
Phrygilus patagonicus;35352;Passeriformes;Thraupidae
Diuca diuca;35354;Passeriformes;Thraupidae
Melanodera melanodera;35359;Passeriformes;Thraupidae
Melanodera xanthogramma;35362;Passeriformes;Thraupidae
Xenodacnis parina;35365;Passeriformes;Thraupidae
Idiopsar dorsalis;35370;Passeriformes;Thraupidae
Idiopsar erythronotus;35371;Passeriformes;Thraupidae
Idiopsar speculifer;35372;Passeriformes;Thraupidae
Idiopsar brachyurus;35375;Passeriformes;Thraupidae
Geospizopsis unicolor;35376;Passeriformes;Thraupidae
Geospizopsis plebejus;35385;Passeriformes;Thraupidae
Haplospiza unicolor;35388;Passeriformes;Thraupidae
Haplospiza rustica;35389;Passeriformes;Thraupidae
Acanthidops bairdi;35394;Passeriformes;Thraupidae
Lophospingus pusillus;35395;Passeriformes;Thraupidae
Lophospingus griseocristatus;35396;Passeriformes;Thraupidae
Piezorina cinerea;35407;Passeriformes;Thraupidae
Xenospingus concolor;35408;Passeriformes;Thraupidae
Incaspiza pulchra;35409;Passeriformes;Thraupidae
Incaspiza personata;35410;Passeriformes;Thraupidae
Incaspiza ortizi;35411;Passeriformes;Thraupidae
Incaspiza laeta;35412;Passeriformes;Thraupidae
Rhopospina fruticeti;35415;Passeriformes;Thraupidae
Rhopospina caerulescens;35420;Passeriformes;Thraupidae
Rhopospina alaudina;35421;Passeriformes;Thraupidae
Rhopospina carbonaria;35428;Passeriformes;Thraupidae
Pseudospingus verticalis;35430;Passeriformes;Thraupidae
Pseudospingus xanthophthalmus;35431;Passeriformes;Thraupidae
Cnemoscopus rubrirostris;35432;Passeriformes;Thraupidae
Cypsnagra hirundinacea;35435;Passeriformes;Thraupidae
Donacospiza albifrons;35438;Passeriformes;Thraupidae
Poospizopsis caesar;35439;Passeriformes;Thraupidae
Poospizopsis hypocondria;35439;Passeriformes;Thraupidae
Castanozoster thoracicus;35443;Passeriformes;Thraupidae
Poospiza boliviana;35446;Passeriformes;Thraupidae
Poospiza ornata;35447;Passeriformes;Thraupidae
Poospiza whitii;35448;Passeriformes;Thraupidae
Poospiza nigrorufa;35449;Passeriformes;Thraupidae
Poospiza hispaniolensis;35452;Passeriformes;Thraupidae
Poospiza baeri;35454;Passeriformes;Thraupidae
Sicalis citrina;35456;Passeriformes;Thraupidae
Sicalis lutea;35460;Passeriformes;Thraupidae
Sicalis uropygialis;35461;Passeriformes;Thraupidae
Sicalis luteocephala;35465;Passeriformes;Thraupidae
Sicalis auriventris;35466;Passeriformes;Thraupidae
Sicalis olivascens;35467;Passeriformes;Thraupidae
Sicalis mendozae;35471;Passeriformes;Thraupidae
Sicalis lebruni;35472;Passeriformes;Thraupidae
Sicalis columbiana;35473;Passeriformes;Thraupidae
Sicalis flaveola;35477;Passeriformes;Thraupidae
Sicalis luteola;35483;Passeriformes;Thraupidae
Sicalis raimondii;35493;Passeriformes;Thraupidae
Sicalis taczanowskii;35494;Passeriformes;Thraupidae
Emberizoides herbicola;35496;Passeriformes;Thraupidae
Emberizoides ypiranganus;35504;Passeriformes;Thraupidae
Embernagra platensis;35506;Passeriformes;Thraupidae
Embernagra longicauda;35509;Passeriformes;Thraupidae
Volatinia jacarina;35510;Passeriformes;Thraupidae
Sporophila bouvronides;35514;Passeriformes;Thraupidae
Sporophila murallae;35514;Passeriformes;Thraupidae
Sporophila lineola;35517;Passeriformes;Thraupidae
Sporophila leucoptera;35519;Passeriformes;Thraupidae
Sporophila peruviana;35525;Passeriformes;Thraupidae
Sporophila telasco;35528;Passeriformes;Thraupidae
Sporophila simplex;35529;Passeriformes;Thraupidae
Sporophila castaneiventris;35530;Passeriformes;Thraupidae
Sporophila minuta;35531;Passeriformes;Thraupidae
Sporophila bouvreuil;35536;Passeriformes;Thraupidae
Sporophila pileata;35537;Passeriformes;Thraupidae
Sporophila hypoxantha;35538;Passeriformes;Thraupidae
Sporophila ruficollis;35539;Passeriformes;Thraupidae
Sporophila iberaensis;35540;Passeriformes;Thraupidae
Sporophila palustris;35541;Passeriformes;Thraupidae
Sporophila hypochroma;35542;Passeriformes;Thraupidae
Sporophila cinnamomea;35543;Passeriformes;Thraupidae
Sporophila melanogaster;35545;Passeriformes;Thraupidae
Sporophila funerea;35546;Passeriformes;Thraupidae
Sporophila angolensis;35547;Passeriformes;Thraupidae
Sporophila nuttingi;35550;Passeriformes;Thraupidae
Sporophila crassirostris;35554;Passeriformes;Thraupidae
Sporophila atrirostris;35557;Passeriformes;Thraupidae
Sporophila corvina;35560;Passeriformes;Thraupidae
Sporophila intermedia;35566;Passeriformes;Thraupidae
Sporophila americana;35569;Passeriformes;Thraupidae
Sporophila morelleti;35574;Passeriformes;Thraupidae
Sporophila torqueola;35577;Passeriformes;Thraupidae
Sporophila fringilloides;35581;Passeriformes;Thraupidae
Sporophila luctuosa;35582;Passeriformes;Thraupidae
Sporophila nigricollis;35583;Passeriformes;Thraupidae
Sporophila ardesiaca;35587;Passeriformes;Thraupidae
Sporophila caerulescens;35589;Passeriformes;Thraupidae
Sporophila schistacea;35593;Passeriformes;Thraupidae
Sporophila falcirostris;35599;Passeriformes;Thraupidae
Sporophila frontalis;35600;Passeriformes;Thraupidae
Sporophila plumbea;35601;Passeriformes;Thraupidae
Sporophila beltoni;35605;Passeriformes;Thraupidae
Sporophila collaris;35606;Passeriformes;Thraupidae
Sporophila albogularis;35610;Passeriformes;Thraupidae
Catamenia analis;35612;Passeriformes;Thraupidae
Catamenia inornata;35620;Passeriformes;Thraupidae
Catamenia homochroa;35624;Passeriformes;Thraupidae
Charitospiza eucosma;35629;Passeriformes;Thraupidae
Coryphaspiza melanotis;35630;Passeriformes;Thraupidae
Coryphospingus pileatus;35633;Passeriformes;Thraupidae
Coryphospingus cucullatus;35637;Passeriformes;Thraupidae
Rhodospingus cruentus;35641;Passeriformes;Thraupidae
Gubernatrix cristata;35642;Passeriformes;Thraupidae
Coereba flaveola;35644;Passeriformes;Thraupidae
Tiaris olivaceus;35692;Passeriformes;Thraupidae
Euneornis campestris;35698;Passeriformes;Thraupidae
Melopyrrha portoricensis;35699;Passeriformes;Thraupidae
Melopyrrha nigra;35701;Passeriformes;Thraupidae
Melopyrrha violacea;35703;Passeriformes;Thraupidae
Loxipasser anoxanthus;35709;Passeriformes;Thraupidae
Phonipara canora;35710;Passeriformes;Thraupidae
Loxigilla noctis;35711;Passeriformes;Thraupidae
Loxigilla barbadensis;35720;Passeriformes;Thraupidae
Melanospiza bicolor;35722;Passeriformes;Thraupidae
Asemospiza obscura;35731;Passeriformes;Thraupidae
Asemospiza fuliginosa;35736;Passeriformes;Thraupidae
Certhidea olivacea;35738;Passeriformes;Thraupidae
Certhidea fusca;35739;Passeriformes;Thraupidae
Platyspiza crassirostris;35748;Passeriformes;Thraupidae
Camarhynchus pallidus;35749;Passeriformes;Thraupidae
Camarhynchus psittacula;35754;Passeriformes;Thraupidae
Camarhynchus pauper;35758;Passeriformes;Thraupidae
Camarhynchus parvulus;35759;Passeriformes;Thraupidae
Geospiza fuliginosa;35763;Passeriformes;Thraupidae
Geospiza magnirostris;35764;Passeriformes;Thraupidae
Geospiza scandens;35770;Passeriformes;Thraupidae
Geospiza fortis;35775;Passeriformes;Thraupidae
Parkerthraustes humeralis;35780;Passeriformes;Thraupidae
Saltatricula multicolor;35781;Passeriformes;Thraupidae
Saltatricula atricollis;35782;Passeriformes;Thraupidae
Saltator maximus;35783;Passeriformes;Thraupidae
Saltator atripennis;35789;Passeriformes;Thraupidae
Saltator atriceps;35792;Passeriformes;Thraupidae
Saltator orenocensis;35799;Passeriformes;Thraupidae
Saltator olivascens;35802;Passeriformes;Thraupidae
Saltator grandis;35806;Passeriformes;Thraupidae
Saltator coerulescens;35813;Passeriformes;Thraupidae
Saltator striatipectus;35819;Passeriformes;Thraupidae
Saltator albicollis;35830;Passeriformes;Thraupidae
Saltator similis;35833;Passeriformes;Thraupidae
Saltator nigriceps;35836;Passeriformes;Thraupidae
Saltator maxillosus;35837;Passeriformes;Thraupidae
Saltator aurantiirostris;35838;Passeriformes;Thraupidae
Saltator cinctus;35845;Passeriformes;Thraupidae
Saltator grossus;35846;Passeriformes;Thraupidae
Saltator fuliginosus;35849;Passeriformes;Thraupidae
Aepyceros melampus;100000;;
Alces alces;100000;;
Alouatta belzebul;100000;;
Alouatta caraya;100000;;
Alouatta guariba;100000;;
Alouatta macconnelli;100000;;
Alouatta palliata;100000;;
Alouatta pigra;100000;;
Alouatta seniculus;100000;;
Ammospermophilus harrisii;100000;;
Aotus azarae;100000;;
Arctocephalus gazella;100000;;
Arctocephalus pusillus;100000;;
Ateles belzebuth;100000;;
Ateles chamek;100000;;
Ateles geoffroyi;100000;;
Ateles paniscus;100000;;
Austronomus australis;100000;;
Axis axis;100000;;
Balaena mysticetus;100000;;
Balaenoptera physalus;100000;;
Bassariscus astutus;100000;;
Bison bison;100000;;
Blarina brevicauda;100000;;
Callicebus nigrifrons;100000;;
Callicebus personatus;100000;;
Callithrix aurita;100000;;
Callithrix geoffroyi;100000;;
Callithrix jacchus;100000;;
Callithrix penicillata;100000;;
Callorhinus ursinus;100000;;
Callosciurus caniceps;100000;;
Callosciurus erythraeus;100000;;
Callosciurus finlaysonii;100000;;
Callosciurus notatus;100000;;
Callosciurus prevostii;100000;;
Canis aureus;100000;;
Canis latrans;100000;;
Canis lupus;100000;;
Canis lycaon;100000;;
Capreolus capreolus;100000;;
Capreolus pygargus;100000;;
Castor canadensis;100000;;
Castor fiber;100000;;
Cebus capucinus;100000;;
Cebus imitator;100000;;
Cercopithecus ascanius;100000;;
Cercopithecus lowei;100000;;
Cercopithecus mitis;100000;;
Cercopithecus nictitans;100000;;
Cerdocyon thous;100000;;
Cervus canadensis;100000;;
Cervus elaphus;100000;;
Cervus nippon;100000;;
Chlorocebus pygerythrus;100000;;
Chrysocyon brachyurus;100000;;
Cnephaeus serotinus;100000;;
Colobus guereza;100000;;
Connochaetes taurinus;100000;;
Crocidura russula;100000;;
Crocuta crocuta;100000;;
Cynomys gunnisoni;100000;;
Cynomys ludovicianus;100000;;
Dama dama;100000;;
Dasyprocta punctata;100000;;
Delphinapterus leucas;100000;;
Dendrohyrax arboreus;100000;;
Desmodus rotundus;100000;;
Didelphis virginiana;100000;;
Dremomys pernyi;100000;;
Eidolon helvum;100000;;
Eira barbara;100000;;
Elephas maximus;100000;;
Eliomys quercinus;100000;;
Enhydra lutris;100000;;
Epomophorus gambianus;100000;;
Epomophorus wahlbergi;100000;;
Erethizon dorsatum;100000;;
Erignathus barbatus;100000;;
Erinaceus europaeus;100000;;
Erinaceus roumanicus;100000;;
Eschrichtius robustus;100000;;
Eubalaena australis;100000;;
Eubalaena glacialis;100000;;
Eulemur fulvus;100000;;
Eumetopias jubatus;100000;;
Felis silvestris;100000;;
Funambulus palmarum;100000;;
Funambulus pennantii;100000;;
Funambulus tristriatus;100000;;
Glaucomys sabrinus;100000;;
Glaucomys volans;100000;;
Glis glis;100000;;
Globicephala melas;100000;;
Halichoerus grypus;100000;;
Hippopotamus amphibius;100000;;
Hipposideros armiger;100000;;
Hoolock hoolock;100000;;
Hydrochoerus hydrochaeris;100000;;
Hydropotes inermis;100000;;
Hylobates funereus;100000;;
Hylobates lar;100000;;
Hylobates moloch;100000;;
Hypsignathus monstrosus;100000;;
Ictidomys tridecemlineatus;100000;;
Indri indri;100000;;
Lagothrix lagothricha;100000;;
Lama glama;100000;;
Lemur catta;100000;;
Leptonychotes weddellii;100000;;
Lontra canadensis;100000;;
Lophocebus albigena;100000;;
Loxodonta africana;100000;;
Lupulella mesomelas;100000;;
Lutra lutra;100000;;
Lycalopex culpaeus;100000;;
Lycalopex gymnocerca;100000;;
Lynx canadensis;100000;;
Lynx lynx;100000;;
Lynx rufus;100000;;
Macaca cyclopis;100000;;
Macaca fascicularis;100000;;
Macaca nemestrina;100000;;
Macropus giganteus;100000;;
Mandrillus sphinx;100000;;
Marmota caligata;100000;;
Marmota flaviventris;100000;;
Marmota marmota;100000;;
Marmota monax;100000;;
Martes foina;100000;;
Martes martes;100000;;
Megaptera novaeangliae;100000;;
Meles meles;100000;;
Menetes berdmorei;100000;;
Mirounga angustirostris;100000;;
Mirounga leonina;100000;;
Muntiacus muntjak;100000;;
Muntiacus reevesi;100000;;
Muscardinus avellanarius;100000;;
Myocastor coypus;100000;;
Myotis dasycneme;100000;;
Myotis nattereri;100000;;
Nasalis larvatus;100000;;
Nasua narica;100000;;
Nasua nasua;100000;;
Neogale vison;100000;;
Neotamias merriami;100000;;
Neotamias sonomae;100000;;
Nomascus gabriellae;100000;;
Ochotona collaris;100000;;
Ochotona princeps;100000;;
Ochotona pusilla;100000;;
Odocoileus hemionus;100000;;
Odocoileus virginianus;100000;;
Ondatra zibethicus;100000;;
Orcinus orca;100000;;
Otolemur crassicaudatus;100000;;
Otospermophilus beecheyi;100000;;
Otospermophilus douglasii;100000;;
Otospermophilus variegatus;100000;;
Pagophilus groenlandicus;100000;;
Panthera leo;100000;;
Panthera onca;100000;;
Papio anubis;100000;;
Papio ursinus;100000;;
Paraxerus cepapi;100000;;
Pecari tajacu;100000;;
Petaurista grandis;100000;;
Petaurista lena;100000;;
Petaurus australis;100000;;
Petaurus breviceps;100000;;
Phascolarctos cinereus;100000;;
Phoca vitulina;100000;;
Physeter macrocephalus;100000;;
Pithecia monachus;100000;;
Plecturocebus discolor;100000;;
Poliocitellus franklinii;100000;;
Pongo pygmaeus;100000;;
Potos flavus;100000;;
Presbytis melalophos;100000;;
Presbytis rubicunda;100000;;
Procavia capensis;100000;;
Procyon lotor;100000;;
Propithecus verreauxi;100000;;
Pseudocheirus peregrinus;100000;;
Pseudorca crassidens;100000;;
Pteronura brasiliensis;100000;;
Pteropus alecto;100000;;
Pteropus conspicillatus;100000;;
Pteropus poliocephalus;100000;;
Pteropus scapulatus;100000;;
Pteropus vampyrus;100000;;
Puma concolor;100000;;
Rangifer tarandus;100000;;
Rattus norvegicus;100000;;
Ratufa affinis;100000;;
Ratufa bicolor;100000;;
Ratufa indica;100000;;
Rhinolophus ferrumequinum;100000;;
Rousettus aegyptiacus;100000;;
Rupicapra rupicapra;100000;;
Rusa unicolor;100000;;
Saccopteryx bilineata;100000;;
Saccopteryx leptura;100000;;
Saguinus geoffroyi;100000;;
Saguinus leucopus;100000;;
Saguinus midas;100000;;
Saguinus nigricollis;100000;;
Saguinus oedipus;100000;;
Saguinus tripartitus;100000;;
Saimiri oerstedii;100000;;
Saimiri sciureus;100000;;
Sapajus apella;100000;;
Sapajus nigritus;100000;;
Sciurus anomalus;100000;;
Sciurus aureogaster;100000;;
Sciurus brasiliensis;100000;;
Sciurus carolinensis;100000;;
Sciurus deppei;100000;;
Sciurus granatensis;100000;;
Sciurus griseus;100000;;
Sciurus niger;100000;;
Sciurus spadiceus;100000;;
Sciurus variegatoides;100000;;
Sciurus vulgaris;100000;;
Sciurus yucatanensis;100000;;
Sorex araneus;100000;;
Spermophilus citellus;100000;;
Stenella coeruleoalba;100000;;
Stenella frontalis;100000;;
Sundasciurus tenuis;100000;;
Sus scrofa;100000;;
Symphalangus syndactylus;100000;;
Tadarida teniotis;100000;;
Tamias striatus;100000;;
Tamiasciurus douglasii;100000;;
Tamiasciurus fremonti;100000;;
Tamiasciurus hudsonicus;100000;;
Tamiops maritimus;100000;;
Tamiops mcclellandii;100000;;
Tarsius spectrumgurskyae;100000;;
Tayassu pecari;100000;;
Trachypithecus obscurus;100000;;
Trichosurus cunninghami;100000;;
Trichosurus vulpecula;100000;;
Tupaia belangeri;100000;;
Tupaia javanica;100000;;
Tursiops truncatus;100000;;
Urocitellus armatus;100000;;
Urocitellus beldingi;100000;;
Urocitellus columbianus;100000;;
Urocitellus parryii;100000;;
Urocitellus richardsonii;100000;;
Urocyon cinereoargenteus;100000;;
Ursus americanus;100000;;
Urva urva;100000;;
Varecia variegata;100000;;
Vespertilio murinus;100000;;
Vulpes lagopus;100000;;
Vulpes vulpes;100000;;
Zalophus californianus;100000;;
Acris blanchardi;200000;;
Acris crepitans;200000;;
Acris gryllus;200000;;
Adelotus brevis;200000;;
Adenomera andreae;200000;;
Adenomera hylaedactyla;200000;;
Afrixalus delicatus;200000;;
Afrixalus fornasini;200000;;
Agalychnis callidryas;200000;;
Agalychnis dacnicolor;200000;;
Allobates femoralis;200000;;
Allobates talamancae;200000;;
Alytes cisternasii;200000;;
Alytes obstetricans;200000;;
Ameerega trivittata;200000;;
Amietia delalandii;200000;;
Amietia fuscigula;200000;;
Amietia poyntoni;200000;;
Anaxyrus americanus;200000;;
Anaxyrus boreas;200000;;
Anaxyrus canorus;200000;;
Anaxyrus cognatus;200000;;
Anaxyrus debilis;200000;;
Anaxyrus fowleri;200000;;
Anaxyrus hemiophrys;200000;;
Anaxyrus houstonensis;200000;;
Anaxyrus microscaphus;200000;;
Anaxyrus punctatus;200000;;
Anaxyrus quercicus;200000;;
Anaxyrus speciosus;200000;;
Anaxyrus terrestris;200000;;
Anaxyrus woodhousii;200000;;
Arthroleptella villiersi;200000;;
Arthroleptis stenodactylus;200000;;
Arthroleptis wahlbergii;200000;;
Assa darlingtoni;200000;;
Batrachyla antartandica;200000;;
Batrachyla leptopus;200000;;
Batrachyla taeniata;200000;;
Boana albomarginata;200000;;
Boana albopunctata;200000;;
Boana bischoffi;200000;;
Boana boans;200000;;
Boana cinerascens;200000;;
Boana faber;200000;;
Boana lanciformis;200000;;
Boana lundii;200000;;
Boana pardalis;200000;;
Boana platanera;200000;;
Boana pugnax;200000;;
Boana pulchella;200000;;
Boana punctata;200000;;
Boana raniceps;200000;;
Boana riojana;200000;;
Boana rosenbergi;200000;;
Bombina bombina;200000;;
Bombina orientalis;200000;;
Bombina variegata;200000;;
Breviceps adspersus;200000;;
Breviceps fuscus;200000;;
Breviceps gibbosus;200000;;
Breviceps montanus;200000;;
Breviceps mossambicus;200000;;
Buergeria buergeri;200000;;
Buergeria choui;200000;;
Buergeria otai;200000;;
Bufo bufo;200000;;
Bufo spinosus;200000;;
Bufotes viridis;200000;;
Cacosternum australis;200000;;
Cacosternum boettgeri;200000;;
Cacosternum nanum;200000;;
Calyptocephalella gayi;200000;;
Carichyla bicolor;200000;;
Chiromantis xerampelina;200000;;
Chlorohyla chloris;200000;;
Cochranella granulosa;200000;;
Coggerdonia adelaidensis;200000;;
Colleeneremia quiritatus;200000;;
Colleeneremia rubella;200000;;
Craugastor augusti;200000;;
Craugastor fitzingeri;200000;;
Crinia deserticola;200000;;
Crinia georgiana;200000;;
Crinia glauerti;200000;;
Crinia parinsignifera;200000;;
Crinia pseudinsignifera;200000;;
Crinia signifera;200000;;
Crinia tinnula;200000;;
Dendropsophus columbianus;200000;;
Dendropsophus ebraccatus;200000;;
Dendropsophus microcephalus;200000;;
Dendropsophus minutus;200000;;
Dendropsophus molitor;200000;;
Diasporus diastema;200000;;
Drymomantis fallax;200000;;
Dryophytes andersonii;200000;;
Dryophytes arenicolor;200000;;
Dryophytes avivoca;200000;;
Dryophytes chrysoscelis;200000;;
Dryophytes cinereus;200000;;
Dryophytes eximius;200000;;
Dryophytes femoralis;200000;;
Dryophytes gratiosus;200000;;
Dryophytes japonicus;200000;;
Dryophytes squirellus;200000;;
Dryophytes versicolor;200000;;
Dryopsophus citropa;200000;;
Dryopsophus nudidigitus;200000;;
Dryopsophus pearsonianus;200000;;
Dryopsophus phyllochrous;200000;;
Duttaphrynus melanostictus;200000;;
Elachistocleis bicolor;200000;;
Eleutherodactylus antillensis;200000;;
Eleutherodactylus campi;200000;;
Eleutherodactylus coqui;200000;;
Eleutherodactylus johnstonei;200000;;
Eleutherodactylus marnockii;200000;;
Eleutherodactylus nitidus;200000;;
Eleutherodactylus planirostris;200000;;
Engystomops pustulosus;200000;;
Epidalea calamita;200000;;
Espadarana prosoblepon;200000;;
Eupsophus calcaratus;200000;;
Eupsophus roseus;200000;;
Fejervarya cancrivora;200000;;
Fejervarya limnocharis;200000;;
Fejervarya multistriata;200000;;
Gastrophryne carolinensis;200000;;
Gastrophryne olivacea;200000;;
Geocrinia leai;200000;;
Geocrinia victoriana;200000;;
Glandirana emeljanovi;200000;;
Heleioporus australiacus;200000;;
Heleioporus eyrei;200000;;
Hoplobatrachus chinensis;200000;;
Hoplobatrachus tigerinus;200000;;
Hyalinobatrachium fleischmanni;200000;;
Hyla arborea;200000;;
Hyla chinensis;200000;;
Hyla intermedia;200000;;
Hyla meridionalis;200000;;
Hyla molleri;200000;;
Hyla orientalis;200000;;
Hyla sarda;200000;;
Hyla savignyi;200000;;
Hylambates maculatus;200000;;
Hylarana erythraea;200000;;
Hylarana latouchii;200000;;
Hyliola regilla;200000;;
Hylorina sylvatica;200000;;
Hyperolius horstockii;200000;;
Hyperolius kivuensis;200000;;
Hyperolius marginatus;200000;;
Hyperolius marmoratus;200000;;
Hyperolius parallelus;200000;;
Hyperolius pusillus;200000;;
Hyperolius semidiscus;200000;;
Hyperolius tuberilinguis;200000;;
Hypopachus variolosus;200000;;
Incilius nebulifer;200000;;
Incilius valliceps;200000;;
Indosylvirana nicobariensis;200000;;
Kalophrynus interlineatus;200000;;
Kaloula baleata;200000;;
Kaloula borealis;200000;;
Kaloula pulchra;200000;;
Kassina senegalensis;200000;;
Kurixalus berylliniris;200000;;
Kurixalus eiffingeri;200000;;
Kurixalus idiootocus;200000;;
Leptodactylus albilabris;200000;;
Leptodactylus fragilis;200000;;
Leptodactylus fuscus;200000;;
Leptodactylus gracilis;200000;;
Leptodactylus insularum;200000;;
Leptodactylus labyrinthicus;200000;;
Leptodactylus latinasus;200000;;
Leptodactylus luctator;200000;;
Leptodactylus melanonotus;200000;;
Leptodactylus mystaceus;200000;;
Leptodactylus mystacinus;200000;;
Leptodactylus pentadactylus;200000;;
Leptodactylus rhodomystax;200000;;
Leptodactylus savagei;200000;;
Leptodactylus troglodytes;200000;;
Leptodactylus validus;200000;;
Leptopelis mossambicus;200000;;
Leptopelis natalensis;200000;;
Limnodynastes convexiusculus;200000;;
Limnodynastes dorsalis;200000;;
Limnodynastes dumerilii;200000;;
Limnodynastes fletcheri;200000;;
Limnodynastes grayi;200000;;
Limnodynastes peronii;200000;;
Limnodynastes salmini;200000;;
Limnodynastes tasmaniensis;200000;;
Lithobates berlandieri;200000;;
Lithobates blairi;200000;;
Lithobates catesbeianus;200000;;
Lithobates clamitans;200000;;
Lithobates grylio;200000;;
Lithobates kauffeldi;200000;;
Lithobates palustris;200000;;
Lithobates pipiens;200000;;
Lithobates septentrionalis;200000;;
Lithobates sphenocephalus;200000;;
Lithobates sylvaticus;200000;;
Lithodytes lineatus;200000;;
Litoria latopalmata;200000;;
Litoria nasuta;200000;;
Metaphrynella sundana;200000;;
Microhyla butleri;200000;;
Microhyla fissipes;200000;;
Microhyla heymonsi;200000;;
Microhyla mukhlesuri;200000;;
Micryletta steinegeri;200000;;
Mixophyes fasciolatus;200000;;
Nidirana adenopleura;200000;;
Occidozyga lima;200000;;
Occidozyga martensii;200000;;
Odontophrynus asper;200000;;
Odorrana swinhoana;200000;;
Oophaga pumilio;200000;;
Oophaga sylvatica;200000;;
Osteocephalus oophagus;200000;;
Osteopilus dominicensis;200000;;
Osteopilus septentrionalis;200000;;
Papurana daemeli;200000;;
Paracrinia haswelli;200000;;
Pelobates fuscus;200000;;
Pelodryas caerulea;200000;;
Pelodytes atlanticus;200000;;
Pelodytes ibericus;200000;;
Pelodytes punctatus;200000;;
Pelophylax chosenicus;200000;;
Pelophylax esculentus;200000;;
Pelophylax lessonae;200000;;
Pelophylax nigromaculatus;200000;;
Pelophylax perezi;200000;;
Pelophylax plancyi;200000;;
Pelophylax ridibundus;200000;;
Pengilleyia peronii;200000;;
Pengilleyia rothii;200000;;
Pengilleyia tyleri;200000;;
Phrynobatrachus mababiensis;200000;;
Phrynobatrachus natalensis;200000;;
Phrynomantis bifasciatus;200000;;
Phyllomedusa distincta;200000;;
Physalaemus biligonigerus;200000;;
Physalaemus cuvieri;200000;;
Physalaemus gracilis;200000;;
Platyplectrum ornatum;200000;;
Pleurodema thaul;200000;;
Polypedates braueri;200000;;
Polypedates leucomystax;200000;;
Polypedates megacephalus;200000;;
Poyntonia paludicola;200000;;
Pristimantis achatinus;200000;;
Pristimantis taeniatus;200000;;
Proceratophrys boiei;200000;;
Pseudacris brachyphona;200000;;
Pseudacris brimleyi;200000;;
Pseudacris cadaverina;200000;;
Pseudacris clarkii;200000;;
Pseudacris crucifer;200000;;
Pseudacris feriarum;200000;;
Pseudacris fouquettei;200000;;
Pseudacris maculata;200000;;
Pseudacris nigrita;200000;;
Pseudacris ocularis;200000;;
Pseudacris ornata;200000;;
Pseudacris regilla;200000;;
Pseudacris streckeri;200000;;
Pseudacris triseriata;200000;;
Pseudis minuta;200000;;
Pseudopaludicola falcipes;200000;;
Pseudophilautus wynaadensis;200000;;
Pseudophryne australis;200000;;
Pseudophryne bibronii;200000;;
Pseudophryne coriacea;200000;;
Pseudophryne raveni;200000;;
Pseudophryne semimarmorata;200000;;
Ptychadena anchietae;200000;;
Ptychadena mossambica;200000;;
Pulchrana baramica;200000;;
Pulchrana glandulosa;200000;;
Rana arvalis;200000;;
Rana aurora;200000;;
Rana dalmatina;200000;;
Rana temporaria;200000;;
Ranoidea aurea;200000;;
Ranoidea moorei;200000;;
Ranoidea raniformis;200000;;
Rawlinsonia calliscelis;200000;;
Rawlinsonia verreauxii;200000;;
Rhaebo haematiticus;200000;;
Rhinella arenarum;200000;;
Rhinella diptycha;200000;;
Rhinella dorbignyi;200000;;
Rhinella granulosa;200000;;
Rhinella horribilis;200000;;
Rhinella icterica;200000;;
Rhinella marina;200000;;
Rhinella ornata;200000;;
Rhinophrynus dorsalis;200000;;
Sandyrana infrafrenata;200000;;
Scaphiopus couchii;200000;;
Scaphiopus holbrookii;200000;;
Schismaderma carens;200000;;
Scinax elaeochroa;200000;;
Scinax fuscovarius;200000;;
Scinax garbei;200000;;
Scinax granulatus;200000;;
Scinax nasicus;200000;;
Scinax ruber;200000;;
Scinax squalirostris;200000;;
Scinax staufferi;200000;;
Sclerophrys capensis;200000;;
Sclerophrys garmani;200000;;
Sclerophrys gutturalis;200000;;
Sclerophrys pantherina;200000;;
Sclerophrys pardalis;200000;;
Sclerophrys pusilla;200000;;
Silverstoneia flotator;200000;;
Smilisca baudinii;200000;;
Smilisca phaeota;200000;;
Smilisca sila;200000;;
Spea bombifrons;200000;;
Spea hammondii;200000;;
Spea intermontana;200000;;
Spea multiplicata;200000;;
Strongylopus bonaespei;200000;;
Strongylopus fasciatus;200000;;
Strongylopus grayii;200000;;
Sylvirana guentheri;200000;;
Sylvirana nigrovittata;200000;;
Teratohyla midas;200000;;
Tlalocohyla smithii;200000;;
Tomopterna delalandii;200000;;
Tomopterna natalensis;200000;;
Triprion petasatus;200000;;
Uperoleia fusca;200000;;
Uperoleia laevigata;200000;;
Zhangixalus moltrechti;200000;;
Zhangixalus prasinatus;200000;;
Zhangixalus schlegelii;200000;;
Zhangixalus taipeianus;200000;;
Acheta domesticus;400000;;
Aleeta curvicosta;400000;;
Allonemobius allardi;400000;;
Allonemobius fasciatus;400000;;
Allonemobius tinnulus;400000;;
Allonemobius walkeri;400000;;
Amblycorypha alexanderi;400000;;
Amblycorypha longinicta;400000;;
Amblycorypha oblongifolia;400000;;
Amblycorypha rotundifolia;400000;;
Amphipsalta cingulata;400000;;
Amphipsalta zelandica;400000;;
Anabrus simplex;400000;;
Anaxipha exigua;400000;;
Apis cerana;400000;;
Apis mellifera;400000;;
Arcyptera fusca;400000;;
Arunta perulata;400000;;
Atlanticus testaceus;400000;;
Atrapsalta corticina;400000;;
Atrapsalta encaustica;400000;;
Auritibicen japonicus;400000;;
Austrosalomona falcata;400000;;
Barbitistes serricauda;400000;;
Bicolorana bicolor;400000;;
Birrima castanea;400000;;
Birrima varians;400000;;
Bombus impatiens;400000;;
Bombus terrestris;400000;;
Cacama valvata;400000;;
Caedicia simplex;400000;;
Chloealtis abdominalis;400000;;
Chlorocysta vitripennis;400000;;
Chorthippus albomarginatus;400000;;
Chorthippus apricarius;400000;;
Chorthippus biguttulus;400000;;
Chorthippus brunneus;400000;;
Chorthippus dorsatus;400000;;
Chorthippus maritimus;400000;;
Chorthippus mollis;400000;;
Chorthippus vagans;400000;;
Chremistica ochracea;400000;;
Chrysochraon dispar;400000;;
Cicada barbara;400000;;
Cicada cretensis;400000;;
Cicada mordoganensis;400000;;
Cicada orni;400000;;
Cicadatra atra;400000;;
Cicadetta montana;400000;;
Conocephalus albescens;400000;;
Conocephalus brevipennis;400000;;
Conocephalus exemptus;400000;;
Conocephalus fasciatus;400000;;
Conocephalus fuscus;400000;;
Conocephalus melaenus;400000;;
Cryptotympana atrata;400000;;
Cryptotympana facialis;400000;;
Cryptotympana holsti;400000;;
Cryptotympana takasagona;400000;;
Cyclochila australasiae;400000;;
Cyphoderris monstrosa;400000;;
Cyrtoxipha columbiana;400000;;
Cystosoma saundersii;400000;;
Decticus albifrons;400000;;
Decticus verrucivorus;400000;;
Diceroprocta apache;400000;;
Diceroprocta eugraphica;400000;;
Diceroprocta olympusa;400000;;
Diceroprocta viridifascia;400000;;
Dimissalna dimissa;400000;;
Ducetia japonica;400000;;
Dundubia vaginata;400000;;
Ephippiger diurnus;400000;;
Ephippiger ephippiger;400000;;
Euchorthippus declivus;400000;;
Euconocephalus nasutus;400000;;
Euconocephalus varius;400000;;
Eumodicogryllus bordigalensis;400000;;
Eunemobius carolinus;400000;;
Eunemobius confusus;400000;;
Ewartia roberti;400000;;
Gaeana maculata;400000;;
Galanga labeculata;400000;;
Gampsocleis buergeri;400000;;
Gampsocleis glabra;400000;;
Gampsocleis ussuriensis;400000;;
Gelidea torrida;400000;;
Glaucopsaltria viridis;400000;;
Gomphocerippus rufus;400000;;
Gomphocerus sibiricus;400000;;
Graptopsaltria nigrofuscata;400000;;
Gryllodes sigillatus;400000;;
Gryllotalpa gryllotalpa;400000;;
Gryllotalpa orientalis;400000;;
Gryllotalpa vineae;400000;;
Gryllus assimilis;400000;;
Gryllus bimaculatus;400000;;
Gryllus campestris;400000;;
Gryllus fultoni;400000;;
Gryllus pennsylvanicus;400000;;
Gryllus rubens;400000;;
Gryllus veletis;400000;;
Hadoa duryi;400000;;
Hapithus saltator;400000;;
Hecatesia fenestrata;400000;;
Henicopsaltria eydouxii;400000;;
Hoplosphyrum boreale;400000;;
Hyalessa maculaticollis;400000;;
Idiostatus aequalis;400000;;
Kikihia muta;400000;;
Leptophyes punctatissima;400000;;
Ligurotettix coquilletti;400000;;
Lilioceris lilii;400000;;
Loxoblemmus arietulus;400000;;
Loxoblemmus doenitzi;400000;;
Loxoblemmus equestris;400000;;
Lyristes gemellus;400000;;
Lyristes plebejus;400000;;
Macrosemia kareisana;400000;;
Macrotristria angularis;400000;;
Magicicada septendecim;400000;;
Magicicada septendecula;400000;;
Magicicada tredecassini;400000;;
Magicicada tredecim;400000;;
Megapomponia merula;400000;;
Megatibicen cultriformis;400000;;
Megatibicen dealbatus;400000;;
Megatibicen dorsatus;400000;;
Megatibicen figuratus;400000;;
Megatibicen grossus;400000;;
Megatibicen pronotalis;400000;;
Megatibicen resh;400000;;
Megatibicen resonans;400000;;
Melanogryllus desertus;400000;;
Meloimorpha japonica;400000;;
Metrioptera brachyptera;400000;;
Microcentrum retinerve;400000;;
Microcentrum rhombifolium;400000;;
Miogryllus saussurei;400000;;
Mogannia formosana;400000;;
Mogannia hebes;400000;;
Myrmeleotettix maculatus;400000;;
Neduba steindachneri;400000;;
Nemobius sylvestris;400000;;
Neocicada hieroglyphica;400000;;
Neoconocephalus bivocatus;400000;;
Neoconocephalus ensiger;400000;;
Neoconocephalus retusus;400000;;
Neoconocephalus robustus;400000;;
Neoconocephalus triops;400000;;
Neocurtilla hexadactyla;400000;;
Neonemobius cubensis;400000;;
Neonemobius mormonius;400000;;
Neoscapteriscus vicinus;400000;;
Neotibicen auriferus;400000;;
Neotibicen canicularis;400000;;
Neotibicen davisi;400000;;
Neotibicen linnei;400000;;
Neotibicen lyricen;400000;;
Neotibicen pruinosus;400000;;
Neotibicen robinsonianus;400000;;
Neotibicen superbus;400000;;
Neotibicen tibicen;400000;;
Neotibicen winnemanna;400000;;
Neoxabea bipunctata;400000;;
Notopsalta sericea;400000;;
Odontotaenius disjunctus;400000;;
Oecanthus argentinus;400000;;
Oecanthus californicus;400000;;
Oecanthus celerinictus;400000;;
Oecanthus dulcisonans;400000;;
Oecanthus euryelytra;400000;;
Oecanthus exclamationis;400000;;
Oecanthus forbesi;400000;;
Oecanthus fultoni;400000;;
Oecanthus latipennis;400000;;
Oecanthus longicauda;400000;;
Oecanthus nigricornis;400000;;
Oecanthus niveus;400000;;
Oecanthus pellucens;400000;;
Oecanthus pini;400000;;
Oecanthus quadripunctatus;400000;;
Oecanthus rileyi;400000;;
Okanagana noveboracensis;400000;;
Okanagana occidentalis;400000;;
Omocestus raymondi;400000;;
Omocestus rufipes;400000;;
Omocestus viridulus;400000;;
Orchelimum agile;400000;;
Orchelimum concinnum;400000;;
Orchelimum erythrocephalum;400000;;
Orchelimum minor;400000;;
Orchelimum nigripes;400000;;
Orchelimum pulchellum;400000;;
Orchelimum silvaticum;400000;;
Orchelimum vulgare;400000;;
Ornebius kanetataki;400000;;
Orocharis saltator;400000;;
Pacarina puella;400000;;
Paracyrtophyllus robustus;400000;;
Pauropsalta mneme;400000;;
Pholidoptera aptera;400000;;
Phyllopalpus pulchellus;400000;;
Planopleura kaempferi;400000;;
Platycleis affinis;400000;;
Platycleis albopunctata;400000;;
Platycleis grisea;400000;;
Platycleis intermedia;400000;;
Platycleis sabulosa;400000;;
Platypedia minor;400000;;
Platypedia putnami;400000;;
Polyphylla fullo;400000;;
Polysarcus denticauda;400000;;
Popplepsalta annulata;400000;;
Psaltoda claripennis;400000;;
Psaltoda harrisii;400000;;
Psaltoda moerens;400000;;
Psaltoda mossi;400000;;
Psaltoda pictibasis;400000;;
Psaltoda plaga;400000;;
Pseudochorthippus curtipennis;400000;;
Pseudochorthippus montanus;400000;;
Pseudochorthippus parallelus;400000;;
Pseudorhynchus lessonii;400000;;
Psophus stridulus;400000;;
Pteronemobius heydenii;400000;;
Pterophylla camellifolia;400000;;
Pycnogaster cucullata;400000;;
Quesada gigas;400000;;
Rhacocleis annulata;400000;;
Roeseliana roeselii;400000;;
Ruspolia nitidula;400000;;
Scudderia curvicauda;400000;;
Scudderia furcata;400000;;
Scudderia pistillata;400000;;
Scudderia septentrionalis;400000;;
Scudderia texensis;400000;;
Stauroderus scalaris;400000;;
Stenobothrus lineatus;400000;;
Stethophyma grossum;400000;;
Suisha coreana;400000;;
Svercacheta siamensis;400000;;
Svercus palmetorum;400000;;
Tamasa tristigma;400000;;
Tanna japonensis;400000;;
Tarbinskiellus portentosus;400000;;
Taurella forresti;400000;;
Teleogryllus commodus;400000;;
Teleogryllus emma;400000;;
Teleogryllus mitratus;400000;;
Teleogryllus occipitalis;400000;;
Telmapsalta hackeri;400000;;
Tettigettalna argentata;400000;;
Tettigettula pygmea;400000;;
Tettigonia cantans;400000;;
Tettigonia caudata;400000;;
Tettigonia viridissima;400000;;
Thopha saccata;400000;;
Thopha sessiliba;400000;;
Tibicina haematodes;400000;;
Tibicina steveni;400000;;
Tibicinoides vanduzeei;400000;;
Trimerotropis verruculata;400000;;
Truljalia hibinonis;400000;;
Tympanistalna gastrica;400000;;
Uromenus rugosicollis;400000;;
Velarifictorus aspersus;400000;;
Velarifictorus micado;400000;;
Xenogryllus marmoratus;400000;;
Xylocopa virginica;400000;;
Xylotrupes australicus;400000;;
Yezoterpnosia nigricosta;400000;;
Yoyetta celis;400000;;
Zammara smaragdina;400000;;
Zammara tympanum;400000;;
Amphilais seebohmi;900000;;
Anthropoides paradiseus;900000;;
Anthropoides virgo;900000;;
Antilophia bokermanni;900000;;
Antilophia galeata;900000;;
Aphantochroa cirrochloris;900000;;
Atthis ellioti;900000;;
Atthis heloisa;900000;;
Bos taurus;900000;;
Brachypodius atriceps;900000;;
Brachypodius eutilotus;900000;;
Brachypodius melanocephalos;900000;;
Brachypodius melanoleucos;900000;;
Brachypodius priocephalus;900000;;
Brachypodius urostictus;900000;;
Bubulcus ibis;900000;;
Calocitta colliei;900000;;
Calocitta formosa;900000;;
Canis familiaris;900000;;
Capra hircus;900000;;
Chaetornis striata;900000;;
Chlorocharis emiliae;900000;;
Cholornis unicolor;900000;;
Ciccaba albitarsis;900000;;
Ciccaba huhula;900000;;
Ciccaba nigrolineata;900000;;
Ciccaba virgata;900000;;
Clytolaema rubricauda;900000;;
Conostoma aemodium;900000;;
Corythaixoides concolor;900000;;
Corythaixoides leucogaster;900000;;
Crateroscelis murina;900000;;
Crateroscelis robusta;900000;;
Deltarhynchus flammulatus;900000;;
Dendroperdix sephaena;900000;;
Dixiphia pipra;900000;;
Dog;900000;;
Dryotriorchis spectabilis;900000;;
Elseyornis melanops;900000;;
Engine;900000;;
Environmental;900000;;
Equus asinus;900000;;
Equus caballus;900000;;
Felis catus;900000;;
Fireworks;900000;;
Glossopsitta concinna;900000;;
Glossopsitta porphyrocephala;900000;;
Glossopsitta pusilla;900000;;
Gun;900000;;
Hapalocrex flaviventer;900000;;
Hemispingus auricularis;900000;;
Hemispingus piurae;900000;;
Human;900000;;
Human non-vocal;900000;;
Human vocal;900000;;
Human whistle;900000;;
Ixobrychus cinnamomeus;900000;;
Ixobrychus dubius;900000;;
Ixobrychus eurhythmus;900000;;
Ixobrychus exilis;900000;;
Ixobrychus flavicollis;900000;;
Ixobrychus involucris;900000;;
Ixobrychus minutus;900000;;
Ixobrychus sinensis;900000;;
Juliamyia julie;900000;;
Lepidopyga coeruleogularis;900000;;
Leucolia violiceps;900000;;
Lophochroa leadbeateri;900000;;
Megapomatorhinus erythrocnemis;900000;;
Megapomatorhinus erythrogenys;900000;;
Megapomatorhinus gravivox;900000;;
Megapomatorhinus hypoleucos;900000;;
Megapomatorhinus mcclellandi;900000;;
Megapomatorhinus swinhoei;900000;;
Micropygia schomburgkii;900000;;
Milvago chimachima;900000;;
Milvago chimango;900000;;
Musophaga rossae;900000;;
Noise;900000;;
Non-Bird;900000;;
Oceanodroma castro;900000;;
Oceanodroma leucorhoa;900000;;
Otocichla mupinensis;900000;;
Ovis aries;900000;;
Parophasma galinieri;900000;;
Parvipsitta porphyrocephala;900000;;
Parvipsitta pusilla;900000;;
Peneothello cyanus;900000;;
Peneothello sigillata;900000;;
Phaeomyias murina;900000;;
Phaeomyias tumbezana;900000;;
Porphyrospiza alaudina;900000;;
Porphyrospiza caerulescens;900000;;
Power tools;900000;;
Pseudeos cardinalis;900000;;
Psilorhinus morio;900000;;
Psittiparus gularis;900000;;
Psophocichla litsitsirupa;900000;;
Reinwardtipicus validus;900000;;
Rhodothraupis celaeno;900000;;
Rhopocichla atriceps;900000;;
Sinosuthora webbiana;900000;;
Siren;900000;;
Spodiornis rusticus;900000;;
Sporaeginthus subflavus;900000;;
Stymphalornis acutirostris;900000;;
Tijuca atra;900000;;
Tregellasia capito;900000;;
Tumbezia salvini;900000;;
Woodfordia superciliosa;900000;;
